averaging,model,false_positive_rate,mean_true_positive_rate,ci95_low,ci95_high,run_count
macro,M_0,0.0,0.0,0.0,0.0,10
macro,M_0,0.001,0.2864061509712018,0.1041244555171015,0.46868784642530215,10
macro,M_0,0.002,0.3341920943615189,0.1471025401393127,0.5212816485837252,10
macro,M_0,0.003,0.3637090922154277,0.17280011592980624,0.5546180685010491,10
macro,M_0,0.004,0.38930563193690504,0.20171498891203724,0.5768962749617729,10
macro,M_0,0.005,0.40767038917529047,0.22193614359592193,0.593404634754659,10
macro,M_0,0.006,0.4228196320114689,0.23918696730386657,0.6064522967190712,10
macro,M_0,0.007,0.44193393533361186,0.26017321475659466,0.6236946559106291,10
macro,M_0,0.008,0.4567233683075661,0.27775632643857406,0.6356904101765581,10
macro,M_0,0.009,0.46802211957152273,0.29200623174786594,0.6440380073951795,10
macro,M_0,0.01,0.4817342820320637,0.30813355431373646,0.6553350097503909,10
macro,M_0,0.011,0.4904821150522163,0.31703167261954834,0.6639325574848842,10
macro,M_0,0.012,0.49986679336033724,0.32830753515625577,0.6714260515644187,10
macro,M_0,0.013,0.5085868321848004,0.33819067071898934,0.6789829936506114,10
macro,M_0,0.014,0.5187920554220284,0.3514081253364765,0.6861759855075804,10
macro,M_0,0.015,0.5264194760854194,0.35948927840629735,0.6933496737645415,10
macro,M_0,0.016,0.5353332782110757,0.3707940753614129,0.6998724810607384,10
macro,M_0,0.017,0.5444885229812788,0.3819429091211427,0.7070341368414149,10
macro,M_0,0.018,0.5526900305670486,0.39308429364824093,0.7122957674858562,10
macro,M_0,0.019,0.5629019107496263,0.4050181484201424,0.7207856730791101,10
macro,M_0,0.02,0.5708380747362168,0.4162106233507513,0.7254655261216824,10
macro,M_0,0.021,0.5771758533431853,0.42472317927289305,0.7296285274134776,10
macro,M_0,0.022,0.5842985020587149,0.433574581489405,0.7350224226280249,10
macro,M_0,0.023,0.5900118632648023,0.439159036730108,0.7408646897994966,10
macro,M_0,0.024,0.594965663021694,0.4453488495589848,0.7445824764844031,10
macro,M_0,0.025,0.6022839775009994,0.45479099130941947,0.7497769636925793,10
macro,M_0,0.026,0.608163618393008,0.461190030319827,0.755137206466189,10
macro,M_0,0.027,0.6148064877036999,0.4692561762386336,0.7603567991687663,10
macro,M_0,0.028,0.6192735043139123,0.473830086773727,0.7647169218540975,10
macro,M_0,0.029,0.6233872950410575,0.4792473240059868,0.7675272660761282,10
macro,M_0,0.03,0.6303800006000341,0.48761369910846764,0.7731463020916005,10
macro,M_0,0.031,0.6357098040295941,0.4958078258251497,0.7756117822340385,10
macro,M_0,0.032,0.6407218202959326,0.5006849575161116,0.7807586830757536,10
macro,M_0,0.033,0.6458562131119131,0.50739828155221,0.7843141446716162,10
macro,M_0,0.034,0.6493844110550002,0.511737693191938,0.7870311289180625,10
macro,M_0,0.035,0.6538636287475692,0.5177603545686744,0.789966902926464,10
macro,M_0,0.036,0.6591344851893244,0.5243387352343823,0.7939302351442664,10
macro,M_0,0.037,0.6632178213579631,0.5291190416253131,0.7973166010906132,10
macro,M_0,0.038,0.6683237253134726,0.5366851846473859,0.7999622659795593,10
macro,M_0,0.039,0.6734030119097884,0.541984115813568,0.8048219080060087,10
macro,M_0,0.04,0.6756213810284304,0.5445095660754218,0.806733195981439,10
macro,M_0,0.041,0.6795696044869468,0.5495729456524154,0.8095662633214782,10
macro,M_0,0.042,0.6824537970326529,0.5529170112721455,0.8119905827931602,10
macro,M_0,0.043,0.6864788134386294,0.5576857279436481,0.8152718989336106,10
macro,M_0,0.044,0.6894673172619165,0.5620063594230978,0.8169282751007351,10
macro,M_0,0.045,0.694056090644721,0.5678001118997786,0.8203120693896633,10
macro,M_0,0.046,0.6956790294001841,0.569823479469173,0.8215345793311952,10
macro,M_0,0.047,0.6990853505769208,0.5744469133533866,0.823723787800455,10
macro,M_0,0.048,0.7018195910729108,0.5780280383663402,0.8256111437794814,10
macro,M_0,0.049,0.704505748733942,0.5817392432381101,0.8272722542297739,10
macro,M_0,0.05,0.7065188245020647,0.5840414787523523,0.8289961702517771,10
macro,M_0,0.051,0.7094562593204475,0.5878355701601122,0.8310769484807828,10
macro,M_0,0.052,0.7123738694540039,0.5916710119337237,0.8330767269742841,10
macro,M_0,0.053,0.7154462070846351,0.5950859232979763,0.835806490871294,10
macro,M_0,0.054,0.7193196375577775,0.5991212664735449,0.8395180086420101,10
macro,M_0,0.055,0.72196391554626,0.6034413282777786,0.8404865028147415,10
macro,M_0,0.056,0.7255965769784256,0.608929214804644,0.8422639391522072,10
macro,M_0,0.057,0.7277519343721759,0.6119986233252063,0.8435052454191455,10
macro,M_0,0.058,0.7314906992217549,0.6154991543058979,0.847482244137612,10
macro,M_0,0.059,0.7332362118965594,0.6179491686128651,0.8485232551802537,10
macro,M_0,0.06,0.7352944636216873,0.6204451915346787,0.8501437357086958,10
macro,M_0,0.061,0.7367970926894649,0.6225685464922548,0.851025638886675,10
macro,M_0,0.062,0.7391333717990781,0.6256505215031424,0.8526162220950139,10
macro,M_0,0.063,0.7428590781617236,0.6293904487856573,0.8563277075377899,10
macro,M_0,0.064,0.7449062532767463,0.6326047918498555,0.8572077147036371,10
macro,M_0,0.065,0.7480641633090821,0.6365646735587196,0.8595636530594446,10
macro,M_0,0.066,0.7493404987178582,0.6381618260920938,0.8605191713436227,10
macro,M_0,0.067,0.7514425529521155,0.6406513320578915,0.8622337738463395,10
macro,M_0,0.068,0.7530468858003602,0.6432797513830167,0.8628140202177036,10
macro,M_0,0.069,0.7544607926758025,0.6455767997386909,0.8633447856129141,10
macro,M_0,0.07,0.7559525925829744,0.6468825564270932,0.8650226287388556,10
macro,M_0,0.071,0.7572668201953504,0.648481315273181,0.8660523251175198,10
macro,M_0,0.072,0.7600558354336981,0.6520493551843793,0.868062315683017,10
macro,M_0,0.073,0.7619323581759401,0.6546954857636211,0.869169230588259,10
macro,M_0,0.074,0.7645392933387274,0.6581675434208116,0.8709110432566431,10
macro,M_0,0.075,0.7665664742644129,0.6601845827300651,0.8729483657987608,10
macro,M_0,0.076,0.7683979807389985,0.6620466506941426,0.8747493107838543,10
macro,M_0,0.077,0.7710472993663962,0.6655573799809731,0.8765372187518192,10
macro,M_0,0.078,0.7729352803819715,0.6679020462668602,0.8779685144970827,10
macro,M_0,0.079,0.7744181730209616,0.6700304223175207,0.8788059237244025,10
macro,M_0,0.08,0.7768639715926506,0.6725959044859131,0.8811320386993882,10
macro,M_0,0.081,0.7790876238994606,0.6759788150742709,0.8821964327246503,10
macro,M_0,0.082,0.7809699522349701,0.6781392331922579,0.8838006712776824,10
macro,M_0,0.083,0.7827148203534535,0.6806966279187461,0.884733012788161,10
macro,M_0,0.084,0.7841851548956283,0.6825648287687256,0.8858054810225311,10
macro,M_0,0.085,0.7859367534767159,0.6846338127111888,0.8872396942422429,10
macro,M_0,0.086,0.7875469930335383,0.6869917855340373,0.8881022005330392,10
macro,M_0,0.087,0.7894503279969519,0.6893528631756171,0.8895477928182868,10
macro,M_0,0.088,0.7903252272604214,0.690601132219549,0.8900493223012939,10
macro,M_0,0.089,0.7925925588008239,0.694257265787188,0.8909278518144598,10
macro,M_0,0.09,0.794755249284879,0.6973934255316071,0.8921170730381508,10
macro,M_0,0.091,0.7955584753853306,0.698233879686889,0.8928830710837723,10
macro,M_0,0.092,0.7967137129629485,0.6998005730042437,0.8936268529216532,10
macro,M_0,0.093,0.7989892363520679,0.7030555924001455,0.8949228803039903,10
macro,M_0,0.094,0.8002660960237744,0.7042637283091089,0.8962684637384399,10
macro,M_0,0.095,0.8017196024190432,0.7064292581596714,0.8970099466784149,10
macro,M_0,0.096,0.8035377018909079,0.7078362501186147,0.8992391536632011,10
macro,M_0,0.097,0.8047536350783322,0.7089990701199658,0.9005082000366986,10
macro,M_0,0.098,0.8068423696279441,0.7118722924197292,0.901812446836159,10
macro,M_0,0.099,0.8076489205381774,0.7129319626658415,0.9023658784105133,10
macro,M_0,0.1,0.8091223193015381,0.7155202636355595,0.9027243749675167,10
macro,M_0,0.101,0.8100478413078847,0.7167082902164665,0.9033873923993028,10
macro,M_0,0.102,0.8116087638616067,0.718200095458325,0.9050174322648885,10
macro,M_0,0.103,0.813157861354464,0.720172661793413,0.906143060915515,10
macro,M_0,0.104,0.8145009033957569,0.7220816329441061,0.9069201738474076,10
macro,M_0,0.105,0.8160147340870532,0.7238251462950709,0.9082043218790354,10
macro,M_0,0.106,0.8174538766328219,0.7253308274517946,0.9095769258138492,10
macro,M_0,0.107,0.8189359017394979,0.7276622301588063,0.9102095733201896,10
macro,M_0,0.108,0.8199880283497933,0.7289143559571243,0.9110617007424624,10
macro,M_0,0.109,0.8206804839372518,0.7296952100936691,0.9116657577808345,10
macro,M_0,0.11,0.8220762681610555,0.7315036065498124,0.9126489297722986,10
macro,M_0,0.111,0.823262785594389,0.7332892743207784,0.9132362968679997,10
macro,M_0,0.112,0.8243469330610853,0.7347238711399392,0.9139699949822314,10
macro,M_0,0.113,0.8250700766535186,0.735358998943865,0.9147811543631722,10
macro,M_0,0.114,0.8270161947401536,0.7374135287869202,0.916618860693387,10
macro,M_0,0.115,0.8277681436722993,0.7384563581566153,0.9170799291879834,10
macro,M_0,0.116,0.8286158841195554,0.7395853923471025,0.9176463758920084,10
macro,M_0,0.117,0.8292019386141793,0.7401934874327458,0.9182103897956129,10
macro,M_0,0.118,0.8302308359099335,0.7416872173014651,0.9187744545184019,10
macro,M_0,0.119,0.8317976285328481,0.7436303866725653,0.9199648703931309,10
macro,M_0,0.12,0.8330289680132758,0.7452409968170531,0.9208169392094984,10
macro,M_0,0.121,0.8338694236413454,0.7467131502244752,0.9210256970582157,10
macro,M_0,0.122,0.8348463722177494,0.748018714301959,0.9216740301335398,10
macro,M_0,0.123,0.8358267022143989,0.74936122146485,0.9222921829639479,10
macro,M_0,0.124,0.8365517813736412,0.7502171853686036,0.9228863773786787,10
macro,M_0,0.125,0.8368736208544266,0.750436163102668,0.9233110786061852,10
macro,M_0,0.126,0.8376960953426942,0.7513450854852908,0.9240471052000976,10
macro,M_0,0.127,0.8383007689397204,0.7521415890165682,0.9244599488628725,10
macro,M_0,0.128,0.8399633744998939,0.7539838863025585,0.9259428626972293,10
macro,M_0,0.129,0.8409916373864176,0.7547905130319972,0.927192761740838,10
macro,M_0,0.13,0.8415332611775019,0.7555178248930865,0.9275486974619174,10
macro,M_0,0.131,0.8422190871793058,0.7564052025471553,0.9280329718114564,10
macro,M_0,0.132,0.8427307155088973,0.7573783936097331,0.9280830374080615,10
macro,M_0,0.133,0.8434182859561622,0.7585214485763836,0.9283151233359408,10
macro,M_0,0.134,0.8444758417681685,0.7594858055927939,0.9294658779435431,10
macro,M_0,0.135,0.8457300736449763,0.7609674031807508,0.9304927441092018,10
macro,M_0,0.136,0.8461860226872627,0.7617742377460681,0.9305978076284573,10
macro,M_0,0.137,0.846785357355117,0.7623751491599667,0.9311955655502672,10
macro,M_0,0.138,0.8482340663247578,0.7639895928787195,0.9324785397707962,10
macro,M_0,0.139,0.8491213800495769,0.765395043908271,0.9328477161908829,10
macro,M_0,0.14,0.8498674342907243,0.7661354871985514,0.9335993813828972,10
macro,M_0,0.141,0.8505446366973513,0.7674271090272815,0.933662164367421,10
macro,M_0,0.142,0.8508797040671772,0.7678774103534064,0.9338819977809479,10
macro,M_0,0.143,0.8514143551641113,0.7686520843824213,0.9341766259458014,10
macro,M_0,0.144,0.852312404729954,0.7699157287370372,0.9347090807228707,10
macro,M_0,0.145,0.8529515563162544,0.7705018492655652,0.9354012633669436,10
macro,M_0,0.146,0.8535347272170982,0.7715751978207298,0.9354942566134666,10
macro,M_0,0.147,0.8544878078962345,0.7723714196782246,0.9366041961142443,10
macro,M_0,0.148,0.8551425360648324,0.77336543567405,0.9369196364556147,10
macro,M_0,0.149,0.8562655090171457,0.7746606094299173,0.9378704086043741,10
macro,M_0,0.15,0.8569383496858303,0.7759612723780018,0.9379154269936587,10
macro,M_0,0.151,0.8579624254230686,0.7772079085711763,0.9387169422749608,10
macro,M_0,0.152,0.8589002989621832,0.7782415783274641,0.9395590195969024,10
macro,M_0,0.153,0.8597107687235879,0.7790759778407031,0.9403455596064726,10
macro,M_0,0.154,0.8601952633867793,0.7796728268626911,0.9407176999108675,10
macro,M_0,0.155,0.8615694383904484,0.7807400937749199,0.9423987830059769,10
macro,M_0,0.156,0.8622015562564853,0.7818819092761311,0.9425212032368395,10
macro,M_0,0.157,0.8624264201970776,0.7823169848010433,0.9425358555931119,10
macro,M_0,0.158,0.8630591561518463,0.7831990608782949,0.9429192514253976,10
macro,M_0,0.159,0.8635415951962271,0.7839827513236922,0.943100439068762,10
macro,M_0,0.16,0.8646614712638288,0.7854995044659728,0.9438234380616847,10
macro,M_0,0.161,0.8652147351549477,0.7862909236885716,0.9441385466213239,10
macro,M_0,0.162,0.8659662325884618,0.7875356927169801,0.9443967724599436,10
macro,M_0,0.163,0.8672273055627702,0.7893281688434823,0.945126442282058,10
macro,M_0,0.164,0.867946817801915,0.7908111083256802,0.9450825272781497,10
macro,M_0,0.165,0.8687502552580622,0.79224951982577,0.9452509906903543,10
macro,M_0,0.166,0.8694350471923723,0.793385860513387,0.9454842338713576,10
macro,M_0,0.167,0.8702259610920027,0.7941991071247323,0.9462528150592731,10
macro,M_0,0.168,0.8703351267263828,0.7943241617336186,0.946346091719147,10
macro,M_0,0.169,0.8707512130152869,0.7947950896148547,0.9467073364157191,10
macro,M_0,0.17,0.8715136134157098,0.7958595533810032,0.9471676734504163,10
macro,M_0,0.171,0.8720364959447153,0.7964986600155379,0.9475743318738927,10
macro,M_0,0.172,0.8728038642425646,0.7974324799017796,0.9481752485833497,10
macro,M_0,0.173,0.8735408667636839,0.7986481471855618,0.9484335863418061,10
macro,M_0,0.174,0.8741093508720998,0.7992216503937617,0.948997051350438,10
macro,M_0,0.175,0.8746114738026103,0.800044915641086,0.9491780319641345,10
macro,M_0,0.176,0.8754931545551561,0.8008529895792906,0.9501333195310215,10
macro,M_0,0.177,0.876145680376624,0.8019053695605508,0.9503859911926972,10
macro,M_0,0.178,0.876744312985025,0.8028114069235486,0.9506772190465014,10
macro,M_0,0.179,0.8771842395417817,0.8037046038224764,0.950663875261087,10
macro,M_0,0.18,0.8780429995231822,0.8046426932467812,0.9514433057995832,10
macro,M_0,0.181,0.8788951556397089,0.8058861526144359,0.9519041586649819,10
macro,M_0,0.182,0.8791926788986452,0.806232680005704,0.9521526777915863,10
macro,M_0,0.183,0.8796450210690667,0.8065660974225768,0.9527239447155567,10
macro,M_0,0.184,0.8808434092571661,0.8081594753295164,0.9535273431848158,10
macro,M_0,0.185,0.8815909441981205,0.8095020782984041,0.9536798100978368,10
macro,M_0,0.186,0.8819392175703946,0.8099829162313885,0.9538955189094007,10
macro,M_0,0.187,0.8821320163825698,0.8102779519600984,0.9539860808050411,10
macro,M_0,0.188,0.8823929310314966,0.8107505440570741,0.9540353180059191,10
macro,M_0,0.189,0.8835396011825845,0.8128041605593573,0.9542750418058116,10
macro,M_0,0.19,0.8841116885534012,0.8138366427618597,0.9543867343449426,10
macro,M_0,0.191,0.8848113257013426,0.8147928310023057,0.9548298204003794,10
macro,M_0,0.192,0.8849298854637775,0.814982351900578,0.954877419026977,10
macro,M_0,0.193,0.885334143881684,0.8153609963296171,0.9553072914337508,10
macro,M_0,0.194,0.8863335062058443,0.8172272882622927,0.9554397241493958,10
macro,M_0,0.195,0.88701497734887,0.8182743460210025,0.9557556086767376,10
macro,M_0,0.196,0.8873479381073069,0.8189115983512827,0.9557842778633312,10
macro,M_0,0.197,0.8881146364718655,0.8197747788216552,0.9564544941220758,10
macro,M_0,0.198,0.8890555383801638,0.8211289757579018,0.9569821010024259,10
macro,M_0,0.199,0.8895396557607624,0.8220629398195913,0.9570163717019335,10
macro,M_0,0.2,0.8897814997323937,0.8223181659762011,0.9572448334885864,10
macro,M_0,0.201,0.8902343547157123,0.8227331418682032,0.9577355675632214,10
macro,M_0,0.202,0.8908849655607121,0.8238205936162681,0.957949337505156,10
macro,M_0,0.203,0.8912301349093956,0.8243537875362408,0.9581064822825505,10
macro,M_0,0.204,0.8919214325528027,0.8255665242863678,0.9582763408192375,10
macro,M_0,0.205,0.8925334150776291,0.8262642495880337,0.9588025805672244,10
macro,M_0,0.206,0.8929041250286417,0.8267075858082187,0.9591006642490647,10
macro,M_0,0.207,0.8931595922811439,0.8270216251153781,0.9592975594469098,10
macro,M_0,0.208,0.8937865325057375,0.8280556795686059,0.959517385442869,10
macro,M_0,0.209,0.8941248793310981,0.8285804153932415,0.9596693432689547,10
macro,M_0,0.21,0.894427797634011,0.829350458749863,0.959505136518159,10
macro,M_0,0.211,0.8949730036208798,0.8300461443211311,0.9598998629206286,10
macro,M_0,0.212,0.8952826248629616,0.8306803535485244,0.9598848961773988,10
macro,M_0,0.213,0.8954996576316205,0.8308438848557396,0.9601554304075015,10
macro,M_0,0.214,0.8956609479542011,0.8309397143747971,0.9603821815336052,10
macro,M_0,0.215,0.8963518057121729,0.8321468308281315,0.9605567805962143,10
macro,M_0,0.216,0.8964238518216827,0.8322132140618898,0.9606344895814757,10
macro,M_0,0.217,0.8965514028420911,0.8323035276919896,0.9607992779921927,10
macro,M_0,0.218,0.8970811017351948,0.8330033987761871,0.9611588046942026,10
macro,M_0,0.219,0.8977577952596485,0.8338707708609392,0.9616448196583578,10
macro,M_0,0.22,0.8983788489110337,0.8343580617780854,0.962399636043982,10
macro,M_0,0.221,0.898597180179794,0.8345975593980194,0.9625968009615685,10
macro,M_0,0.222,0.8989671335350222,0.8348316784313704,0.963102588638674,10
macro,M_0,0.223,0.8998089993053014,0.8360933440096141,0.9635246546009888,10
macro,M_0,0.224,0.9005230200363513,0.8371316041378657,0.9639144359348369,10
macro,M_0,0.225,0.9009498910644533,0.8378951002907604,0.9640046818381462,10
macro,M_0,0.226,0.9010498910644532,0.8380550091046117,0.9640447730242947,10
macro,M_0,0.227,0.9011774420848615,0.8381423547884131,0.9642125293813099,10
macro,M_0,0.228,0.901550400283263,0.8386231183281769,0.9644776822383492,10
macro,M_0,0.229,0.9018961081960246,0.8388881541691453,0.9649040622229039,10
macro,M_0,0.23,0.902687504518074,0.839993999744649,0.9653810092914991,10
macro,M_0,0.231,0.9030163704974555,0.8404959716762813,0.9655367693186298,10
macro,M_0,0.232,0.9032794780866122,0.8410113666273769,0.9655475895458476,10
macro,M_0,0.233,0.9034884189173242,0.8411414178065852,0.9658354200280632,10
macro,M_0,0.234,0.9035440982046294,0.841221265273403,0.9658669311358559,10
macro,M_0,0.235,0.9038841823625186,0.8415903658289414,0.9661779988960957,10
macro,M_0,0.236,0.9047598931999513,0.8422847441494137,0.967235042250489,10
macro,M_0,0.237,0.9048504990718964,0.8423762629253081,0.9673247352184847,10
macro,M_0,0.238,0.9053454342542901,0.8433082123965053,0.967382656112075,10
macro,M_0,0.239,0.9057913330023304,0.8438055836238231,0.9677770823808377,10
macro,M_0,0.24,0.9059452749571069,0.844201656887219,0.9676888930269947,10
macro,M_0,0.241,0.9064448761960954,0.8452354428817079,0.9676543095104828,10
macro,M_0,0.242,0.9065911613553455,0.8454071465227765,0.9677751761879144,10
macro,M_0,0.243,0.9067817672272908,0.8456556262724894,0.9679079081820922,10
macro,M_0,0.244,0.9071290062428984,0.846511350140362,0.9677466623454347,10
macro,M_0,0.245,0.9075009307136213,0.8470150586578985,0.967986802769344,10
macro,M_0,0.246,0.907741653516269,0.8475283834069772,0.9679549236255608,10
macro,M_0,0.247,0.9082161982299434,0.848004927825337,0.9684274686345498,10
macro,M_0,0.248,0.9085970071037519,0.8484263031182381,0.9687677110892657,10
macro,M_0,0.249,0.9087979191926434,0.8486746640225752,0.9689211743627116,10
macro,M_0,0.25,0.9092225449280674,0.8495818389887148,0.9688632508674201,10
macro,M_0,0.251,0.9095706930778558,0.8500957221675927,0.9690456639881189,10
macro,M_0,0.252,0.9100666566482033,0.8509369959835092,0.9691963173128973,10
macro,M_0,0.253,0.9102387027577133,0.8511582188033148,0.9693191867121119,10
macro,M_0,0.254,0.9103096247435291,0.8512053629452351,0.969413886541823,10
macro,M_0,0.255,0.9109838317464195,0.8519504998324176,0.9700171636604215,10
macro,M_0,0.256,0.9114868084394988,0.8528276160813116,0.970146000797686,10
macro,M_0,0.257,0.9115986652627651,0.8531572543026155,0.9700400762229148,10
macro,M_0,0.258,0.9117809458231909,0.8533616241630805,0.9702002674833013,10
macro,M_0,0.259,0.9123122349515542,0.854277171198272,0.9703472987048365,10
macro,M_0,0.26,0.9126894611155271,0.8548960450006295,0.9704828772304246,10
macro,M_0,0.261,0.9126894611155271,0.8548960450006295,0.9704828772304246,10
macro,M_0,0.262,0.9131306693971106,0.8554335517534706,0.9708277870407507,10
macro,M_0,0.263,0.9133888113796272,0.8559327401500957,0.9708448826091588,10
macro,M_0,0.264,0.9135874587622581,0.8561199528664576,0.9710549646580586,10
macro,M_0,0.265,0.9139013488433994,0.8564280306550455,0.9713746670317532,10
macro,M_0,0.266,0.9139199086058344,0.8564544201007613,0.9713853971109074,10
macro,M_0,0.267,0.9144297935805558,0.8572797924207648,0.9715797947403467,10
macro,M_0,0.268,0.9148933217946794,0.8578082287343849,0.9719784148549739,10
macro,M_0,0.269,0.9153824183216113,0.8583988374244842,0.9723659992187383,10
macro,M_0,0.27,0.9157415141604854,0.8594338016914272,0.9720492266295436,10
macro,M_0,0.271,0.9158681154336061,0.859557398753405,0.9721788321138073,10
macro,M_0,0.272,0.9164744608730698,0.8606514675335794,0.9722974542125603,10
macro,M_0,0.273,0.9164930206355049,0.8606778069614096,0.9723082343096001,10
macro,M_0,0.274,0.9167523032005876,0.8612173325945666,0.9722872738066087,10
macro,M_0,0.275,0.9173337377054281,0.8622551118533739,0.9724123635574824,10
macro,M_0,0.276,0.917433737705428,0.8624110339722796,0.9724564414385765,10
macro,M_0,0.277,0.9180004563917512,0.8630925032380349,0.9729084095454675,10
macro,M_0,0.278,0.9180375759166213,0.8631453589846373,0.9729297928486053,10
macro,M_0,0.279,0.9183612895631537,0.8639629364676882,0.9727596426586191,10
macro,M_0,0.28,0.9188237487960584,0.8647302733545987,0.9729172242375181,10
macro,M_0,0.281,0.919151743947855,0.8652410163344553,0.9730624715612548,10
macro,M_0,0.282,0.9193356468806313,0.865631080990146,0.9730402127711166,10
macro,M_0,0.283,0.919534056728082,0.8657720990581212,0.9732960143980427,10
macro,M_0,0.284,0.9197763301370495,0.8664606325908216,0.9730920276832774,10
macro,M_0,0.285,0.9203996741476466,0.8680507667266347,0.9727485815686584,10
macro,M_0,0.286,0.9206791485590082,0.8685391113458414,0.9728191857721751,10
macro,M_0,0.287,0.9209400632079351,0.8691100487144165,0.9727700777014536,10
macro,M_0,0.288,0.9215034405520731,0.8701405358968296,0.9728663452073166,10
macro,M_0,0.289,0.9215591198393781,0.8702217351999455,0.9728965044788107,10
macro,M_0,0.29,0.9218372325918655,0.8706509736397867,0.9730234915439442,10
macro,M_0,0.291,0.9220848330229107,0.8707741730367922,0.9733954930090292,10
macro,M_0,0.292,0.9223629457753978,0.8712007073646436,0.973525184186152,10
macro,M_0,0.293,0.9224629457753979,0.871358231733798,0.9735676598169978,10
macro,M_0,0.294,0.9227489303773779,0.8718481548827692,0.9736497058719866,10
macro,M_0,0.295,0.9231976549321178,0.8722952327595452,0.9741000771046904,10
macro,M_0,0.296,0.9234495511266434,0.8724603576258587,0.9744387446274281,10
macro,M_0,0.297,0.9240206007479644,0.8732674220608234,0.9747737794351055,10
macro,M_0,0.298,0.9246096964014079,0.8743870472516743,0.9748323455511415,10
macro,M_0,0.299,0.9250107201504092,0.8748845831993225,0.9751368571014959,10
macro,M_0,0.3,0.925190807770605,0.8750381244424003,0.9753434910988098,10
macro,M_0,0.301,0.9258060690531726,0.8757375973936742,0.9758745407126711,10
macro,M_0,0.302,0.926148879547366,0.8765336187164516,0.9757641403782804,10
macro,M_0,0.303,0.9262607363706321,0.8768619362374168,0.9756595365038474,10
macro,M_0,0.304,0.9265708140939038,0.8773336248180268,0.9758080033697809,10
macro,M_0,0.305,0.9269197904420402,0.8780293490901256,0.9758102317939548,10
macro,M_0,0.306,0.927009272190291,0.8781009853029803,0.9759175590776016,10
macro,M_0,0.307,0.9272887405793109,0.8784030480756283,0.9761744330829935,10
macro,M_0,0.308,0.9275339016148665,0.8787104286668809,0.9763573745628521,10
macro,M_0,0.309,0.9281037212756356,0.8795706821941223,0.9766367603571489,10
macro,M_0,0.31,0.9284818747056824,0.879930968061055,0.9770327813503099,10
macro,M_0,0.311,0.9289523938214164,0.8804280390813356,0.9774767485614971,10
macro,M_0,0.312,0.9289523938214164,0.8804280390813356,0.9774767485614971,10
macro,M_0,0.313,0.9291799448418244,0.8806709809291736,0.9776889087544752,10
macro,M_0,0.314,0.9297788108763354,0.8812852764047852,0.9782723453478857,10
macro,M_0,0.315,0.9301124557361484,0.8821290744465883,0.9780958370257086,10
macro,M_0,0.316,0.9301845018456586,0.8821825036639909,0.9781865000273263,10
macro,M_0,0.317,0.9304704864476386,0.8826667810694379,0.9782741918258394,10
macro,M_0,0.318,0.9305599681958894,0.8827376236920216,0.9783823126997572,10
macro,M_0,0.319,0.9306680097065749,0.8828355944986634,0.9785004249144864,10
macro,M_0,0.32,0.9313152073438002,0.8836468004539574,0.9789836142336431,10
macro,M_0,0.321,0.9315165459153171,0.8840483526995052,0.9789847391311289,10
macro,M_0,0.322,0.9315165459153171,0.8840483526995052,0.9789847391311289,10
macro,M_0,0.323,0.9318483010725354,0.8848081897064511,0.9788884124386196,10
macro,M_0,0.324,0.9322673233538789,0.8852717568696215,0.9792628898381363,10
macro,M_0,0.325,0.9323939246269995,0.8853950340965652,0.9793928151574339,10
macro,M_0,0.326,0.9325400354098428,0.8855127405618934,0.9795673302577921,10
macro,M_0,0.327,0.9328301917118049,0.885779149530977,0.9798812338926328,10
macro,M_0,0.328,0.9333472062730037,0.8863391270388987,0.9803552855071087,10
macro,M_0,0.329,0.93379474367493,0.8869627907419315,0.9806266966079284,10
macro,M_0,0.33,0.9339027851856155,0.8870584658062092,0.9807471045650219,10
macro,M_0,0.331,0.9340213449480507,0.8872378762695137,0.9808048136265877,10
macro,M_0,0.332,0.9343237565401609,0.8874791504707832,0.9811683626095385,10
macro,M_0,0.333,0.9345311848420124,0.8879060879172699,0.9811562817667548,10
macro,M_0,0.334,0.9348609629102855,0.8883334218727018,0.9813885039478693,10
macro,M_0,0.335,0.935116239327509,0.8885533354258119,0.981679143229206,10
macro,M_0,0.336,0.9353963269477046,0.8888526072387432,0.981940046656666,10
macro,M_0,0.337,0.9353963269477046,0.8888526072387432,0.981940046656666,10
macro,M_0,0.338,0.9354148867101397,0.8888792570936153,0.9819505163266642,10
macro,M_0,0.339,0.9355334464725746,0.8890578115090025,0.9820090814361467,10
macro,M_0,0.34,0.9358773266567919,0.8895005550079536,0.9822540983056303,10
macro,M_0,0.341,0.9358958864192269,0.8895269656972468,0.9822648071412071,10
macro,M_0,0.342,0.9361127088491334,0.8900268996503504,0.9821985180479165,10
macro,M_0,0.343,0.936629534462887,0.8904655910323033,0.9827934778934707,10
macro,M_0,0.344,0.9369090088742489,0.8909417485957524,0.9828762691527454,10
macro,M_0,0.345,0.9369799308600644,0.8909831835347147,0.982976678185414,10
macro,M_0,0.346,0.937407926011861,0.8917330735766922,0.9830827784470297,10
macro,M_0,0.347,0.9376165890445085,0.8918703153696392,0.9833628627193778,10
macro,M_0,0.348,0.9382173879898417,0.8925702080465735,0.9838645679331098,10
macro,M_0,0.349,0.9386068697380923,0.8930779628876498,0.9841357765885347,10
macro,M_0,0.35,0.9389509619571126,0.8935712952094406,0.9843306287047846,10
macro,M_0,0.351,0.9392303548909501,0.894327375843765,0.9841333339381352,10
macro,M_0,0.352,0.9394590341441228,0.8950167497850668,0.9839013185031787,10
macro,M_0,0.353,0.9395708909673891,0.8953534960736701,0.9837882858611081,10
macro,M_0,0.354,0.9398427122732309,0.8955954860044932,0.9840899385419686,10
macro,M_0,0.355,0.939879831798101,0.8956497708046477,0.9841098927915543,10
macro,M_0,0.356,0.9402881721888441,0.8963160058573146,0.9842603385203735,10
macro,M_0,0.357,0.9403252917137144,0.8963697258394903,0.9842808575879385,10
macro,M_0,0.358,0.9407951471933531,0.8970781479635551,0.9845121464231511,10
macro,M_0,0.359,0.9407951471933531,0.8970781479635551,0.9845121464231511,10
macro,M_0,0.36,0.9409119696232595,0.8974305168965777,0.9843934223499413,10
macro,M_0,0.361,0.9412710654621336,0.8984829166934283,0.9840592142308389,10
macro,M_0,0.362,0.9414896252245686,0.8987955125440423,0.9841837379050948,10
macro,M_0,0.363,0.9416644857962707,0.8989479045789609,0.9843810670135805,10
macro,M_0,0.364,0.9419831863438917,0.8994544653190164,0.9845119073687669,10
macro,M_0,0.365,0.9420831863438917,0.8995962863913601,0.9845700862964232,10
macro,M_0,0.366,0.9420831863438917,0.8995962863913601,0.9845700862964232,10
macro,M_0,0.367,0.9421737922158367,0.8996733437965001,0.9846742406351734,10
macro,M_0,0.368,0.9424447142016523,0.8999951740045232,0.9848942543987814,10
macro,M_0,0.369,0.942673393454825,0.9006858594695683,0.9846609274400818,10
macro,M_0,0.37,0.9428758561500364,0.9011001657610557,0.9846515465390172,10
macro,M_0,0.371,0.9430710943577012,0.90122359060531,0.9849185981100924,10
macro,M_0,0.372,0.9431431404672113,0.9012727447940223,0.9850135361404002,10
macro,M_0,0.373,0.9436749540145959,0.9021262508960631,0.9852236571331286,10
macro,M_0,0.374,0.9438917764445025,0.9026186387455349,0.9851649141434701,10
macro,M_0,0.375,0.9441253504117734,0.9027838272249805,0.9854668735985662,10
macro,M_0,0.376,0.9441253504117734,0.9027838272249805,0.9854668735985662,10
macro,M_0,0.377,0.9442421728416799,0.9031348252561645,0.9853495204271953,10
macro,M_0,0.378,0.9445014554067626,0.9036905596271542,0.985312351186371,10
macro,M_0,0.379,0.9448129093599469,0.9041666680677023,0.9854591506521915,10
macro,M_0,0.38,0.945012909359947,0.9044496925881517,0.9855761261317423,10
macro,M_0,0.381,0.9451297317898536,0.9048010629648567,0.9854584006148505,10
macro,M_0,0.382,0.9452572828102618,0.9048915888959814,0.9856229767245421,10
macro,M_0,0.383,0.9453861487896432,0.905083813746109,0.9856884838331774,10
macro,M_0,0.384,0.9454980056129093,0.9054204567151729,0.9855755545106457,10
macro,M_0,0.385,0.9456454313547258,0.9056385260789359,0.9856523366305157,10
macro,M_0,0.386,0.9459714553813579,0.9058546384974036,0.9860882722653121,10
macro,M_0,0.387,0.9464013221390453,0.9065349248279141,0.9862677194501764,10
macro,M_0,0.388,0.9464013221390453,0.9065349248279141,0.9862677194501764,10
macro,M_0,0.389,0.9464013221390453,0.9065349248279141,0.9862677194501764,10
macro,M_0,0.39,0.9468256337219418,0.9070450066522352,0.9866062607916485,10
macro,M_0,0.391,0.9469718325523513,0.9071174386504192,0.9868262264542834,10
macro,M_0,0.392,0.9472275118396564,0.9074842882329753,0.9869707354463374,10
macro,M_0,0.393,0.9472984338254719,0.9075250990062509,0.9870717686446928,10
macro,M_0,0.394,0.9474425260444921,0.907727699085865,0.9871573530031191,10
macro,M_0,0.395,0.9477600198135194,0.9080247455220722,0.9874952941049666,10
macro,M_0,0.396,0.9478495015617702,0.9080922893513911,0.9876067137721493,10
macro,M_0,0.397,0.9479215476712801,0.9081421937216184,0.9877009016209418,10
macro,M_0,0.398,0.9481638210802477,0.9088451863844815,0.9874824557760138,10
macro,M_0,0.399,0.9482544269521928,0.9089214384670071,0.9875874154373784,10
macro,M_0,0.4,0.948445032824138,0.9091377657352798,0.9877522999129961,10
macro,M_0,0.401,0.9485530743348235,0.9092319813545411,0.9878741673151059,10
macro,M_0,0.402,0.9488003133504315,0.909950064570053,0.9876505621308099,10
macro,M_0,0.403,0.9489542553052079,0.9103567945441091,0.9875517160663068,10
macro,M_0,0.404,0.9490251772910236,0.9103962936443146,0.9876540609377327,10
macro,M_0,0.405,0.9490251772910236,0.9103962936443146,0.9876540609377327,10
macro,M_0,0.406,0.9493199643162228,0.9108834154110548,0.9877565132213908,10
macro,M_0,0.407,0.9496927357884157,0.9116680477532477,0.9877174238235837,10
macro,M_0,0.408,0.9496927357884157,0.9116680477532477,0.9877174238235837,10
macro,M_0,0.409,0.9496927357884157,0.9116680477532477,0.9877174238235837,10
macro,M_0,0.41,0.9497112955508508,0.911695298888811,0.9877272922128906,10
macro,M_0,0.411,0.9498822175366664,0.9118771677568754,0.9878872673164573,10
macro,M_0,0.412,0.950138634536456,0.9121557188554767,0.9881215502174352,10
macro,M_0,0.413,0.950665293529755,0.9129619891908737,0.9883685978686364,10
macro,M_0,0.414,0.9511585823700882,0.9136382728158918,0.9886788919242846,10
macro,M_0,0.415,0.9511585823700882,0.9136382728158918,0.9886788919242846,10
macro,M_0,0.416,0.9512939645624299,0.9140178521841578,0.988570076940702,10
macro,M_0,0.417,0.9515568977751796,0.9144867513040877,0.9886270442462715,10
macro,M_0,0.418,0.9516475036471247,0.9145619294894559,0.9887330778047935,10
macro,M_0,0.419,0.9518381095190698,0.914779539434081,0.9888966796040586,10
macro,M_0,0.42,0.9520220124518461,0.9151644750600927,0.9888795498435996,10
macro,M_0,0.421,0.9520220124518461,0.9151644750600927,0.9888795498435996,10
macro,M_0,0.422,0.9523675141349255,0.9162056246538489,0.9885294036160021,10
macro,M_0,0.423,0.9523860738973605,0.9162327050303487,0.9885394427643723,10
macro,M_0,0.424,0.9524231934222305,0.9162867254693305,0.9885596613751304,10
macro,M_0,0.425,0.9525536100079318,0.9166503255374264,0.9884568944784372,10
macro,M_0,0.426,0.9526997207907749,0.9167654104327597,0.9886340311487901,10
macro,M_0,0.427,0.9529524226844638,0.91717894082989,0.9887259045390375,10
macro,M_0,0.428,0.9530524226844637,0.9173240337137888,0.9887808116551385,10
macro,M_0,0.429,0.9530524226844637,0.9173240337137888,0.9887808116551385,10
macro,M_0,0.43,0.9532692451143703,0.9178194224197156,0.988719067809025,10
macro,M_0,0.431,0.9532692451143703,0.9178194224197156,0.988719067809025,10
macro,M_0,0.432,0.9535323527035271,0.9183265852022008,0.9887381202048534,10
macro,M_0,0.433,0.9537599037239353,0.9185569519115508,0.9889628555363197,10
macro,M_0,0.434,0.9537599037239353,0.9185569519115508,0.9889628555363197,10
macro,M_0,0.435,0.9537599037239353,0.9185569519115508,0.9889628555363197,10
macro,M_0,0.436,0.9537599037239353,0.9185569519115508,0.9889628555363197,10
macro,M_0,0.437,0.9539073294657516,0.9187719169016798,0.9890427420298235,10
macro,M_0,0.438,0.9540073294657517,0.9189145160070828,0.9891001429244206,10
macro,M_0,0.439,0.954223467794282,0.9191642207646287,0.9892827148239354,10
macro,M_0,0.44,0.954223467794282,0.9191642207646287,0.9892827148239354,10
macro,M_0,0.441,0.9543523337736634,0.9193504175577321,0.9893542499895946,10
macro,M_0,0.442,0.9544827503593647,0.9197161983400436,0.9892493023786858,10
macro,M_0,0.443,0.9545536723451804,0.9197545354282328,0.989352809262128,10
macro,M_0,0.444,0.9545536723451804,0.9197545354282328,0.989352809262128,10
macro,M_0,0.445,0.9545536723451804,0.9197545354282328,0.989352809262128,10
macro,M_0,0.446,0.9546257184546905,0.91980069858109,0.9894507383282909,10
macro,M_0,0.447,0.9548209566623551,0.9199229427989403,0.98971897052577,10
macro,M_0,0.448,0.9549748986171318,0.9203300111236093,0.9896197861106543,10
macro,M_0,0.449,0.9550867554403979,0.9206683624274071,0.9895051484533887,10
macro,M_0,0.45,0.9552035778703045,0.9210213364677915,0.9893858192728175,10
macro,M_0,0.451,0.9552221376327396,0.9210481879501018,0.9893960873153773,10
macro,M_0,0.452,0.9553930596185551,0.9212279966083747,0.9895581226287355,10
macro,M_0,0.453,0.9554116193809902,0.9212548534608516,0.9895683853011288,10
macro,M_0,0.454,0.9555284418108967,0.9216079974202457,0.9894488862015477,10
macro,M_0,0.455,0.9555655613357669,0.9216617496309607,0.989469373040573,10
macro,M_0,0.456,0.9556655613357667,0.9218029047023303,0.9895282179692032,10
macro,M_0,0.457,0.9558129870775833,0.9220147391991453,0.9896112349560213,10
macro,M_0,0.458,0.9560523949212577,0.9224409539781145,0.9896638358644009,10
macro,M_0,0.459,0.9562967683715724,0.9228793168698048,0.98971421987334,10
macro,M_0,0.46,0.9565304132313855,0.9235854237453685,0.9894754027174026,10
macro,M_0,0.461,0.956647235661292,0.9239378336044307,0.9893566377181532,10
macro,M_0,0.462,0.956819281770802,0.9241269562378804,0.9895116073037236,10
macro,M_0,0.463,0.956819281770802,0.9241269562378804,0.9895116073037236,10
macro,M_0,0.464,0.956819281770802,0.9241269562378804,0.9895116073037236,10
macro,M_0,0.465,0.956819281770802,0.9241269562378804,0.9895116073037236,10
macro,M_0,0.466,0.9570663405943314,0.9243631185702912,0.9897695626183716,10
macro,M_0,0.467,0.9571781974175977,0.924700998990884,0.9896553958443114,10
macro,M_0,0.468,0.9572950198475043,0.925053450260357,0.9895365894346516,10
macro,M_0,0.469,0.9574068766707704,0.9253905012760982,0.9894232520654426,10
macro,M_0,0.47,0.9575187334940367,0.9257271334469859,0.9893103335410875,10
macro,M_0,0.471,0.9575187334940367,0.9257271334469859,0.9893103335410875,10
macro,M_0,0.472,0.9576187334940366,0.9258691517026693,0.9893683152854039,10
macro,M_0,0.473,0.9577628257130568,0.9260710471694882,0.9894546042566255,10
macro,M_0,0.474,0.9579102514548733,0.9262889544409433,0.9895315484688033,10
macro,M_0,0.475,0.9579102514548733,0.9262889544409433,0.9895315484688033,10
macro,M_0,0.476,0.9580573102784028,0.9263807687537107,0.9897338518030949,10
macro,M_0,0.477,0.9581926924707445,0.9267612162353248,0.9896241687061641,10
macro,M_0,0.478,0.9584095149006508,0.9272537983227213,0.9895652314785804,10
macro,M_0,0.479,0.958509514900651,0.9273920152369443,0.9896270145643576,10
macro,M_0,0.48,0.958509514900651,0.9273920152369443,0.9896270145643576,10
macro,M_0,0.481,0.959063919374336,0.928242818418565,0.989885020330107,10
macro,M_0,0.482,0.9593252224284285,0.9284125351909032,0.9902379096659539,10
macro,M_0,0.483,0.9596204606360933,0.9286727875820161,0.9905681336901705,10
macro,M_0,0.484,0.9596390203985283,0.9286996212393026,0.990578419557754,10
macro,M_0,0.485,0.9596390203985283,0.9286996212393026,0.990578419557754,10
macro,M_0,0.486,0.9596575801609634,0.9287264001203812,0.9905887602015455,10
macro,M_0,0.487,0.9598464487003799,0.9291288755818764,0.9905640218188835,10
macro,M_0,0.488,0.9599632711302866,0.9294831398037234,0.9904434024568497,10
macro,M_0,0.489,0.9600800935601932,0.9298369589494985,0.9903232281708879,10
macro,M_0,0.49,0.9600800935601932,0.9298369589494985,0.9903232281708879,10
macro,M_0,0.491,0.9600986533226281,0.9298640162752124,0.9903332903700438,10
macro,M_0,0.492,0.9600986533226281,0.9298640162752124,0.9903332903700438,10
macro,M_0,0.493,0.9600986533226281,0.9298640162752124,0.9903332903700438,10
macro,M_0,0.494,0.9602262043430363,0.9299505562576708,0.9905018524284018,10
macro,M_0,0.495,0.9602262043430363,0.9299505562576708,0.9905018524284018,10
macro,M_0,0.496,0.9602262043430363,0.9299505562576708,0.9905018524284018,10
macro,M_0,0.497,0.9603751806911726,0.9303431924850044,0.9904071688973407,10
macro,M_0,0.498,0.9603751806911726,0.9303431924850044,0.9904071688973407,10
macro,M_0,0.499,0.9604461026769882,0.9303814478306526,0.9905107575233237,10
macro,M_0,0.5,0.9606797475368012,0.9310871804002528,0.9902723146733495,10
macro,M_0,0.501,0.9606797475368012,0.9310871804002528,0.9902723146733495,10
macro,M_0,0.502,0.9609204703394489,0.931613194072981,0.9902277466059168,10
macro,M_0,0.503,0.9610099520876997,0.9316773998398364,0.9903425043355629,10
macro,M_0,0.504,0.9613292372128175,0.9324412774872233,0.9902171969384117,10
macro,M_0,0.505,0.9617417813213069,0.9330673208365213,0.9904162418060926,10
macro,M_0,0.506,0.9619536381445732,0.9335487876521564,0.99035848863699,10
macro,M_0,0.507,0.9619721979070084,0.933575788666422,0.9903686071475948,10
macro,M_0,0.508,0.9621162901260284,0.9337813799943581,0.9904512002576987,10
macro,M_0,0.509,0.9622162901260285,0.9339219315281471,0.9905106487239099,10
macro,M_0,0.51,0.9623348498884635,0.9340878418837386,0.9905818578931884,10
macro,M_0,0.511,0.9626874295143775,0.9349534342923901,0.9904214247363649,10
macro,M_0,0.512,0.9627992863376436,0.9352922687255539,0.9903063039497332,10
macro,M_0,0.513,0.9629111431609099,0.9356306446130501,0.9901916417087696,10
macro,M_0,0.514,0.963294821290018,0.9362057298494997,0.9903839127305363,10
macro,M_0,0.515,0.9635158437476644,0.9366459140463835,0.9903857734489453,10
macro,M_0,0.516,0.9639107789300582,0.9374426874537061,0.9903788704064103,10
macro,M_0,0.517,0.9639293386924932,0.9374702768687034,0.990388400516283,10
macro,M_0,0.518,0.9639478984549281,0.93749780272189,0.9903979941879663,10
macro,M_0,0.519,0.9639664582173632,0.9375252649486054,0.9904076514861209,10
macro,M_0,0.52,0.9639664582173632,0.9375252649486054,0.9904076514861209,10
macro,M_0,0.521,0.9640832806472698,0.9378768031269515,0.990289758167588,10
macro,M_0,0.522,0.9641018404097048,0.9379043279121874,0.9902993529072223,10
macro,M_0,0.523,0.9643611229747876,0.9384578239746224,0.9902644219749528,10
macro,M_0,0.524,0.9647628627355704,0.9387607275447225,0.9907649979264184,10
macro,M_0,0.525,0.9651272855965223,0.9392436807731278,0.9910108904199167,10
macro,M_0,0.526,0.9651272855965223,0.9392436807731278,0.9910108904199167,10
macro,M_0,0.527,0.9652441080264287,0.9395943801007155,0.9908938359521419,10
macro,M_0,0.528,0.9653441080264287,0.9397372471755642,0.9909509688772932,10
macro,M_0,0.529,0.9654150300122444,0.9397743333609152,0.9910557266635736,10
macro,M_0,0.53,0.9657327645310424,0.9403646984533997,0.9911008306086851,10
macro,M_0,0.531,0.9657327645310424,0.9403646984533997,0.9911008306086851,10
macro,M_0,0.532,0.9658048106405526,0.9404123094640118,0.9911973118170934,10
macro,M_0,0.533,0.9660187007216938,0.9405310462644534,0.9915063551789343,10
macro,M_0,0.534,0.9660187007216938,0.9405310462644534,0.9915063551789343,10
macro,M_0,0.535,0.9660372604841289,0.9405584043653697,0.991516116602888,10
macro,M_0,0.536,0.9660372604841289,0.9405584043653697,0.991516116602888,10
macro,M_0,0.537,0.9660372604841289,0.9405584043653697,0.991516116602888,10
macro,M_0,0.538,0.9660372604841289,0.9405584043653697,0.991516116602888,10
macro,M_0,0.539,0.9661834593145382,0.9406417620493893,0.9917251565796871,10
macro,M_0,0.54,0.9665138759002396,0.9412900806013939,0.9917376711990854,10
macro,M_0,0.541,0.9665847978860551,0.941325124351496,0.9918444714206143,10
macro,M_0,0.542,0.9667152144717563,0.9416890821708693,0.9917413467726434,10
macro,M_0,0.543,0.9668440804511377,0.9418791841780649,0.9918089767242104,10
macro,M_0,0.544,0.9668440804511377,0.9418791841780649,0.9918089767242104,10
macro,M_0,0.545,0.9670003812604048,0.9420074526942841,0.9919933098265254,10
macro,M_0,0.546,0.9670003812604048,0.9420074526942841,0.9919933098265254,10
macro,M_0,0.547,0.9672526875218732,0.9424171003923563,0.9920882746513902,10
macro,M_0,0.548,0.9672712472843082,0.942444350775486,0.9920981437931304,10
macro,M_0,0.549,0.9672898070467433,0.9424715331754832,0.9921080809180034,10
macro,M_0,0.55,0.9672898070467433,0.9424715331754832,0.9921080809180034,10
macro,M_0,0.551,0.9675679197992306,0.9429013051204603,0.9922345344780009,10
macro,M_0,0.552,0.9677399659087407,0.9430920166625966,0.9923879151548848,10
macro,M_0,0.553,0.9677399659087407,0.9430920166625966,0.9923879151548848,10
macro,M_0,0.554,0.9678873916505571,0.9433075045373887,0.9924672787637256,10
macro,M_0,0.555,0.9684997237242439,0.944150435936028,0.9928490115124597,10
macro,M_0,0.556,0.9687471494660602,0.9444992669441638,0.9929950319879567,10
macro,M_0,0.557,0.9687471494660602,0.9444992669441638,0.9929950319879567,10
macro,M_0,0.558,0.9690760154454416,0.944957556249734,0.9931944746411493,10
macro,M_0,0.559,0.9695655712700816,0.9456355681680498,0.9934955743721133,10
macro,M_0,0.56,0.9699662694363367,0.9461521419353225,0.9937803969373509,10
macro,M_0,0.561,0.9699662694363367,0.9461521419353225,0.9937803969373509,10
macro,M_0,0.562,0.9700568753082818,0.9462255779323481,0.9938881726842155,10
macro,M_0,0.5630000000000001,0.9700568753082818,0.9462255779323481,0.9938881726842155,10
macro,M_0,0.5640000000000001,0.9704296087030153,0.9465403570810997,0.9943188603249309,10
macro,M_0,0.5650000000000001,0.9704296087030153,0.9465403570810997,0.9943188603249309,10
macro,M_0,0.5660000000000001,0.9704296087030153,0.9465403570810997,0.9943188603249309,10
macro,M_0,0.5670000000000001,0.9707132868321235,0.9469703762805407,0.9944561973837064,10
macro,M_0,0.5680000000000001,0.9707132868321235,0.9469703762805407,0.9944561973837064,10
macro,M_0,0.5690000000000001,0.97083010926203,0.9473259894896003,0.9943342290344596,10
macro,M_0,0.5700000000000001,0.97083010926203,0.9473259894896003,0.9943342290344596,10
macro,M_0,0.5710000000000001,0.97083010926203,0.9473259894896003,0.9943342290344596,10
macro,M_0,0.5720000000000001,0.9709763080924393,0.9474158314142149,0.9945367847706637,10
macro,M_0,0.5730000000000001,0.9711763080924394,0.9477009526268959,0.9946516635579828,10
macro,M_0,0.5740000000000001,0.9712763080924394,0.9478403536346255,0.9947122625502532,10
macro,M_0,0.5750000000000001,0.9714051740718208,0.9480131184075564,0.9947972297360852,10
macro,M_0,0.5760000000000001,0.9715170308950871,0.9483557827294732,0.994678279060701,10
macro,M_0,0.577,0.9717828296731298,0.9491046408917504,0.9944610184545092,10
macro,M_0,0.578,0.9719116956525113,0.9492751418373383,0.9945482494676844,10
macro,M_0,0.579,0.9720837417620214,0.9494634991042276,0.9947039844198152,10
macro,M_0,0.58,0.9720837417620214,0.9494634991042276,0.9947039844198152,10
macro,M_0,0.581,0.9721955985852876,0.9498063739207792,0.994584823249796,10
macro,M_0,0.582,0.9722327181101577,0.9498551964932663,0.994610239727049,10
macro,M_0,0.583,0.9722327181101577,0.9498551964932663,0.994610239727049,10
macro,M_0,0.584,0.9722327181101577,0.9498551964932663,0.994610239727049,10
macro,M_0,0.585,0.9722327181101577,0.9498551964932663,0.994610239727049,10
macro,M_0,0.586,0.9722327181101577,0.9498551964932663,0.994610239727049,10
macro,M_0,0.587,0.9723615840895391,0.950022288876401,0.9947008793026771,10
macro,M_0,0.588,0.9723801438519741,0.9500460460693321,0.9947142416346162,10
macro,M_0,0.589,0.9723801438519741,0.9500460460693321,0.9947142416346162,10
macro,M_0,0.59,0.9727808311371975,0.9504336304790356,0.9951280317953594,10
macro,M_0,0.591,0.9730144759970105,0.9511527331931078,0.9948762188009133,10
macro,M_0,0.592,0.9731312984269171,0.951511526781242,0.9947510700725923,10
macro,M_0,0.593,0.9732312984269171,0.951651562316828,0.9948110345370063,10
macro,M_0,0.594,0.9732312984269171,0.951651562316828,0.9948110345370063,10
macro,M_0,0.595,0.9732312984269171,0.951651562316828,0.9948110345370063,10
macro,M_0,0.596,0.9733022204127326,0.9516904436228881,0.9949139972025771,10
macro,M_0,0.597,0.9735297210058798,0.9518391944230569,0.9952202475887026,10
macro,M_0,0.598,0.9736465434357863,0.9521978973510378,0.9950951895205348,10
macro,M_0,0.599,0.9736651031982213,0.95222150324412,0.9951087031523226,10
macro,M_0,0.6,0.9739707941675444,0.9529860967838739,0.9949554915512149,10
macro,M_0,0.601,0.9742129083042655,0.9531377384736397,0.9952880781348914,10
macro,M_0,0.602,0.9744892000254634,0.9534847838913527,0.995493616159574,10
macro,M_0,0.603,0.9744892000254634,0.9534847838913527,0.995493616159574,10
macro,M_0,0.604,0.9745077597878984,0.9535074382795976,0.9955080812961992,10
macro,M_0,0.605,0.9745798058974084,0.9535544366092333,0.9956051751855836,10
macro,M_0,0.606,0.9745798058974084,0.9535544366092333,0.9956051751855836,10
macro,M_0,0.607,0.9745798058974084,0.9535544366092333,0.9956051751855836,10
macro,M_0,0.608,0.9746507278832242,0.9535936986659438,0.9957077571005045,10
macro,M_0,0.609,0.9747977867067537,0.9536571200699815,0.9959384533435258,10
macro,M_0,0.61,0.9749163464691886,0.9538226085844206,0.9960100843539565,10
macro,M_0,0.611,0.9750331688990952,0.9541814870844662,0.9958848507137242,10
macro,M_0,0.612,0.9751499913290017,0.9545398198341326,0.9957601628238708,10
macro,M_0,0.613,0.9752499913290016,0.9546818721179577,0.9958181105400454,10
macro,M_0,0.614,0.9752499913290016,0.9546818721179577,0.9958181105400454,10
macro,M_0,0.615,0.975518148961535,0.955163691006656,0.995872606916414,10
macro,M_0,0.616,0.975518148961535,0.955163691006656,0.995872606916414,10
macro,M_0,0.617,0.975590195071045,0.9552104783152106,0.9959699118268796,10
macro,M_0,0.618,0.975690195071045,0.9553514420770471,0.9960289480650429,10
macro,M_0,0.619,0.9758190610504265,0.9555102204415294,0.9961279016593235,10
macro,M_0,0.62,0.9760647494597144,0.9560254902202047,0.9961040086992242,10
macro,M_0,0.621,0.9761936154390959,0.9561766514123006,0.9962105794658912,10
macro,M_0,0.622,0.9761936154390959,0.9561766514123006,0.9962105794658912,10
macro,M_0,0.623,0.9761936154390959,0.9561766514123006,0.9962105794658912,10
macro,M_0,0.624,0.9764173290856283,0.9568671552774262,0.9959675028938304,10
macro,M_0,0.625,0.9764173290856283,0.9568671552774262,0.9959675028938304,10
macro,M_0,0.626,0.9765614213046485,0.9570712519293854,0.9960515906799117,10
macro,M_0,0.627,0.9765614213046485,0.9570712519293854,0.9960515906799117,10
macro,M_0,0.628,0.9765614213046485,0.9570712519293854,0.9960515906799117,10
macro,M_0,0.629,0.9767103976527848,0.9574604698874889,0.9959603254180807,10
macro,M_0,0.63,0.9767813196386005,0.9574997893943993,0.9960628498828017,10
macro,M_0,0.631,0.9770392872447099,0.9579730443782969,0.9961055301111229,10
macro,M_0,0.632,0.9770392872447099,0.9579730443782969,0.9961055301111229,10
macro,M_0,0.633,0.9770578470071449,0.9579947701342614,0.9961209238800285,10
macro,M_0,0.634,0.9770578470071449,0.9579947701342614,0.9961209238800285,10
macro,M_0,0.635,0.977185398027553,0.9580967315969598,0.9962740644581461,10
macro,M_0,0.636,0.977185398027553,0.9580967315969598,0.9962740644581461,10
macro,M_0,0.637,0.977185398027553,0.9580967315969598,0.9962740644581461,10
macro,M_0,0.638,0.977185398027553,0.9580967315969598,0.9962740644581461,10
macro,M_0,0.639,0.977185398027553,0.9580967315969598,0.9962740644581461,10
macro,M_0,0.64,0.977185398027553,0.9580967315969598,0.9962740644581461,10
macro,M_0,0.641,0.9773294902465732,0.9582993865597037,0.9963595939334428,10
macro,M_0,0.642,0.9775583562259547,0.9585866642727433,0.996530048179166,10
macro,M_0,0.643,0.9777073325740909,0.9589771558269652,0.9964375093212167,10
macro,M_0,0.644,0.9778191893973572,0.9593248769999794,0.9963135017947351,10
macro,M_0,0.645,0.9778191893973572,0.9593248769999794,0.9963135017947351,10
macro,M_0,0.646,0.9778191893973572,0.9593248769999794,0.9963135017947351,10
macro,M_0,0.647,0.9778377491597923,0.9593460925721256,0.996329405747459,10
macro,M_0,0.648,0.9778563089222272,0.9593672131856111,0.9963454046588432,10
macro,M_0,0.649,0.9779731313521338,0.9597300848374286,0.996216177866839,10
macro,M_0,0.65,0.9782125391958081,0.9601765140324384,0.9962485643591777,10
macro,M_0,0.651,0.9783243960190744,0.9605230707731035,0.9961257212650453,10
macro,M_0,0.652,0.9784243960190743,0.9606631059003768,0.9961856861377717,10
macro,M_0,0.653,0.9785243960190744,0.9608003440007344,0.9962484480374143,10
macro,M_0,0.654,0.9787910030452878,0.9610513599317675,0.996530646158808,10
macro,M_0,0.655,0.9790185540656958,0.9612780420888994,0.9967590660424922,10
macro,M_0,0.656,0.9791474200450774,0.9614221847768768,0.996872655313278,10
macro,M_0,0.657,0.9791474200450774,0.9614221847768768,0.996872655313278,10
macro,M_0,0.658,0.9793563608757893,0.9615348497709998,0.9971778719805787,10
macro,M_0,0.659,0.9794682176990556,0.9618843608247345,0.9970520745733766,10
macro,M_0,0.66,0.9795800745223218,0.9622334367136728,0.9969267123309707,10
macro,M_0,0.661,0.9795800745223218,0.9622334367136728,0.9969267123309707,10
macro,M_0,0.662,0.9797076255427299,0.9623216797423945,0.9970935713430654,10
macro,M_0,0.663,0.9798364915221114,0.962462039730331,0.9972109433138918,10
macro,M_0,0.664,0.9798364915221114,0.962462039730331,0.9972109433138918,10
macro,M_0,0.665,0.9799085376316216,0.9625129722015725,0.9973041030616706,10
macro,M_0,0.666,0.9800360886520296,0.9625973864732791,0.9974747908307802,10
macro,M_0,0.667,0.9800360886520296,0.9625973864732791,0.9974747908307802,10
macro,M_0,0.668,0.9800360886520296,0.9625973864732791,0.9974747908307802,10
macro,M_0,0.669,0.9801973789746103,0.9626913158662468,0.9977034420829739,10
macro,M_0,0.67,0.9801973789746103,0.9626913158662468,0.9977034420829739,10
macro,M_0,0.671,0.9803740574198401,0.9628227374341177,0.9979253774055624,10
macro,M_0,0.672,0.9803740574198401,0.9628227374341177,0.9979253774055624,10
macro,M_0,0.673,0.9803740574198401,0.9628227374341177,0.9979253774055624,10
macro,M_0,0.674,0.980392617182275,0.9628428608675209,0.9979423734970291,10
macro,M_0,0.675,0.9806214831616564,0.963117837082883,0.9981251292404298,10
macro,M_0,0.676,0.9807333399849227,0.9634681428193602,0.9979985371504853,10
macro,M_0,0.677,0.9808795388153321,0.9635700388135293,0.9981890388171348,10
macro,M_0,0.678,0.9808795388153321,0.9635700388135293,0.9981890388171348,10
macro,M_0,0.679,0.9811372707740948,0.9638324741131057,0.998442067435084,10
macro,M_0,0.68,0.9811372707740948,0.9638324741131057,0.998442067435084,10
macro,M_0,0.681,0.9812372707740951,0.9639697511970863,0.9985047903511038,10
macro,M_0,0.682,0.9812372707740951,0.9639697511970863,0.9985047903511038,10
macro,M_0,0.683,0.9812372707740951,0.9639697511970863,0.9985047903511038,10
macro,M_0,0.684,0.9812372707740951,0.9639697511970863,0.9985047903511038,10
macro,M_0,0.685,0.9812372707740951,0.9639697511970863,0.9985047903511038,10
macro,M_0,0.686,0.9812372707740951,0.9639697511970863,0.9985047903511038,10
macro,M_0,0.687,0.9812372707740951,0.9639697511970863,0.9985047903511038,10
macro,M_0,0.6880000000000001,0.9812372707740951,0.9639697511970863,0.9985047903511038,10
macro,M_0,0.6890000000000001,0.9812372707740951,0.9639697511970863,0.9985047903511038,10
macro,M_0,0.6900000000000001,0.9813081927599105,0.9640143493055191,0.998602036214302,10
macro,M_0,0.6910000000000001,0.9814386093456118,0.9643842869817706,0.998492931709453,10
macro,M_0,0.6920000000000001,0.9815554317755184,0.964751179516462,0.9983596840345748,10
macro,M_0,0.6930000000000001,0.9815554317755184,0.964751179516462,0.9983596840345748,10
macro,M_0,0.6940000000000001,0.9815554317755184,0.964751179516462,0.9983596840345748,10
macro,M_0,0.6950000000000001,0.9816672885987845,0.9651020638550659,0.9982325133425031,10
macro,M_0,0.6960000000000001,0.9817791454220508,0.9654525259371979,0.9981057649069037,10
macro,M_0,0.6970000000000001,0.9817791454220508,0.9654525259371979,0.9981057649069037,10
macro,M_0,0.6980000000000001,0.9818791454220508,0.9655907914743824,0.9981674993697192,10
macro,M_0,0.6990000000000001,0.9818791454220508,0.9655907914743824,0.9981674993697192,10
macro,M_0,0.7000000000000001,0.9819959678519574,0.9659573478394812,0.9980345878644337,10
macro,M_0,0.7010000000000001,0.9821248338313389,0.9660838789278511,0.9981657887348266,10
macro,M_0,0.7020000000000001,0.9821248338313389,0.9660838789278511,0.9981657887348266,10
macro,M_0,0.7030000000000001,0.9822536998107202,0.9662051142458822,0.9983022853755582,10
macro,M_0,0.704,0.9823825657901016,0.9663210613414769,0.9984440702387264,10
macro,M_0,0.705,0.9823825657901016,0.9663210613414769,0.9984440702387264,10
macro,M_0,0.706,0.9824534877759173,0.9663647791888074,0.9985421963630273,10
macro,M_0,0.707,0.9826821670290901,0.9670831686173558,0.9982811654408243,10
macro,M_0,0.708,0.9826821670290901,0.9670831686173558,0.9982811654408243,10
macro,M_0,0.709,0.9826821670290901,0.9670831686173558,0.9982811654408243,10
macro,M_0,0.71,0.9826821670290901,0.9670831686173558,0.9982811654408243,10
macro,M_0,0.711,0.9829265404794046,0.9675357537901479,0.9983173271686614,10
macro,M_0,0.712,0.9829265404794046,0.9675357537901479,0.9983173271686614,10
macro,M_0,0.713,0.9829265404794046,0.9675357537901479,0.9983173271686614,10
macro,M_0,0.714,0.983038397302671,0.9678858945307415,0.9981909000746004,10
macro,M_0,0.715,0.9831383973026708,0.9680281084599686,0.9982486861453731,10
macro,M_0,0.716,0.9831383973026708,0.9680281084599686,0.9982486861453731,10
macro,M_0,0.717,0.9834502541259372,0.9686554993697813,0.9982450088820931,10
macro,M_0,0.718,0.9834502541259372,0.9686554993697813,0.9982450088820931,10
macro,M_0,0.719,0.9834502541259372,0.9686554993697813,0.9982450088820931,10
macro,M_0,0.72,0.9834502541259372,0.9686554993697813,0.9982450088820931,10
macro,M_0,0.721,0.9834502541259372,0.9686554993697813,0.9982450088820931,10
macro,M_0,0.722,0.9835791201053187,0.9687698968838597,0.9983883433267776,10
macro,M_0,0.723,0.983835069147605,0.9693156668175859,0.9983544714776241,10
macro,M_0,0.724,0.983835069147605,0.9693156668175859,0.9983544714776241,10
macro,M_0,0.725,0.983835069147605,0.9693156668175859,0.9983544714776241,10
macro,M_0,0.726,0.9839913699568721,0.9694210290611835,0.9985617108525606,10
macro,M_0,0.727,0.9839913699568721,0.9694210290611835,0.9985617108525606,10
macro,M_0,0.728,0.9839913699568721,0.9694210290611835,0.9985617108525606,10
macro,M_0,0.729,0.9839913699568721,0.9694210290611835,0.9985617108525606,10
macro,M_0,0.73,0.9839913699568721,0.9694210290611835,0.9985617108525606,10
macro,M_0,0.731,0.9839913699568721,0.9694210290611835,0.9985617108525606,10
macro,M_0,0.732,0.9840634160663821,0.9694775471113749,0.9986492850213894,10
macro,M_0,0.733,0.9841343380521976,0.9695211991592706,0.9987474769451247,10
macro,M_0,0.734,0.9842956283747784,0.9696176897050266,0.9989735670445301,10
macro,M_0,0.735,0.9844244943541598,0.9697288362378791,0.9991201524704405,10
macro,M_0,0.736,0.98456858657318,0.9699174893546285,0.9992196837917315,10
macro,M_0,0.737,0.98456858657318,0.9699174893546285,0.9992196837917315,10
macro,M_0,0.738,0.9846854090030865,0.9702880406921678,0.9990827773140053,10
macro,M_0,0.739,0.9846854090030865,0.9702880406921678,0.9990827773140053,10
macro,M_0,0.74,0.9846854090030865,0.9702880406921678,0.9990827773140053,10
macro,M_0,0.741,0.9847574551125966,0.9703442972907367,0.9991706129344565,10
macro,M_0,0.742,0.985023615306077,0.9705452028503861,0.9995020277617678,10
macro,M_0,0.743,0.985023615306077,0.9705452028503861,0.9995020277617678,10
macro,M_0,0.744,0.985023615306077,0.9705452028503861,0.9995020277617678,10
macro,M_0,0.745,0.9851142211780222,0.9706163121839898,0.9996121301720545,10
macro,M_0,0.746,0.9852310436079286,0.970986688923458,0.9994753982923992,10
macro,M_0,0.747,0.9853478660378352,0.9713566690355447,0.9993390630401257,10
macro,M_0,0.748,0.9853478660378352,0.9713566690355447,0.9993390630401257,10
macro,M_0,0.749,0.9853478660378352,0.9713566690355447,0.9993390630401257,10
macro,M_0,0.75,0.9853478660378352,0.9713566690355447,0.9993390630401257,10
macro,M_0,0.751,0.9855935544471232,0.9718335532765761,0.9993535556176703,10
macro,M_0,0.752,0.9857103768770296,0.972202904069634,0.9992178496844251,10
macro,M_0,0.753,0.9858870553222594,0.9723356454890186,0.9994384651555002,10
macro,M_0,0.754,0.9860870553222594,0.9726008440408939,0.9995732666036249,10
macro,M_0,0.755,0.9862279003926819,0.9726993203450588,0.9997564804403051,10
macro,M_0,0.756,0.9864118033254583,0.9731102305099644,0.9997133761409522,10
macro,M_0,0.757,0.9864118033254583,0.9731102305099644,0.9997133761409522,10
macro,M_0,0.758,0.9865818713526691,0.9732432436948085,0.9999204990105296,10
macro,M_0,0.759,0.9865818713526691,0.9732432436948085,0.9999204990105296,10
macro,M_0,0.76,0.9865818713526691,0.9732432436948085,0.9999204990105296,10
macro,M_0,0.761,0.9866986937825756,0.9736141349897889,0.9997832525753623,10
macro,M_0,0.762,0.9867172535450106,0.9736297909740593,0.9998047161159619,10
macro,M_0,0.763,0.9867172535450106,0.9736297909740593,0.9998047161159619,10
macro,M_0,0.764,0.9869172535450106,0.9738870992795631,0.9999474078104581,10
macro,M_0,0.765,0.9869172535450106,0.9738870992795631,0.9999474078104581,10
macro,M_0,0.766,0.9869172535450106,0.9738870992795631,0.9999474078104581,10
macro,M_0,0.767,0.9869172535450106,0.9738870992795631,0.9999474078104581,10
macro,M_0,0.768,0.9869358133074456,0.9739027698322088,0.9999688567826824,10
macro,M_0,0.769,0.9869358133074456,0.9739027698322088,0.9999688567826824,10
macro,M_0,0.77,0.9870476701307119,0.9742596678331163,0.9998356724283075,10
macro,M_0,0.771,0.9871595269539781,0.9746162482969214,0.9997028056110349,10
macro,M_0,0.772,0.9871595269539781,0.9746162482969214,0.9997028056110349,10
macro,M_0,0.773,0.9872595269539781,0.9747410833267873,0.9997779705811689,10
macro,M_0,0.774,0.9872780867164132,0.9747567678522598,0.9997994055805665,10
macro,M_0,0.775,0.9872780867164132,0.9747567678522598,0.9997994055805665,10
macro,M_0,0.776,0.9873949091463198,0.9751299172925009,0.9996599010001387,10
macro,M_0,0.777,0.9873949091463198,0.9751299172925009,0.9996599010001387,10
macro,M_0,0.778,0.9874949091463197,0.9752517654272502,0.9997380528653891,10
macro,M_0,0.779,0.9877955964315431,0.975438676017789,1.0,10
macro,M_0,0.78,0.9880292412913562,0.9761844427611736,0.9998740398215388,10
macro,M_0,0.781,0.9881567923117643,0.9762742925256321,1.0,10
macro,M_0,0.782,0.9881567923117643,0.9762742925256321,1.0,10
macro,M_0,0.783,0.9881753520741994,0.9762893109166537,1.0,10
macro,M_0,0.784,0.9881753520741994,0.9762893109166537,1.0,10
macro,M_0,0.785,0.9883630964899215,0.9767080304805159,1.0,10
macro,M_0,0.786,0.9883630964899215,0.9767080304805159,1.0,10
macro,M_0,0.787,0.9884351425994315,0.9767658994010718,1.0,10
macro,M_0,0.788,0.9884351425994315,0.9767658994010718,1.0,10
macro,M_0,0.789,0.9885351425994315,0.976889061521836,1.0,10
macro,M_0,0.79,0.9885351425994315,0.976889061521836,1.0,10
macro,M_0,0.791,0.9885351425994315,0.976889061521836,1.0,10
macro,M_0,0.792,0.9885351425994315,0.976889061521836,1.0,10
macro,M_0,0.793,0.9885351425994315,0.976889061521836,1.0,10
macro,M_0,0.794,0.9885351425994315,0.976889061521836,1.0,10
macro,M_0,0.795,0.9885351425994315,0.976889061521836,1.0,10
macro,M_0,0.796,0.9885351425994315,0.976889061521836,1.0,10
macro,M_0,0.797,0.9885351425994315,0.976889061521836,1.0,10
macro,M_0,0.798,0.9886519650293382,0.9772619871685544,1.0,10
macro,M_0,0.799,0.9886519650293382,0.9772619871685544,1.0,10
macro,M_0,0.8,0.9886519650293382,0.9772619871685544,1.0,10
macro,M_0,0.801,0.9888687874592448,0.9777553986979984,0.9999821762204911,10
macro,M_0,0.802,0.9888687874592448,0.9777553986979984,0.9999821762204911,10
macro,M_0,0.803,0.9888687874592448,0.9777553986979984,0.9999821762204911,10
macro,M_0,0.804,0.9890128796782649,0.9779215118278165,1.0,10
macro,M_0,0.805,0.9891297021081714,0.9782961541888104,0.9999632500275324,10
macro,M_0,0.806,0.9891482618706064,0.9783115964812705,0.9999849272599424,10
macro,M_0,0.807,0.9891482618706064,0.9783115964812705,0.9999849272599424,10
macro,M_0,0.808,0.9894597158237909,0.9788128277890599,1.0,10
macro,M_0,0.809,0.9896005608942134,0.9789147663322062,1.0,10
macro,M_0,0.81,0.9896005608942134,0.9789147663322062,1.0,10
macro,M_0,0.811,0.9897124177174798,0.9792727297696383,1.0,10
macro,M_0,0.812,0.9899012862568963,0.9797021452356606,1.0,10
macro,M_0,0.8130000000000001,0.9899012862568963,0.9797021452356606,1.0,10
macro,M_0,0.8140000000000001,0.9899012862568963,0.9797021452356606,1.0,10
macro,M_0,0.8150000000000001,0.9900474850873057,0.979822230949803,1.0,10
macro,M_0,0.8160000000000001,0.9901883301577282,0.9799161712144517,1.0,10
macro,M_0,0.8170000000000001,0.9901883301577282,0.9799161712144517,1.0,10
macro,M_0,0.8180000000000001,0.9901883301577282,0.9799161712144517,1.0,10
macro,M_0,0.8190000000000001,0.9901883301577282,0.9799161712144517,1.0,10
macro,M_0,0.8200000000000001,0.9903001869809944,0.9802735101474264,1.0,10
macro,M_0,0.8210000000000001,0.99037110896681,0.9803212783046042,1.0,10
macro,M_0,0.8220000000000001,0.9904879313967166,0.9806939447295808,1.0,10
macro,M_0,0.8230000000000001,0.9904879313967166,0.9806939447295808,1.0,10
macro,M_0,0.8240000000000001,0.9904879313967166,0.9806939447295808,1.0,10
macro,M_0,0.8250000000000001,0.9904879313967166,0.9806939447295808,1.0,10
macro,M_0,0.8260000000000001,0.9904879313967166,0.9806939447295808,1.0,10
macro,M_0,0.8270000000000001,0.9904879313967166,0.9806939447295808,1.0,10
macro,M_0,0.8280000000000001,0.9907166106498894,0.9814220721011498,1.0,10
macro,M_0,0.8290000000000001,0.9907351704123244,0.981438588941792,1.0,10
macro,M_0,0.8300000000000001,0.9908470272355906,0.9817940919183057,0.9998999625528755,10
macro,M_0,0.8310000000000001,0.9908655869980256,0.9818104899409599,0.9999206840550914,10
macro,M_0,0.8320000000000001,0.9909376331075357,0.9818658356617425,1.0,10
macro,M_0,0.833,0.9909376331075357,0.9818658356617425,1.0,10
macro,M_0,0.834,0.991049489930802,0.982220942451311,0.999878037410293,10
macro,M_0,0.835,0.991049489930802,0.982220942451311,0.999878037410293,10
macro,M_0,0.836,0.9911783559101834,0.9823304569906561,1.0,10
macro,M_0,0.837,0.9911783559101834,0.9823304569906561,1.0,10
macro,M_0,0.838,0.99129517834009,0.9827011484253257,0.9998892082548542,10
macro,M_0,0.839,0.99129517834009,0.9827011484253257,0.9998892082548542,10
macro,M_0,0.84,0.99129517834009,0.9827011484253257,0.9998892082548542,10
macro,M_0,0.841,0.99160266749308,0.982927665135056,1.0,10
macro,M_0,0.842,0.99160266749308,0.982927665135056,1.0,10
macro,M_0,0.843,0.9917194899229864,0.9832977009752103,1.0,10
macro,M_0,0.844,0.9917194899229864,0.9832977009752103,1.0,10
macro,M_0,0.845,0.9917915360324965,0.9833524411544341,1.0,10
macro,M_0,0.846,0.9918100957949315,0.9833680197423983,1.0,10
macro,M_0,0.847,0.9919219526181978,0.983721775972474,1.0,10
macro,M_0,0.848,0.9919219526181978,0.983721775972474,1.0,10
macro,M_0,0.849,0.9919219526181978,0.983721775972474,1.0,10
macro,M_0,0.85,0.9919219526181978,0.983721775972474,1.0,10
macro,M_0,0.851,0.9919219526181978,0.983721775972474,1.0,10
macro,M_0,0.852,0.9919219526181978,0.983721775972474,1.0,10
macro,M_0,0.853,0.9919219526181978,0.983721775972474,1.0,10
macro,M_0,0.854,0.9919928746040135,0.9837688763914781,1.0,10
macro,M_0,0.855,0.9921096970339199,0.9841374345059951,1.0,10
macro,M_0,0.856,0.99220969703392,0.9842730498178546,1.0,10
macro,M_0,0.857,0.9923215538571861,0.9846270965433466,1.0,10
macro,M_0,0.858,0.9923215538571861,0.9846270965433466,1.0,10
macro,M_0,0.859,0.9923215538571861,0.9846270965433466,1.0,10
macro,M_0,0.86,0.9923401136196212,0.9846428589307267,1.0,10
macro,M_0,0.861,0.9923401136196212,0.9846428589307267,1.0,10
macro,M_0,0.862,0.9924569360495278,0.9850119228670905,0.9999019492319651,10
macro,M_0,0.863,0.9925569360495278,0.9851450636928559,0.9999688084061996,10
macro,M_0,0.864,0.9926278580353435,0.9851892366099858,1.0,10
macro,M_0,0.865,0.9926278580353435,0.9851892366099858,1.0,10
macro,M_0,0.866,0.9928842750351331,0.9853832118734509,1.0,10
macro,M_0,0.867,0.9928842750351331,0.9853832118734509,1.0,10
macro,M_0,0.868,0.9928842750351331,0.9853832118734509,1.0,10
macro,M_0,0.869,0.9928842750351331,0.9853832118734509,1.0,10
macro,M_0,0.87,0.9930010974650395,0.9857533842799288,1.0,10
macro,M_0,0.871,0.9932182182812646,0.9859079323357541,1.0,10
macro,M_0,0.872,0.9932182182812646,0.9859079323357541,1.0,10
macro,M_0,0.873,0.9934518631410777,0.9866453646557389,1.0,10
macro,M_0,0.874,0.9936637199643439,0.9871355582621365,1.0,10
macro,M_0,0.875,0.9936637199643439,0.9871355582621365,1.0,10
macro,M_0,0.876,0.9938263719457989,0.9873369404503818,1.0,10
macro,M_0,0.877,0.9938263719457989,0.9873369404503818,1.0,10
macro,M_0,0.878,0.9938263719457989,0.9873369404503818,1.0,10
macro,M_0,0.879,0.9938263719457989,0.9873369404503818,1.0,10
macro,M_0,0.88,0.9939431943757056,0.9877090018519008,1.0,10
macro,M_0,0.881,0.994166908022238,0.9884192163485889,0.999914599695887,10
macro,M_0,0.882,0.994166908022238,0.9884192163485889,0.999914599695887,10
macro,M_0,0.883,0.994412596431526,0.9888878388717002,0.9999373539913519,10
macro,M_0,0.884,0.994412596431526,0.9888878388717002,0.9999373539913519,10
macro,M_0,0.885,0.994412596431526,0.9888878388717002,0.9999373539913519,10
macro,M_0,0.886,0.994412596431526,0.9888878388717002,0.9999373539913519,10
macro,M_0,0.887,0.994431156193961,0.9889008668457121,0.99996144554221,10
macro,M_0,0.888,0.9945665383863027,0.9892820325436357,0.9998510442289698,10
macro,M_0,0.889,0.9946833608162091,0.9896491873933432,0.9997175342390751,10
macro,M_0,0.89,0.9946833608162091,0.9896491873933432,0.9997175342390751,10
macro,M_0,0.891,0.9946833608162091,0.9896491873933432,0.9997175342390751,10
macro,M_0,0.892,0.9947554069257192,0.9897105191661026,0.9998002946853357,10
macro,M_0,0.893,0.9947554069257192,0.9897105191661026,0.9998002946853357,10
macro,M_0,0.894,0.9949442754651358,0.9901328886401509,0.9997556622901206,10
macro,M_0,0.895,0.9949442754651358,0.9901328886401509,0.9997556622901206,10
macro,M_0,0.896,0.9949442754651358,0.9901328886401509,0.9997556622901206,10
macro,M_0,0.897,0.9949442754651358,0.9901328886401509,0.9997556622901206,10
macro,M_0,0.898,0.9949442754651358,0.9901328886401509,0.9997556622901206,10
macro,M_0,0.899,0.9951610978950424,0.9906412148457863,0.9996809809442985,10
macro,M_0,0.9,0.9951610978950424,0.9906412148457863,0.9996809809442985,10
macro,M_0,0.901,0.995277920324949,0.991007926255243,0.999547914394655,10
macro,M_0,0.902,0.995277920324949,0.991007926255243,0.999547914394655,10
macro,M_0,0.903,0.995277920324949,0.991007926255243,0.999547914394655,10
macro,M_0,0.904,0.9953685261968941,0.9910720873327955,0.9996649650609927,10
macro,M_0,0.905,0.9955311781783494,0.9912788001769139,0.9997835561797848,10
macro,M_0,0.906,0.9955311781783494,0.9912788001769139,0.9997835561797848,10
macro,M_0,0.907,0.9956430350016156,0.9916332629365403,0.9996528070666908,10
macro,M_0,0.908,0.9958197134468453,0.9917607183472873,0.9998787085464033,10
macro,M_0,0.909,0.9959315702701114,0.9921136419311778,0.9997494986090449,10
macro,M_0,0.91,0.996048392700018,0.9924804624239002,0.9996163229761358,10
macro,M_0,0.911,0.996048392700018,0.9924804624239002,0.9996163229761358,10
macro,M_0,0.912,0.996048392700018,0.9924804624239002,0.9996163229761358,10
macro,M_0,0.913,0.996048392700018,0.9924804624239002,0.9996163229761358,10
macro,M_0,0.914,0.996048392700018,0.9924804624239002,0.9996163229761358,10
macro,M_0,0.915,0.996048392700018,0.9924804624239002,0.9996163229761358,10
macro,M_0,0.916,0.996048392700018,0.9924804624239002,0.9996163229761358,10
macro,M_0,0.917,0.996048392700018,0.9924804624239002,0.9996163229761358,10
macro,M_0,0.918,0.996048392700018,0.9924804624239002,0.9996163229761358,10
macro,M_0,0.919,0.996048392700018,0.9924804624239002,0.9996163229761358,10
macro,M_0,0.92,0.9961602495232842,0.9928296250903185,0.9994908739562499,10
macro,M_0,0.921,0.9961602495232842,0.9928296250903185,0.9994908739562499,10
macro,M_0,0.922,0.9961602495232842,0.9928296250903185,0.9994908739562499,10
macro,M_0,0.923,0.9961602495232842,0.9928296250903185,0.9994908739562499,10
macro,M_0,0.924,0.9962721063465503,0.9931762949923055,0.999367917700795,10
macro,M_0,0.925,0.9962721063465503,0.9931762949923055,0.999367917700795,10
macro,M_0,0.926,0.9962721063465503,0.9931762949923055,0.999367917700795,10
macro,M_0,0.927,0.9964183051769597,0.993289823314447,0.9995467870394724,10
macro,M_0,0.928,0.9964183051769597,0.993289823314447,0.9995467870394724,10
macro,M_0,0.929,0.9964183051769597,0.993289823314447,0.9995467870394724,10
macro,M_0,0.93,0.9965183051769598,0.9934339213105221,0.9996026890433976,10
macro,M_0,0.931,0.9965183051769598,0.9934339213105221,0.9996026890433976,10
macro,M_0,0.932,0.9965183051769598,0.9934339213105221,0.9996026890433976,10
macro,M_0,0.933,0.9965368649393949,0.9934472365065043,0.9996264933722854,10
macro,M_0,0.934,0.9965368649393949,0.9934472365065043,0.9996264933722854,10
macro,M_0,0.935,0.9965368649393949,0.9934472365065043,0.9996264933722854,10
macro,M_0,0.936,0.9966089110489049,0.9934977988869359,0.9997200232108739,10
macro,M_0,0.937,0.9966089110489049,0.9934977988869359,0.9997200232108739,10
macro,M_0,0.938,0.9966089110489049,0.9934977988869359,0.9997200232108739,10
macro,M_0,0.939,0.9967257334788113,0.9938630452171685,0.9995884217404541,10
macro,M_0,0.94,0.9968545994581929,0.9939409504040582,0.9997682485123276,10
macro,M_0,0.941,0.9968545994581929,0.9939409504040582,0.9997682485123276,10
macro,M_0,0.942,0.9968545994581929,0.9939409504040582,0.9997682485123276,10
macro,M_0,0.943,0.9968545994581929,0.9939409504040582,0.9997682485123276,10
macro,M_0,0.944,0.9968545994581929,0.9939409504040582,0.9997682485123276,10
macro,M_0,0.945,0.9969714218880995,0.9943016139817744,0.9996412297944246,10
macro,M_0,0.946,0.9969714218880995,0.9943016139817744,0.9996412297944246,10
macro,M_0,0.947,0.9970882443180059,0.99465800241547,0.9995184862205418,10
macro,M_0,0.948,0.9972001011412722,0.9949939486165353,0.9994062536660091,10
macro,M_0,0.949,0.9972001011412722,0.9949939486165353,0.9994062536660091,10
macro,M_0,0.95,0.9973169235711786,0.9953373455053822,0.999296501636975,10
macro,M_0,0.951,0.9973169235711786,0.9953373455053822,0.999296501636975,10
macro,M_0,0.952,0.9973169235711786,0.9953373455053822,0.999296501636975,10
macro,M_0,0.953,0.9976731538447596,0.9960807219516759,0.9992655857378434,10
macro,M_0,0.954,0.9977731538447596,0.9962788703141798,0.9992674373753394,10
macro,M_0,0.955,0.9977731538447596,0.9962788703141798,0.9992674373753394,10
macro,M_0,0.956,0.9977731538447596,0.9962788703141798,0.9992674373753394,10
macro,M_0,0.957,0.9979136032829619,0.9964278161562258,0.9993993904096979,10
macro,M_0,0.958,0.9979136032829619,0.9964278161562258,0.9993993904096979,10
macro,M_0,0.959,0.9980544483533844,0.9964995647383116,0.9996093319684572,10
macro,M_0,0.96,0.9980544483533844,0.9964995647383116,0.9996093319684572,10
macro,M_0,0.961,0.9980544483533844,0.9964995647383116,0.9996093319684572,10
macro,M_0,0.962,0.9980544483533844,0.9964995647383116,0.9996093319684572,10
macro,M_0,0.963,0.9981544483533844,0.9966762516268799,0.9996326450798889,10
macro,M_0,0.964,0.9982253703392001,0.9967269535665262,0.999723787111874,10
macro,M_0,0.965,0.9984421927691065,0.9972305562924101,0.9996538292458029,10
macro,M_0,0.966,0.9984421927691065,0.9972305562924101,0.9996538292458029,10
macro,M_0,0.967,0.9984421927691065,0.9972305562924101,0.9996538292458029,10
macro,M_0,0.968,0.9985851608644323,0.9973231897586691,0.9998471319701955,10
macro,M_0,0.969,0.9985851608644323,0.9973231897586691,0.9998471319701955,10
macro,M_0,0.97,0.9985851608644323,0.9973231897586691,0.9998471319701955,10
macro,M_0,0.971,0.9986572069739423,0.9973625935558078,0.9999518203920769,10
macro,M_0,0.972,0.9986572069739423,0.9973625935558078,0.9999518203920769,10
macro,M_0,0.973,0.9986572069739423,0.9973625935558078,0.9999518203920769,10
macro,M_0,0.974,0.9986572069739423,0.9973625935558078,0.9999518203920769,10
macro,M_0,0.975,0.9986572069739423,0.9973625935558078,0.9999518203920769,10
macro,M_0,0.976,0.9987757667363774,0.9975035400454242,1.0,10
macro,M_0,0.977,0.9987757667363774,0.9975035400454242,1.0,10
macro,M_0,0.978,0.9987757667363774,0.9975035400454242,1.0,10
macro,M_0,0.979,0.9987757667363774,0.9975035400454242,1.0,10
macro,M_0,0.98,0.9987757667363774,0.9975035400454242,1.0,10
macro,M_0,0.981,0.9987757667363774,0.9975035400454242,1.0,10
macro,M_0,0.982,0.998892589166284,0.9978557432831828,0.9999294350493851,10
macro,M_0,0.983,0.998892589166284,0.9978557432831828,0.9999294350493851,10
macro,M_0,0.984,0.9990094115961904,0.9981901338535505,0.9998286893388303,10
macro,M_0,0.985,0.9990094115961904,0.9981901338535505,0.9998286893388303,10
macro,M_0,0.986,0.999126234026097,0.9984882209729256,0.9997642470792685,10
macro,M_0,0.987,0.999126234026097,0.9984882209729256,0.9997642470792685,10
macro,M_0,0.988,0.999126234026097,0.9984882209729256,0.9997642470792685,10
macro,M_0,0.989,0.9994150753690858,0.9987777347020553,1.0,10
macro,M_0,0.99,0.9995851433962967,0.9990033992018785,1.0,10
macro,M_0,0.991,0.9995851433962967,0.9990033992018785,1.0,10
macro,M_0,0.992,0.9995851433962967,0.9990033992018785,1.0,10
macro,M_0,0.993,0.9997019658262033,0.9993108352114355,1.0,10
macro,M_0,0.994,0.9998187882561098,0.9994913466429498,1.0,10
macro,M_0,0.995,0.9998187882561098,0.9994913466429498,1.0,10
macro,M_0,0.996,0.9998187882561098,0.9994913466429498,1.0,10
macro,M_0,0.997,0.9998187882561098,0.9994913466429498,1.0,10
macro,M_0,0.998,0.9999628804751299,0.9998789102760655,1.0,10
macro,M_0,0.999,0.9999628804751299,0.9998789102760655,1.0,10
macro,M_0,1.0,1.0,1.0,1.0,10
macro,M_1,0.0,0.0,0.0,0.0,10
macro,M_1,0.001,0.31438652236067666,0.12430793159699088,0.5044651131243625,10
macro,M_1,0.002,0.3509376578248244,0.15711552967855563,0.5447597859710931,10
macro,M_1,0.003,0.38518725866908754,0.19153755617596652,0.5788369611622086,10
macro,M_1,0.004,0.4111965195447304,0.21828003364059437,0.6041130054488665,10
macro,M_1,0.005,0.42957704277766295,0.23771228930136326,0.6214417962539627,10
macro,M_1,0.006,0.4472332312423771,0.2555290245074705,0.6389374379772838,10
macro,M_1,0.007,0.4656735928231176,0.2777671683779066,0.6535800172683286,10
macro,M_1,0.008,0.4812758891174137,0.2976156599874831,0.6649361182473443,10
macro,M_1,0.009,0.4922375998066387,0.3113641440841265,0.673111055529151,10
macro,M_1,0.01,0.5052729931492375,0.32784168932296015,0.6827042969755148,10
macro,M_1,0.011,0.5180218721126113,0.3446065461665344,0.6914371980586882,10
macro,M_1,0.012,0.5262576682176011,0.3551927777155779,0.6973225587196243,10
macro,M_1,0.013,0.537317423798477,0.36926889881860936,0.7053659487783447,10
macro,M_1,0.014,0.5445331570871059,0.3784757540922328,0.7105905600819791,10
macro,M_1,0.015,0.552325714687506,0.388147944799894,0.716503484575118,10
macro,M_1,0.016,0.5607399766145925,0.3985672653551849,0.7229126878740002,10
macro,M_1,0.017,0.5702478922629708,0.4087787240855255,0.7317170604404161,10
macro,M_1,0.018,0.5785588413822307,0.42030687924141275,0.7368108035230486,10
macro,M_1,0.019,0.5863098522565371,0.4303223461407657,0.7422973583723085,10
macro,M_1,0.02,0.5937166388381971,0.4405756132094918,0.7468576644669025,10
macro,M_1,0.021,0.6002407538532541,0.44906543866585424,0.751416069040654,10
macro,M_1,0.022,0.6073899276322015,0.4574024279760439,0.757377427288359,10
macro,M_1,0.023,0.6139993240952758,0.4657072971229377,0.7622913510676139,10
macro,M_1,0.024,0.6195854752405123,0.473525815094964,0.7656451353860607,10
macro,M_1,0.025,0.624870710858121,0.48105219538954036,0.7686892263267016,10
macro,M_1,0.026,0.6298095544857983,0.4870096485298681,0.7726094604417286,10
macro,M_1,0.027,0.6352255183392719,0.49420451059425097,0.7762465260842928,10
macro,M_1,0.028,0.6415610422224076,0.501944861708937,0.7811772227358782,10
macro,M_1,0.029,0.646194200425347,0.507941714162373,0.7844466866883211,10
macro,M_1,0.03,0.651470180624578,0.5137827725182249,0.789157588730931,10
macro,M_1,0.031,0.6562834723230357,0.5199219271897298,0.7926450174563416,10
macro,M_1,0.032,0.6610095085352099,0.5259772128805125,0.7960418041899073,10
macro,M_1,0.033,0.6682727904636601,0.5346645096284623,0.8018810712988578,10
macro,M_1,0.034,0.6729205189712877,0.5410969829863901,0.8047440549561853,10
macro,M_1,0.035,0.6786856495668114,0.5484807725046603,0.8088905266289625,10
macro,M_1,0.036,0.6822886838744661,0.5526404885432802,0.8119368792056519,10
macro,M_1,0.037,0.6869185151843216,0.5588204759753184,0.8150165543933248,10
macro,M_1,0.038,0.690843025541132,0.5631086236080116,0.8185774274742523,10
macro,M_1,0.039,0.6948201023111353,0.5688242861247088,0.8208159184975619,10
macro,M_1,0.04,0.7001875568831873,0.5768685670390465,0.8235065467273281,10
macro,M_1,0.041,0.704599569394539,0.5814452162385972,0.8277539225504809,10
macro,M_1,0.042,0.7091469128975417,0.5880581355291009,0.8302356902659825,10
macro,M_1,0.043,0.7122314219446461,0.5916198555241653,0.8328429883651268,10
macro,M_1,0.044,0.7154556637259135,0.5956519538157593,0.8352593736360677,10
macro,M_1,0.045,0.717886490514441,0.5986167821130393,0.8371561989158427,10
macro,M_1,0.046,0.7212942358137509,0.6031272278504276,0.8394612437770741,10
macro,M_1,0.047,0.7231636719502332,0.6050606647623337,0.8412666791381328,10
macro,M_1,0.048,0.7258544962289388,0.6083896828448568,0.8433193096130208,10
macro,M_1,0.049,0.7283954179686819,0.6117784225852108,0.845012413352153,10
macro,M_1,0.05,0.7316002365247007,0.6154598551362255,0.847740617913176,10
macro,M_1,0.051,0.7340204714015878,0.6190700851291364,0.8489708576740391,10
macro,M_1,0.052,0.7366278745514154,0.6229021857001658,0.8503535634026651,10
macro,M_1,0.053,0.7391243301997027,0.6261746426433246,0.8520740177560808,10
macro,M_1,0.054,0.7415732025707601,0.6290588119763459,0.8540875931651742,10
macro,M_1,0.055,0.7435944058171267,0.63189608573602,0.8552927258982334,10
macro,M_1,0.056,0.746295286825684,0.635793885117728,0.85679668853364,10
macro,M_1,0.057,0.7478907570655771,0.6377289540154782,0.8580525601156759,10
macro,M_1,0.058,0.7499268781823207,0.6397464695585511,0.8601072868060904,10
macro,M_1,0.059,0.7533593427707501,0.6443501459381237,0.8623685396033766,10
macro,M_1,0.06,0.7564028085539918,0.6483812434741653,0.8644243736338183,10
macro,M_1,0.061,0.7582460400405177,0.6498396930179094,0.8666523870631259,10
macro,M_1,0.062,0.7607629316835711,0.653027165325406,0.8684986980417363,10
macro,M_1,0.063,0.7627796242705309,0.6561087302593055,0.8694505182817563,10
macro,M_1,0.064,0.7653026203772024,0.659119748532766,0.8714854922216388,10
macro,M_1,0.065,0.7672302324477781,0.6614798607524099,0.8729806041431463,10
macro,M_1,0.066,0.7690617115972807,0.6641057514874138,0.8740176717071475,10
macro,M_1,0.067,0.7704513263531167,0.665753651654731,0.8751490010515025,10
macro,M_1,0.068,0.7718606273541541,0.6677486452236817,0.8759726094846264,10
macro,M_1,0.069,0.7741146912237388,0.6710551761422605,0.877174206305217,10
macro,M_1,0.07,0.7752609969274117,0.6725687973929757,0.8779531964618477,10
macro,M_1,0.071,0.7777202761929607,0.6759278302007631,0.8795127221851583,10
macro,M_1,0.072,0.7808548743054661,0.6798688688298974,0.8818408797810348,10
macro,M_1,0.073,0.7825106385663381,0.6824668175805304,0.8825544595521457,10
macro,M_1,0.074,0.7844881291104477,0.6848526164940805,0.884123641726815,10
macro,M_1,0.075,0.7856682079836155,0.6868039109953182,0.8845325049719127,10
macro,M_1,0.076,0.7887490802075694,0.6911638520847321,0.8863343083304067,10
macro,M_1,0.077,0.7917234371460717,0.6943939712191063,0.8890529030730372,10
macro,M_1,0.078,0.7932952349833303,0.6969123810041382,0.8896780889625224,10
macro,M_1,0.079,0.7947567930909438,0.6990374761744902,0.8904761100073975,10
macro,M_1,0.08,0.7959234729851217,0.7008400729363906,0.8910068730338527,10
macro,M_1,0.081,0.7978241783712079,0.7036163722432429,0.8920319844991729,10
macro,M_1,0.082,0.7992255794032072,0.7055228999565638,0.8929282588498505,10
macro,M_1,0.083,0.8008222378612799,0.7072663819492299,0.89437809377333,10
macro,M_1,0.084,0.8023858241178934,0.7087490654017419,0.8960225828340449,10
macro,M_1,0.085,0.8034545866443699,0.7099842605351685,0.8969249127535712,10
macro,M_1,0.086,0.805093753785318,0.7119189888042712,0.8982685187663648,10
macro,M_1,0.087,0.8068562121683674,0.7143769966851964,0.8993354276515385,10
macro,M_1,0.088,0.8081076716493559,0.7163821863852632,0.8998331569134487,10
macro,M_1,0.089,0.8095193543796521,0.7177170175363172,0.9013216912229869,10
macro,M_1,0.09,0.8115087180385732,0.7199532214527614,0.9030642146243849,10
macro,M_1,0.091,0.8125373418813802,0.7214015041685525,0.9036731795942078,10
macro,M_1,0.092,0.8139969834120755,0.7235241273642182,0.9044698394599328,10
macro,M_1,0.093,0.8155895614242707,0.7251737964275223,0.9060053264210192,10
macro,M_1,0.094,0.8164569810424419,0.7261231995804904,0.9067907625043934,10
macro,M_1,0.095,0.8169263928097561,0.7270793874608712,0.906773398158641,10
macro,M_1,0.096,0.818289845691947,0.728836833616908,0.9077428577669859,10
macro,M_1,0.097,0.8195490099730973,0.7306881432054577,0.9084098767407369,10
macro,M_1,0.098,0.8214774311111057,0.732687482118511,0.9102673801037005,10
macro,M_1,0.099,0.8223740120743823,0.7336648405550309,0.9110831835937337,10
macro,M_1,0.1,0.8238628982301354,0.735267575350024,0.9124582211102468,10
macro,M_1,0.101,0.825554634237404,0.7371883843451671,0.913920884129641,10
macro,M_1,0.102,0.8268880446434161,0.739092856970257,0.9146832323165753,10
macro,M_1,0.103,0.8295242798061583,0.7419292228376105,0.917119336774706,10
macro,M_1,0.104,0.8309830383664571,0.743208285322417,0.9187577914104973,10
macro,M_1,0.105,0.8322731225887665,0.7453822490074319,0.9191639961701011,10
macro,M_1,0.106,0.8333278524745434,0.746665009830679,0.9199906951184079,10
macro,M_1,0.107,0.8345633428542161,0.7484929525280443,0.9206337331803879,10
macro,M_1,0.108,0.8356659275063165,0.7502936613595366,0.9210381936530965,10
macro,M_1,0.109,0.8363778510611928,0.750951183096326,0.9218045190260595,10
macro,M_1,0.11,0.8374507373926022,0.7519084216029481,0.9229930531822563,10
macro,M_1,0.111,0.8378719636645536,0.7524905209921624,0.9232534063369449,10
macro,M_1,0.112,0.8388516053631546,0.7537897455359768,0.9239134651903325,10
macro,M_1,0.113,0.8394199764584498,0.7541798774235966,0.924660075493303,10
macro,M_1,0.114,0.8395674022002663,0.7543760566048587,0.9247587477956738,10
macro,M_1,0.115,0.8399495260330481,0.7548866355684136,0.9250124164976825,10
macro,M_1,0.116,0.8415470004753771,0.7572318138229807,0.9258621871277736,10
macro,M_1,0.117,0.8423884560563077,0.7580289729974087,0.9267479391152068,10
macro,M_1,0.118,0.8437905664498103,0.760285841670252,0.9272952912293686,10
macro,M_1,0.119,0.8448367917995219,0.7622440001656529,0.9274295834333909,10
macro,M_1,0.12,0.8454355423589488,0.7631233225309453,0.9277477621869523,10
macro,M_1,0.121,0.8462873064527192,0.7645849911855168,0.9279896217199216,10
macro,M_1,0.122,0.847053153871227,0.7655721708451546,0.9285341368972995,10
macro,M_1,0.123,0.8477711430635493,0.766339935572771,0.9292023505543275,10
macro,M_1,0.124,0.8486684626008106,0.7675749984859472,0.929761926715674,10
macro,M_1,0.125,0.8496779526683553,0.768795054116326,0.9305608512203847,10
macro,M_1,0.126,0.8515274038093963,0.7714877885019861,0.9315670191168065,10
macro,M_1,0.127,0.8520359458790967,0.7723250492719401,0.9317468424862533,10
macro,M_1,0.128,0.8532283336826513,0.7733643285353484,0.9330923388299541,10
macro,M_1,0.129,0.8537500532396753,0.7739239695746474,0.9335761369047033,10
macro,M_1,0.13,0.8545319126852062,0.7751282914297505,0.933935533940662,10
macro,M_1,0.131,0.8555482299930821,0.7763357326363596,0.9347607273498046,10
macro,M_1,0.132,0.8564653705908288,0.7776279074987724,0.9353028336828852,10
macro,M_1,0.133,0.8571098828278171,0.7781849174336544,0.9360348482219798,10
macro,M_1,0.134,0.857899121308163,0.7793944433144389,0.9364037993018872,10
macro,M_1,0.135,0.8587510229501069,0.7802898873625581,0.9372121585376556,10
macro,M_1,0.136,0.8605436058166871,0.7819595122555574,0.9391276993778168,10
macro,M_1,0.137,0.8614534012418383,0.7829423728447085,0.9399644296389682,10
macro,M_1,0.138,0.8623786784054079,0.7840350159861342,0.9407223408246816,10
macro,M_1,0.139,0.863140022720807,0.785004943312909,0.941275102128705,10
macro,M_1,0.14,0.8639201713917506,0.7862557380976142,0.941584604685887,10
macro,M_1,0.141,0.8650447036101788,0.7874814159072341,0.9426079913131236,10
macro,M_1,0.142,0.865802974205416,0.7892279990998662,0.9423779493109657,10
macro,M_1,0.143,0.8663975559796888,0.7897006164960988,0.9430944954632788,10
macro,M_1,0.144,0.8670008796606906,0.7903125527948647,0.9436892065265166,10
macro,M_1,0.145,0.8677845146764394,0.791099133030262,0.9444698963226167,10
macro,M_1,0.146,0.868593105423958,0.7921598147547741,0.9450263960931418,10
macro,M_1,0.147,0.869208992171456,0.7929993462052871,0.9454186381376248,10
macro,M_1,0.148,0.8695617474231236,0.7933419617936494,0.9457815330525979,10
macro,M_1,0.149,0.8701034710040773,0.7942993396857315,0.945907602322423,10
macro,M_1,0.15,0.8710228950886766,0.7953884535660621,0.946657336611291,10
macro,M_1,0.151,0.8714689646036596,0.795822456086319,0.9471154731210003,10
macro,M_1,0.152,0.8718579803230554,0.7962105137129687,0.9475054469331421,10
macro,M_1,0.153,0.8724363081295092,0.7969261593338841,0.9479464569251344,10
macro,M_1,0.154,0.8734377493716629,0.7982610242734243,0.9486144744699014,10
macro,M_1,0.155,0.8738019975433857,0.7989268331089325,0.9486771619778389,10
macro,M_1,0.156,0.8752710538049506,0.8012211094680156,0.9493209981418856,10
macro,M_1,0.157,0.8758329999248389,0.8018888260912369,0.9497771737584408,10
macro,M_1,0.158,0.87656225807567,0.8025239564672265,0.9506005596841135,10
macro,M_1,0.159,0.8771435729963564,0.8033708881818284,0.9509162578108843,10
macro,M_1,0.16,0.8779527301964304,0.8042865651202836,0.9516188952725771,10
macro,M_1,0.161,0.8785617869728037,0.8051400104900797,0.9519835634555278,10
macro,M_1,0.162,0.8795641386598045,0.8062993589122338,0.9528289184073753,10
macro,M_1,0.163,0.880043567502595,0.8069911126229278,0.9530960223822623,10
macro,M_1,0.164,0.880449187579376,0.8074486721269043,0.9534497030318476,10
macro,M_1,0.165,0.8808914245792943,0.8078531267156228,0.9539297224429657,10
macro,M_1,0.166,0.881242963596226,0.8080772249033509,0.9544087022891011,10
macro,M_1,0.167,0.8818666020742816,0.8086337519428557,0.9550994522057075,10
macro,M_1,0.168,0.88216620331327,0.8093797864772019,0.9549526201493381,10
macro,M_1,0.169,0.8832629338757616,0.8108021136111923,0.955723754140331,10
macro,M_1,0.17,0.8837222583721391,0.8114734892840253,0.955971027460253,10
macro,M_1,0.171,0.8843339450918972,0.8122919982671877,0.9563758919166068,10
macro,M_1,0.172,0.88488562925162,0.812838231160753,0.9569330273424869,10
macro,M_1,0.173,0.8852601380563414,0.8134848217708889,0.9570354543417939,10
macro,M_1,0.174,0.8855581722301382,0.8140635488436297,0.9570527956166467,10
macro,M_1,0.175,0.8859040128474414,0.8143315114177786,0.9574765142771041,10
macro,M_1,0.176,0.8865033979425567,0.8149641889460879,0.9580426069390255,10
macro,M_1,0.177,0.8868053752385198,0.8152081976277147,0.9584025528493249,10
macro,M_1,0.178,0.8870860843806774,0.8154367463743954,0.9587354223869593,10
macro,M_1,0.179,0.8880822383836342,0.8171815100741473,0.9589829666931211,10
macro,M_1,0.18,0.8885133422545589,0.8177913326942075,0.9592353518149104,10
macro,M_1,0.181,0.8891096246309113,0.8184988770706227,0.9597203721911998,10
macro,M_1,0.182,0.8897497828651899,0.8193401288405314,0.9601594368898484,10
macro,M_1,0.183,0.8900520207567331,0.8197800040409181,0.960324037472548,10
macro,M_1,0.184,0.8908719031482268,0.8210704762295522,0.9606733300669015,10
macro,M_1,0.185,0.8908719031482268,0.8210704762295522,0.9606733300669015,10
macro,M_1,0.186,0.8913170964035839,0.8217177431510303,0.9609164496561375,10
macro,M_1,0.187,0.8921793353811879,0.8227722535580704,0.9615864172043054,10
macro,M_1,0.188,0.8925373012678353,0.8229379370397977,0.9621366654958728,10
macro,M_1,0.189,0.8929106859488624,0.8235541299936538,0.9622672419040709,10
macro,M_1,0.19,0.8936055253955153,0.8246478944331539,0.9625631563578767,10
macro,M_1,0.191,0.8943930265433329,0.8260479012643587,0.962738151822307,10
macro,M_1,0.192,0.8949534064173925,0.8270046626210581,0.9629021502137269,10
macro,M_1,0.193,0.8952153898828549,0.8275066515449223,0.9629241282207874,10
macro,M_1,0.194,0.895459482101875,0.8277851762229753,0.9631337879807746,10
macro,M_1,0.195,0.8960217353223185,0.8288527216507988,0.9631907489938383,10
macro,M_1,0.196,0.8962402950847537,0.8291140398584701,0.9633665503110372,10
macro,M_1,0.197,0.8965062805890052,0.829443214576697,0.9635693466013133,10
macro,M_1,0.198,0.8970871544230221,0.830097136090168,0.9640771727558762,10
macro,M_1,0.199,0.8972428337103272,0.8302854435113847,0.9642002239092697,10
macro,M_1,0.2,0.8977650386818347,0.8310237497885545,0.9645063275751148,10
macro,M_1,0.201,0.898136187781677,0.8316526972144421,0.9646196783489119,10
macro,M_1,0.202,0.8983974781042576,0.8318731896281373,0.964921766580378,10
macro,M_1,0.203,0.8987937749455259,0.8327711924783019,0.96481635741275,10
macro,M_1,0.204,0.8990682837502474,0.8333067324100876,0.9648298350904072,10
macro,M_1,0.205,0.899800370741765,0.8341810150677857,0.9654197264157443,10
macro,M_1,0.206,0.9006119926066993,0.834892176730178,0.9663318084832206,10
macro,M_1,0.207,0.9009453738254198,0.8354450083734184,0.9664457392774213,10
macro,M_1,0.208,0.9016157423597677,0.8362529283174291,0.9669785564021063,10
macro,M_1,0.209,0.9019231706616194,0.8368292258551125,0.9670171154681263,10
macro,M_1,0.21,0.9025155362529137,0.837618458981756,0.9674126135240714,10
macro,M_1,0.211,0.9028135704267106,0.8381741207676741,0.9674530200857472,10
macro,M_1,0.212,0.9034422139501359,0.8390812012684461,0.9678032266318257,10
macro,M_1,0.213,0.9035697649705441,0.8391855975843857,0.9679539323567025,10
macro,M_1,0.214,0.9038633354755083,0.8394623587948676,0.968264312156149,10
macro,M_1,0.215,0.9041967166942287,0.8400088941995597,0.9683845391888978,10
macro,M_1,0.216,0.9050706691368061,0.8421150072840812,0.9680263309895311,10
macro,M_1,0.217,0.9053481445460367,0.8425528011333058,0.9681434879587677,10
macro,M_1,0.218,0.9055770105254182,0.842835904484238,0.9683181165665984,10
macro,M_1,0.219,0.9059213839757329,0.8434195359774097,0.968423231974056,10
macro,M_1,0.22,0.9063127152103607,0.8442930905080692,0.9683323399126522,10
macro,M_1,0.221,0.9073120351039851,0.8456238244298641,0.9690002457781061,10
macro,M_1,0.222,0.9074288575338917,0.8459842851349775,0.9688734299328059,10
macro,M_1,0.223,0.9079373996035921,0.8468637287494383,0.9690110704577459,10
macro,M_1,0.224,0.9084104523070795,0.8480313691606878,0.9687895354534712,10
macro,M_1,0.225,0.9086008333753565,0.8481294191714739,0.969072247579239,10
macro,M_1,0.226,0.9088728794848666,0.8484406369110726,0.9693051220586606,10
macro,M_1,0.227,0.9093471955410376,0.8493991024026716,0.9692952886794036,10
macro,M_1,0.228,0.9095378014129828,0.8496127515653839,0.9694628512605817,10
macro,M_1,0.229,0.9096682179986841,0.849981581013895,0.9693548549834733,10
macro,M_1,0.23,0.9101031305374716,0.8506435535173645,0.9695627075575787,10
macro,M_1,0.231,0.9104148975937099,0.8508755547691029,0.9699542404183168,10
macro,M_1,0.232,0.9106556203963574,0.8513881411632179,0.9699230996294969,10
macro,M_1,0.233,0.9109153884403762,0.8516581978382627,0.9701725790424898,10
macro,M_1,0.234,0.9111562335107987,0.8518392221695947,0.9704732448520026,10
macro,M_1,0.235,0.9113810974513911,0.8522977485645745,0.9704644463382076,10
macro,M_1,0.236,0.911499657213826,0.8524373434782477,0.9705619709494042,10
macro,M_1,0.237,0.912022402229771,0.8533441760421075,0.9707006284174345,10
macro,M_1,0.238,0.9126838709968282,0.8546277293487654,0.9707400126448911,10
macro,M_1,0.239,0.9129991032741855,0.8551363738974658,0.9708618326509053,10
macro,M_1,0.24,0.9136297933040198,0.8558029659386359,0.9714566206694037,10
macro,M_1,0.241,0.9142285961797578,0.8563461021214962,0.9721110902380194,10
macro,M_1,0.242,0.914265715704628,0.8563948141162439,0.9721366172930122,10
macro,M_1,0.243,0.9149903472085772,0.8572619380028561,0.9727187564142983,10
macro,M_1,0.244,0.9155052485590272,0.8575731510388553,0.973437346079199,10
macro,M_1,0.245,0.9159148236805663,0.8579783004697061,0.9738513468914265,10
macro,M_1,0.246,0.916496968291451,0.8588604235520516,0.9741335130308504,10
macro,M_1,0.247,0.9166410605104712,0.859002386314779,0.9742797347061635,10
macro,M_1,0.248,0.9170682127698677,0.8598635784360321,0.9742728471037033,10
macro,M_1,0.249,0.9170682127698677,0.8598635784360321,0.9742728471037033,10
macro,M_1,0.25,0.917509847661407,0.8606198113565,0.9743998839663139,10
macro,M_1,0.251,0.9176387136407884,0.8607878708624086,0.9744895564191682,10
macro,M_1,0.252,0.9180168391247875,0.8612996566494265,0.9747340216001484,10
macro,M_1,0.253,0.918481110909054,0.8622091464059003,0.9747530754122078,10
macro,M_1,0.254,0.9186688328435627,0.8624055681579141,0.9749320975292113,10
macro,M_1,0.255,0.9187594387155078,0.8624998445206943,0.9750190329103213,10
macro,M_1,0.256,0.9188303607013234,0.8625478661353649,0.9751128552672819,10
macro,M_1,0.257,0.9191708967777623,0.8635998174684165,0.9747419760871081,10
macro,M_1,0.258,0.9196297783979503,0.8639607240349215,0.9752988327609792,10
macro,M_1,0.259,0.9200494482382273,0.8646145691883848,0.9754843272880699,10
macro,M_1,0.26,0.9206389606628027,0.8661762555764727,0.9751016657491327,10
macro,M_1,0.261,0.9211600862972451,0.8671200907203528,0.9752000818741374,10
macro,M_1,0.262,0.9214941158722176,0.8676935793327757,0.9752946524116596,10
macro,M_1,0.263,0.9216650378580333,0.8678561582747355,0.9754739174413312,10
macro,M_1,0.264,0.9218539063974498,0.8682849784643834,0.9754228343305162,10
macro,M_1,0.265,0.9221841109483482,0.8688705598929998,0.9754976620036966,10
macro,M_1,0.266,0.9225078245948806,0.8696774346260784,0.9753382145636827,10
macro,M_1,0.267,0.9228715776126727,0.870218414554386,0.9755247406709594,10
macro,M_1,0.268,0.9232296083241629,0.8708123858158373,0.9756468308324885,10
macro,M_1,0.269,0.9236987077207864,0.871105429185379,0.9762919862561938,10
macro,M_1,0.27,0.9239538097616027,0.8713215646296378,0.9765860548935675,10
macro,M_1,0.271,0.9244213908234871,0.8721537970882726,0.9766889845587016,10
macro,M_1,0.272,0.9245675016063304,0.872284951049381,0.9768500521632798,10
macro,M_1,0.273,0.9248379575632912,0.8725022994284239,0.9771736156981585,10
macro,M_1,0.274,0.9251610841713548,0.8732931453887862,0.9770290229539234,10
macro,M_1,0.275,0.9255566191237292,0.8740540449714509,0.9770591932760075,10
macro,M_1,0.276,0.9256566191237292,0.874173742789145,0.9771394954583135,10
macro,M_1,0.277,0.9260314091597452,0.8750073070367439,0.9770555112827466,10
macro,M_1,0.278,0.9265044618632328,0.8761717188062174,0.9768372049202482,10
macro,M_1,0.279,0.9268058004347495,0.8767067750346712,0.9769048258348277,10
macro,M_1,0.28,0.927131547339157,0.8772093375489722,0.9770537571293418,10
macro,M_1,0.281,0.9277211140448287,0.8781806103905216,0.9772616176991358,10
macro,M_1,0.282,0.9282142226834005,0.879057479989044,0.9773709653777569,10
macro,M_1,0.283,0.9284873698292474,0.8794962450660997,0.9774784945923951,10
macro,M_1,0.284,0.9286869669591656,0.8796659856319916,0.9777079482863397,10
macro,M_1,0.285,0.9287590130686757,0.8797338291093032,0.9777841970280482,10
macro,M_1,0.286,0.9291149621109621,0.8803722075542517,0.9778577166676725,10
macro,M_1,0.287,0.9291870082204721,0.880439781268414,0.9779342351725301,10
macro,M_1,0.288,0.9293038306503787,0.8807969962400024,0.977810665060755,10
macro,M_1,0.289,0.9294653585081394,0.880935304386049,0.9779954126302298,10
macro,M_1,0.29,0.9298938257265092,0.8818607591561615,0.977926892296857,10
macro,M_1,0.291,0.9300564777079645,0.8820609323410994,0.9780520230748296,10
macro,M_1,0.292,0.9301853436873457,0.8822415858257061,0.9781291015489854,10
macro,M_1,0.293,0.9308776820822124,0.8828266158826776,0.9789287482817473,10
macro,M_1,0.294,0.9311729202898771,0.8830555694591146,0.9792902711206396,10
macro,M_1,0.295,0.9313966339364097,0.8837415737933918,0.9790516940794276,10
macro,M_1,0.296,0.9321524609201075,0.8844745539025062,0.9798303679377088,10
macro,M_1,0.297,0.9324426172220697,0.8847455375096154,0.980139696934524,10
macro,M_1,0.298,0.9326151189392814,0.8851810433368958,0.980049194541667,10
macro,M_1,0.299,0.9328880771376831,0.8854934428754021,0.980282711399964,10
macro,M_1,0.3,0.9328880771376831,0.8854934428754021,0.980282711399964,10
macro,M_1,0.301,0.9331674700715207,0.8862577257876193,0.980077214355422,10
macro,M_1,0.302,0.9333115622905407,0.8863927442034243,0.9802303803776571,10
macro,M_1,0.303,0.9336355045945766,0.886642463251209,0.9806285459379441,10
macro,M_1,0.304,0.9343695415461518,0.8882534358596924,0.9804856472326112,10
macro,M_1,0.305,0.9346490159575135,0.8887697852134941,0.9805282467015328,10
macro,M_1,0.306,0.9350409604009755,0.8893964203016534,0.9806855005002976,10
macro,M_1,0.307,0.9353225414237265,0.8898465538643708,0.9807985289830822,10
macro,M_1,0.308,0.9354131472956716,0.8899372930999155,0.9808890014914277,10
macro,M_1,0.309,0.9356317070581065,0.8902003212101431,0.9810630929060699,10
macro,M_1,0.31,0.9358485294880131,0.8906767257154976,0.9810203332605286,10
macro,M_1,0.311,0.9360283795730288,0.8907930805775283,0.9812636785685293,10
macro,M_1,0.312,0.9362949865992423,0.8910868774413084,0.9815030957571761,10
macro,M_1,0.313,0.9362949865992423,0.8910868774413084,0.9815030957571761,10
macro,M_1,0.314,0.936474836684258,0.8912006807845843,0.9817489925839318,10
macro,M_1,0.315,0.9366468827937681,0.891383059854745,0.9819107057327912,10
macro,M_1,0.316,0.9367468827937679,0.8914988981598955,0.9819948674276404,10
macro,M_1,0.317,0.9369081731163487,0.8915848847905488,0.9822314614421486,10
macro,M_1,0.318,0.9370555988581651,0.8917870878120482,0.9823241099042821,10
macro,M_1,0.319,0.9374948450035522,0.8923645680292371,0.9826251219778672,10
macro,M_1,0.32,0.9379234344896968,0.8929580526293555,0.9828888163500382,10
macro,M_1,0.321,0.9382342158178183,0.8932486440652864,0.9832197875703502,10
macro,M_1,0.322,0.9383433814521984,0.8933645350012679,0.983322227903129,10
macro,M_1,0.323,0.9387909818832437,0.8937282413796989,0.9838537223867886,10
macro,M_1,0.324,0.9389028387065099,0.8940735517276769,0.983732125685343,10
macro,M_1,0.325,0.9389748848160201,0.8941384279583453,0.9838113416736949,10
macro,M_1,0.326,0.9392267810105459,0.8943150521328563,0.9841385098882355,10
macro,M_1,0.327,0.9394892402434506,0.8947931420808461,0.984185338406055,10
macro,M_1,0.328,0.9396060626733572,0.8951534881301733,0.9840586372165412,10
macro,M_1,0.329,0.9401931229877031,0.8957667329018985,0.9846195130735077,10
macro,M_1,0.33,0.9402640449735186,0.8958152348230083,0.9847128551240288,10
macro,M_1,0.331,0.9408645311049707,0.8965819962129004,0.985147065997041,10
macro,M_1,0.332,0.9411530663734666,0.8970125201865348,0.9852936125603985,10
macro,M_1,0.333,0.9414224613655058,0.8972146234601985,0.985630299270813,10
macro,M_1,0.334,0.941850737748597,0.8980897342774303,0.9856117412197636,10
macro,M_1,0.335,0.9422413062749679,0.8983293862936512,0.9861532262562847,10
macro,M_1,0.336,0.9423307880232186,0.8984017758617702,0.986259800184667,10
macro,M_1,0.337,0.9423307880232186,0.8984017758617702,0.986259800184667,10
macro,M_1,0.338,0.9425596540026,0.8986953842312148,0.9864239237739852,10
macro,M_1,0.339,0.9429481892710958,0.8992327359682084,0.9866636425739832,10
macro,M_1,0.34,0.9433297702938468,0.8998052825767845,0.9868542580109091,10
macro,M_1,0.341,0.9437072666229094,0.90033975813958,0.9870747751062388,10
macro,M_1,0.342,0.9438790879287513,0.9004278793893076,0.987330296468195,10
macro,M_1,0.343,0.9441028015752838,0.9011171511462706,0.9870884520042971,10
macro,M_1,0.344,0.9441213613377188,0.9011434821792366,0.9870992404962011,10
macro,M_1,0.345,0.9442817650717851,0.9012627646514384,0.9873007654921317,10
macro,M_1,0.346,0.9442817650717851,0.9012627646514384,0.9873007654921317,10
macro,M_1,0.347,0.9442817650717851,0.9012627646514384,0.9873007654921317,10
macro,M_1,0.348,0.9444083663449059,0.9013871373147302,0.9874295953750816,10
macro,M_1,0.349,0.944520223168172,0.9017316888094963,0.9873087575268477,10
macro,M_1,0.35,0.944836136693034,0.9019779334122341,0.9876943399738339,10
macro,M_1,0.351,0.944836136693034,0.9019779334122341,0.9876943399738339,10
macro,M_1,0.352,0.9449636877134422,0.902085762606227,0.9878416128206574,10
macro,M_1,0.353,0.9450990699057839,0.9024719508327538,0.9877261889788139,10
macro,M_1,0.354,0.9451176296682189,0.9024983181918392,0.9877369411445985,10
macro,M_1,0.355,0.9453413433147514,0.9031868637345152,0.9874958228949876,10
macro,M_1,0.356,0.9453413433147514,0.9031868637345152,0.9874958228949876,10
macro,M_1,0.357,0.9457102994743638,0.9037742712089278,0.9876463277397998,10
macro,M_1,0.358,0.9458577252161803,0.903983726826041,0.9877317236063196,10
macro,M_1,0.359,0.9458762849786153,0.9040099139086246,0.987742656048606,10
macro,M_1,0.36,0.9459319642659205,0.9040882307358987,0.9877756977959423,10
macro,M_1,0.361,0.9463221713768538,0.90492840946615,0.9877159332875576,10
macro,M_1,0.362,0.9465060743096302,0.9053365704454202,0.9876755781738402,10
macro,M_1,0.363,0.9467035975685665,0.905503811694941,0.987903383442192,10
macro,M_1,0.364,0.9468476897875867,0.9056669642534773,0.9880284153216962,10
macro,M_1,0.365,0.947047286917505,0.9058388964036566,0.9882556774313533,10
macro,M_1,0.366,0.9475797225929957,0.9063265917467364,0.9888328534392551,10
macro,M_1,0.367,0.9475982823554308,0.9063529543372416,0.9888436103736199,10
macro,M_1,0.368,0.9477692043412465,0.9065053743070146,0.9890330343754783,10
macro,M_1,0.369,0.9479153151240896,0.9066395034310059,0.9891911268171732,10
macro,M_1,0.37,0.9481439943772623,0.9073461780051607,0.9889418107493638,10
macro,M_1,0.371,0.9482558512005286,0.9076914915141109,0.9888202108869463,10
macro,M_1,0.372,0.9485289983463753,0.9081287857245964,0.9889292109681541,10
macro,M_1,0.373,0.948599920332191,0.9081713839663865,0.9890284566979954,10
macro,M_1,0.374,0.9487473460740075,0.9083822411392787,0.9891124510087362,10
macro,M_1,0.375,0.9489193921835175,0.9085550963701047,0.9892836879969303,10
macro,M_1,0.376,0.9491715968057657,0.9093031020187853,0.9890400915927461,10
macro,M_1,0.377,0.9492715968057656,0.9094121837026489,0.9891310099088823,10
macro,M_1,0.378,0.9495662914344244,0.9096642844962981,0.9894682983725507,10
macro,M_1,0.379,0.9497504697828238,0.9097920213350641,0.9897089182305836,10
macro,M_1,0.38,0.9499808863685251,0.9102728483718125,0.9896889243652376,10
macro,M_1,0.381,0.9500808863685251,0.9103802613823264,0.9897815113547237,10
macro,M_1,0.382,0.9502697549079417,0.9108018214666963,0.9897376883491872,10
macro,M_1,0.383,0.9502883146703768,0.9108285643920209,0.9897480649487327,10
macro,M_1,0.384,0.9504171806497583,0.9110130617320588,0.9898212995674579,10
macro,M_1,0.385,0.9504881026355738,0.9110561501723196,0.9899200550988281,10
macro,M_1,0.386,0.9505787085075189,0.9111425921650986,0.9900148248499392,10
macro,M_1,0.387,0.9507664529232411,0.9115466943174891,0.9899862115289931,10
macro,M_1,0.388,0.9512427326074592,0.9123799174035722,0.9901055478113462,10
macro,M_1,0.389,0.9512984118947643,0.9124598377778282,0.9901369860117003,10
macro,M_1,0.39,0.9517579575128078,0.9130416687968496,0.990474246228766,10
macro,M_1,0.391,0.9517765172752428,0.9130682202311751,0.9904848143193106,10
macro,M_1,0.392,0.9519950770376779,0.9133110119932925,0.9906791420820634,10
macro,M_1,0.393,0.9520136368001129,0.9133375335027064,0.9906897400975193,10
macro,M_1,0.394,0.9521425027794944,0.9135204669006628,0.990764538658326,10
macro,M_1,0.395,0.9523143240853363,0.9136072317713388,0.9910214163993338,10
macro,M_1,0.396,0.9523143240853363,0.9136072317713388,0.9910214163993338,10
macro,M_1,0.397,0.9524261809086024,0.9139531420397159,0.990899219777489,10
macro,M_1,0.398,0.952543003338509,0.9143141499043964,0.9907718567726217,10
macro,M_1,0.399,0.9530557211475656,0.9148626824163084,0.9912487598788229,10
macro,M_1,0.4,0.9530557211475656,0.9148626824163084,0.9912487598788229,10
macro,M_1,0.401,0.9531911033399073,0.915250732439975,0.9911314742398396,10
macro,M_1,0.402,0.9531911033399073,0.915250732439975,0.9911314742398396,10
macro,M_1,0.403,0.9531911033399073,0.915250732439975,0.9911314742398396,10
macro,M_1,0.404,0.9533738821489891,0.9156396991015225,0.9911080651964557,10
macro,M_1,0.405,0.9534907045788955,0.9160010769405693,0.9909803322172217,10
macro,M_1,0.406,0.9536211211645969,0.9163732361569473,0.9908690061722464,10
macro,M_1,0.407,0.9536211211645969,0.9163732361569473,0.9908690061722464,10
macro,M_1,0.408,0.9536931672741069,0.9164351941000671,0.9909511404481467,10
macro,M_1,0.409,0.9538927644040252,0.9166060794783577,0.9911794493296926,10
macro,M_1,0.41,0.9542525549292573,0.9171784053516552,0.9913267045068594,10
macro,M_1,0.411,0.9543814209086389,0.9173619065627852,0.9914009352544926,10
macro,M_1,0.412,0.9545102868880203,0.9175431896256114,0.9914773841504292,10
macro,M_1,0.413,0.9546221437112864,0.9178900878137348,0.991354199608838,10
macro,M_1,0.414,0.9546407034737217,0.9179160928680796,0.9913653140793637,10
macro,M_1,0.415,0.9546407034737217,0.9179160928680796,0.9913653140793637,10
macro,M_1,0.416,0.9547407034737215,0.9180235814168216,0.9914578255306215,10
macro,M_1,0.417,0.9549469851706652,0.9182274841332105,0.9916664862081199,10
macro,M_1,0.418,0.9549469851706652,0.9182274841332105,0.9916664862081199,10
macro,M_1,0.419,0.9550758511500467,0.91840626765299,0.9917454346471033,10
macro,M_1,0.42,0.9552756391152437,0.9186251401195437,0.9919261381109438,10
macro,M_1,0.421,0.9555277728449496,0.9188359141633943,0.9922196315265049,10
macro,M_1,0.422,0.9555277728449496,0.9188359141633943,0.9922196315265049,10
macro,M_1,0.423,0.9556817147997261,0.9192504107892696,0.9921130188101825,10
macro,M_1,0.424,0.9556817147997261,0.9192504107892696,0.9921130188101825,10
macro,M_1,0.425,0.9557723206716713,0.919333931778322,0.9922107095650206,10
macro,M_1,0.426,0.9559197464134878,0.9195325444350041,0.9923069483919714,10
macro,M_1,0.427,0.9562251966330402,0.9200135737846088,0.9924368194814716,10
macro,M_1,0.428,0.9562251966330402,0.9200135737846088,0.9924368194814716,10
macro,M_1,0.429,0.9563370534563065,0.9203623314188228,0.9923117754937901,10
macro,M_1,0.43,0.9565137319015362,0.9204455168854218,0.9925819469176507,10
macro,M_1,0.431,0.956920948168585,0.9211072316293804,0.9927346647077896,10
macro,M_1,0.432,0.9571636914602424,0.9212371668449907,0.9930902160754941,10
macro,M_1,0.433,0.9574196405025288,0.9217010682968242,0.9931382127082334,10
macro,M_1,0.434,0.9576283035351765,0.9218648246254574,0.9933917824448956,10
macro,M_1,0.435,0.957926713382627,0.9221288204480613,0.9937246063171927,10
macro,M_1,0.436,0.9580435358125337,0.9224927509936222,0.9935943206314451,10
macro,M_1,0.437,0.9582724017919151,0.9227752986638956,0.9937695049199345,10
macro,M_1,0.438,0.9585077839842567,0.9232735679179652,0.9937420000505482,10
macro,M_1,0.439,0.958638200569958,0.9236474521824762,0.9936289489574397,10
macro,M_1,0.44,0.958750057393224,0.9239963930403804,0.9935037217460677,10
macro,M_1,0.441,0.9588804739789254,0.9243700084336222,0.9933909395242286,10
macro,M_1,0.442,0.958997296408832,0.9247340378511298,0.9932605549665342,10
macro,M_1,0.443,0.9593923093237727,0.925307795889723,0.9934768227578225,10
macro,M_1,0.444,0.9596211753031542,0.925590499024235,0.9936518515820734,10
macro,M_1,0.445,0.9599123263457038,0.9257819863835132,0.9940426663078944,10
macro,M_1,0.446,0.9603287187091007,0.926103508074953,0.9945539293432485,10
macro,M_1,0.447,0.9603287187091007,0.926103508074953,0.9945539293432485,10
macro,M_1,0.448,0.9603287187091007,0.926103508074953,0.9945539293432485,10
macro,M_1,0.449,0.9604455411390072,0.9264678764892387,0.9944232057887756,10
macro,M_1,0.45,0.9605573979622735,0.9268165194556057,0.9942982764689412,10
macro,M_1,0.451,0.9607283199480892,0.9269683872035434,0.994488252692635,10
macro,M_1,0.452,0.9607283199480892,0.9269683872035434,0.994488252692635,10
macro,M_1,0.453,0.9608451423779956,0.9273324519002306,0.9943578328557605,10
macro,M_1,0.454,0.9609755589636968,0.9277061309641951,0.9942449869631985,10
macro,M_1,0.455,0.9613670769245335,0.9281307967953394,0.9946033570537276,10
macro,M_1,0.456,0.9617692377888793,0.9284220043289305,0.9951164712488282,10
macro,M_1,0.457,0.9617692377888793,0.9284220043289305,0.9951164712488282,10
macro,M_1,0.458,0.9618598436608243,0.9285045094651307,0.9952151778565179,10
macro,M_1,0.459,0.9619598436608244,0.9286131282767184,0.9953065590449305,10
macro,M_1,0.46,0.962076666090731,0.9289781618530086,0.9951751703284533,10
macro,M_1,0.461,0.9622766660907309,0.929191296674316,0.9953620355071459,10
macro,M_1,0.462,0.9624885229139972,0.9296455351057147,0.9953315107222798,10
macro,M_1,0.463,0.9626498132365778,0.9297439878330804,0.9955556386400752,10
macro,M_1,0.464,0.9628692850879045,0.9300016002365858,0.9957369699392231,10
macro,M_1,0.465,0.9630929987344368,0.930702033361621,0.9954839641072525,10
macro,M_1,0.466,0.9632577573272811,0.9308120465483214,0.9957034681062409,10
macro,M_1,0.467,0.9633696141505474,0.9311618473907106,0.9955773809103843,10
macro,M_1,0.468,0.9635049963428889,0.9315522205537662,0.9954577721320116,10
macro,M_1,0.469,0.9635049963428889,0.9315522205537662,0.9954577721320116,10
macro,M_1,0.47,0.9640050017106194,0.9326234636359155,0.9953865397853233,10
macro,M_1,0.471,0.9641613025198863,0.932765521692307,0.9955570833474656,10
macro,M_1,0.472,0.9641984220447565,0.932814637545164,0.9955822065443489,10
macro,M_1,0.473,0.9644870657805049,0.9332652929122093,0.9957088386488006,10
macro,M_1,0.474,0.9645579877663206,0.9333091825816778,0.9958067929509634,10
macro,M_1,0.475,0.9645579877663206,0.9333091825816778,0.9958067929509634,10
macro,M_1,0.476,0.9648189024152473,0.9338284887997708,0.9958093160307238,10
macro,M_1,0.477,0.9650645908245352,0.9343655241740462,0.9957636574750243,10
macro,M_1,0.478,0.9650831505869701,0.9343899862598108,0.9957763149141294,10
macro,M_1,0.479,0.9651551966964803,0.9344486553876103,0.9958617380053503,10
macro,M_1,0.48,0.965226118682296,0.9344920379659689,0.9959601993986231,10
macro,M_1,0.481,0.9653379755055621,0.9348425547559447,0.9958333962551795,10
macro,M_1,0.482,0.9654379755055622,0.9349483215085924,0.995927629502532,10
macro,M_1,0.483,0.9655784249437644,0.9350335693464851,0.9961232805410438,10
macro,M_1,0.484,0.9659211810042871,0.9353470840162089,0.9964952779923654,10
macro,M_1,0.485,0.9659932271137972,0.9354048936454881,0.9965815605821063,10
macro,M_1,0.486,0.9659932271137972,0.9354048936454881,0.9965815605821063,10
macro,M_1,0.487,0.9660932271137972,0.9355100019246546,0.9966764523029398,10
macro,M_1,0.488,0.9663373193328173,0.9357270007092877,0.9969476379563469,10
macro,M_1,0.489,0.9666089625722456,0.9359481129735729,0.9972698121709183,10
macro,M_1,0.49,0.9667208193955119,0.9362997567773723,0.9971418820136515,10
macro,M_1,0.491,0.9667393791579469,0.9363243359500086,0.9971544223658853,10
macro,M_1,0.492,0.9670715914663432,0.9365673840056481,0.9975757989270384,10
macro,M_1,0.493,0.9670715914663432,0.9365673840056481,0.9975757989270384,10
macro,M_1,0.494,0.967254370275425,0.9369607947485625,0.9975479458022876,10
macro,M_1,0.495,0.967254370275425,0.9369607947485625,0.9975479458022876,10
macro,M_1,0.496,0.9677393742445382,0.9378588203100813,0.997619928178995,10
macro,M_1,0.497,0.9678561966744447,0.9382251681287281,0.9974872252201612,10
macro,M_1,0.498,0.9681036224162612,0.938524224182687,0.9976830206498355,10
macro,M_1,0.499,0.9681036224162612,0.938524224182687,0.9976830206498355,10
macro,M_1,0.5,0.9682204448461678,0.9388913133081722,0.9975495763841633,10
macro,M_1,0.501,0.9684558270385093,0.9393832118918702,0.9975284421851484,10
macro,M_1,0.502,0.968684506291682,0.9401012100637428,0.9972678025196212,10
macro,M_1,0.503,0.968684506291682,0.9401012100637428,0.9972678025196212,10
macro,M_1,0.504,0.9687030660541172,0.9401262200012502,0.9972799121069841,10
macro,M_1,0.505,0.9687936719260624,0.9402068323460988,0.9973805115060259,10
macro,M_1,0.506,0.9688122316884973,0.9402317447325942,0.9973927186444004,10
macro,M_1,0.507,0.9688122316884973,0.9402317447325942,0.9973927186444004,10
macro,M_1,0.508,0.9689426482741986,0.9406078436094282,0.9972774529389691,10
macro,M_1,0.509,0.969059470704105,0.9409744276445129,0.9971445137636972,10
macro,M_1,0.51,0.969059470704105,0.9409744276445129,0.9971445137636972,10
macro,M_1,0.511,0.969059470704105,0.9409744276445129,0.9971445137636972,10
macro,M_1,0.512,0.9693762931340117,0.941538623115364,0.9972139631526595,10
macro,M_1,0.513,0.9693762931340117,0.941538623115364,0.9972139631526595,10
macro,M_1,0.514,0.9693762931340117,0.941538623115364,0.9972139631526595,10
macro,M_1,0.515,0.9695051591133931,0.9417120649290098,0.9972982532977763,10
macro,M_1,0.516,0.9695051591133931,0.9417120649290098,0.9972982532977763,10
macro,M_1,0.517,0.9695051591133931,0.9417120649290098,0.9972982532977763,10
macro,M_1,0.518,0.9697458819160408,0.942234790882384,0.9972569729496976,10
macro,M_1,0.519,0.9698747478954222,0.9424028736550762,0.9973466221357681,10
macro,M_1,0.52,0.9699915703253288,0.9427712189254913,0.9972119217251663,10
macro,M_1,0.521,0.9701083927552354,0.9431393203873168,0.997077465123154,10
macro,M_1,0.522,0.9701083927552354,0.9431393203873168,0.997077465123154,10
macro,M_1,0.523,0.9701083927552354,0.9431393203873168,0.997077465123154,10
macro,M_1,0.524,0.9701083927552354,0.9431393203873168,0.997077465123154,10
macro,M_1,0.525,0.9703865055077225,0.9435963684883438,0.9971766425271013,10
macro,M_1,0.526,0.9704865055077224,0.9436945456522906,0.9972784653631542,10
macro,M_1,0.527,0.9705759872559732,0.943760950200325,0.9973910243116213,10
macro,M_1,0.528,0.9707035382763813,0.9438771925875127,0.99752988396525,10
macro,M_1,0.529,0.9707035382763813,0.9438771925875127,0.99752988396525,10
macro,M_1,0.53,0.9707035382763813,0.9438771925875127,0.99752988396525,10
macro,M_1,0.531,0.9707220980388163,0.9439015332084985,0.9975426628691341,10
macro,M_1,0.532,0.9707406578012513,0.9439258093378898,0.9975555062646128,10
macro,M_1,0.533,0.9708115797870669,0.9439671975418064,0.9976559620323274,10
macro,M_1,0.534,0.970911579787067,0.9440641607400516,0.9977589988340824,10
macro,M_1,0.535,0.9712446914154895,0.9442396593382792,0.9982497234926998,10
macro,M_1,0.536,0.9713735573948711,0.9444075361687914,0.9983395786209508,10
macro,M_1,0.537,0.9716553906607232,0.9446698374810936,0.9986409438403527,10
macro,M_1,0.538,0.9716553906607232,0.9446698374810936,0.9986409438403527,10
macro,M_1,0.539,0.9716553906607232,0.9446698374810936,0.9986409438403527,10
macro,M_1,0.54,0.9717722130906296,0.9450384746191819,0.9985059515620772,10
macro,M_1,0.541,0.9717722130906296,0.9450384746191819,0.9985059515620772,10
macro,M_1,0.542,0.9717722130906296,0.9450384746191819,0.9985059515620772,10
macro,M_1,0.543,0.9717722130906296,0.9450384746191819,0.9985059515620772,10
macro,M_1,0.544,0.9717907728530648,0.9450626018551405,0.9985189438509892,10
macro,M_1,0.545,0.9717907728530648,0.9450626018551405,0.9985189438509892,10
macro,M_1,0.546,0.971921189438766,0.9454395947369114,0.9984027841406207,10
macro,M_1,0.547,0.9721655628890806,0.9459206512355599,0.9984104745426013,10
macro,M_1,0.548,0.9721655628890806,0.9459206512355599,0.9984104745426013,10
macro,M_1,0.549,0.9723373841949225,0.9460053134524117,0.9986694549374334,10
macro,M_1,0.55,0.9723373841949225,0.9460053134524117,0.9986694549374334,10
macro,M_1,0.551,0.9723373841949225,0.9460053134524117,0.9986694549374334,10
macro,M_1,0.552,0.9725678007806238,0.9464771184356977,0.9986584831255498,10
macro,M_1,0.553,0.9726966667600052,0.9466448953163682,0.9987484382036422,10
macro,M_1,0.554,0.9726966667600052,0.9466448953163682,0.9987484382036422,10
macro,M_1,0.555,0.9726966667600052,0.9466448953163682,0.9987484382036422,10
macro,M_1,0.556,0.9728255327393868,0.9468094637130285,0.998841601765745,10
macro,M_1,0.557,0.9730255327393866,0.9469949959714102,0.999056069507363,10
macro,M_1,0.558,0.9730975788488967,0.9470546971618298,0.9991404605359636,10
macro,M_1,0.559,0.9730975788488967,0.9470546971618298,0.9991404605359636,10
macro,M_1,0.56,0.9730975788488967,0.9470546971618298,0.9991404605359636,10
macro,M_1,0.561,0.9733933386049394,0.9478214068101453,0.9989652703997335,10
macro,M_1,0.562,0.9733933386049394,0.9478214068101453,0.9989652703997335,10
macro,M_1,0.5630000000000001,0.9734653847144494,0.9478791685346413,0.9990516008942576,10
macro,M_1,0.5640000000000001,0.9734653847144494,0.9478791685346413,0.9990516008942576,10
macro,M_1,0.5650000000000001,0.9734653847144494,0.9478791685346413,0.9990516008942576,10
macro,M_1,0.5660000000000001,0.9734839444768845,0.9479029510814425,0.9990649378723264,10
macro,M_1,0.5670000000000001,0.9736193266692259,0.9482963012302602,0.9989423521081916,10
macro,M_1,0.5680000000000001,0.9737311834924922,0.9486500037444356,0.9988123632405488,10
macro,M_1,0.5690000000000001,0.9738430403157585,0.9490034832767227,0.9986825973547944,10
macro,M_1,0.5700000000000001,0.9738430403157585,0.9490034832767227,0.9986825973547944,10
macro,M_1,0.5710000000000001,0.9739598627456649,0.9493724094859368,0.998547316005393,10
macro,M_1,0.5720000000000001,0.9740717195689312,0.9497254124317956,0.9984180267060668,10
macro,M_1,0.5730000000000001,0.9742005855483127,0.9498916271209881,0.9985095439756373,10
macro,M_1,0.5740000000000001,0.9742005855483127,0.9498916271209881,0.9985095439756373,10
macro,M_1,0.5750000000000001,0.974312442371579,0.9502451006542766,0.9983797840888814,10
macro,M_1,0.5760000000000001,0.9744292648014854,0.9506140125185482,0.9982445170844226,10
macro,M_1,0.577,0.9744292648014854,0.9506140125185482,0.9982445170844226,10
macro,M_1,0.578,0.9744292648014854,0.9506140125185482,0.9982445170844226,10
macro,M_1,0.579,0.9744292648014854,0.9506140125185482,0.9982445170844226,10
macro,M_1,0.58,0.9744292648014854,0.9506140125185482,0.9982445170844226,10
macro,M_1,0.581,0.9744292648014854,0.9506140125185482,0.9982445170844226,10
macro,M_1,0.582,0.9745001867873011,0.9506567241935505,0.9983436493810517,10
macro,M_1,0.583,0.9745001867873011,0.9506567241935505,0.9983436493810517,10
macro,M_1,0.584,0.9745001867873011,0.9506567241935505,0.9983436493810517,10
macro,M_1,0.585,0.9746170092172075,0.9510252676857283,0.9982087507486868,10
macro,M_1,0.586,0.9748058777566243,0.9514510180929076,0.9981607374203411,10
macro,M_1,0.587,0.9749362943423254,0.9518276555957799,0.998044933088871,10
macro,M_1,0.588,0.9749362943423254,0.9518276555957799,0.998044933088871,10
macro,M_1,0.589,0.9749362943423254,0.9518276555957799,0.998044933088871,10
macro,M_1,0.59,0.9750362943423255,0.9519208900869026,0.9981516985977484,10
macro,M_1,0.591,0.9750362943423255,0.9519208900869026,0.9981516985977484,10
macro,M_1,0.592,0.9750362943423255,0.9519208900869026,0.9981516985977484,10
macro,M_1,0.593,0.9754140314211588,0.9527877506420247,0.9980403122002929,10
macro,M_1,0.594,0.9755140314211588,0.9528759095353122,0.9981521533070054,10
macro,M_1,0.595,0.9755140314211588,0.9528759095353122,0.9981521533070054,10
macro,M_1,0.596,0.9755860775306688,0.9529330505471804,0.9982391045141573,10
macro,M_1,0.597,0.9758197223904819,0.9536686796570489,0.9979707651239148,10
macro,M_1,0.598,0.9758382821529169,0.9536935148621739,0.9979830494436599,10
macro,M_1,0.599,0.9758382821529169,0.9536935148621739,0.9979830494436599,10
macro,M_1,0.6,0.9758382821529169,0.9536935148621739,0.9979830494436599,10
macro,M_1,0.601,0.9758382821529169,0.9536935148621739,0.9979830494436599,10
macro,M_1,0.602,0.9758568419153519,0.9537182722225935,0.9979954116081103,10
macro,M_1,0.603,0.9758568419153519,0.9537182722225935,0.9979954116081103,10
macro,M_1,0.604,0.975875401677787,0.9537429516729131,0.9980078516826608,10
macro,M_1,0.605,0.9760107838701286,0.9541354066248824,0.9978861611153749,10
macro,M_1,0.606,0.9760107838701286,0.9541354066248824,0.9978861611153749,10
macro,M_1,0.607,0.9760107838701286,0.9541354066248824,0.9978861611153749,10
macro,M_1,0.608,0.9760828299796387,0.9541916096597635,0.9979740502995139,10
macro,M_1,0.609,0.976194686802905,0.9545435677601914,0.9978458058456185,10
macro,M_1,0.61,0.9763324278497368,0.9546721311917317,0.997992724507742,10
macro,M_1,0.611,0.9763324278497368,0.9546721311917317,0.997992724507742,10
macro,M_1,0.612,0.9764937181723174,0.9547567102052099,0.998230726139425,10
macro,M_1,0.613,0.976622584151699,0.9549281099513441,0.9983170583520539,10
macro,M_1,0.614,0.9767344409749652,0.9552805540051967,0.9981883279447337,10
macro,M_1,0.615,0.9768633069543465,0.955448930203793,0.9982776837049001,10
macro,M_1,0.616,0.9768633069543465,0.955448930203793,0.9982776837049001,10
macro,M_1,0.617,0.9768633069543465,0.955448930203793,0.9982776837049001,10
macro,M_1,0.618,0.9770751637776127,0.9558907728208872,0.9982595547343383,10
macro,M_1,0.619,0.9772988774241453,0.956596254716241,0.9980015001320497,10
macro,M_1,0.62,0.9772988774241453,0.956596254716241,0.9980015001320497,10
macro,M_1,0.621,0.9772988774241453,0.956596254716241,0.9980015001320497,10
macro,M_1,0.622,0.9772988774241453,0.956596254716241,0.9980015001320497,10
macro,M_1,0.623,0.9774264284445534,0.956714121592413,0.9981387352966938,10
macro,M_1,0.624,0.9774264284445534,0.956714121592413,0.9981387352966938,10
macro,M_1,0.625,0.9776600733043666,0.9574502505469448,0.9978698960617883,10
macro,M_1,0.626,0.9778318946102085,0.9575271751114716,0.9981366141089454,10
macro,M_1,0.627,0.9779780934406178,0.9576298082738947,0.998326378607341,10
macro,M_1,0.628,0.9779780934406178,0.9576298082738947,0.998326378607341,10
macro,M_1,0.629,0.9779966532030528,0.957654597146614,0.9983387092594916,10
macro,M_1,0.63,0.9779966532030528,0.957654597146614,0.9983387092594916,10
macro,M_1,0.631,0.9782526022453393,0.9581329383133682,0.9983722661773103,10
macro,M_1,0.632,0.9782526022453393,0.9581329383133682,0.9983722661773103,10
macro,M_1,0.633,0.9782526022453393,0.9581329383133682,0.9983722661773103,10
macro,M_1,0.634,0.9786088325189202,0.9589678658857179,0.9982497991521224,10
macro,M_1,0.635,0.9788647815612066,0.9594342023227049,0.9982953607997083,10
macro,M_1,0.636,0.9788647815612066,0.9594342023227049,0.9982953607997083,10
macro,M_1,0.637,0.9789766383844727,0.959784894137438,0.9981683826315074,10
macro,M_1,0.638,0.9789951981469077,0.9598105056924091,0.9981798906014063,10
macro,M_1,0.639,0.9789951981469077,0.9598105056924091,0.9981798906014063,10
macro,M_1,0.64,0.9789951981469077,0.9598105056924091,0.9981798906014063,10
macro,M_1,0.641,0.9791951981469078,0.9599807547258278,0.9984096415679878,10
macro,M_1,0.642,0.9791951981469078,0.9599807547258278,0.9984096415679878,10
macro,M_1,0.643,0.9793227491673159,0.960095402284395,0.9985500960502367,10
macro,M_1,0.644,0.979394795276826,0.9601518745445089,0.9986377160091432,10
macro,M_1,0.645,0.979394795276826,0.9601518745445089,0.9986377160091432,10
macro,M_1,0.646,0.9795116177067327,0.9605185320992056,0.9985047033142598,10
macro,M_1,0.647,0.9795116177067327,0.9605185320992056,0.9985047033142598,10
macro,M_1,0.648,0.9798982156448769,0.9610388739371185,0.9987575573526353,10
macro,M_1,0.649,0.9801376234885513,0.9615050529487229,0.9987701940283796,10
macro,M_1,0.65,0.9802664894679328,0.9616710595275001,0.9988619194083656,10
macro,M_1,0.651,0.9802664894679328,0.9616710595275001,0.9988619194083656,10
macro,M_1,0.652,0.9802850492303679,0.9616945979355543,0.9988755005251814,10
macro,M_1,0.653,0.9803036089928028,0.9617180428320078,0.9988891751535978,10
macro,M_1,0.654,0.9804756551023128,0.9618586856619624,0.9990926245426632,10
macro,M_1,0.655,0.9805465770881285,0.9619050759135759,0.9991880782626812,10
macro,M_1,0.656,0.9808624906129906,0.9620906821983206,0.9996342990276605,10
macro,M_1,0.657,0.9808624906129906,0.9620906821983206,0.9996342990276605,10
macro,M_1,0.658,0.9809345367225006,0.9621438507328959,0.9997252227121054,10
macro,M_1,0.659,0.9810634027018821,0.9623061729062857,0.9998206324974784,10
macro,M_1,0.66,0.9811909537222903,0.9624178680929919,0.9999640393515886,10
macro,M_1,0.661,0.9811909537222903,0.9624178680929919,0.9999640393515886,10
macro,M_1,0.662,0.9814469027645767,0.9628932791244397,1.0,10
macro,M_1,0.663,0.9815637251944832,0.9632644347296935,0.9998630156592729,10
macro,M_1,0.664,0.9815822849569183,0.9632878445548523,0.9998767253589844,10
macro,M_1,0.665,0.9815822849569183,0.9632878445548523,0.9998767253589844,10
macro,M_1,0.666,0.9817284837873277,0.9633960762884632,1.0,10
macro,M_1,0.667,0.9819862157460906,0.963712351940039,1.0,10
macro,M_1,0.668,0.9821030381759972,0.9640851379052885,1.0,10
macro,M_1,0.669,0.9822319041553784,0.9642371543539354,1.0,10
macro,M_1,0.67,0.9822319041553784,0.9642371543539354,1.0,10
macro,M_1,0.671,0.9823039502648886,0.964290984366118,1.0,10
macro,M_1,0.672,0.98243281624427,0.9644385773100427,1.0,10
macro,M_1,0.673,0.9825496386741766,0.9648126960458138,1.0,10
macro,M_1,0.674,0.9826614954974427,0.9651707177408543,1.0,10
macro,M_1,0.675,0.982829031608014,0.9655917694153052,1.0,10
macro,M_1,0.676,0.982829031608014,0.9655917694153052,1.0,10
macro,M_1,0.677,0.9830731238270343,0.9657791634403582,1.0,10
macro,M_1,0.678,0.9832192346098776,0.9659136842156578,1.0,10
macro,M_1,0.679,0.9832192346098776,0.9659136842156578,1.0,10
macro,M_1,0.68,0.9832192346098776,0.9659136842156578,1.0,10
macro,M_1,0.681,0.9833310914331438,0.9662720867086764,1.0,10
macro,M_1,0.682,0.9833310914331438,0.9662720867086764,1.0,10
macro,M_1,0.683,0.9833310914331438,0.9662720867086764,1.0,10
macro,M_1,0.684,0.9835888233919066,0.9665557605747975,1.0,10
macro,M_1,0.685,0.9835888233919066,0.9665557605747975,1.0,10
macro,M_1,0.686,0.9835888233919066,0.9665557605747975,1.0,10
macro,M_1,0.687,0.9836073831543416,0.9665754196151264,1.0,10
macro,M_1,0.6880000000000001,0.9836073831543416,0.9665754196151264,1.0,10
macro,M_1,0.6890000000000001,0.9836073831543416,0.9665754196151264,1.0,10
macro,M_1,0.6900000000000001,0.9836073831543416,0.9665754196151264,1.0,10
macro,M_1,0.6910000000000001,0.9836073831543416,0.9665754196151264,1.0,10
macro,M_1,0.6920000000000001,0.9836783051401572,0.9666252579838017,1.0,10
macro,M_1,0.6930000000000001,0.9836783051401572,0.9666252579838017,1.0,10
macro,M_1,0.6940000000000001,0.9838058561605655,0.9667356415841514,1.0,10
macro,M_1,0.6950000000000001,0.9838058561605655,0.9667356415841514,1.0,10
macro,M_1,0.6960000000000001,0.9842046034409491,0.9675975807431306,1.0,10
macro,M_1,0.6970000000000001,0.9842046034409491,0.9675975807431306,1.0,10
macro,M_1,0.6980000000000001,0.9842046034409491,0.9675975807431306,1.0,10
macro,M_1,0.6990000000000001,0.9842755254267648,0.9676466087102235,1.0,10
macro,M_1,0.7000000000000001,0.9842940851891997,0.9676666125027871,1.0,10
macro,M_1,0.7010000000000001,0.9842940851891997,0.9676666125027871,1.0,10
macro,M_1,0.7020000000000001,0.9844109076191062,0.9680421300768632,1.0,10
macro,M_1,0.7030000000000001,0.9845277300490128,0.9684174666582538,1.0,10
macro,M_1,0.704,0.9845277300490128,0.9684174666582538,1.0,10
macro,M_1,0.705,0.9845277300490128,0.9684174666582538,1.0,10
macro,M_1,0.706,0.9850006412533834,0.9691147825946044,1.0,10
macro,M_1,0.707,0.9850006412533834,0.9691147825946044,1.0,10
macro,M_1,0.708,0.9850006412533834,0.9691147825946044,1.0,10
macro,M_1,0.709,0.9851124980766496,0.9694747090049671,1.0,10
macro,M_1,0.71,0.9851124980766496,0.9694747090049671,1.0,10
macro,M_1,0.711,0.9851124980766496,0.9694747090049671,1.0,10
macro,M_1,0.712,0.9854702300354126,0.969822738277275,1.0,10
macro,M_1,0.713,0.9854702300354126,0.969822738277275,1.0,10
macro,M_1,0.714,0.9855977810558206,0.9699275961843055,1.0,10
macro,M_1,0.715,0.98574397988623,0.9700339983005188,1.0,10
macro,M_1,0.716,0.985762539648665,0.9700522266429482,1.0,10
macro,M_1,0.717,0.9858900906690732,0.9701526435025288,1.0,10
macro,M_1,0.718,0.9859086504315082,0.9701708459454204,1.0,10
macro,M_1,0.719,0.9859086504315082,0.9701708459454204,1.0,10
macro,M_1,0.72,0.9859086504315082,0.9701708459454204,1.0,10
macro,M_1,0.721,0.9860205072547744,0.9705322789701675,1.0,10
macro,M_1,0.722,0.9860205072547744,0.9705322789701675,1.0,10
macro,M_1,0.723,0.986149373234156,0.9706560155275006,1.0,10
macro,M_1,0.724,0.9862612300574222,0.97101778810753,1.0,10
macro,M_1,0.725,0.9862612300574222,0.97101778810753,1.0,10
macro,M_1,0.726,0.9864899093105949,0.9717570615940123,1.0,10
macro,M_1,0.727,0.9864899093105949,0.9717570615940123,1.0,10
macro,M_1,0.728,0.9864899093105949,0.9717570615940123,1.0,10
macro,M_1,0.729,0.9864899093105949,0.9717570615940123,1.0,10
macro,M_1,0.73,0.9864899093105949,0.9717570615940123,1.0,10
macro,M_1,0.731,0.986561955420105,0.9718126861018885,1.0,10
macro,M_1,0.732,0.986561955420105,0.9718126861018885,1.0,10
macro,M_1,0.733,0.9866895064405131,0.9719090020046064,1.0,10
macro,M_1,0.734,0.9868063288704197,0.9722865386935403,1.0,10
macro,M_1,0.735,0.9869063288704197,0.9723740021403562,1.0,10
macro,M_1,0.736,0.987036745456121,0.9727535053783729,1.0,10
macro,M_1,0.737,0.9872944774148837,0.972989478797908,1.0,10
macro,M_1,0.738,0.9872944774148837,0.972989478797908,1.0,10
macro,M_1,0.739,0.9874112998447904,0.9733678882347596,1.0,10
macro,M_1,0.74,0.9874112998447904,0.9733678882347596,1.0,10
macro,M_1,0.741,0.9874112998447904,0.9733678882347596,1.0,10
macro,M_1,0.742,0.9874112998447904,0.9733678882347596,1.0,10
macro,M_1,0.743,0.9874298596072254,0.9733840068572501,1.0,10
macro,M_1,0.744,0.9875019057167356,0.9734394685069354,1.0,10
macro,M_1,0.745,0.987618728146642,0.9738178511610245,1.0,10
macro,M_1,0.746,0.9878355505765486,0.9742823881739049,1.0,10
macro,M_1,0.747,0.9880340235827724,0.9744270476783066,1.0,10
macro,M_1,0.748,0.9880340235827724,0.9744270476783066,1.0,10
macro,M_1,0.749,0.9880340235827724,0.9744270476783066,1.0,10
macro,M_1,0.75,0.9881340235827724,0.9745104472366386,1.0,10
macro,M_1,0.751,0.9884275244579086,0.9750402625877439,1.0,10
macro,M_1,0.752,0.9886163929973252,0.9754745761744358,1.0,10
macro,M_1,0.753,0.9886163929973252,0.9754745761744358,1.0,10
macro,M_1,0.754,0.9886163929973252,0.9754745761744358,1.0,10
macro,M_1,0.755,0.9888930084134359,0.9759627327954395,1.0,10
macro,M_1,0.756,0.9891098308433424,0.9764234811584943,1.0,10
macro,M_1,0.757,0.9891098308433424,0.9764234811584943,1.0,10
macro,M_1,0.758,0.9891098308433424,0.9764234811584943,1.0,10
macro,M_1,0.759,0.9891098308433424,0.9764234811584943,1.0,10
macro,M_1,0.76,0.9891098308433424,0.9764234811584943,1.0,10
macro,M_1,0.761,0.9892506759137649,0.9765383236143195,1.0,10
macro,M_1,0.762,0.9893412817857101,0.9766104138320336,1.0,10
macro,M_1,0.763,0.9893412817857101,0.9766104138320336,1.0,10
macro,M_1,0.764,0.9893412817857101,0.9766104138320336,1.0,10
macro,M_1,0.765,0.9893412817857101,0.9766104138320336,1.0,10
macro,M_1,0.766,0.9894531386089763,0.976973342285916,1.0,10
macro,M_1,0.767,0.9894716983714114,0.9769904106675391,1.0,10
macro,M_1,0.768,0.9897124211740589,0.9774683263383649,1.0,10
macro,M_1,0.769,0.9897124211740589,0.9774683263383649,1.0,10
macro,M_1,0.77,0.9897833431598746,0.9775206798734984,1.0,10
macro,M_1,0.771,0.9897833431598746,0.9775206798734984,1.0,10
macro,M_1,0.772,0.9899137597455759,0.9778999935482696,1.0,10
macro,M_1,0.773,0.9899137597455759,0.9778999935482696,1.0,10
macro,M_1,0.774,0.9899137597455759,0.9778999935482696,1.0,10
macro,M_1,0.775,0.9899137597455759,0.9778999935482696,1.0,10
macro,M_1,0.776,0.9899137597455759,0.9778999935482696,1.0,10
macro,M_1,0.777,0.9899137597455759,0.9778999935482696,1.0,10
macro,M_1,0.778,0.989932319508011,0.9779159508498939,1.0,10
macro,M_1,0.779,0.989932319508011,0.9779159508498939,1.0,10
macro,M_1,0.78,0.990059870528419,0.9780101138464796,1.0,10
macro,M_1,0.781,0.990059870528419,0.9780101138464796,1.0,10
macro,M_1,0.782,0.990059870528419,0.9780101138464796,1.0,10
macro,M_1,0.783,0.990059870528419,0.9780101138464796,1.0,10
macro,M_1,0.784,0.990059870528419,0.9780101138464796,1.0,10
macro,M_1,0.785,0.9901766929583257,0.9783894426225092,1.0,10
macro,M_1,0.786,0.9901766929583257,0.9783894426225092,1.0,10
macro,M_1,0.787,0.9901766929583257,0.9783894426225092,1.0,10
macro,M_1,0.788,0.9901766929583257,0.9783894426225092,1.0,10
macro,M_1,0.789,0.9902935153882322,0.9787686907532706,1.0,10
macro,M_1,0.79,0.9904053722114984,0.9791317379380956,1.0,10
macro,M_1,0.791,0.9907107547530991,0.979354517920642,1.0,10
macro,M_1,0.792,0.9908275771830057,0.9797334671946627,1.0,10
macro,M_1,0.793,0.9910797818052538,0.9805076074920728,1.0,10
macro,M_1,0.794,0.9910797818052538,0.9805076074920728,1.0,10
macro,M_1,0.795,0.9910797818052538,0.9805076074920728,1.0,10
macro,M_1,0.796,0.9910797818052538,0.9805076074920728,1.0,10
macro,M_1,0.797,0.991207332825662,0.9805963496765481,1.0,10
macro,M_1,0.798,0.9913191896489282,0.9809587814485095,1.0,10
macro,M_1,0.799,0.9913191896489282,0.9809587814485095,1.0,10
macro,M_1,0.8,0.9913191896489282,0.9809587814485095,1.0,10
macro,M_1,0.801,0.9913191896489282,0.9809587814485095,1.0,10
macro,M_1,0.802,0.9913191896489282,0.9809587814485095,1.0,10
macro,M_1,0.803,0.9913191896489282,0.9809587814485095,1.0,10
macro,M_1,0.804,0.9913191896489282,0.9809587814485095,1.0,10
macro,M_1,0.805,0.9914360120788348,0.9813371713673958,1.0,10
macro,M_1,0.806,0.9914545718412698,0.9813538378572648,1.0,10
macro,M_1,0.807,0.9914545718412698,0.9813538378572648,1.0,10
macro,M_1,0.808,0.9914545718412698,0.9813538378572648,1.0,10
macro,M_1,0.809,0.9914545718412698,0.9813538378572648,1.0,10
macro,M_1,0.81,0.9914545718412698,0.9813538378572648,1.0,10
macro,M_1,0.811,0.9915451777132149,0.9814211158712022,1.0,10
macro,M_1,0.812,0.9915451777132149,0.9814211158712022,1.0,10
macro,M_1,0.8130000000000001,0.9915451777132149,0.9814211158712022,1.0,10
macro,M_1,0.8140000000000001,0.99166373747565,0.9815237925284913,1.0,10
macro,M_1,0.8150000000000001,0.99166373747565,0.9815237925284913,1.0,10
macro,M_1,0.8160000000000001,0.9916822972380851,0.981540124289333,1.0,10
macro,M_1,0.8170000000000001,0.9916822972380851,0.981540124289333,1.0,10
macro,M_1,0.8180000000000001,0.9916822972380851,0.981540124289333,1.0,10
macro,M_1,0.8190000000000001,0.9917532192239007,0.9815936399760589,1.0,10
macro,M_1,0.8200000000000001,0.9918650760471669,0.9819563126163822,1.0,10
macro,M_1,0.8210000000000001,0.9918650760471669,0.9819563126163822,1.0,10
macro,M_1,0.8220000000000001,0.9918836358096019,0.9819726091680179,1.0,10
macro,M_1,0.8230000000000001,0.9918836358096019,0.9819726091680179,1.0,10
macro,M_1,0.8240000000000001,0.9920004582395083,0.9823513242247197,1.0,10
macro,M_1,0.8250000000000001,0.9920004582395083,0.9823513242247197,1.0,10
macro,M_1,0.8260000000000001,0.9920004582395083,0.9823513242247197,1.0,10
macro,M_1,0.8270000000000001,0.9920004582395083,0.9823513242247197,1.0,10
macro,M_1,0.8280000000000001,0.9920004582395083,0.9823513242247197,1.0,10
macro,M_1,0.8290000000000001,0.9921293242188899,0.9824599220159779,1.0,10
macro,M_1,0.8300000000000001,0.9921478839813249,0.9824748423836077,1.0,10
macro,M_1,0.8310000000000001,0.9921478839813249,0.9824748423836077,1.0,10
macro,M_1,0.8320000000000001,0.9921664437437601,0.9824895819571156,1.0,10
macro,M_1,0.833,0.9922783005670262,0.9828524574357759,1.0,10
macro,M_1,0.834,0.9922783005670262,0.9828524574357759,1.0,10
macro,M_1,0.835,0.9924492225528418,0.9829881705869513,1.0,10
macro,M_1,0.836,0.9926828674126549,0.9837462472147578,1.0,10
macro,M_1,0.837,0.9927828674126549,0.9838251091058142,1.0,10
macro,M_1,0.838,0.9928996898425615,0.9842040872707377,1.0,10
macro,M_1,0.839,0.9928996898425615,0.9842040872707377,1.0,10
macro,M_1,0.84,0.9931333347023745,0.9849616348485969,1.0,10
macro,M_1,0.841,0.9932501571322809,0.9853401771885633,1.0,10
macro,M_1,0.842,0.9932501571322809,0.9853401771885633,1.0,10
macro,M_1,0.843,0.9932501571322809,0.9853401771885633,1.0,10
macro,M_1,0.844,0.9933620139555472,0.9857024652045966,1.0,10
macro,M_1,0.845,0.9935028590259698,0.9858299426368963,1.0,10
macro,M_1,0.846,0.9936147158492361,0.9861928097192989,1.0,10
macro,M_1,0.847,0.9936147158492361,0.9861928097192989,1.0,10
macro,M_1,0.848,0.9937315382791425,0.9865716330104763,1.0,10
macro,M_1,0.849,0.9937315382791425,0.9865716330104763,1.0,10
macro,M_1,0.85,0.9937500980415775,0.9865870919413553,1.0,10
macro,M_1,0.851,0.9937500980415775,0.9865870919413553,1.0,10
macro,M_1,0.852,0.9939837429013906,0.9873443253964634,1.0,10
macro,M_1,0.853,0.9941299417317999,0.9874649132001039,1.0,10
macro,M_1,0.854,0.9941299417317999,0.9874649132001039,1.0,10
macro,M_1,0.855,0.9942467641617065,0.9878436942631541,1.0,10
macro,M_1,0.856,0.9943586209849729,0.9882061896844315,1.0,10
macro,M_1,0.857,0.9943771807474079,0.9882218979862559,1.0,10
macro,M_1,0.858,0.9943771807474079,0.9882218979862559,1.0,10
macro,M_1,0.859,0.9946484424035317,0.9887197301267048,1.0,10
macro,M_1,0.86,0.9947193643893473,0.9887714082325794,1.0,10
macro,M_1,0.861,0.9947193643893473,0.9887714082325794,1.0,10
macro,M_1,0.862,0.9947193643893473,0.9887714082325794,1.0,10
macro,M_1,0.863,0.9947193643893473,0.9887714082325794,1.0,10
macro,M_1,0.864,0.994790286375163,0.9888188363435791,1.0,10
macro,M_1,0.865,0.994790286375163,0.9888188363435791,1.0,10
macro,M_1,0.866,0.994790286375163,0.9888188363435791,1.0,10
macro,M_1,0.867,0.994790286375163,0.9888188363435791,1.0,10
macro,M_1,0.868,0.994790286375163,0.9888188363435791,1.0,10
macro,M_1,0.869,0.9949364852055723,0.9889274979747683,1.0,10
macro,M_1,0.87,0.9949364852055723,0.9889274979747683,1.0,10
macro,M_1,0.871,0.9952299860807085,0.9894381355275456,1.0,10
macro,M_1,0.872,0.9952299860807085,0.9894381355275456,1.0,10
macro,M_1,0.873,0.9952299860807085,0.9894381355275456,1.0,10
macro,M_1,0.874,0.9952299860807085,0.9894381355275456,1.0,10
macro,M_1,0.875,0.9952299860807085,0.9894381355275456,1.0,10
macro,M_1,0.876,0.9952299860807085,0.9894381355275456,1.0,10
macro,M_1,0.877,0.9952299860807085,0.9894381355275456,1.0,10
macro,M_1,0.878,0.9952299860807085,0.9894381355275456,1.0,10
macro,M_1,0.879,0.9952299860807085,0.9894381355275456,1.0,10
macro,M_1,0.88,0.9953468085106149,0.9898165563392002,1.0,10
macro,M_1,0.881,0.9954586653338812,0.9901786427211603,1.0,10
macro,M_1,0.882,0.9955307114433912,0.9902353206759943,1.0,10
macro,M_1,0.883,0.9955492712058263,0.9902521630640266,1.0,10
macro,M_1,0.884,0.9955492712058263,0.9902521630640266,1.0,10
macro,M_1,0.885,0.9956660936357329,0.9906303322338644,1.0,10
macro,M_1,0.886,0.9956660936357329,0.9906303322338644,1.0,10
macro,M_1,0.887,0.9956660936357329,0.9906303322338644,1.0,10
macro,M_1,0.888,0.9956660936357329,0.9906303322338644,1.0,10
macro,M_1,0.889,0.9957779504589992,0.9909921261419933,1.0,10
macro,M_1,0.89,0.9957779504589992,0.9909921261419933,1.0,10
macro,M_1,0.891,0.9957779504589992,0.9909921261419933,1.0,10
macro,M_1,0.892,0.9957779504589992,0.9909921261419933,1.0,10
macro,M_1,0.893,0.9957779504589992,0.9909921261419933,1.0,10
macro,M_1,0.894,0.9959668189984157,0.9914211734734187,1.0,10
macro,M_1,0.895,0.9960388651079258,0.9914670121290143,1.0,10
macro,M_1,0.896,0.9960388651079258,0.9914670121290143,1.0,10
macro,M_1,0.897,0.9960388651079258,0.9914670121290143,1.0,10
macro,M_1,0.898,0.9960388651079258,0.9914670121290143,1.0,10
macro,M_1,0.899,0.996150721931192,0.9918274674455343,1.0,10
macro,M_1,0.9,0.996150721931192,0.9918274674455343,1.0,10
macro,M_1,0.901,0.996150721931192,0.9918274674455343,1.0,10
macro,M_1,0.902,0.996150721931192,0.9918274674455343,1.0,10
macro,M_1,0.903,0.996150721931192,0.9918274674455343,1.0,10
macro,M_1,0.904,0.9962948141502121,0.9919515789428821,1.0,10
macro,M_1,0.905,0.9962948141502121,0.9919515789428821,1.0,10
macro,M_1,0.906,0.9962948141502121,0.9919515789428821,1.0,10
macro,M_1,0.907,0.9964116365801188,0.9923285271017883,1.0,10
macro,M_1,0.908,0.9965284590100254,0.9927049067402083,1.0,10
macro,M_1,0.909,0.9965284590100254,0.9927049067402083,1.0,10
macro,M_1,0.91,0.9966403158332915,0.9930646409678786,1.0,10
macro,M_1,0.911,0.9966403158332915,0.9930646409678786,1.0,10
macro,M_1,0.912,0.9966403158332915,0.9930646409678786,1.0,10
macro,M_1,0.913,0.9966588755957264,0.9930833840260708,1.0,10
macro,M_1,0.914,0.9967707324189927,0.993442709872539,1.0,10
macro,M_1,0.915,0.996882589242259,0.9938011310900037,0.9999640473945144,10
macro,M_1,0.916,0.9970101402626671,0.9939019583641714,1.0,10
macro,M_1,0.917,0.9971101402626672,0.9939757289743165,1.0,10
macro,M_1,0.918,0.9972219970859333,0.9943335207543046,1.0,10
macro,M_1,0.919,0.9972219970859333,0.9943335207543046,1.0,10
macro,M_1,0.92,0.9972219970859333,0.9943335207543046,1.0,10
macro,M_1,0.921,0.9972219970859333,0.9943335207543046,1.0,10
macro,M_1,0.922,0.9973628421563558,0.9944193462589445,1.0,10
macro,M_1,0.923,0.9973628421563558,0.9944193462589445,1.0,10
macro,M_1,0.924,0.9973628421563558,0.9944193462589445,1.0,10
macro,M_1,0.925,0.9973628421563558,0.9944193462589445,1.0,10
macro,M_1,0.926,0.9973814019187909,0.9944400544528857,1.0,10
macro,M_1,0.927,0.9973814019187909,0.9944400544528857,1.0,10
macro,M_1,0.928,0.9973814019187909,0.9944400544528857,1.0,10
macro,M_1,0.929,0.9973814019187909,0.9944400544528857,1.0,10
macro,M_1,0.93,0.9973814019187909,0.9944400544528857,1.0,10
macro,M_1,0.931,0.9973814019187909,0.9944400544528857,1.0,10
macro,M_1,0.932,0.9973814019187909,0.9944400544528857,1.0,10
macro,M_1,0.933,0.9973814019187909,0.9944400544528857,1.0,10
macro,M_1,0.934,0.9973814019187909,0.9944400544528857,1.0,10
macro,M_1,0.935,0.9974982243486975,0.9948112068528173,1.0,10
macro,M_1,0.936,0.9975982243486975,0.9948702183003679,1.0,10
macro,M_1,0.937,0.9977100811719637,0.9952221948129207,1.0,10
macro,M_1,0.938,0.9977100811719637,0.9952221948129207,1.0,10
macro,M_1,0.939,0.9977100811719637,0.9952221948129207,1.0,10
macro,M_1,0.94,0.9977100811719637,0.9952221948129207,1.0,10
macro,M_1,0.941,0.9977100811719637,0.9952221948129207,1.0,10
macro,M_1,0.942,0.9977810031577793,0.9952738923107752,1.0,10
macro,M_1,0.943,0.9979098691371607,0.9954125745733803,1.0,10
macro,M_1,0.944,0.9979098691371607,0.9954125745733803,1.0,10
macro,M_1,0.945,0.9979098691371607,0.9954125745733803,1.0,10
macro,M_1,0.946,0.9980266915670672,0.9957820066152293,1.0,10
macro,M_1,0.947,0.9981435139969739,0.9961484152701237,1.0,10
macro,M_1,0.948,0.9981435139969739,0.9961484152701237,1.0,10
macro,M_1,0.949,0.9981435139969739,0.9961484152701237,1.0,10
macro,M_1,0.95,0.9981435139969739,0.9961484152701237,1.0,10
macro,M_1,0.951,0.9981435139969739,0.9961484152701237,1.0,10
macro,M_1,0.952,0.9982839634351761,0.9963101483538376,1.0,10
macro,M_1,0.953,0.9983958202584423,0.9966649920009387,1.0,10
macro,M_1,0.954,0.9983958202584423,0.9966649920009387,1.0,10
macro,M_1,0.955,0.9983958202584423,0.9966649920009387,1.0,10
macro,M_1,0.956,0.9983958202584423,0.9966649920009387,1.0,10
macro,M_1,0.957,0.9983958202584423,0.9966649920009387,1.0,10
macro,M_1,0.958,0.9985126426883488,0.9970319890650013,0.9999932963116963,10
macro,M_1,0.959,0.9985126426883488,0.9970319890650013,0.9999932963116963,10
macro,M_1,0.96,0.9985126426883488,0.9970319890650013,0.9999932963116963,10
macro,M_1,0.961,0.9985126426883488,0.9970319890650013,0.9999932963116963,10
macro,M_1,0.962,0.9985126426883488,0.9970319890650013,0.9999932963116963,10
macro,M_1,0.963,0.9985126426883488,0.9970319890650013,0.9999932963116963,10
macro,M_1,0.964,0.9985126426883488,0.9970319890650013,0.9999932963116963,10
macro,M_1,0.965,0.9986294651182555,0.9973931068166931,0.9998658234198178,10
macro,M_1,0.966,0.9986294651182555,0.9973931068166931,0.9998658234198178,10
macro,M_1,0.967,0.9986294651182555,0.9973931068166931,0.9998658234198178,10
macro,M_1,0.968,0.9986294651182555,0.9973931068166931,0.9998658234198178,10
macro,M_1,0.969,0.9986294651182555,0.9973931068166931,0.9998658234198178,10
macro,M_1,0.97,0.9987003871040709,0.99743245256039,0.9999683216477518,10
macro,M_1,0.971,0.9988292530834524,0.9975593519401995,1.0,10
macro,M_1,0.972,0.9988292530834524,0.9975593519401995,1.0,10
macro,M_1,0.973,0.9988292530834524,0.9975593519401995,1.0,10
macro,M_1,0.974,0.9988292530834524,0.9975593519401995,1.0,10
macro,M_1,0.975,0.9988292530834524,0.9975593519401995,1.0,10
macro,M_1,0.976,0.9988292530834524,0.9975593519401995,1.0,10
macro,M_1,0.977,0.9988292530834524,0.9975593519401995,1.0,10
macro,M_1,0.978,0.9988292530834524,0.9975593519401995,1.0,10
macro,M_1,0.979,0.9988292530834524,0.9975593519401995,1.0,10
macro,M_1,0.98,0.9988292530834524,0.9975593519401995,1.0,10
macro,M_1,0.981,0.9988292530834524,0.9975593519401995,1.0,10
macro,M_1,0.982,0.9989460755133589,0.9979155261831442,0.9999766248435736,10
macro,M_1,0.983,0.9989460755133589,0.9979155261831442,0.9999766248435736,10
macro,M_1,0.984,0.9990814577057006,0.9982685109191562,0.9998944044922449,10
macro,M_1,0.985,0.9992515257329113,0.9984405835631898,1.0,10
macro,M_1,0.986,0.9993683481628179,0.9987672598618805,0.9999694364637554,10
macro,M_1,0.987,0.9993683481628179,0.9987672598618805,0.9999694364637554,10
macro,M_1,0.988,0.9994958991832261,0.998903302147316,1.0,10
macro,M_1,0.989,0.9996571895058068,0.9991271678148467,1.0,10
macro,M_1,0.99,0.9996571895058068,0.9991271678148467,1.0,10
macro,M_1,0.991,0.9996571895058068,0.9991271678148467,1.0,10
macro,M_1,0.992,0.9998908343656199,0.9997159854457749,1.0,10
macro,M_1,0.993,0.9999628804751299,0.9998789102760655,1.0,10
macro,M_1,0.994,0.9999628804751299,0.9998789102760655,1.0,10
macro,M_1,0.995,0.9999628804751299,0.9998789102760655,1.0,10
macro,M_1,0.996,0.9999628804751299,0.9998789102760655,1.0,10
macro,M_1,0.997,0.9999628804751299,0.9998789102760655,1.0,10
macro,M_1,0.998,0.9999628804751299,0.9998789102760655,1.0,10
macro,M_1,0.999,0.999981440237565,0.9999394551380327,1.0,10
macro,M_1,1.0,1.0,1.0,1.0,10
macro,M_rand,0.0,0.0,0.0,0.0,10
macro,M_rand,0.001,0.27937749755826446,0.10974628800805061,0.4490087071084783,10
macro,M_rand,0.002,0.32072370939010425,0.14323760913233843,0.4982098096478701,10
macro,M_rand,0.003,0.3524067483216092,0.17128770521805406,0.5335257914251643,10
macro,M_rand,0.004,0.3696738737189358,0.1893184931891283,0.5500292542487433,10
macro,M_rand,0.005,0.392178160303451,0.21286722579222836,0.5714890948146736,10
macro,M_rand,0.006,0.4071725349724907,0.22692599940898694,0.5874190705359944,10
macro,M_rand,0.007,0.42035614106573105,0.24118601940533585,0.5995262627261262,10
macro,M_rand,0.008,0.43521544526029554,0.25763912907965836,0.6127917614409327,10
macro,M_rand,0.009,0.4489724889614764,0.2744782348305834,0.6234667430923694,10
macro,M_rand,0.01,0.4606245870270579,0.28787281775506945,0.6333763562990463,10
macro,M_rand,0.011,0.46705728620882886,0.2945240725231587,0.639590499894499,10
macro,M_rand,0.012,0.47585292434255483,0.3046383791683033,0.6470674695168064,10
macro,M_rand,0.013,0.48721132804613393,0.3161027446261949,0.6583199114660729,10
macro,M_rand,0.014,0.49592652487599276,0.32621426142390353,0.665638788328082,10
macro,M_rand,0.015,0.5040101125180038,0.3350870701873808,0.6729331548486267,10
macro,M_rand,0.016,0.5126651573243486,0.345545847218528,0.6797844674301692,10
macro,M_rand,0.017,0.5194626539046665,0.35414996144912037,0.6847753463602126,10
macro,M_rand,0.018,0.5254222307445323,0.362385297891265,0.6884591635977997,10
macro,M_rand,0.019,0.5324864477134871,0.3711171756892599,0.6938557197377142,10
macro,M_rand,0.02,0.5402276808914686,0.3807295621217188,0.6997257996612183,10
macro,M_rand,0.021,0.5471790234363605,0.3886931714936649,0.7056648753790561,10
macro,M_rand,0.022,0.5534130449113492,0.39621777427046834,0.7106083155522301,10
macro,M_rand,0.023,0.5615837612933863,0.40798825104467523,0.7151792715420973,10
macro,M_rand,0.024,0.5676710079258054,0.41575904554852294,0.7195829703030878,10
macro,M_rand,0.025,0.572062198587678,0.4199613340882039,0.7241630630871522,10
macro,M_rand,0.026,0.5753344327474068,0.42415828514462683,0.7265105803501868,10
macro,M_rand,0.027,0.5797710503996278,0.4298357067089157,0.72970639409034,10
macro,M_rand,0.028,0.585158399543382,0.4371995215361837,0.7331172775505803,10
macro,M_rand,0.029,0.5909311026673045,0.4444115853523699,0.7374506199822392,10
macro,M_rand,0.03,0.596649035724295,0.451686528244763,0.7416115432038268,10
macro,M_rand,0.031,0.6016258323039219,0.45837481197107866,0.7448768526367651,10
macro,M_rand,0.032,0.60663755203472,0.4662394639117526,0.7470356401576874,10
macro,M_rand,0.033,0.6120353109200092,0.4742629679899025,0.7498076538501159,10
macro,M_rand,0.034,0.6158554591429819,0.47821948712047546,0.7534914311654883,10
macro,M_rand,0.035,0.6205802439475198,0.48413815154180073,0.7570223363532388,10
macro,M_rand,0.036,0.624777918567211,0.48897984680031537,0.7605759903341066,10
macro,M_rand,0.037,0.6277351263708589,0.4922007629715399,0.763269489770178,10
macro,M_rand,0.038,0.6323702488407343,0.49711415452120283,0.7676263431602659,10
macro,M_rand,0.039,0.6351756372813686,0.5010677107495043,0.7692835638132329,10
macro,M_rand,0.04,0.639163211578208,0.5056752040166155,0.7726512191398005,10
macro,M_rand,0.041,0.6420565995163959,0.5092887887182225,0.7748244103145694,10
macro,M_rand,0.042,0.6464120424178981,0.5148332675016787,0.7779908173341175,10
macro,M_rand,0.043,0.6496946090797195,0.5181330866879221,0.781256131471517,10
macro,M_rand,0.044,0.6523396093557942,0.5205279361474928,0.7841512825640955,10
macro,M_rand,0.045,0.6549821182583265,0.5239939908427281,0.7859702456739249,10
macro,M_rand,0.046,0.6586026276693979,0.5282026330752938,0.789002622263502,10
macro,M_rand,0.047,0.6623529996587806,0.5323948423182432,0.792311156999318,10
macro,M_rand,0.048,0.6644713098566465,0.535769612700037,0.793173007013256,10
macro,M_rand,0.049,0.667564279386218,0.539905141726297,0.795223417046139,10
macro,M_rand,0.05,0.6705781940305048,0.5442090369252724,0.7969473511357371,10
macro,M_rand,0.051,0.673088592589276,0.5470660636703032,0.7991111215082488,10
macro,M_rand,0.052,0.676015141054273,0.5508104302314176,0.8012198518771283,10
macro,M_rand,0.053,0.6791954190746622,0.5543107870028633,0.8040800511464611,10
macro,M_rand,0.054,0.6813414593593229,0.5568913374781544,0.8057915812404913,10
macro,M_rand,0.055,0.6844488218447763,0.5598434994794366,0.809054144210116,10
macro,M_rand,0.056,0.6872168766465192,0.5634769963137306,0.8109567569793078,10
macro,M_rand,0.057,0.6901848100640429,0.5670266494331657,0.81334297069492,10
macro,M_rand,0.058,0.6918209965452335,0.5686242224674889,0.8150177706229782,10
macro,M_rand,0.059,0.6932746162084351,0.5708035377826111,0.8157456946342592,10
macro,M_rand,0.06,0.6961047873906402,0.5750091564609788,0.8172004183203015,10
macro,M_rand,0.061,0.6983786724871334,0.5780186749730871,0.8187386700011796,10
macro,M_rand,0.062,0.7019332748044018,0.5823967758243789,0.8214697737844248,10
macro,M_rand,0.063,0.7051427613032333,0.58617870256233,0.8241068200441366,10
macro,M_rand,0.064,0.7075143808432779,0.5892887197273016,0.8257400419592542,10
macro,M_rand,0.065,0.7086735174433623,0.5910199371388722,0.8263270977478523,10
macro,M_rand,0.066,0.710314408349021,0.5937252647755238,0.8269035519225183,10
macro,M_rand,0.067,0.7126298171548344,0.5964380079005641,0.8288216264091047,10
macro,M_rand,0.068,0.7153803360487062,0.5997314242649981,0.8310292478324143,10
macro,M_rand,0.069,0.717629510563391,0.6033241934722724,0.8319348276545095,10
macro,M_rand,0.07,0.7204148499801388,0.606908941870934,0.8339207580893436,10
macro,M_rand,0.071,0.722078565172753,0.6089837804976064,0.8351733498478997,10
macro,M_rand,0.072,0.724705907111707,0.6125423961200666,0.8368694181033475,10
macro,M_rand,0.073,0.7255187999522441,0.6137773030594844,0.8372602968450038,10
macro,M_rand,0.074,0.7274246425207065,0.6162737061998411,0.8385755788415719,10
macro,M_rand,0.075,0.728274351518591,0.6174287798254909,0.839119923211691,10
macro,M_rand,0.076,0.7302347620932746,0.6198769392233618,0.8405925849631875,10
macro,M_rand,0.077,0.7318350488992287,0.6223314100387733,0.841338687759684,10
macro,M_rand,0.078,0.7341588472428461,0.6254285974832906,0.8428890970024016,10
macro,M_rand,0.079,0.7356843216332691,0.6268202413845342,0.8445484018820041,10
macro,M_rand,0.08,0.7380765490831352,0.6298905828012135,0.846262515365057,10
macro,M_rand,0.081,0.7395702823036469,0.6316392327851656,0.8475013318221281,10
macro,M_rand,0.082,0.7417599345353701,0.6348759638868748,0.8486439051838655,10
macro,M_rand,0.083,0.7441733224909035,0.6372327780539426,0.8511138669278644,10
macro,M_rand,0.084,0.7460718802022303,0.6393194597043609,0.8528243007000996,10
macro,M_rand,0.085,0.7479071447380713,0.6411929553111879,0.8546213341649547,10
macro,M_rand,0.086,0.7498625567893852,0.6437816912892245,0.8559434222895459,10
macro,M_rand,0.087,0.7507612116988076,0.6447958083848649,0.8567266150127503,10
macro,M_rand,0.088,0.7518035535731029,0.6458586298706227,0.8577484772755831,10
macro,M_rand,0.089,0.7527522893746516,0.6466498295189538,0.8588547492303493,10
macro,M_rand,0.09,0.7547694451634628,0.6489410037049879,0.8605978866219377,10
macro,M_rand,0.091,0.7569546064246838,0.6510663702302159,0.8628428426191518,10
macro,M_rand,0.092,0.7594751960047763,0.6537316035280633,0.8652187884814894,10
macro,M_rand,0.093,0.7618412909784367,0.6565052274031984,0.867177354553675,10
macro,M_rand,0.094,0.7635809505004516,0.6582560441055655,0.8689058568953377,10
macro,M_rand,0.095,0.7651520030573028,0.6597422554484187,0.8705617506661869,10
macro,M_rand,0.096,0.766615049833636,0.6619862682140321,0.87124383145324,10
macro,M_rand,0.097,0.7679442051257731,0.6636197263474338,0.8722686839041124,10
macro,M_rand,0.098,0.7697598753751854,0.6657614868478507,0.8737582639025201,10
macro,M_rand,0.099,0.7712167660892495,0.6672158909697081,0.8752176412087909,10
macro,M_rand,0.1,0.773051770163053,0.6695182363083892,0.8765853040177168,10
macro,M_rand,0.101,0.7740589791681262,0.6707925037225788,0.8773254546136735,10
macro,M_rand,0.102,0.7747009128123927,0.6720525567309301,0.8773492688938553,10
macro,M_rand,0.103,0.7755134062368447,0.6733147109443929,0.8777121015292966,10
macro,M_rand,0.104,0.7771011965008621,0.6747655058538289,0.8794368871478953,10
macro,M_rand,0.105,0.7787827347106206,0.6768986079288749,0.8806668614923664,10
macro,M_rand,0.106,0.779571680209888,0.6779029642148502,0.8812403962049258,10
macro,M_rand,0.107,0.7808833621312643,0.6793154154753889,0.8824513087871397,10
macro,M_rand,0.108,0.7824343242321373,0.6804582740522482,0.8844103744120264,10
macro,M_rand,0.109,0.7834880871989094,0.6821261072275171,0.8848500671703017,10
macro,M_rand,0.11,0.7846490707426271,0.6832143006926287,0.8860838407926256,10
macro,M_rand,0.111,0.7863496143657176,0.6856940502427992,0.887005178488636,10
macro,M_rand,0.112,0.7879296701974606,0.6876972504731352,0.888162089921786,10
macro,M_rand,0.113,0.7886956836303438,0.6886152731101263,0.8887760941505614,10
macro,M_rand,0.114,0.7898076398002815,0.6900875200794011,0.8895277595211618,10
macro,M_rand,0.115,0.7904407413439042,0.6911865950884928,0.8896948875993156,10
macro,M_rand,0.116,0.7917040632799217,0.6926240911989601,0.8907840353608834,10
macro,M_rand,0.117,0.7930898357966691,0.6942574666014888,0.8919222049918495,10
macro,M_rand,0.118,0.7939053729206004,0.6953914907946446,0.8924192550465562,10
macro,M_rand,0.119,0.7944465691149611,0.6956888375531061,0.8932043006768162,10
macro,M_rand,0.12,0.7954463189247527,0.6967165990285167,0.8941760388209887,10
macro,M_rand,0.121,0.796060485404738,0.6976239872873176,0.8944969835221583,10
macro,M_rand,0.122,0.7970218930747505,0.6983341101950123,0.8957096759544886,10
macro,M_rand,0.123,0.7977794772354213,0.6992863490500101,0.8962726054208325,10
macro,M_rand,0.124,0.7991042175617892,0.7007896452659743,0.897418789857604,10
macro,M_rand,0.125,0.8009177553559775,0.7037321806496665,0.8981033300622886,10
macro,M_rand,0.126,0.8014701102579108,0.7041301028182008,0.8988101176976209,10
macro,M_rand,0.127,0.8020441264255226,0.7046329872575346,0.8994552655935105,10
macro,M_rand,0.128,0.8033040008507826,0.7061126021267383,0.9004953995748268,10
macro,M_rand,0.129,0.8039852105519548,0.7069890687529222,0.9009813523509874,10
macro,M_rand,0.13,0.8052393298907516,0.7089819413467606,0.9014967184347427,10
macro,M_rand,0.131,0.8059587140335894,0.7099410210823054,0.9019764069848735,10
macro,M_rand,0.132,0.8071050848416496,0.7116472574435193,0.9025629122397798,10
macro,M_rand,0.133,0.8080617145398186,0.7126589536100354,0.9034644754696017,10
macro,M_rand,0.134,0.8082232423975793,0.7128249684302472,0.9036215163649113,10
macro,M_rand,0.135,0.8088862234416776,0.7140165127676807,0.9037559341156745,10
macro,M_rand,0.136,0.8104353238288663,0.7163412279172433,0.9045294197404893,10
macro,M_rand,0.137,0.811888647419096,0.7184121886926371,0.905365106145555,10
macro,M_rand,0.138,0.812322895902725,0.7186275411217489,0.9060182506837011,10
macro,M_rand,0.139,0.8127054626770038,0.7191615066606597,0.906249418693348,10
macro,M_rand,0.14,0.8127763846628195,0.7192036942887572,0.9063490750368819,10
macro,M_rand,0.141,0.813443206096571,0.7200471529711118,0.9068392592220301,10
macro,M_rand,0.142,0.8138588862478604,0.7203913115117749,0.9073264609839459,10
macro,M_rand,0.143,0.814410142931604,0.7209254602555568,0.9078948256076511,10
macro,M_rand,0.144,0.8150808447368727,0.7221070640177758,0.9080546254559696,10
macro,M_rand,0.145,0.8157667177277504,0.7228896092115558,0.9086438262439451,10
macro,M_rand,0.146,0.8163971894890276,0.7236678193090472,0.909126559669008,10
macro,M_rand,0.147,0.8171979131556597,0.7247969016686728,0.9095989246426466,10
macro,M_rand,0.148,0.8184807071365954,0.7265476842618754,0.9104137300113153,10
macro,M_rand,0.149,0.8188971308054904,0.7275026648776419,0.9102915967333389,10
macro,M_rand,0.15,0.8203073455362535,0.7296309420287072,0.9109837490437999,10
macro,M_rand,0.151,0.8213805437236694,0.7308852288525434,0.9118758585947955,10
macro,M_rand,0.152,0.821936309856229,0.7318331234633059,0.9120394962491521,10
macro,M_rand,0.153,0.8229086991901109,0.7331729431138887,0.9126444552663331,10
macro,M_rand,0.154,0.8239818506617986,0.7344372710999794,0.9135264302236179,10
macro,M_rand,0.155,0.824716109989106,0.7355596199017415,0.9138726000764706,10
macro,M_rand,0.156,0.8253777082332496,0.73666477392999,0.9140906425365093,10
macro,M_rand,0.157,0.8268729319464647,0.7387534195052649,0.9149924443876646,10
macro,M_rand,0.158,0.8272445792949632,0.7394994795362181,0.9149896790537083,10
macro,M_rand,0.159,0.8279359088335404,0.740334547818254,0.9155372698488268,10
macro,M_rand,0.16,0.8290169220961559,0.742296130423798,0.9157377137685137,10
macro,M_rand,0.161,0.8297215735423492,0.7431086728712633,0.9163344742134352,10
macro,M_rand,0.162,0.8304318820696543,0.7441303722797099,0.9167333918595988,10
macro,M_rand,0.163,0.8307372646112553,0.7444995061392339,0.9169750230832767,10
macro,M_rand,0.164,0.8317643993397897,0.7454258914251752,0.9181029072544042,10
macro,M_rand,0.165,0.8318812217696964,0.7457392294025128,0.9180232141368799,10
macro,M_rand,0.166,0.8327473007216405,0.7467156369489505,0.9187789644943305,10
macro,M_rand,0.167,0.834205945087397,0.748648838686754,0.9197630514880399,10
macro,M_rand,0.168,0.8354032646339924,0.7510765725757973,0.9197299566921875,10
macro,M_rand,0.169,0.8355503234575219,0.7511247948441344,0.9199758520709094,10
macro,M_rand,0.17,0.8359159941392578,0.7514502613396192,0.9203817269388963,10
macro,M_rand,0.171,0.8368202468244397,0.7527057230649264,0.9209347705839529,10
macro,M_rand,0.172,0.8376111836646605,0.7534815698111447,0.9217407975181763,10
macro,M_rand,0.173,0.8385421188825605,0.7542696769900151,0.9228145607751058,10
macro,M_rand,0.174,0.8391466635097913,0.7549255888665338,0.9233677381530487,10
macro,M_rand,0.175,0.8399799467608293,0.7565044523217846,0.923455441199874,10
macro,M_rand,0.176,0.8403639048691816,0.7567467708027847,0.9239810389355784,10
macro,M_rand,0.177,0.8410586563445301,0.758057664198488,0.9240596484905723,10
macro,M_rand,0.178,0.8412922303118009,0.7583046626064089,0.9242797980171928,10
macro,M_rand,0.179,0.8417254014089901,0.758830910308459,0.9246198925095213,10
macro,M_rand,0.18,0.842366530894554,0.7592733962772652,0.9254596655118429,10
macro,M_rand,0.181,0.8432438662381788,0.7602230199561856,0.9262647125201721,10
macro,M_rand,0.182,0.8440744929424406,0.7614817426057665,0.9266672432791148,10
macro,M_rand,0.183,0.8443581710715486,0.7618394744324142,0.9268768677106831,10
macro,M_rand,0.184,0.8449245359400279,0.7627452876628511,0.9271037842172047,10
macro,M_rand,0.185,0.8452311385045034,0.7629010754886373,0.9275612015203695,10
macro,M_rand,0.186,0.8453729824761347,0.7629718775423281,0.9277740874099413,10
macro,M_rand,0.187,0.8466765800481337,0.7649270617688687,0.9284260983273988,10
macro,M_rand,0.188,0.8477310659000181,0.7663758710589804,0.9290862607410558,10
macro,M_rand,0.189,0.8482844239393668,0.7667927170996665,0.9297761307790671,10
macro,M_rand,0.19,0.8490394422511105,0.7677883634084304,0.9302905210937906,10
macro,M_rand,0.191,0.8490765617759806,0.7678304870103925,0.9303226365415687,10
macro,M_rand,0.192,0.849351070580702,0.7684462045153658,0.9302559366460382,10
macro,M_rand,0.193,0.850360688016556,0.7702046703737689,0.930516705659343,10
macro,M_rand,0.194,0.8505984290633879,0.7704957011421664,0.9307011569846094,10
macro,M_rand,0.195,0.8511885984740303,0.7711109603981162,0.9312662365499443,10
macro,M_rand,0.196,0.851398219716112,0.7715248269797809,0.931271612452443,10
macro,M_rand,0.197,0.8516852800304578,0.7718439316598039,0.9315266284011118,10
macro,M_rand,0.198,0.8522831021694518,0.7728866032762463,0.9316796010626573,10
macro,M_rand,0.199,0.8528777289241232,0.7735481782476294,0.9322072796006169,10
macro,M_rand,0.2,0.8529672106723737,0.7736046022816605,0.9323298190630869,10
macro,M_rand,0.201,0.8532390282882091,0.7740613224775635,0.9324167340988546,10
macro,M_rand,0.202,0.8538372096419853,0.7749500915827761,0.9327243277011945,10
macro,M_rand,0.203,0.8540620735825775,0.7753381361426377,0.9327860110225172,10
macro,M_rand,0.204,0.8544994158683977,0.7760613297586832,0.9329375019781122,10
macro,M_rand,0.205,0.8549032986126501,0.7767980189040425,0.9330085783212577,10
macro,M_rand,0.206,0.8554496977227961,0.7774364336822274,0.9334629617633649,10
macro,M_rand,0.207,0.8555206197086118,0.777470909340524,0.9335703300766997,10
macro,M_rand,0.208,0.8562931395419916,0.778503378792124,0.9340829002918593,10
macro,M_rand,0.209,0.8569176006125021,0.7794692624341159,0.9343659387908884,10
macro,M_rand,0.21,0.8572863192369345,0.7799691285329409,0.9346035099409282,10
macro,M_rand,0.211,0.8580380033966574,0.7809548176378448,0.9351211891554699,10
macro,M_rand,0.212,0.8583731570953242,0.7816468325973089,0.9350994815933396,10
macro,M_rand,0.213,0.8584452032048343,0.7817404769298888,0.9351499294797798,10
macro,M_rand,0.214,0.8586870471764655,0.7820119360899256,0.9353621582630054,10
macro,M_rand,0.215,0.8594913759807546,0.7831605904770005,0.9358221614845088,10
macro,M_rand,0.216,0.860374994613456,0.7838866857149708,0.9368633035119412,10
macro,M_rand,0.217,0.8611196716881654,0.7846828062639531,0.9375565371123776,10
macro,M_rand,0.218,0.8616918878398915,0.7849535889388713,0.9384301867409116,10
macro,M_rand,0.219,0.8622344154067395,0.7856163208426037,0.9388525099708753,10
macro,M_rand,0.22,0.8626914654853627,0.7863801960182336,0.9390027349524918,10
macro,M_rand,0.221,0.8636176327512664,0.7872464887567148,0.9399887767458179,10
macro,M_rand,0.222,0.8644143307062004,0.7884681277255392,0.9403605336868617,10
macro,M_rand,0.223,0.8650170262209274,0.7892246729779522,0.9408093794639025,10
macro,M_rand,0.224,0.8660437149685272,0.7910600909402481,0.9410273389968062,10
macro,M_rand,0.225,0.8668300343732641,0.7916999355722999,0.9419601331742283,10
macro,M_rand,0.226,0.8672451709148807,0.7921794359216442,0.9423109059081173,10
macro,M_rand,0.227,0.8677968550746036,0.7927465410535719,0.9428471690956353,10
macro,M_rand,0.228,0.8683753847620513,0.7934665584231906,0.9432842111009121,10
macro,M_rand,0.229,0.8691031914915884,0.7946183766319571,0.9435880063512198,10
macro,M_rand,0.23,0.8691031914915884,0.7946183766319571,0.9435880063512198,10
macro,M_rand,0.231,0.8700013253168584,0.79600481436947,0.9439978362642467,10
macro,M_rand,0.232,0.8704282342254034,0.7963523066959703,0.9445041617548364,10
macro,M_rand,0.233,0.8708274267786387,0.7967814733980798,0.9448733801591975,10
macro,M_rand,0.234,0.8711652716661915,0.7975307343872804,0.9447998089451026,10
macro,M_rand,0.235,0.8713822412760773,0.7976551870003618,0.9451092955517929,10
macro,M_rand,0.236,0.8723423503850187,0.7989898509731026,0.9456948497969349,10
macro,M_rand,0.237,0.8729212851701966,0.7996251636782259,0.9462174066621674,10
macro,M_rand,0.238,0.8732821726226956,0.7998554375562322,0.9467089076891589,10
macro,M_rand,0.239,0.8740236469583914,0.801150427387462,0.9468968665293208,10
macro,M_rand,0.24,0.8742941660741252,0.8013546386665624,0.9472336934816881,10
macro,M_rand,0.241,0.8747304603553584,0.8021354970237837,0.9473254236869331,10
macro,M_rand,0.242,0.8754907417272569,0.8033452310109287,0.9476362524435852,10
macro,M_rand,0.243,0.8758138458541073,0.8039103099353305,0.947717381772884,10
macro,M_rand,0.244,0.8759764978355624,0.8041108836308543,0.9478421120402706,10
macro,M_rand,0.245,0.8761411683808407,0.8042330598523333,0.948049276909348,10
macro,M_rand,0.246,0.8765275340088283,0.805029719535452,0.9480253484822047,10
macro,M_rand,0.247,0.8770121623042876,0.8062359706640836,0.9477883539444916,10
macro,M_rand,0.248,0.877307249435267,0.8066764186009313,0.9479380802696026,10
macro,M_rand,0.249,0.8777233646764395,0.8071545117189441,0.9482922176339349,10
macro,M_rand,0.25,0.8780052895269167,0.8075318737656465,0.9484787052881869,10
macro,M_rand,0.251,0.8784491697111338,0.8082242641182701,0.9486740753039976,10
macro,M_rand,0.252,0.8786183318832075,0.8084326638583442,0.9488039999080707,10
macro,M_rand,0.253,0.8790177885670172,0.8089324750202942,0.9491031021137402,10
macro,M_rand,0.254,0.8796316547881519,0.8098652400681948,0.9493980695081089,10
macro,M_rand,0.255,0.8799361991525669,0.810403247204337,0.9494691511007969,10
macro,M_rand,0.256,0.8801769219552147,0.8108501170498457,0.9495037268605837,10
macro,M_rand,0.257,0.8803675278271598,0.8111686549934283,0.9495664006608913,10
macro,M_rand,0.258,0.8807374403041017,0.8118304693353611,0.9496444112728424,10
macro,M_rand,0.259,0.8809983549530284,0.8123154336482042,0.9496812762578525,10
macro,M_rand,0.26,0.8811169147154633,0.8125471380146423,0.9496866914162843,10
macro,M_rand,0.261,0.8818182603199265,0.8135391977071014,0.9500973229327516,10
macro,M_rand,0.262,0.8823950884937153,0.8143961486615527,0.9503940283258778,10
macro,M_rand,0.263,0.8829791969966372,0.8148640853941551,0.9510943085991193,10
macro,M_rand,0.264,0.8832128418564504,0.8154849093539699,0.950940774358931,10
macro,M_rand,0.265,0.8834999021707963,0.8159063152587587,0.951093489082834,10
macro,M_rand,0.266,0.8839073304726479,0.816742512208233,0.9510721487370628,10
macro,M_rand,0.267,0.8840361964520295,0.8168944877519189,0.9511779051521401,10
macro,M_rand,0.268,0.8847142622841098,0.8180477399409521,0.9513807846272674,10
macro,M_rand,0.269,0.8850489603750752,0.8185332269191853,0.9515646938309651,10
macro,M_rand,0.27,0.8853560554060061,0.8189480347477894,0.9517640760642229,10
macro,M_rand,0.271,0.8855327338512359,0.8190403535508786,0.9520251141515932,10
macro,M_rand,0.272,0.8856222155994864,0.8190961422952358,0.952148288903737,10
macro,M_rand,0.273,0.8863455078888766,0.8198254029786625,0.9528656127990907,10
macro,M_rand,0.274,0.8868931638394448,0.8206661233742621,0.9531202043046275,10
macro,M_rand,0.275,0.8871407642704903,0.8207921986373691,0.9534893299036115,10
macro,M_rand,0.276,0.8873644779170226,0.82138473576009,0.9533442200739551,10
macro,M_rand,0.277,0.8876904659813093,0.822033473494798,0.9533474584678205,10
macro,M_rand,0.278,0.8883266309492848,0.8226751435439645,0.953978118354605,10
macro,M_rand,0.279,0.8888213255779436,0.823438619250428,0.9542040319054591,10
macro,M_rand,0.28,0.8891287266833675,0.8235986886431904,0.9546587647235446,10
macro,M_rand,0.281,0.8896863020499717,0.8241636083067666,0.9552089957931768,10
macro,M_rand,0.282,0.8903239511390671,0.8249927031228381,0.9556551991552962,10
macro,M_rand,0.283,0.8904425109015023,0.8252260908196242,0.9556589309833804,10
macro,M_rand,0.284,0.8908512269658994,0.8256666334672489,0.9560358204645498,10
macro,M_rand,0.285,0.8912508028962934,0.826042383609697,0.9564592221828899,10
macro,M_rand,0.286,0.8915700880214112,0.8267542553521218,0.9563859206907007,10
macro,M_rand,0.287,0.8922909589918138,0.8282252721563858,0.9563566458272418,10
macro,M_rand,0.288,0.892435051210834,0.8285304137324427,0.9563396886892253,10
macro,M_rand,0.289,0.8930243814718407,0.8294909863133857,0.9565577766302957,10
macro,M_rand,0.29,0.8932739793419389,0.8298529690691753,0.9566949896147025,10
macro,M_rand,0.291,0.8935814684949289,0.8299702448808252,0.9571926921090327,10
macro,M_rand,0.292,0.8940649685576234,0.8307272658162318,0.957402671299015,10
macro,M_rand,0.293,0.8946670934701745,0.8312390208734541,0.9580951660668948,10
macro,M_rand,0.294,0.8954447309165611,0.8324545112033035,0.9584349506298186,10
macro,M_rand,0.295,0.8958362488773977,0.8330029594218634,0.9586695383329319,10
macro,M_rand,0.296,0.8960129273226274,0.8330965069066161,0.9589293477386387,10
macro,M_rand,0.297,0.8965432853749222,0.8339845403051336,0.9591020304447109,10
macro,M_rand,0.298,0.8969040287792968,0.8344319355878359,0.9593761219707576,10
macro,M_rand,0.299,0.8974731993867315,0.8352815320556751,0.959664866717788,10
macro,M_rand,0.3,0.8978788194635123,0.8359420061982648,0.9598156327287599,10
macro,M_rand,0.301,0.8981135175544777,0.8363519533107967,0.9598750817981586,10
macro,M_rand,0.302,0.8986481869055387,0.8372371114863789,0.9600592623246985,10
macro,M_rand,0.303,0.8989663437978919,0.8376337075375223,0.9602989800582614,10
macro,M_rand,0.304,0.8991137695397085,0.8378085714998129,0.960418967579604,10
macro,M_rand,0.305,0.8994628042780113,0.838205130222844,0.9607204783331785,10
macro,M_rand,0.306,0.8997373130827327,0.838832685983455,0.9606419401820105,10
macro,M_rand,0.307,0.8999491699059989,0.8393431724773045,0.9605551673346934,10
macro,M_rand,0.308,0.9003054707152659,0.8398570053049434,0.9607539361255883,10
macro,M_rand,0.309,0.9007899786363783,0.8402103955493901,0.9613695617233665,10
macro,M_rand,0.31,0.9009085383988132,0.8404456860252211,0.9613713907724054,10
macro,M_rand,0.311,0.9012423711161652,0.8407585102040311,0.9617262320282993,10
macro,M_rand,0.312,0.9013423711161652,0.840971576737671,0.9617131654946595,10
macro,M_rand,0.313,0.9013794906410354,0.8410152328245014,0.9617437484575694,10
macro,M_rand,0.314,0.9014980504034703,0.8412495175394101,0.9617465832675305,10
macro,M_rand,0.315,0.9020033450727537,0.8422474075756889,0.9617592825698185,10
macro,M_rand,0.316,0.9021507708145702,0.8424202548329168,0.9618812867962235,10
macro,M_rand,0.317,0.9022948630335904,0.8427276214333852,0.9618621046337956,10
macro,M_rand,0.318,0.9025575150150456,0.84326695808629,0.9618480719438011,10
macro,M_rand,0.319,0.9029879802412119,0.8435945220485942,0.9623814384338295,10
macro,M_rand,0.32,0.9031879802412117,0.8440162240870948,0.9623597363953287,10
macro,M_rand,0.321,0.9039276783042938,0.8453050256661552,0.9625503309424324,10
macro,M_rand,0.322,0.9045507953273393,0.8459607773458735,0.9631408133088051,10
macro,M_rand,0.323,0.9045693550897745,0.8459825640185028,0.9631561461610463,10
macro,M_rand,0.324,0.9049516439633282,0.8465272276352281,0.9633760602914282,10
macro,M_rand,0.325,0.9052200400541588,0.8466845952004826,0.963755484907835,10
macro,M_rand,0.326,0.9056113712887868,0.8474707504340091,0.9637519921435644,10
macro,M_rand,0.327,0.9057834173982968,0.847760325513612,0.9638065092829816,10
macro,M_rand,0.328,0.9060428222311545,0.8480691395538497,0.9640165049084594,10
macro,M_rand,0.329,0.9061148683406646,0.8481452334090058,0.9640845032723233,10
macro,M_rand,0.33,0.9063267251639309,0.8486569020374738,0.963996548290388,10
macro,M_rand,0.331,0.9070824792595106,0.850032054513624,0.9641329040053972,10
macro,M_rand,0.332,0.9073843573772251,0.8503828037985462,0.964385910955904,10
macro,M_rand,0.333,0.9079817475210609,0.8512113313979072,0.9647521636442146,10
macro,M_rand,0.334,0.9080003072834959,0.851233514293657,0.9647671002733348,10
macro,M_rand,0.335,0.9082987171309467,0.8515467662657403,0.965050667996153,10
macro,M_rand,0.336,0.9083696391167623,0.851578995031437,0.9651602832020876,10
macro,M_rand,0.337,0.9091569168336415,0.8531561671526696,0.9651576665146134,10
macro,M_rand,0.338,0.9099335006130108,0.853843616865017,0.9660233843610047,10
macro,M_rand,0.339,0.9104190339335805,0.8543697596935691,0.9664683081735919,10
macro,M_rand,0.34,0.9107922733632765,0.8549190535079035,0.9666654932186495,10
macro,M_rand,0.341,0.9114036953514267,0.8551671603906359,0.9676402303122176,10
macro,M_rand,0.342,0.9114408148762967,0.8552110488743527,0.9676705808782406,10
macro,M_rand,0.343,0.9120394705720555,0.8561850937407921,0.9678938474033189,10
macro,M_rand,0.344,0.9127652481042521,0.8573465895198249,0.9681839066886793,10
macro,M_rand,0.345,0.9130359580552648,0.8575657834068011,0.9685061327037285,10
macro,M_rand,0.346,0.913247814878531,0.8580758101714903,0.9684198195855718,10
macro,M_rand,0.347,0.9140276998300602,0.859534014141217,0.9685213855189033,10
macro,M_rand,0.348,0.9142565658094416,0.8598956160993588,0.9686175155195244,10
macro,M_rand,0.349,0.9144180936672022,0.8600266467467974,0.9688095405876069,10
macro,M_rand,0.35,0.9149053684293704,0.8605978591396848,0.9692128777190561,10
macro,M_rand,0.351,0.914976290415186,0.8606285135123657,0.9693240673180064,10
macro,M_rand,0.352,0.9151268928248246,0.8607857681066694,0.9694680175429798,10
macro,M_rand,0.353,0.9153605376846377,0.861416283034332,0.9693047923349433,10
macro,M_rand,0.354,0.915502381656269,0.8614762245936506,0.9695285387188873,10
macro,M_rand,0.355,0.915502381656269,0.8614762245936506,0.9695285387188873,10
macro,M_rand,0.356,0.915520941418704,0.8614984756912771,0.9695434071461309,10
macro,M_rand,0.357,0.915520941418704,0.8614984756912771,0.9695434071461309,10
macro,M_rand,0.358,0.915806926020684,0.8619910542217668,0.9696227978196013,10
macro,M_rand,0.359,0.9162210207354935,0.8627056172070913,0.9697364242638957,10
macro,M_rand,0.36,0.9167215212945081,0.8636178602239666,0.9698251823650497,10
macro,M_rand,0.361,0.9168935674040183,0.8639036619073821,0.9698834729006545,10
macro,M_rand,0.362,0.9172991118286294,0.8643639624054545,0.9702342612518043,10
macro,M_rand,0.363,0.9175326857959002,0.86471840975832,0.9703469618334803,10
macro,M_rand,0.364,0.9175326857959002,0.86471840975832,0.9703469618334803,10
macro,M_rand,0.365,0.9181250529623238,0.8650570597931508,0.9711930461314968,10
macro,M_rand,0.366,0.9183139215017405,0.8654457347002803,0.9711821083032007,10
macro,M_rand,0.367,0.9186483947890375,0.8658522118355552,0.9714445777425198,10
macro,M_rand,0.368,0.9187483947890376,0.8660607920398878,0.9714359975381873,10
macro,M_rand,0.369,0.9190996594559782,0.8667479620175285,0.9714513568944279,10
macro,M_rand,0.37,0.9195964535686871,0.8676303640018418,0.9715625431355325,10
macro,M_rand,0.371,0.9199524026109736,0.8684379135972391,0.971466891624708,10
macro,M_rand,0.372,0.9203784196804708,0.8689774666417492,0.9717793727191925,10
macro,M_rand,0.373,0.9209714546564062,0.8698481543788794,0.9720947549339329,10
macro,M_rand,0.374,0.9217218862925485,0.8709432546438366,0.9725005179412604,10
macro,M_rand,0.375,0.9220461370243067,0.8716674372965708,0.9724248367520426,10
macro,M_rand,0.376,0.9225811204556364,0.8728564089600142,0.9723058319512587,10
macro,M_rand,0.377,0.9226979428855431,0.8731682974058396,0.9722275883652466,10
macro,M_rand,0.378,0.9229423163358577,0.8735638269400899,0.9723208057316254,10
macro,M_rand,0.379,0.9230423163358579,0.8737752896320629,0.9723093430396529,10
macro,M_rand,0.38,0.923154173159124,0.8740732459073784,0.9722351004108695,10
macro,M_rand,0.381,0.9231727329215591,0.8740966408575437,0.9722488249855745,10
macro,M_rand,0.382,0.9233447790310692,0.8743815083692009,0.9723080496929374,10
macro,M_rand,0.383,0.9237192878357906,0.8750601370716322,0.972378438599949,10
macro,M_rand,0.384,0.9239933148507278,0.8753450111926977,0.9726416185087579,10
macro,M_rand,0.385,0.924065360960238,0.8754174182085025,0.9727133037119734,10
macro,M_rand,0.386,0.924281499288768,0.8756313632377588,0.9729316353397772,10
macro,M_rand,0.387,0.9244533205946099,0.875714222738643,0.9731924184505769,10
macro,M_rand,0.388,0.9247452650380721,0.8761599040551815,0.9733306260209627,10
macro,M_rand,0.389,0.9250110638161149,0.8768158266544641,0.9732063009777656,10
macro,M_rand,0.39,0.9250110638161149,0.8768158266544641,0.9732063009777656,10
macro,M_rand,0.391,0.9250831099256249,0.8768860402714022,0.9732801795798477,10
macro,M_rand,0.392,0.9250831099256249,0.8768860402714022,0.9732801795798477,10
macro,M_rand,0.393,0.9251202294504951,0.876932438978629,0.9733080199223612,10
macro,M_rand,0.394,0.9255715572228166,0.8777539486933781,0.9733891657522551,10
macro,M_rand,0.395,0.9260002364759892,0.8787901606001511,0.9732103123518272,10
macro,M_rand,0.396,0.9262370411783436,0.8789557796737278,0.9735183026829594,10
macro,M_rand,0.397,0.9264778862487661,0.8792447983766132,0.9737109741209191,10
macro,M_rand,0.398,0.926725125264374,0.8798745582809276,0.9735756922478204,10
macro,M_rand,0.399,0.926970813673662,0.880346335779726,0.9735952915675979,10
macro,M_rand,0.4,0.9274067746839745,0.880917109450283,0.973896439917666,10
macro,M_rand,0.401,0.9275421568763159,0.8812481458784319,0.9738361678741999,10
macro,M_rand,0.402,0.927751944032658,0.8814111142704537,0.9740927737948624,10
macro,M_rand,0.403,0.9280128586815847,0.8820322120865228,0.9739935052766465,10
macro,M_rand,0.404,0.928196761614361,0.8823956195460811,0.9739979036826409,10
macro,M_rand,0.405,0.928196761614361,0.8823956195460811,0.9739979036826409,10
macro,M_rand,0.406,0.9285753181773051,0.8826267159697354,0.9745239203848748,10
macro,M_rand,0.407,0.9287871750005714,0.8831386692019474,0.9744356807991954,10
macro,M_rand,0.408,0.9290708531296795,0.8835152465762903,0.9746264596830687,10
macro,M_rand,0.409,0.9295331063501232,0.8844828098565131,0.9745834028437333,10
macro,M_rand,0.41,0.9297499287800297,0.8850068247156722,0.9744930328443873,10
macro,M_rand,0.411,0.9305241456252347,0.8864165727166737,0.9746317185337956,10
macro,M_rand,0.412,0.930670256408078,0.8865279575687587,0.9748125552473973,10
macro,M_rand,0.413,0.9307821132313441,0.8868173242971646,0.9747469021655235,10
macro,M_rand,0.414,0.9309262054503643,0.8871359064707083,0.9747165044300203,10
macro,M_rand,0.415,0.9310262054503642,0.8873559821539301,0.9746964287467983,10
macro,M_rand,0.416,0.9311971274361799,0.8876050327835486,0.9747892220888111,10
macro,M_rand,0.417,0.9315058902004785,0.8880537420947656,0.9749580383061913,10
macro,M_rand,0.418,0.9320449176018922,0.8890348258721212,0.9750550093316632,10
macro,M_rand,0.419,0.9324691683336506,0.8899554846749103,0.9749828519923909,10
macro,M_rand,0.42,0.9327112824703715,0.890109773390258,0.975312791550485,10
macro,M_rand,0.421,0.9329193239810571,0.8904063776464554,0.9754322703156589,10
macro,M_rand,0.422,0.9330911452868991,0.8904883495012452,0.9756939410725529,10
macro,M_rand,0.423,0.9335549905885403,0.8911421034824561,0.9759678776946245,10
macro,M_rand,0.424,0.9336735503509754,0.8913846264424555,0.9759624742594953,10
macro,M_rand,0.425,0.9338798545291326,0.8917426174832996,0.9760170915749655,10
macro,M_rand,0.426,0.9341358035714189,0.8921726612755216,0.9760989458673162,10
macro,M_rand,0.427,0.9343246721108356,0.8925443103783145,0.9761050338433567,10
macro,M_rand,0.428,0.9344687643298556,0.8926803561688524,0.9762571724908587,10
macro,M_rand,0.429,0.9344687643298556,0.8926803561688524,0.9762571724908587,10
macro,M_rand,0.43,0.9345855867597622,0.8929824762033528,0.9761886973161716,10
macro,M_rand,0.431,0.9347233278065943,0.8930746871089243,0.9763719685042642,10
macro,M_rand,0.432,0.9347233278065943,0.8930746871089243,0.9763719685042642,10
macro,M_rand,0.433,0.9351072307393705,0.8938725503504943,0.9763419111282468,10
macro,M_rand,0.434,0.9353578331490091,0.894231538389633,0.9764841279083852,10
macro,M_rand,0.435,0.9356742527088338,0.8946841899687666,0.9766643154489009,10
macro,M_rand,0.436,0.935764858580779,0.8947743006467416,0.9767554165148163,10
macro,M_rand,0.437,0.9360002407731205,0.8953220718519499,0.9766784096942911,10
macro,M_rand,0.438,0.9362927247627801,0.8955593747968495,0.9770260747287107,10
macro,M_rand,0.439,0.9362927247627801,0.8955593747968495,0.9770260747287107,10
macro,M_rand,0.44,0.9364368169818004,0.8958760783336842,0.9769975556299165,10
macro,M_rand,0.441,0.936507738967616,0.895906031401669,0.9771094465335629,10
macro,M_rand,0.442,0.936507738967616,0.895906031401669,0.9771094465335629,10
macro,M_rand,0.443,0.9369266908218131,0.896603701682725,0.9772496799609013,10
macro,M_rand,0.444,0.9371876054707398,0.8970346716529557,0.9773405392885238,10
macro,M_rand,0.445,0.9373164714501213,0.8972077006768727,0.9774252422233699,10
macro,M_rand,0.446,0.9374882927559632,0.897290809633871,0.9776857758780555,10
macro,M_rand,0.447,0.9375592147417787,0.897320735851615,0.9777976936319425,10
macro,M_rand,0.448,0.9378711267406208,0.8974631178986847,0.9782791355825569,10
macro,M_rand,0.449,0.9380088677874528,0.8975552084906131,0.9784625270842926,10
macro,M_rand,0.45,0.9380088677874528,0.8975552084906131,0.9784625270842926,10
macro,M_rand,0.451,0.9381992488557298,0.8976615084167001,0.9787369892947595,10
macro,M_rand,0.452,0.9386066771575814,0.8984953628457524,0.9787179914694104,10
macro,M_rand,0.453,0.9386252369200164,0.8985203539945762,0.9787301198454567,10
macro,M_rand,0.454,0.9387252369200165,0.8987406559414329,0.9787098178986001,10
macro,M_rand,0.455,0.939013880655765,0.8991206693083245,0.9789070920032055,10
macro,M_rand,0.456,0.9394398542551358,0.8993844416533378,0.9794952668569338,10
macro,M_rand,0.457,0.9397128124535374,0.8996873721723825,0.9797382527346924,10
macro,M_rand,0.458,0.9399995298485055,0.9001160728776283,0.9798829868193828,10
macro,M_rand,0.459,0.9405392295540512,0.9008084371921622,0.9802700219159403,10
macro,M_rand,0.46,0.9405577893164863,0.9008333651711716,0.9802822134618009,10
macro,M_rand,0.461,0.9405577893164863,0.9008333651711716,0.9802822134618009,10
macro,M_rand,0.462,0.9406696461397525,0.9011213668314668,0.9802179254480381,10
macro,M_rand,0.463,0.9410457511347416,0.9019054012011364,0.9801861010683469,10
macro,M_rand,0.464,0.9411733021551498,0.9019878106124437,0.980358793697856,10
macro,M_rand,0.465,0.9412901245850565,0.9022863684338034,0.9802938807363095,10
macro,M_rand,0.466,0.9412901245850565,0.9022863684338034,0.9802938807363095,10
macro,M_rand,0.467,0.941530847387704,0.9027430340941863,0.9803186606812216,10
macro,M_rand,0.468,0.9419210544986376,0.9034439409750343,0.9803981680222409,10
macro,M_rand,0.469,0.9420396142610727,0.9036959723798897,0.9803832561422557,10
macro,M_rand,0.47,0.9421116603705828,0.9037613780042655,0.9804619427369001,10
macro,M_rand,0.471,0.9422284828004892,0.9040575862773442,0.9803993793236342,10
macro,M_rand,0.472,0.9423005289099994,0.9041223914530186,0.9804786663669801,10
macro,M_rand,0.473,0.9425887133480397,0.9047752228895198,0.9804022038065596,10
macro,M_rand,0.474,0.9428173926012124,0.9053567394624487,0.9802780457399762,10
macro,M_rand,0.475,0.9429068743494631,0.9054106243578723,0.9804031243410538,10
macro,M_rand,0.476,0.9429254341118982,0.9054356116677768,0.9804152565560197,10
macro,M_rand,0.477,0.9434058391082113,0.9058396686031822,0.9809720096132404,10
macro,M_rand,0.478,0.9436481125171788,0.9064305859076507,0.980865639126707,10
macro,M_rand,0.479,0.9437942233000219,0.9065352655961789,0.981053181003865,10
macro,M_rand,0.48,0.9437942233000219,0.9065352655961789,0.981053181003865,10
macro,M_rand,0.481,0.9439828510896678,0.9066448255670781,0.9813208766122575,10
macro,M_rand,0.482,0.9442388001319543,0.9070576348754437,0.9814199653884649,10
macro,M_rand,0.483,0.9444265445476765,0.9073803394121145,0.9814727496832385,10
macro,M_rand,0.484,0.9447920915323227,0.9078293671138321,0.9817548159508133,10
macro,M_rand,0.485,0.9453594945277937,0.9088651529545643,0.9818538361010231,10
macro,M_rand,0.486,0.9455035867468139,0.9091981774441107,0.9818089960495171,10
macro,M_rand,0.487,0.9457474541621658,0.9093398221154786,0.982155086208853,10
macro,M_rand,0.488,0.9461645909537862,0.9097834703168404,0.9825457115907321,10
macro,M_rand,0.489,0.946254072702037,0.9098378551887211,0.9826702902153529,10
macro,M_rand,0.49,0.9464708951319436,0.9103619348402134,0.9825798554236738,10
macro,M_rand,0.491,0.9464708951319436,0.9103619348402134,0.9825798554236738,10
macro,M_rand,0.492,0.9464708951319436,0.9103619348402134,0.9825798554236738,10
macro,M_rand,0.493,0.9464708951319436,0.9103619348402134,0.9825798554236738,10
macro,M_rand,0.494,0.9467318097808702,0.9109873953676232,0.9824762241941173,10
macro,M_rand,0.495,0.9468436666041364,0.9112673459807309,0.982419987227542,10
macro,M_rand,0.496,0.9472470413882392,0.9118723398454442,0.9826217429310342,10
macro,M_rand,0.497,0.9475647759070374,0.9123973553144362,0.9827321964996385,10
macro,M_rand,0.498,0.9476951924927386,0.912699839750409,0.9826905452350682,10
macro,M_rand,0.499,0.9476951924927386,0.912699839750409,0.9826905452350682,10
macro,M_rand,0.5,0.9479329335395705,0.9129900054756991,0.982875861603442,10
macro,M_rand,0.501,0.9480759016348964,0.9130810023676431,0.9830708009021497,10
macro,M_rand,0.502,0.9480759016348964,0.9130810023676431,0.9830708009021497,10
macro,M_rand,0.503,0.9482636460506184,0.9133980799631638,0.983129212138073,10
macro,M_rand,0.504,0.9485349077067422,0.9137701178404969,0.9832996975729875,10
macro,M_rand,0.505,0.9485534674691772,0.9137947428911578,0.9833121920471967,10
macro,M_rand,0.506,0.9485534674691772,0.9137947428911578,0.9833121920471967,10
macro,M_rand,0.507,0.9486255135786873,0.9138578009637165,0.9833932261936581,10
macro,M_rand,0.508,0.9489091917077955,0.9142104604633279,0.9836079229522632,10
macro,M_rand,0.509,0.9492421524662322,0.9149008273121552,0.9835834776203093,10
macro,M_rand,0.51,0.9492421524662322,0.9149008273121552,0.9835834776203093,10
macro,M_rand,0.511,0.949431021005649,0.9152497268062633,0.9836123152050348,10
macro,M_rand,0.512,0.9496598869850305,0.9156587840408313,0.9836609899292296,10
macro,M_rand,0.513,0.9501687377968949,0.9165676029843387,0.9837698726094511,10
macro,M_rand,0.514,0.9503870855245271,0.9167904436518373,0.983983727397217,10
macro,M_rand,0.515,0.9503870855245271,0.9167904436518373,0.983983727397217,10
macro,M_rand,0.516,0.9505591316340372,0.9170858255280346,0.9840324377400397,10
macro,M_rand,0.517,0.9506879976134186,0.9172549337277515,0.9841210614990857,10
macro,M_rand,0.518,0.9510007665255763,0.9177635690064023,0.9842379640447503,10
macro,M_rand,0.519,0.9512774449708059,0.9180853791704239,0.9844695107711879,10
macro,M_rand,0.52,0.9514935832993363,0.9182676414866684,0.9847195251120042,10
macro,M_rand,0.521,0.9514935832993363,0.9182676414866684,0.9847195251120042,10
macro,M_rand,0.522,0.9521014740827433,0.9188983038841412,0.9853046442813453,10
macro,M_rand,0.523,0.9522014740827431,0.9191323449709687,0.9852706031945175,10
macro,M_rand,0.524,0.9522200338451782,0.9191561578687233,0.985283909821633,10
macro,M_rand,0.525,0.9522920799546883,0.9192161579229038,0.9853680019864729,10
macro,M_rand,0.526,0.9524089023845947,0.9195086329616338,0.9853091718075557,10
macro,M_rand,0.527,0.9525807236904367,0.9195763490871635,0.9855850982937099,10
macro,M_rand,0.528,0.9526807236904368,0.9198103000372307,0.9855511473436428,10
macro,M_rand,0.529,0.9527807236904368,0.9200432359060955,0.985518211474778,10
macro,M_rand,0.53,0.9527807236904368,0.9200432359060955,0.985518211474778,10
macro,M_rand,0.531,0.9529946137715781,0.9201586319660923,0.985830595577064,10
macro,M_rand,0.532,0.9529946137715781,0.9201586319660923,0.985830595577064,10
macro,M_rand,0.533,0.9531834823109946,0.9205106124718556,0.9858563521501336,10
macro,M_rand,0.534,0.9532834823109946,0.9207434865426065,0.9858234780793826,10
macro,M_rand,0.535,0.9532834823109946,0.9207434865426065,0.9858234780793826,10
macro,M_rand,0.536,0.9533020420734296,0.9207676756379066,0.9858364085089526,10
macro,M_rand,0.537,0.9535461342924499,0.9213318700114161,0.9857603985734837,10
macro,M_rand,0.538,0.9541639575006624,0.9224851195719079,0.9858427954294169,10
macro,M_rand,0.539,0.9543926367538352,0.9230601792457604,0.98572509426191,10
macro,M_rand,0.54,0.9546367289728555,0.9236217858221696,0.9856516721235413,10
macro,M_rand,0.541,0.9546367289728555,0.9236217858221696,0.9856516721235413,10
macro,M_rand,0.542,0.9549282469336919,0.9241458400264173,0.9857106538409666,10
macro,M_rand,0.543,0.9551846639334816,0.9244047896692066,0.9859645381977565,10
macro,M_rand,0.544,0.9551846639334816,0.9244047896692066,0.9859645381977565,10
macro,M_rand,0.545,0.9554512709596951,0.9246658322579122,0.9862367096614779,10
macro,M_rand,0.546,0.9554698307221301,0.924689505485623,0.9862501559586372,10
macro,M_rand,0.547,0.9555986967015115,0.9248523181905973,0.9863450752124258,10
macro,M_rand,0.548,0.955758101534369,0.9249478897812825,0.9865683132874555,10
macro,M_rand,0.549,0.9560912131627916,0.9250931513024102,0.9870892750231729,10
macro,M_rand,0.55,0.9562353053818118,0.9254217079392664,0.9870489028243572,10
macro,M_rand,0.551,0.9564521278117184,0.9259482225833202,0.9869560330401166,10
macro,M_rand,0.552,0.9568189609464277,0.9264263705202355,0.98721155137262,10
macro,M_rand,0.553,0.9569802512690083,0.9265069295072617,0.987453573030755,10
macro,M_rand,0.554,0.9569802512690083,0.9265069295072617,0.987453573030755,10
macro,M_rand,0.555,0.9569802512690083,0.9265069295072617,0.987453573030755,10
macro,M_rand,0.556,0.9571106678547097,0.9268153915644366,0.9874059441449827,10
macro,M_rand,0.557,0.9572106678547095,0.927043967241288,0.9873773684681311,10
macro,M_rand,0.558,0.9573106678547095,0.9272713896776923,0.9873499460317268,10
macro,M_rand,0.559,0.9575131305499209,0.9276427283058993,0.9873835327939425,10
macro,M_rand,0.56,0.9576249873731871,0.9279274332516086,0.9873225414947656,10
macro,M_rand,0.561,0.9576249873731871,0.9279274332516086,0.9873225414947656,10
macro,M_rand,0.562,0.9576249873731871,0.9279274332516086,0.9873225414947656,10
macro,M_rand,0.5630000000000001,0.9576435471356222,0.927951212607358,0.9873358816638863,10
macro,M_rand,0.5640000000000001,0.9576621068980572,0.9279749335033101,0.9873492802928043,10
macro,M_rand,0.5650000000000001,0.9579943192064533,0.9283082992584464,0.9876803391544602,10
macro,M_rand,0.5660000000000001,0.9581569711879085,0.9286590993488437,0.9876548430269734,10
macro,M_rand,0.5670000000000001,0.9584150268415842,0.9290304427021772,0.9877996109809912,10
macro,M_rand,0.5680000000000001,0.9585335866040193,0.929280902834591,0.9877862703734477,10
macro,M_rand,0.5690000000000001,0.9586624525834007,0.9294457530478086,0.9878791521189927,10
macro,M_rand,0.5700000000000001,0.9586624525834007,0.9294457530478086,0.9878791521189927,10
macro,M_rand,0.5710000000000001,0.9586810123458356,0.9294692593811371,0.987892765310534,10
macro,M_rand,0.5720000000000001,0.9587530584553458,0.9295316788930278,0.9879744380176637,10
macro,M_rand,0.5730000000000001,0.9587530584553458,0.9295316788930278,0.9879744380176637,10
macro,M_rand,0.5740000000000001,0.9589987468646338,0.9299929892747243,0.9880045044545434,10
macro,M_rand,0.5750000000000001,0.9592274261178065,0.9305757172299237,0.9878791350056894,10
macro,M_rand,0.5760000000000001,0.9593900780992618,0.9307220781604952,0.9880580780380284,10
macro,M_rand,0.577,0.9595069005291682,0.9310181176082223,0.9879956834501141,10
macro,M_rand,0.578,0.9596344515495765,0.9311106306693155,0.9881582724298374,10
macro,M_rand,0.579,0.9596344515495765,0.9311106306693155,0.9881582724298374,10
macro,M_rand,0.58,0.9596344515495765,0.9311106306693155,0.9881582724298374,10
macro,M_rand,0.581,0.9599631054941549,0.9314584671917411,0.9884677437965687,10
macro,M_rand,0.582,0.9601781196989908,0.9316075228887758,0.9887487165092058,10
macro,M_rand,0.583,0.9602781196989907,0.9318391504637406,0.9887170889342408,10
macro,M_rand,0.584,0.9604056707193989,0.9319303178024951,0.9888810236363026,10
macro,M_rand,0.585,0.9604242304818339,0.9319530285288685,0.9888954324347993,10
macro,M_rand,0.586,0.960496276591344,0.9320125238866541,0.9889800292960338,10
macro,M_rand,0.587,0.960596276591344,0.9322431872406161,0.9889493659420718,10
macro,M_rand,0.588,0.960696276591344,0.9324726423388354,0.9889199108438527,10
macro,M_rand,0.589,0.960941965000632,0.9329292770266084,0.9889546529746556,10
macro,M_rand,0.59,0.960941965000632,0.9329292770266084,0.9889546529746556,10
macro,M_rand,0.591,0.960941965000632,0.9329292770266084,0.9889546529746556,10
macro,M_rand,0.592,0.9610419650006319,0.9331589782546028,0.988924951746661,10
macro,M_rand,0.593,0.961179084525502,0.9334324546490664,0.9889257144019377,10
macro,M_rand,0.594,0.9616809109245217,0.9343814420829851,0.9889803797660582,10
macro,M_rand,0.595,0.9620368599668081,0.9352284284534363,0.9888452914801799,10
macro,M_rand,0.596,0.9620554197292431,0.9352513129664701,0.9888595264920161,10
macro,M_rand,0.597,0.9620554197292431,0.9352513129664701,0.9888595264920161,10
macro,M_rand,0.598,0.9624402347509109,0.9360253563565757,0.9888551131452461,10
macro,M_rand,0.599,0.9626570571808175,0.9365535594889052,0.9887605548727298,10
macro,M_rand,0.6,0.9628133579900846,0.9366743760206606,0.9889523399595086,10
macro,M_rand,0.601,0.9629672999448612,0.9370185911958567,0.9889160086938656,10
macro,M_rand,0.602,0.9631961659242426,0.9374037731980024,0.9889885586504829,10
macro,M_rand,0.603,0.9634538978830054,0.9377055697242722,0.9892022260417386,10
macro,M_rand,0.604,0.963570720312912,0.9380058332192538,0.9891356074065702,10
macro,M_rand,0.605,0.963570720312912,0.9380058332192538,0.9891356074065702,10
macro,M_rand,0.606,0.9637875427428186,0.9385363144021276,0.9890387710835097,10
macro,M_rand,0.607,0.9638061025052537,0.9385577325666555,0.9890544724438518,10
macro,M_rand,0.608,0.9638246622676887,0.9385790812306823,0.9890702433046951,10
macro,M_rand,0.609,0.9638246622676887,0.9385790812306823,0.9890702433046951,10
macro,M_rand,0.61,0.9641687544867088,0.9391624045978191,0.9891751043755985,10
macro,M_rand,0.611,0.964187314249144,0.9391838549844691,0.9891907735138188,10
macro,M_rand,0.612,0.9644083367067904,0.9395759118416634,0.9892407615719173,10
macro,M_rand,0.613,0.9644083367067904,0.9395759118416634,0.9892407615719173,10
macro,M_rand,0.614,0.9645358877271984,0.9396661109730119,0.989405664481385,10
macro,M_rand,0.615,0.9646634387476066,0.9397530236946277,0.9895738538005856,10
macro,M_rand,0.616,0.9648042838180292,0.939829352063266,0.9897792155727924,10
macro,M_rand,0.617,0.9651163444556004,0.9402414108662783,0.9899912780449224,10
macro,M_rand,0.618,0.9653172565444919,0.940450466935256,0.9901840461537277,10
macro,M_rand,0.619,0.9653358163069269,0.9404715589693986,0.9902000736444552,10
macro,M_rand,0.62,0.9653358163069269,0.9404715589693986,0.9902000736444552,10
macro,M_rand,0.621,0.9657960468544774,0.9414218551405746,0.9901702385683802,10
macro,M_rand,0.622,0.9661075008076618,0.941858914451758,0.9903560871635657,10
macro,M_rand,0.623,0.9668230763852973,0.9427077949235514,0.9909383578470432,10
macro,M_rand,0.624,0.9669349332085636,0.9429980328468262,0.9908718335703011,10
macro,M_rand,0.625,0.9670069793180737,0.9430576620830974,0.99095629655305,10
macro,M_rand,0.626,0.9670069793180737,0.9430576620830974,0.99095629655305,10
macro,M_rand,0.627,0.967353178148483,0.9436104666323379,0.991095889664628,10
macro,M_rand,0.628,0.9676454877617356,0.943804884436196,0.9914860910872753,10
macro,M_rand,0.629,0.9676454877617356,0.943804884436196,0.9914860910872753,10
macro,M_rand,0.63,0.9676640475241707,0.9438252404122972,0.9915028546360442,10
macro,M_rand,0.631,0.9677360936336807,0.9438848334436711,0.9915873538236903,10
macro,M_rand,0.632,0.9678529160635871,0.9441894257789187,0.9915164063482556,10
macro,M_rand,0.633,0.9679817820429687,0.9443293894750202,0.9916341746109172,10
macro,M_rand,0.634,0.9680936388662349,0.9446200884623417,0.9915671892701281,10
macro,M_rand,0.635,0.968401128019225,0.9447871902327685,0.9920150658056814,10
macro,M_rand,0.636,0.968401128019225,0.9447871902327685,0.9920150658056814,10
macro,M_rand,0.637,0.968512984842491,0.9450762850972066,0.9919496845877754,10
macro,M_rand,0.638,0.9685315446049263,0.9450963988018524,0.9919666904080002,10
macro,M_rand,0.639,0.9689262392335849,0.9457859812594737,0.9920664972076961,10
macro,M_rand,0.64,0.9690724380639942,0.9458672626153922,0.9922776135125962,10
macro,M_rand,0.641,0.9690724380639942,0.9458672626153922,0.9922776135125962,10
macro,M_rand,0.642,0.9691999890844023,0.945953480492175,0.9924464976766296,10
macro,M_rand,0.643,0.9695242398161605,0.9466385793465641,0.9924099002857569,10
macro,M_rand,0.644,0.9697081427489369,0.9469840436924154,0.9924322418054584,10
macro,M_rand,0.645,0.9698970112883535,0.947339760486014,0.992454262090693,10
macro,M_rand,0.646,0.9699970112883536,0.9475750266224175,0.9924189959542896,10
macro,M_rand,0.647,0.9699970112883536,0.9475750266224175,0.9924189959542896,10
macro,M_rand,0.648,0.9700155710507886,0.947595734458359,0.9924354076432182,10
macro,M_rand,0.649,0.9700155710507886,0.947595734458359,0.9924354076432182,10
macro,M_rand,0.65,0.9700155710507886,0.947595734458359,0.9924354076432182,10
macro,M_rand,0.651,0.9700341308132236,0.9476163638682268,0.9924518977582205,10
macro,M_rand,0.652,0.9700341308132236,0.9476163638682268,0.9924518977582205,10
macro,M_rand,0.653,0.9700341308132236,0.9476163638682268,0.9924518977582205,10
macro,M_rand,0.654,0.9700526905756586,0.9476369148302979,0.9924684663210193,10
macro,M_rand,0.655,0.9702245118815005,0.9477114193650378,0.9927376043979632,10
macro,M_rand,0.656,0.970353377860882,0.9478524550012724,0.9928543007204917,10
macro,M_rand,0.657,0.9704242998466975,0.9478849581517079,0.9929636415416871,10
macro,M_rand,0.658,0.9704963459562077,0.9479408773741138,0.9930518145383016,10
macro,M_rand,0.659,0.9707296823882985,0.9480778664871007,0.9933814982894963,10
macro,M_rand,0.66,0.9709296823882985,0.9485449368486999,0.993314427927897,10
macro,M_rand,0.661,0.97105854836768,0.9486841313864471,0.9934329653489129,10
macro,M_rand,0.662,0.9711305944771901,0.9487384560122847,0.9935227329420955,10
macro,M_rand,0.663,0.9711305944771901,0.9487384560122847,0.9935227329420955,10
macro,M_rand,0.664,0.9711305944771901,0.9487384560122847,0.9935227329420955,10
macro,M_rand,0.665,0.9713865435194764,0.9493640846030813,0.9934090024358715,10
macro,M_rand,0.666,0.9713865435194764,0.9493640846030813,0.9934090024358715,10
macro,M_rand,0.667,0.9715865435194765,0.9498243293109478,0.9933487577280051,10
macro,M_rand,0.668,0.9715865435194765,0.9498243293109478,0.9933487577280051,10
macro,M_rand,0.669,0.9715865435194765,0.9498243293109478,0.9933487577280051,10
macro,M_rand,0.67,0.9716051032819115,0.9498443532120384,0.9933658533517846,10
macro,M_rand,0.671,0.9716051032819115,0.9498443532120384,0.9933658533517846,10
macro,M_rand,0.672,0.9716771493914216,0.9498978513876194,0.9934564473952238,10
macro,M_rand,0.673,0.9716771493914216,0.9498978513876194,0.9934564473952238,10
macro,M_rand,0.674,0.9721961196940239,0.950682692541819,0.9937095468462287,10
macro,M_rand,0.675,0.9723849882334404,0.9510364787485188,0.9937334977183621,10
macro,M_rand,0.676,0.9724035479958755,0.951056833990268,0.993750262001483,10
macro,M_rand,0.677,0.972604460084767,0.9512452730646129,0.993963647104921,10
macro,M_rand,0.678,0.9727333260641485,0.9513805924573955,0.9940860596709016,10
macro,M_rand,0.679,0.9729740488667961,0.951802391413705,0.9941457063198871,10
macro,M_rand,0.68,0.9729740488667961,0.951802391413705,0.9941457063198871,10
macro,M_rand,0.681,0.9729740488667961,0.951802391413705,0.9941457063198871,10
macro,M_rand,0.682,0.9731029148461776,0.9519301263248131,0.9942757033675421,10
macro,M_rand,0.683,0.9731029148461776,0.9519301263248131,0.9942757033675421,10
macro,M_rand,0.684,0.9731029148461776,0.9519301263248131,0.9942757033675421,10
macro,M_rand,0.685,0.9732029148461775,0.9521655507181267,0.9942402789742283,10
macro,M_rand,0.686,0.9734147716694437,0.9526916324705729,0.9941379108683145,10
macro,M_rand,0.687,0.9736844827192478,0.9529016691131781,0.9944672963253175,10
macro,M_rand,0.6880000000000001,0.9736844827192478,0.9529016691131781,0.9944672963253175,10
macro,M_rand,0.6890000000000001,0.9736844827192478,0.9529016691131781,0.9944672963253175,10
macro,M_rand,0.6900000000000001,0.9739120337396558,0.9532289032842786,0.9945951641950331,10
macro,M_rand,0.6910000000000001,0.9739120337396558,0.9532289032842786,0.9945951641950331,10
macro,M_rand,0.6920000000000001,0.9739120337396558,0.9532289032842786,0.9945951641950331,10
macro,M_rand,0.6930000000000001,0.9739120337396558,0.9532289032842786,0.9945951641950331,10
macro,M_rand,0.6940000000000001,0.9740288561695625,0.9535344430371261,0.9945232693019989,10
macro,M_rand,0.6950000000000001,0.9742682640132369,0.9539147354058432,0.9946217926206306,10
macro,M_rand,0.6960000000000001,0.9742682640132369,0.9539147354058432,0.9946217926206306,10
macro,M_rand,0.6970000000000001,0.9742682640132369,0.9539147354058432,0.9946217926206306,10
macro,M_rand,0.6980000000000001,0.9744036462055785,0.9542350388728009,0.9945722535383561,10
macro,M_rand,0.6990000000000001,0.9744036462055785,0.9542350388728009,0.9945722535383561,10
macro,M_rand,0.7000000000000001,0.9746477384245986,0.9548116252787747,0.9944838515704225,10
macro,M_rand,0.7010000000000001,0.9748591098486165,0.9549190582334459,0.994799161463787,10
macro,M_rand,0.7020000000000001,0.9749300318344322,0.9549528684389944,0.9949071952298699,10
macro,M_rand,0.7030000000000001,0.9749300318344322,0.9549528684389944,0.9949071952298699,10
macro,M_rand,0.704,0.9752118651002842,0.9553822190872836,0.9950415111132849,10
macro,M_rand,0.705,0.9752118651002842,0.9553822190872836,0.9950415111132849,10
macro,M_rand,0.706,0.9753407310796657,0.9555079373672867,0.9951735247920447,10
macro,M_rand,0.707,0.9753407310796657,0.9555079373672867,0.9951735247920447,10
macro,M_rand,0.708,0.9753407310796657,0.9555079373672867,0.9951735247920447,10
macro,M_rand,0.709,0.9754407310796657,0.9557391693049381,0.9951422928543933,10
macro,M_rand,0.71,0.9754407310796657,0.9557391693049381,0.9951422928543933,10
macro,M_rand,0.711,0.9755525879029319,0.9560345675584496,0.9950706082474141,10
macro,M_rand,0.712,0.9756930373411341,0.9561038241122665,0.9952822505700017,10
macro,M_rand,0.713,0.9757930373411341,0.9563348061795833,0.9952512685026849,10
macro,M_rand,0.714,0.975964858646976,0.9564146874544938,0.9955150298394583,10
macro,M_rand,0.715,0.976488595915735,0.9570418881418892,0.9959353036895808,10
macro,M_rand,0.716,0.9767004527390014,0.9575664915617729,0.99583441391623,10
macro,M_rand,0.717,0.976991970699838,0.9580351544330878,0.9959487869665882,10
macro,M_rand,0.718,0.9771038275231042,0.9583355108020281,0.9958721442441804,10
macro,M_rand,0.719,0.9772223872855392,0.958577890079717,0.9958668844913614,10
macro,M_rand,0.72,0.9773342441088054,0.9588783756463093,0.9957901125713016,10
macro,M_rand,0.721,0.9773342441088054,0.9588783756463093,0.9957901125713016,10
macro,M_rand,0.722,0.9773342441088054,0.9588783756463093,0.9957901125713016,10
macro,M_rand,0.723,0.9774461009320717,0.9591773039951801,0.9957148978689634,10
macro,M_rand,0.724,0.9776181470415818,0.9594582050333824,0.9957780890497812,10
macro,M_rand,0.725,0.977730003864848,0.9597572598885286,0.9957027478411674,10
macro,M_rand,0.726,0.977730003864848,0.9597572598885286,0.9957027478411674,10
macro,M_rand,0.727,0.977730003864848,0.9597572598885286,0.9957027478411674,10
macro,M_rand,0.728,0.977730003864848,0.9597572598885286,0.9957027478411674,10
macro,M_rand,0.729,0.9779018251706899,0.959822816345555,0.9959808339958248,10
macro,M_rand,0.73,0.97810182517069,0.9602716859844133,0.9959319643569667,10
macro,M_rand,0.731,0.9783582421704796,0.9604866526516288,0.9962298316893304,10
macro,M_rand,0.732,0.9786141912127659,0.9611089713383156,0.9961194110872162,10
macro,M_rand,0.733,0.9787582834317862,0.9614262305347093,0.996090336328863,10
macro,M_rand,0.734,0.9789471519712027,0.9617992472852778,0.9960950566571277,10
macro,M_rand,0.735,0.9790366337194534,0.9618530332194909,0.9962202342194159,10
macro,M_rand,0.736,0.9790366337194534,0.9618530332194909,0.9962202342194159,10
macro,M_rand,0.737,0.9790366337194534,0.9618530332194909,0.9962202342194159,10
macro,M_rand,0.738,0.9790366337194534,0.9618530332194909,0.9962202342194159,10
macro,M_rand,0.739,0.9791670503051547,0.9621734439049756,0.9961606567053338,10
macro,M_rand,0.74,0.9795736017570796,0.9629073148899463,0.996239888624213,10
macro,M_rand,0.741,0.9795736017570796,0.9629073148899463,0.996239888624213,10
macro,M_rand,0.742,0.9795736017570796,0.9629073148899463,0.996239888624213,10
macro,M_rand,0.743,0.9797113428039115,0.9630015932331305,0.9964210923746925,10
macro,M_rand,0.744,0.9797113428039115,0.9630015932331305,0.9964210923746925,10
macro,M_rand,0.745,0.9797113428039115,0.9630015932331305,0.9964210923746925,10
macro,M_rand,0.746,0.9797113428039115,0.9630015932331305,0.9964210923746925,10
macro,M_rand,0.747,0.9798726331264922,0.963082009498619,0.9966632567543654,10
macro,M_rand,0.748,0.9799726331264923,0.9633022875902266,0.996642978662758,10
macro,M_rand,0.749,0.9799726331264923,0.9633022875902266,0.996642978662758,10
macro,M_rand,0.75,0.9799726331264923,0.9633022875902266,0.996642978662758,10
macro,M_rand,0.751,0.9802999139813604,0.963519653836958,0.9970801741257628,10
macro,M_rand,0.752,0.9802999139813604,0.963519653836958,0.9970801741257628,10
macro,M_rand,0.753,0.9803370335062305,0.9635568244444356,0.9971172425680254,10
macro,M_rand,0.754,0.9803370335062305,0.9635568244444356,0.9971172425680254,10
macro,M_rand,0.755,0.9803370335062305,0.9635568244444356,0.9971172425680254,10
macro,M_rand,0.756,0.9805370335062304,0.9639916312464953,0.9970824357659656,10
macro,M_rand,0.757,0.9807857580609702,0.9641429549590264,0.9974285611629141,10
macro,M_rand,0.758,0.9807857580609702,0.9641429549590264,0.9974285611629141,10
macro,M_rand,0.759,0.9808566800467858,0.9641803285575701,0.9975330315360016,10
macro,M_rand,0.76,0.9809566800467859,0.9643945144381753,0.9975188456553966,10
macro,M_rand,0.761,0.9810842310671941,0.9644817868707252,0.9976866752636631,10
macro,M_rand,0.762,0.9813422867208695,0.9648920936122221,0.997792479829517,10
macro,M_rand,0.763,0.9813422867208695,0.9648920936122221,0.997792479829517,10
macro,M_rand,0.764,0.9814143328303796,0.9649420027030143,0.9978866629577449,10
macro,M_rand,0.765,0.9815143328303797,0.9651560751675516,0.9978725904932078,10
macro,M_rand,0.766,0.9816431988097613,0.9652870509044335,0.997999346715089,10
macro,M_rand,0.767,0.9817872910287813,0.9655920418478068,0.9979825402097557,10
macro,M_rand,0.768,0.9817872910287813,0.9655920418478068,0.9979825402097557,10
macro,M_rand,0.769,0.9817872910287813,0.9655920418478068,0.9979825402097557,10
macro,M_rand,0.77,0.9820041134586879,0.9661281574860493,0.9978800694313265,10
macro,M_rand,0.771,0.9821418545055198,0.9662191842374787,0.998064524773561,10
macro,M_rand,0.772,0.9822586769354263,0.9665449062568306,0.997972447614022,10
macro,M_rand,0.773,0.9826332313240957,0.9671216019872233,0.9981448606609682,10
macro,M_rand,0.774,0.9826332313240957,0.9671216019872233,0.9981448606609682,10
macro,M_rand,0.775,0.9827500537540024,0.9674449264545222,0.9980551810534826,10
macro,M_rand,0.776,0.9829498417191994,0.9676015668900897,0.9982981165483091,10
macro,M_rand,0.777,0.9830498417191993,0.967816944559929,0.9982827388784696,10
macro,M_rand,0.778,0.9832199097464102,0.9679333631603138,0.9985064563325066,10
macro,M_rand,0.779,0.9832919558559203,0.9679846861244785,0.9985992255873621,10
macro,M_rand,0.78,0.9834208218353018,0.9680996478479328,0.9987419958226708,10
macro,M_rand,0.781,0.9834393815977368,0.9681157492225131,0.9987630139729605,10
macro,M_rand,0.782,0.9834393815977368,0.9681157492225131,0.9987630139729605,10
macro,M_rand,0.783,0.9834393815977368,0.9681157492225131,0.9987630139729605,10
macro,M_rand,0.784,0.9835393815977369,0.9683294054695206,0.9987493577259532,10
macro,M_rand,0.785,0.9835393815977369,0.9683294054695206,0.9987493577259532,10
macro,M_rand,0.786,0.9835393815977369,0.9683294054695206,0.9987493577259532,10
macro,M_rand,0.787,0.9836288633459874,0.9683832493005915,0.9988744773913834,10
macro,M_rand,0.788,0.9836288633459874,0.9683832493005915,0.9988744773913834,10
macro,M_rand,0.789,0.9836288633459874,0.9683832493005915,0.9988744773913834,10
macro,M_rand,0.79,0.983745685775894,0.9687094643970662,0.9987819071547219,10
macro,M_rand,0.791,0.9838625082058006,0.969033926443298,0.9986910899683031,10
macro,M_rand,0.792,0.9838625082058006,0.969033926443298,0.9986910899683031,10
macro,M_rand,0.793,0.9838625082058006,0.969033926443298,0.9986910899683031,10
macro,M_rand,0.794,0.9839793306357072,0.9693565607604929,0.9986021005109215,10
macro,M_rand,0.795,0.9839793306357072,0.9693565607604929,0.9986021005109215,10
macro,M_rand,0.796,0.9841670750514293,0.969712800501884,0.9986213496009746,10
macro,M_rand,0.797,0.9842959410308106,0.9698229690599263,0.998768913001695,10
macro,M_rand,0.798,0.9842959410308106,0.9698229690599263,0.998768913001695,10
macro,M_rand,0.799,0.9842959410308106,0.9698229690599263,0.998768913001695,10
macro,M_rand,0.8,0.9843959410308107,0.9700427917513726,0.9987490903102488,10
macro,M_rand,0.801,0.9845077978540768,0.9703502695854378,0.9986653261227159,10
macro,M_rand,0.802,0.9847414427138899,0.970986481836819,0.9984964035909607,10
macro,M_rand,0.803,0.9847414427138899,0.970986481836819,0.9984964035909607,10
macro,M_rand,0.804,0.9848414427138901,0.9712103025454362,0.998472582882344,10
macro,M_rand,0.805,0.98494144271389,0.971431469991678,0.9984514154361019,10
macro,M_rand,0.806,0.98494144271389,0.971431469991678,0.9984514154361019,10
macro,M_rand,0.807,0.9850414427138899,0.9716499121546756,0.9984329732731043,10
macro,M_rand,0.808,0.985060002476325,0.971665628447895,0.998454376504755,10
macro,M_rand,0.809,0.9853427812854069,0.972225120681984,0.9984604418888298,10
macro,M_rand,0.81,0.9854596037153133,0.9725470934506757,0.9983721139799508,10
macro,M_rand,0.811,0.9854596037153133,0.9725470934506757,0.9983721139799508,10
macro,M_rand,0.812,0.9856882829684862,0.9731709339646958,0.9982056319722766,10
macro,M_rand,0.8130000000000001,0.9856882829684862,0.9731709339646958,0.9982056319722766,10
macro,M_rand,0.8140000000000001,0.9858721859012624,0.9735253143789966,0.9982190574235281,10
macro,M_rand,0.8150000000000001,0.9858721859012624,0.9735253143789966,0.9982190574235281,10
macro,M_rand,0.8160000000000001,0.9858721859012624,0.9735253143789966,0.9982190574235281,10
macro,M_rand,0.8170000000000001,0.9859907456636975,0.97376613945992,0.998215351867475,10
macro,M_rand,0.8180000000000001,0.9859907456636975,0.97376613945992,0.998215351867475,10
macro,M_rand,0.8190000000000001,0.9861796142031141,0.9741322956937511,0.998226932712477,10
macro,M_rand,0.8200000000000001,0.9862914710263804,0.9744320506505584,0.9981508914022024,10
macro,M_rand,0.8210000000000001,0.9863100307888153,0.9744481815267608,0.9981718800508698,10
macro,M_rand,0.8220000000000001,0.9864100307888153,0.9746753506392362,0.9981447109383944,10
macro,M_rand,0.8230000000000001,0.9865388967681967,0.9747836710791461,0.9982941224572474,10
macro,M_rand,0.8240000000000001,0.9865388967681967,0.9747836710791461,0.9982941224572474,10
macro,M_rand,0.8250000000000001,0.9867227997009731,0.9751331545190649,0.9983124448828813,10
macro,M_rand,0.8260000000000001,0.9867227997009731,0.9751331545190649,0.9983124448828813,10
macro,M_rand,0.8270000000000001,0.9868668919199933,0.9754596676846233,0.9982741161553633,10
macro,M_rand,0.8280000000000001,0.9870046329668252,0.9755563023023412,0.9984529636313091,10
macro,M_rand,0.8290000000000001,0.9870766790763353,0.9756039155845814,0.9985494425680893,10
macro,M_rand,0.8300000000000001,0.9871885358996015,0.9759056847117434,0.9984713870874596,10
macro,M_rand,0.8310000000000001,0.9873003927228678,0.9762049334765658,0.9983958519691699,10
macro,M_rand,0.8320000000000001,0.9874122495461339,0.9765015320163507,0.9983229670759172,10
macro,M_rand,0.833,0.9874122495461339,0.9765015320163507,0.9983229670759172,10
macro,M_rand,0.834,0.9874308093085691,0.976517109945052,0.9983445086720861,10
macro,M_rand,0.835,0.9876308093085691,0.9769767052950868,0.9982849133220513,10
macro,M_rand,0.836,0.9876308093085691,0.9769767052950868,0.9982849133220513,10
macro,M_rand,0.837,0.9876308093085691,0.9769767052950868,0.9982849133220513,10
macro,M_rand,0.838,0.9876308093085691,0.9769767052950868,0.9982849133220513,10
macro,M_rand,0.839,0.9876308093085691,0.9769767052950868,0.9982849133220513,10
macro,M_rand,0.84,0.988019274977904,0.9777000231818949,0.9983385267739131,10
macro,M_rand,0.841,0.988119274977904,0.9779231623926818,0.9983153875631261,10
macro,M_rand,0.842,0.9882481409572854,0.9780300741891854,0.9984662077253854,10
macro,M_rand,0.843,0.9884094312798661,0.9781211741683934,0.9986976883913389,10
macro,M_rand,0.844,0.9884814773893762,0.978168757394212,0.9987941973845403,10
macro,M_rand,0.845,0.9887103433687576,0.9784899522004179,0.9989307345370974,10
macro,M_rand,0.846,0.9887103433687576,0.9784899522004179,0.9989307345370974,10
macro,M_rand,0.847,0.9889439882285707,0.9791285352744608,0.9987594411826806,10
macro,M_rand,0.848,0.9889439882285707,0.9791285352744608,0.9987594411826806,10
macro,M_rand,0.849,0.989055845051837,0.9794300112655756,0.9986816788380983,10
macro,M_rand,0.85,0.989055845051837,0.9794300112655756,0.9986816788380983,10
macro,M_rand,0.851,0.989055845051837,0.9794300112655756,0.9986816788380983,10
macro,M_rand,0.852,0.989055845051837,0.9794300112655756,0.9986816788380983,10
macro,M_rand,0.853,0.989055845051837,0.9794300112655756,0.9986816788380983,10
macro,M_rand,0.854,0.989055845051837,0.9794300112655756,0.9986816788380983,10
macro,M_rand,0.855,0.989155845051837,0.9796563718774863,0.9986553182261876,10
macro,M_rand,0.856,0.989155845051837,0.9796563718774863,0.9986553182261876,10
macro,M_rand,0.857,0.989155845051837,0.9796563718774863,0.9986553182261876,10
macro,M_rand,0.858,0.989155845051837,0.9796563718774863,0.9986553182261876,10
macro,M_rand,0.859,0.989155845051837,0.9796563718774863,0.9986553182261876,10
macro,M_rand,0.86,0.989155845051837,0.9796563718774863,0.9986553182261876,10
macro,M_rand,0.861,0.9892726674817434,0.979971413582427,0.9985739213810597,10
macro,M_rand,0.862,0.9893912272441785,0.9802114824169572,0.9985709720713998,10
macro,M_rand,0.863,0.9893912272441785,0.9802114824169572,0.9985709720713998,10
macro,M_rand,0.864,0.9896541604569282,0.9806203119585954,0.998688008955261,10
macro,M_rand,0.865,0.9896541604569282,0.9806203119585954,0.998688008955261,10
macro,M_rand,0.866,0.9897660172801943,0.98091880703813,0.9986132275222587,10
macro,M_rand,0.867,0.9898828397101009,0.9812269516453112,0.9985387277748907,10
macro,M_rand,0.868,0.9898828397101009,0.9812269516453112,0.9985387277748907,10
macro,M_rand,0.869,0.9900182219024426,0.9815452082277114,0.9984912355771738,10
macro,M_rand,0.87,0.9900182219024426,0.9815452082277114,0.9984912355771738,10
macro,M_rand,0.871,0.9900182219024426,0.9815452082277114,0.9984912355771738,10
macro,M_rand,0.872,0.9900182219024426,0.9815452082277114,0.9984912355771738,10
macro,M_rand,0.873,0.9901350443323491,0.9818452843715348,0.9984248042931634,10
macro,M_rand,0.874,0.990306865638191,0.9819126403637666,0.9987010909126155,10
macro,M_rand,0.875,0.9904068656381909,0.9821526845366104,0.9986610467397714,10
macro,M_rand,0.876,0.9904068656381909,0.9821526845366104,0.9986610467397714,10
macro,M_rand,0.877,0.9904254254006262,0.9821668877657702,0.9986839630354821,10
macro,M_rand,0.878,0.9904254254006262,0.9821668877657702,0.9986839630354821,10
macro,M_rand,0.879,0.9904439851630611,0.9821808799614953,0.9987070903646269,10
macro,M_rand,0.88,0.9904439851630611,0.9821808799614953,0.9987070903646269,10
macro,M_rand,0.881,0.9904439851630611,0.9821808799614953,0.9987070903646269,10
macro,M_rand,0.882,0.9904439851630611,0.9821808799614953,0.9987070903646269,10
macro,M_rand,0.883,0.9905608075929676,0.9824796132210332,0.998642001964902,10
macro,M_rand,0.884,0.9905608075929676,0.9824796132210332,0.998642001964902,10
macro,M_rand,0.885,0.9905793673554028,0.9824934397012299,0.9986652950095756,10
macro,M_rand,0.886,0.9905793673554028,0.9824934397012299,0.9986652950095756,10
macro,M_rand,0.887,0.9906961897853093,0.982787572125815,0.9986048074448035,10
macro,M_rand,0.888,0.9908237408057173,0.9828598242509364,0.9987876573604982,10
macro,M_rand,0.889,0.9909526067850989,0.982951563015799,0.9989536505543988,10
macro,M_rand,0.89,0.9911955748804246,0.9832809138612905,0.9991102358995588,10
macro,M_rand,0.891,0.9911955748804246,0.9832809138612905,0.9991102358995588,10
macro,M_rand,0.892,0.9911955748804246,0.9832809138612905,0.9991102358995588,10
macro,M_rand,0.893,0.991412397310331,0.9838189278141393,0.9990058668065228,10
macro,M_rand,0.894,0.9915123973103311,0.9840595653831706,0.9989652292374916,10
macro,M_rand,0.895,0.9917585961407405,0.9844251223414622,0.9990920699400188,10
macro,M_rand,0.896,0.9917585961407405,0.9844251223414622,0.9990920699400188,10
macro,M_rand,0.897,0.9917585961407405,0.9844251223414622,0.9990920699400188,10
macro,M_rand,0.898,0.9917585961407405,0.9844251223414622,0.9990920699400188,10
macro,M_rand,0.899,0.9920026883597606,0.9849845895922194,0.9990207871273018,10
macro,M_rand,0.9,0.9920026883597606,0.9849845895922194,0.9990207871273018,10
macro,M_rand,0.901,0.9920026883597606,0.9849845895922194,0.9990207871273018,10
macro,M_rand,0.902,0.9922188266882909,0.985349772828887,0.9990878805476947,10
macro,M_rand,0.903,0.9922188266882909,0.985349772828887,0.9990878805476947,10
macro,M_rand,0.904,0.9922188266882909,0.985349772828887,0.9990878805476947,10
macro,M_rand,0.905,0.9922188266882909,0.985349772828887,0.9990878805476947,10
macro,M_rand,0.906,0.9923596717587134,0.9854624287343342,0.9992569147830926,10
macro,M_rand,0.907,0.9923596717587134,0.9854624287343342,0.9992569147830926,10
macro,M_rand,0.908,0.9924715285819795,0.9857689608137195,0.9991740963502396,10
macro,M_rand,0.909,0.9926603971213963,0.9861308712175725,0.9991899230252201,10
macro,M_rand,0.91,0.9929012421918187,0.9864535685028557,0.9993489158807818,10
macro,M_rand,0.911,0.9929012421918187,0.9864535685028557,0.9993489158807818,10
macro,M_rand,0.912,0.9929012421918187,0.9864535685028557,0.9993489158807818,10
macro,M_rand,0.913,0.9929012421918187,0.9864535685028557,0.9993489158807818,10
macro,M_rand,0.914,0.9929012421918187,0.9864535685028557,0.9993489158807818,10
macro,M_rand,0.915,0.9929012421918187,0.9864535685028557,0.9993489158807818,10
macro,M_rand,0.916,0.9929732883013289,0.986496827032861,0.9994497495697968,10
macro,M_rand,0.917,0.9929732883013289,0.986496827032861,0.9994497495697968,10
macro,M_rand,0.918,0.9930901107312353,0.986812792717702,0.9993674287447687,10
macro,M_rand,0.919,0.993206933161142,0.9871237949639409,0.999290071358343,10
macro,M_rand,0.92,0.9933237555910484,0.9874293432190122,0.9992181679630845,10
macro,M_rand,0.921,0.993440578020955,0.9877288968236952,0.9991522592182147,10
macro,M_rand,0.922,0.993440578020955,0.9877288968236952,0.9991522592182147,10
macro,M_rand,0.923,0.993440578020955,0.9877288968236952,0.9991522592182147,10
macro,M_rand,0.924,0.9937405780209551,0.9884266360771959,0.9990545199647142,10
macro,M_rand,0.925,0.9937405780209551,0.9884266360771959,0.9990545199647142,10
macro,M_rand,0.926,0.9937405780209551,0.9884266360771959,0.9990545199647142,10
macro,M_rand,0.927,0.9937405780209551,0.9884266360771959,0.9990545199647142,10
macro,M_rand,0.928,0.9938524348442213,0.9887240757185499,0.9989807939698926,10
macro,M_rand,0.929,0.9938524348442213,0.9887240757185499,0.9989807939698926,10
macro,M_rand,0.93,0.9939642916674876,0.9890155330522953,0.9989130502826798,10
macro,M_rand,0.931,0.9939642916674876,0.9890155330522953,0.9989130502826798,10
macro,M_rand,0.932,0.9940761484907537,0.9893003331142555,0.9988519638672518,10
macro,M_rand,0.933,0.9943097933505667,0.9898703573337774,0.998749229367356,10
macro,M_rand,0.934,0.994421650173833,0.9901295258970652,0.9987137744506008,10
macro,M_rand,0.935,0.994421650173833,0.9901295258970652,0.9987137744506008,10
macro,M_rand,0.936,0.9945505161532144,0.9902288664571962,0.9988721658492327,10
macro,M_rand,0.937,0.9945505161532144,0.9902288664571962,0.9988721658492327,10
macro,M_rand,0.938,0.9945505161532144,0.9902288664571962,0.9988721658492327,10
macro,M_rand,0.939,0.994667338583121,0.9904896736770478,0.9988450034891941,10
macro,M_rand,0.94,0.994767338583121,0.9907560528028334,0.9987786243634087,10
macro,M_rand,0.941,0.994867338583121,0.9910163269945351,0.998718350171707,10
macro,M_rand,0.942,0.994867338583121,0.9910163269945351,0.998718350171707,10
macro,M_rand,0.943,0.994867338583121,0.9910163269945351,0.998718350171707,10
macro,M_rand,0.944,0.994867338583121,0.9910163269945351,0.998718350171707,10
macro,M_rand,0.945,0.994867338583121,0.9910163269945351,0.998718350171707,10
macro,M_rand,0.946,0.9949841610130274,0.9912801596131963,0.9986881624128586,10
macro,M_rand,0.947,0.9949841610130274,0.9912801596131963,0.9986881624128586,10
macro,M_rand,0.948,0.9952776618881638,0.9916369590654143,0.9989183647109133,10
macro,M_rand,0.949,0.9956695491278611,0.9921280447543528,0.9992110535013694,10
macro,M_rand,0.95,0.9960841440491011,0.9924169172183822,0.9997513708798199,10
macro,M_rand,0.951,0.9960841440491011,0.9924169172183822,0.9997513708798199,10
macro,M_rand,0.952,0.9960841440491011,0.9924169172183822,0.9997513708798199,10
macro,M_rand,0.953,0.9962009664790077,0.9926454313113012,0.9997565016467141,10
macro,M_rand,0.954,0.9963471653094171,0.9927614982067894,0.9999328324120449,10
macro,M_rand,0.955,0.9963471653094171,0.9927614982067894,0.9999328324120449,10
macro,M_rand,0.956,0.9965349097251393,0.993018225523996,1.0,10
macro,M_rand,0.957,0.9965349097251393,0.993018225523996,1.0,10
macro,M_rand,0.958,0.9965349097251393,0.993018225523996,1.0,10
macro,M_rand,0.959,0.9965349097251393,0.993018225523996,1.0,10
macro,M_rand,0.96,0.9965349097251393,0.993018225523996,1.0,10
macro,M_rand,0.961,0.9969230941631796,0.9941465674233056,0.9996996209030535,10
macro,M_rand,0.962,0.9969230941631796,0.9941465674233056,0.9996996209030535,10
macro,M_rand,0.963,0.9970399165930861,0.9943750863802617,0.9997047468059105,10
macro,M_rand,0.964,0.9970399165930861,0.9943750863802617,0.9997047468059105,10
macro,M_rand,0.965,0.9970399165930861,0.9943750863802617,0.9997047468059105,10
macro,M_rand,0.966,0.997139916593086,0.9946624340257325,0.9996173991604395,10
macro,M_rand,0.967,0.9973674676134943,0.9950062265542391,0.9997287086727494,10
macro,M_rand,0.968,0.9975264768141315,0.9951536419612761,0.999899311666987,10
macro,M_rand,0.969,0.997597398799947,0.9951894163749632,1.0,10
macro,M_rand,0.97,0.997597398799947,0.9951894163749632,1.0,10
macro,M_rand,0.971,0.997597398799947,0.9951894163749632,1.0,10
macro,M_rand,0.972,0.997597398799947,0.9951894163749632,1.0,10
macro,M_rand,0.973,0.9978142212298536,0.9957062430215903,0.999922199438117,10
macro,M_rand,0.974,0.9978142212298536,0.9957062430215903,0.999922199438117,10
macro,M_rand,0.975,0.9979310436597603,0.9959241053433355,0.999937981976185,10
macro,M_rand,0.976,0.9980030897692703,0.9959914259770237,1.0,10
macro,M_rand,0.977,0.9980030897692703,0.9959914259770237,1.0,10
macro,M_rand,0.978,0.9981030897692703,0.9962823709737685,0.9999238085647721,10
macro,M_rand,0.979,0.9981751358787804,0.9963369469759089,1.0,10
macro,M_rand,0.98,0.9982751358787804,0.9966194431986892,0.9999308285588715,10
macro,M_rand,0.981,0.998391958308687,0.99683647988643,0.999947436730944,10
macro,M_rand,0.982,0.998391958308687,0.99683647988643,0.999947436730944,10
macro,M_rand,0.983,0.9986087807385935,0.9973143530487072,0.9999032084284798,10
macro,M_rand,0.984,0.9987087807385935,0.9976060354398887,0.9998115260372983,10
macro,M_rand,0.985,0.9988528729576137,0.9979961723329581,0.9997095735822693,10
macro,M_rand,0.986,0.9988528729576137,0.9979961723329581,0.9997095735822693,10
macro,M_rand,0.987,0.9988528729576137,0.9979961723329581,0.9997095735822693,10
macro,M_rand,0.988,0.9988528729576137,0.9979961723329581,0.9997095735822693,10
macro,M_rand,0.989,0.9989528729576136,0.9982288139692194,0.9996769319460078,10
macro,M_rand,0.99,0.9989528729576136,0.9982288139692194,0.9996769319460078,10
macro,M_rand,0.991,0.9991141632801943,0.9983701109908523,0.9998582155695364,10
macro,M_rand,0.992,0.9992309857101007,0.9985746778265585,0.9998872935936429,10
macro,M_rand,0.993,0.9995178761672182,0.9988911570035881,1.0,10
macro,M_rand,0.994,0.9995178761672182,0.9988911570035881,1.0,10
macro,M_rand,0.995,0.9995178761672182,0.9988911570035881,1.0,10
macro,M_rand,0.996,0.9996178761672182,0.9991475593924007,1.0,10
macro,M_rand,0.997,0.9996178761672182,0.9991475593924007,1.0,10
macro,M_rand,0.998,0.9997467421465996,0.9994018745368026,1.0,10
macro,M_rand,0.999,0.9999093941280549,0.9997456733214749,1.0,10
macro,M_rand,1.0,1.0,1.0,1.0,10
micro,M_0,0.0,0.0,0.0,0.0,10
micro,M_0,0.001,0.27469686313892405,0.09059962101115018,0.45879410526669795,10
micro,M_0,0.002,0.33738318852116067,0.14033131292777284,0.5344350641145486,10
micro,M_0,0.003,0.3678979253074813,0.1699276439876316,0.565868206627331,10
micro,M_0,0.004,0.3931722992709703,0.19866211867016603,0.5876824798717746,10
micro,M_0,0.005,0.41247489341539934,0.21936017388304083,0.6055896129477578,10
micro,M_0,0.006,0.42735476061182814,0.2352427338933221,0.6194667873303342,10
micro,M_0,0.007,0.44455299696799455,0.2538495233051782,0.6352564706308109,10
micro,M_0,0.008,0.4571209561533447,0.26939549383309763,0.6448464184735918,10
micro,M_0,0.009,0.4681927047164808,0.2815810072969889,0.6548044021359727,10
micro,M_0,0.01,0.4793451581843999,0.2933010921205508,0.665389224248249,10
micro,M_0,0.011,0.49249853554410006,0.3097970273508256,0.6752000437373745,10
micro,M_0,0.012,0.5016195418171783,0.3208031864223161,0.6824358972120405,10
micro,M_0,0.013,0.5108526866925075,0.33411651070840975,0.6875888626766052,10
micro,M_0,0.014,0.5216438866245634,0.34752770844303815,0.6957600648060887,10
micro,M_0,0.015,0.5300840740581101,0.3576713459315235,0.7024968021846967,10
micro,M_0,0.016,0.5381562129167048,0.3684838799195288,0.7078285459138808,10
micro,M_0,0.017,0.5452617413220974,0.3783595628256195,0.7121639198185752,10
micro,M_0,0.018,0.5527530909231465,0.3870861559047039,0.7184200259415892,10
micro,M_0,0.019,0.5614760863287291,0.39737771127256527,0.725574461384893,10
micro,M_0,0.02,0.5702181551140996,0.4082443919093953,0.7321919183188038,10
micro,M_0,0.021,0.577727998222682,0.41731397265452763,0.7381420237908363,10
micro,M_0,0.022,0.585277324655177,0.4267787586759712,0.7437758906343828,10
micro,M_0,0.023,0.5929245354476624,0.43688039831900627,0.7489686725763186,10
micro,M_0,0.024,0.5979817676842398,0.4421611264317757,0.7538024089367039,10
micro,M_0,0.025,0.6035512923148344,0.44827418431645194,0.7588284003132169,10
micro,M_0,0.026,0.610696965786435,0.45610653061357326,0.7652874009592967,10
micro,M_0,0.027,0.6158598753379697,0.46299114397808183,0.7687286066978576,10
micro,M_0,0.028,0.6201277776439132,0.4685215374455973,0.7717340178422292,10
micro,M_0,0.029,0.6242048351441374,0.4729894545866008,0.775420215701674,10
micro,M_0,0.03,0.6286325070112435,0.4787114000456855,0.7785536139768015,10
micro,M_0,0.031,0.634233010600233,0.486605819170401,0.7818602020300649,10
micro,M_0,0.032,0.6390006034613677,0.49282149185626944,0.7851797150664659,10
micro,M_0,0.033,0.643529176761066,0.4991061892462312,0.7879521642759009,10
micro,M_0,0.034,0.648260827010832,0.5039981236416637,0.7925235303800002,10
micro,M_0,0.035,0.6517430388956261,0.5093907844388512,0.794095293352401,10
micro,M_0,0.036,0.6545269010880244,0.5129468181024731,0.7961069840735756,10
micro,M_0,0.037,0.6599735837137665,0.5213195089434725,0.7986276584840605,10
micro,M_0,0.038,0.6635325783923648,0.5252846254593395,0.8017805313253901,10
micro,M_0,0.039,0.6667112732260323,0.5286999139889197,0.8047226324631449,10
micro,M_0,0.04,0.6715597297024533,0.535402965467468,0.8077164939374385,10
micro,M_0,0.041,0.6756002385810608,0.5397795364733097,0.8114209406888119,10
micro,M_0,0.042,0.6797422948193466,0.5454571170436057,0.8140274725950875,10
micro,M_0,0.043,0.6834030752519011,0.5503837504566234,0.8164224000471789,10
micro,M_0,0.044,0.6869651473809262,0.5541846719584563,0.819745622803396,10
micro,M_0,0.045,0.6897514045200995,0.5578086080458754,0.8216942009943237,10
micro,M_0,0.046,0.6949182166979623,0.5646348143859892,0.8252016190099354,10
micro,M_0,0.047,0.6981412045691247,0.5687354945650664,0.8275469145731829,10
micro,M_0,0.048,0.7007339875445245,0.5714224675323835,0.8300455075566656,10
micro,M_0,0.049,0.7038388400345902,0.5750146710848689,0.8326630089843114,10
micro,M_0,0.05,0.7070829473608353,0.5794299798372173,0.8347359148844533,10
micro,M_0,0.051,0.7094189763082309,0.582177732961876,0.8366602196545858,10
micro,M_0,0.052,0.7129842167267036,0.5875147811116532,0.8384536523417541,10
micro,M_0,0.053,0.7152684817255851,0.5896684882345852,0.840868475216585,10
micro,M_0,0.054,0.7185376334742162,0.5932424821039932,0.8438327848444391,10
micro,M_0,0.055,0.7216640499063521,0.5968665700506367,0.8464615297620676,10
micro,M_0,0.056,0.7242108883604382,0.6003444651255851,0.8480773115952913,10
micro,M_0,0.057,0.7260770323226475,0.6027490573929251,0.84940500725237,10
micro,M_0,0.058,0.7284424770465132,0.6055587447909067,0.8513262093021198,10
micro,M_0,0.059,0.7308589556665612,0.6088059026329231,0.8529120087001993,10
micro,M_0,0.06,0.7329468284735262,0.6110301553658238,0.8548635015812286,10
micro,M_0,0.061,0.7352519762187824,0.6138758239721919,0.8566281284653728,10
micro,M_0,0.062,0.7385761628176563,0.6189180717573334,0.8582342538779791,10
micro,M_0,0.063,0.74040861758769,0.6215213478532335,0.8592958873221466,10
micro,M_0,0.064,0.742629244056772,0.6240524554903973,0.8612060326231467,10
micro,M_0,0.065,0.74566620706985,0.6277624982553639,0.8635699158843361,10
micro,M_0,0.066,0.7488869302940728,0.6326807804255634,0.8650930801625822,10
micro,M_0,0.067,0.7505606688174931,0.6348252650049389,0.8662960726300473,10
micro,M_0,0.068,0.7529086908018503,0.6374862206141049,0.8683311609895957,10
micro,M_0,0.069,0.7551252537679034,0.6409328958562835,0.8693176116795233,10
micro,M_0,0.07,0.7580037165211555,0.6441314436333362,0.8718759894089748,10
micro,M_0,0.071,0.759381946013123,0.6460693673946479,0.8726945246315981,10
micro,M_0,0.072,0.7614073041155163,0.6493943666186643,0.8734202416123682,10
micro,M_0,0.073,0.7641234247101218,0.6523819310555187,0.875864918364725,10
micro,M_0,0.074,0.7663488042510415,0.654897133068278,0.8778004754338049,10
micro,M_0,0.075,0.7685567891139142,0.6583060096998103,0.8788075685280181,10
micro,M_0,0.076,0.7701560581489537,0.6611277405962287,0.8791843757016787,10
micro,M_0,0.077,0.771894926078021,0.6632275990839906,0.8805622530720514,10
micro,M_0,0.078,0.7747533042995696,0.6676963295782194,0.8818102790209197,10
micro,M_0,0.079,0.7763851618959914,0.6699280328071059,0.8828422909848769,10
micro,M_0,0.08,0.7782533793459591,0.6724273177792628,0.8840794409126553,10
micro,M_0,0.081,0.7793719492712652,0.6742557166369736,0.8844881819055568,10
micro,M_0,0.082,0.7802693638429357,0.6751399418864523,0.885398785799419,10
micro,M_0,0.083,0.7822359074408477,0.6777891836985902,0.8866826311831052,10
micro,M_0,0.084,0.7830033763027235,0.6788739694027419,0.8871327832027052,10
micro,M_0,0.085,0.7849167670373353,0.6812390106416474,0.8885945234330231,10
micro,M_0,0.086,0.7871792198503118,0.6840353444944937,0.89032309520613,10
micro,M_0,0.087,0.7890684298748674,0.6865346811590851,0.8916021785906496,10
micro,M_0,0.088,0.7918432112654685,0.6906075270536168,0.8930788954773202,10
micro,M_0,0.089,0.7934998556179625,0.6918647981022594,0.8951349131336657,10
micro,M_0,0.09,0.7941989313033723,0.6924524182641781,0.8959454443425664,10
micro,M_0,0.091,0.7960883164650022,0.6949968467555366,0.8971797861744678,10
micro,M_0,0.092,0.7972667666661896,0.6964731200545758,0.8980604132778033,10
micro,M_0,0.093,0.7996449465836072,0.699513077614794,0.8997768155524204,10
micro,M_0,0.094,0.8018315472353145,0.7017385230954644,0.9019245713751646,10
micro,M_0,0.095,0.8037863253460105,0.7046921563510221,0.9028804943409988,10
micro,M_0,0.096,0.8052629318116153,0.7067202649788547,0.903805598644376,10
micro,M_0,0.097,0.8066834153945773,0.708935369401048,0.9044314613881067,10
micro,M_0,0.098,0.8083460214490513,0.7110622085010183,0.9056298343970843,10
micro,M_0,0.099,0.8086731505601901,0.7113224463975537,0.9060238547228264,10
micro,M_0,0.1,0.8112841041222156,0.7147650607895747,0.9078031474548566,10
micro,M_0,0.101,0.8123814293071758,0.7161259750369509,0.9086368835774008,10
micro,M_0,0.102,0.814007249085102,0.7184316361275002,0.9095828620427039,10
micro,M_0,0.103,0.815236849926829,0.7201408692271686,0.9103328306264894,10
micro,M_0,0.104,0.8164161913919921,0.7217004996230705,0.9111318831609136,10
micro,M_0,0.105,0.8172853106465963,0.7227903612559057,0.9117802600372868,10
micro,M_0,0.106,0.8180402706838479,0.7235972119209247,0.912483329446771,10
micro,M_0,0.107,0.8194482777915768,0.7255607906767101,0.9133357649064435,10
micro,M_0,0.108,0.8212542357237103,0.7278215774142498,0.9146868940331707,10
micro,M_0,0.109,0.8227617920855617,0.729152316087826,0.9163712680832973,10
micro,M_0,0.11,0.8238152425975505,0.7310458133738265,0.9165846718212745,10
micro,M_0,0.111,0.824583646339101,0.7321271280264297,0.9170401646517723,10
micro,M_0,0.112,0.8253465358091561,0.7326927102144624,0.9180003614038498,10
micro,M_0,0.113,0.8268485790617612,0.7340230999939757,0.9196740581295467,10
micro,M_0,0.114,0.8284522412911205,0.7361686468952928,0.9207358356869482,10
micro,M_0,0.115,0.8292301661024162,0.7368072780569614,0.9216530541478709,10
micro,M_0,0.116,0.8303518035787943,0.7378508890383992,0.9228527181191895,10
micro,M_0,0.117,0.8313303620469016,0.7390194226516931,0.9236413014421101,10
micro,M_0,0.118,0.8322194841084227,0.7399237319058631,0.9245152363109823,10
micro,M_0,0.119,0.8328508510959642,0.7410592813941471,0.9246424207977814,10
micro,M_0,0.12,0.8331273691269272,0.741539442812872,0.9247152954409824,10
micro,M_0,0.121,0.8346116609794214,0.7443560288880282,0.9248672930708146,10
micro,M_0,0.122,0.8353365860372552,0.7450048193157062,0.9256683527588043,10
micro,M_0,0.123,0.8356168821083602,0.7453674192959009,0.9258663449208194,10
micro,M_0,0.124,0.8375427539327338,0.7479811478245098,0.9271043600409579,10
micro,M_0,0.125,0.838683740327242,0.7499639412597368,0.9274035393947473,10
micro,M_0,0.126,0.8398949501914433,0.751899578381096,0.9278903220017907,10
micro,M_0,0.127,0.8410824381229469,0.753667889508229,0.9284969867376648,10
micro,M_0,0.128,0.8430066204220494,0.7561977942115871,0.9298154466325118,10
micro,M_0,0.129,0.8440865897577241,0.7572948177245934,0.9308783617908548,10
micro,M_0,0.13,0.8454520814421876,0.7586936167847071,0.9322105460996681,10
micro,M_0,0.131,0.8467343955238494,0.7608895198540229,0.932579271193676,10
micro,M_0,0.132,0.8481207285695763,0.762597653526131,0.9336438036130217,10
micro,M_0,0.133,0.8491850534307664,0.7639013652961554,0.9344687415653775,10
micro,M_0,0.134,0.8501933600730462,0.765028597339681,0.9353581228064115,10
micro,M_0,0.135,0.8511330532847767,0.766613286883135,0.9356528196864184,10
micro,M_0,0.136,0.852552283577996,0.768690192578391,0.9364143745776009,10
micro,M_0,0.137,0.8534416955204718,0.7698917412725537,0.9369916497683899,10
micro,M_0,0.138,0.8541569284342657,0.7708166645946926,0.9374971922738389,10
micro,M_0,0.139,0.8552786183733343,0.7722267499491839,0.9383304867974847,10
micro,M_0,0.14,0.8564091290561633,0.7740852756396288,0.9387329824726978,10
micro,M_0,0.141,0.8571209607183686,0.7749296563218956,0.9393122651148417,10
micro,M_0,0.142,0.8586729936234825,0.7763818267199094,0.9409641605270556,10
micro,M_0,0.143,0.8593768096179781,0.7773164374455465,0.9414371817904098,10
micro,M_0,0.144,0.8598563466994668,0.7777926151624941,0.9419200782364394,10
micro,M_0,0.145,0.8601429988616541,0.7779986193805194,0.9422873783427889,10
micro,M_0,0.146,0.8610400200061923,0.7790973016829031,0.9429827383294814,10
micro,M_0,0.147,0.8622528273490303,0.7808485040594838,0.9436571506385768,10
micro,M_0,0.148,0.8629395183365635,0.7816186713977222,0.9442603652754047,10
micro,M_0,0.149,0.8634978833540575,0.782530182741836,0.9444655839662791,10
micro,M_0,0.15,0.8642728767573701,0.7835191666063762,0.9450265869083639,10
micro,M_0,0.151,0.8652798911006295,0.7847363781292528,0.9458234040720063,10
micro,M_0,0.152,0.8658382778848537,0.7860477503367891,0.9456288054329183,10
micro,M_0,0.153,0.8666082000669544,0.7870800928808048,0.9461363072531039,10
micro,M_0,0.154,0.8671819604933019,0.7881705760674935,0.9461933449191102,10
micro,M_0,0.155,0.8684890829854733,0.7896944479785653,0.9472837179923814,10
micro,M_0,0.156,0.8694840899410163,0.7905815995903892,0.9483865802916435,10
micro,M_0,0.157,0.8699400396068026,0.7915030359780669,0.9483770432355382,10
micro,M_0,0.158,0.8708155280041782,0.7925266779092268,0.9491043780991295,10
micro,M_0,0.159,0.8713737882914693,0.793823682476229,0.9489238941067095,10
micro,M_0,0.16,0.8719785931601182,0.7947606871781461,0.9491964991420903,10
micro,M_0,0.161,0.8730571449798072,0.7961629159079548,0.9499513740516596,10
micro,M_0,0.162,0.8735167461888018,0.7969403896986855,0.9500931026789181,10
micro,M_0,0.163,0.87428163196811,0.798555150007968,0.9500081139282521,10
micro,M_0,0.164,0.8750596980942451,0.79931956805474,0.9507998281337502,10
micro,M_0,0.165,0.8762711099902795,0.801527436229642,0.951014783750917,10
micro,M_0,0.166,0.8771801673203266,0.8026536387858626,0.9517066958547905,10
micro,M_0,0.167,0.8782418018464397,0.804314463488246,0.9521691402046335,10
micro,M_0,0.168,0.878685902916378,0.8052944924688424,0.9520773133639137,10
micro,M_0,0.169,0.879674912260997,0.8065402492451108,0.9528095752768833,10
micro,M_0,0.17,0.8803457810687936,0.8069856842238206,0.9537058779137666,10
micro,M_0,0.171,0.8809530991772906,0.807537289893756,0.9543689084608252,10
micro,M_0,0.172,0.8815346686777875,0.8083952343780588,0.9546741029775162,10
micro,M_0,0.173,0.8823795811272659,0.8098994354527722,0.9548597268017596,10
micro,M_0,0.174,0.8833276667952591,0.8111243850271239,0.9555309485633943,10
micro,M_0,0.175,0.8839796647715545,0.8121103403394921,0.9558489892036169,10
micro,M_0,0.176,0.8849357079670257,0.8133933050419399,0.9564781108921115,10
micro,M_0,0.177,0.885469663955624,0.8145812589968242,0.9563580689144238,10
micro,M_0,0.178,0.886175586254421,0.8154778289739781,0.956873343534864,10
micro,M_0,0.179,0.8862080327177566,0.8155107617149566,0.9569053037205566,10
micro,M_0,0.18,0.8865902304092387,0.815865574370501,0.9573148864479764,10
micro,M_0,0.181,0.8869279349356679,0.8163994396667742,0.9574564302045616,10
micro,M_0,0.182,0.8878392161599713,0.8173464360088689,0.9583319963110737,10
micro,M_0,0.183,0.888291278009623,0.8180426350676235,0.9585399209516225,10
micro,M_0,0.184,0.8890517708136668,0.8187767498374213,0.9593267917899123,10
micro,M_0,0.185,0.8894498970685195,0.8192235250615567,0.9596762690754823,10
micro,M_0,0.186,0.8899584761095196,0.8199600406286037,0.9599569115904355,10
micro,M_0,0.187,0.8905767297009198,0.8208772354300109,0.9602762239718288,10
micro,M_0,0.188,0.8912029408197981,0.8218567524068396,0.9605491292327566,10
micro,M_0,0.189,0.8918261656426969,0.8230564028238782,0.9605959284615156,10
micro,M_0,0.19,0.8925005214698366,0.8236924910422599,0.9613085518974133,10
micro,M_0,0.191,0.8928833811563125,0.8244551398075467,0.9613116225050783,10
micro,M_0,0.192,0.8933427487946275,0.8251133458320723,0.9615721517571827,10
micro,M_0,0.193,0.8941440139551226,0.8264775229978544,0.9618105049123907,10
micro,M_0,0.194,0.8947959858412142,0.8269524053905806,0.9626395662918479,10
micro,M_0,0.195,0.8951582476602024,0.8276277094697327,0.962688785850672,10
micro,M_0,0.196,0.8959798771175056,0.828948694123947,0.9630110601110642,10
micro,M_0,0.197,0.8960941628317913,0.8292888588805519,0.9628994667830307,10
micro,M_0,0.198,0.8968928668955043,0.8301218826612812,0.9636638511297274,10
micro,M_0,0.199,0.897169456535404,0.8304500316512833,0.9638888814195248,10
micro,M_0,0.2,0.8974497526065089,0.8308091085044034,0.9640903967086145,10
micro,M_0,0.201,0.897729688610001,0.8310294213686152,0.9644299558513868,10
micro,M_0,0.202,0.8980387247132364,0.8313865133929822,0.9646909360334907,10
micro,M_0,0.203,0.8987139820605312,0.8324614249482986,0.9649665391727639,10
micro,M_0,0.204,0.8989987138650738,0.8326944451603915,0.9653029825697561,10
micro,M_0,0.205,0.8993921820881065,0.8335047038507756,0.9652796603254373,10
micro,M_0,0.206,0.9003899682030923,0.8344925664464307,0.9662873699597538,10
micro,M_0,0.207,0.9011692874270331,0.8354990093391186,0.9668395655149475,10
micro,M_0,0.208,0.9015632206861348,0.8357414322285089,0.9673850091437607,10
micro,M_0,0.209,0.9019641036746116,0.8361038182342034,0.9678243891150197,10
micro,M_0,0.21,0.9022251215665185,0.836820261100455,0.9676299820325819,10
micro,M_0,0.211,0.9028915747541765,0.8375451903147226,0.9682379591936303,10
micro,M_0,0.212,0.9033513024601042,0.8383115211474803,0.9683910837727281,10
micro,M_0,0.213,0.9040509087379089,0.8393760371900517,0.9687257802857662,10
micro,M_0,0.214,0.9045733283413384,0.8398242352178248,0.969322421464852,10
micro,M_0,0.215,0.9056149280791121,0.8411788911974901,0.9700509649607342,10
micro,M_0,0.216,0.9064390739887893,0.841705640050323,0.9711725079272556,10
micro,M_0,0.217,0.9068379177306003,0.8422198184565746,0.971456017004626,10
micro,M_0,0.218,0.907601680161271,0.8432389291509717,0.9719644311715703,10
micro,M_0,0.219,0.9077159658755567,0.8435828979499596,0.9718490338011538,10
micro,M_0,0.22,0.9079070647212978,0.8437412556518518,0.9720728737907438,10
micro,M_0,0.221,0.9082485000077846,0.8440727810435406,0.9724242189720286,10
micro,M_0,0.222,0.9090729641355928,0.844984881818947,0.9731610464522386,10
micro,M_0,0.223,0.9094414555487302,0.8454980604407785,0.973384850656682,10
micro,M_0,0.224,0.910408708526963,0.8471873100484055,0.9736301070055204,10
micro,M_0,0.225,0.9107949861859679,0.8476507391051631,0.9739392332667727,10
micro,M_0,0.226,0.9111002442490616,0.8481565696934762,0.9740439188046469,10
micro,M_0,0.227,0.9117078973239673,0.8497582505882707,0.9736575440596639,10
micro,M_0,0.228,0.9120907570104432,0.850516743823097,0.9736647701977893,10
micro,M_0,0.229,0.9123673466503431,0.8508332236348275,0.9739014696658588,10
micro,M_0,0.23,0.9128868411737339,0.8515729355259299,0.9742007468215378,10
micro,M_0,0.231,0.913137355259287,0.8518618366211274,0.9744128738974466,10
micro,M_0,0.232,0.9137038075534274,0.8525273946951558,0.974880220411699,10
micro,M_0,0.233,0.9143280719862037,0.8532815947819905,0.9753745491904169,10
micro,M_0,0.234,0.9149325200394751,0.853712580588084,0.9761524594908663,10
micro,M_0,0.235,0.9151560653485517,0.853900770995502,0.9764113597016013,10
micro,M_0,0.236,0.9153781909796251,0.8540440507552554,0.9767123312039949,10
micro,M_0,0.237,0.9156665027184397,0.8543010817927694,0.9770319236441101,10
micro,M_0,0.238,0.9160353605271343,0.8548201171037118,0.9772506039505569,10
micro,M_0,0.239,0.9163926511146242,0.8551742688973857,0.9776110333318627,10
micro,M_0,0.24,0.9171007123446,0.8562210896666603,0.9779803350225397,10
micro,M_0,0.241,0.9174954206269236,0.8569177076738534,0.9780731335799937,10
micro,M_0,0.242,0.9177104637037449,0.8570669931336413,0.9783539342738484,10
micro,M_0,0.243,0.9181254097859435,0.8577188734428237,0.9785319461290632,10
micro,M_0,0.244,0.9183227530437403,0.8578831918905528,0.9787623141969278,10
micro,M_0,0.245,0.9186709580969508,0.8581135042516764,0.9792284119422251,10
micro,M_0,0.246,0.9189033075656639,0.8586506311233639,0.9791559840079638,10
micro,M_0,0.247,0.9192449715171642,0.8592168370719381,0.9792731059623904,10
micro,M_0,0.248,0.9192449715171642,0.8592168370719381,0.9792731059623904,10
micro,M_0,0.249,0.919589118561519,0.8595639520325058,0.9796142850905323,10
micro,M_0,0.25,0.9198800947781173,0.8597833041824073,0.9799768853738272,10
micro,M_0,0.251,0.9200917914913461,0.8600298978646279,0.9801536851180643,10
micro,M_0,0.252,0.9203645558110202,0.8604544916573257,0.9802746199647147,10
micro,M_0,0.253,0.9207745306617205,0.8607894575391413,0.9807596037842998,10
micro,M_0,0.254,0.9211692389440442,0.861484020101376,0.9808544577867124,10
micro,M_0,0.255,0.9214952762595552,0.8622694896435849,0.9807210628755255,10
micro,M_0,0.256,0.9219168120035158,0.8629218960594801,0.9809117279475515,10
micro,M_0,0.257,0.9222584759550163,0.8634834433300567,0.981033508579976,10
micro,M_0,0.258,0.9225844583825309,0.8640778166353662,0.9810911001296956,10
micro,M_0,0.259,0.9233600711752666,0.8650168440740079,0.9817032982765254,10
micro,M_0,0.26,0.9243369194804483,0.8662351747695439,0.9824386641913526,10
micro,M_0,0.261,0.9246666083391679,0.8668675334239553,0.9824656832543806,10
micro,M_0,0.262,0.9249431979790677,0.8671732345416444,0.9827131614164909,10
micro,M_0,0.263,0.9253016268699179,0.8677947514119794,0.9828085023278564,10
micro,M_0,0.264,0.9254196906243453,0.8679766349509801,0.9828627462977104,10
micro,M_0,0.265,0.9258105186984465,0.8685883410657673,0.9830326963311258,10
micro,M_0,0.266,0.9259404310487216,0.8687114442914156,0.9831694178060276,10
micro,M_0,0.267,0.9262638537286554,0.8689657490173622,0.9835619584399485,10
micro,M_0,0.268,0.9264873990377321,0.8691434024956789,0.9838313955797854,10
micro,M_0,0.269,0.9266665776786887,0.8695590441107697,0.9837741112466076,10
micro,M_0,0.27,0.92726118896639,0.8707449724492587,0.9837774054835212,10
micro,M_0,0.271,0.9276387173537548,0.8710414137313431,0.9842360209761665,10
micro,M_0,0.272,0.9280687616579154,0.8715918808847662,0.9845456424310646,10
micro,M_0,0.273,0.9281336545845864,0.8716564363223638,0.984610872846809,10
micro,M_0,0.274,0.9286831823211777,0.8724175919826023,0.9849487726597532,10
micro,M_0,0.275,0.9289235474576003,0.8728542809409947,0.9849928139742059,10
micro,M_0,0.276,0.9294769630103261,0.873848718292022,0.9851052077286302,10
micro,M_0,0.277,0.9297417589423747,0.87441429188906,0.9850692259956894,10
micro,M_0,0.278,0.9301283966689923,0.8749865441625879,0.9852702491753966,10
micro,M_0,0.279,0.9303401482702176,0.8754245783695496,0.9852557181708856,10
micro,M_0,0.28,0.930372594733553,0.8754569003872348,0.9852882890798713,10
micro,M_0,0.281,0.9304050411968886,0.8754891243021705,0.9853209580916067,10
micro,M_0,0.282,0.930802287460063,0.8761558292346896,0.9854487456854364,10
micro,M_0,0.283,0.9312333467427969,0.8766793988293875,0.9857872946562063,10
micro,M_0,0.284,0.9317639233287753,0.8771626022450171,0.9863652444125336,10
micro,M_0,0.285,0.9319756749300007,0.8775998023223465,0.9863515475376549,10
micro,M_0,0.286,0.9322729173253848,0.8781938310178158,0.9863520036329537,10
micro,M_0,0.287,0.9326845501652576,0.8787825785063369,0.9865865218241784,10
micro,M_0,0.288,0.9330636318115919,0.8796985580707288,0.986428705552455,10
micro,M_0,0.289,0.933295981280305,0.880227433268509,0.9863645292921009,10
micro,M_0,0.29,0.933295981280305,0.880227433268509,0.9863645292921009,10
micro,M_0,0.291,0.9337079125760497,0.880470479467368,0.9869453456847314,10
micro,M_0,0.292,0.9339689304679567,0.8812112258132951,0.9867266351226183,10
micro,M_0,0.293,0.9340950098900936,0.881298757644903,0.9868912621352843,10
micro,M_0,0.294,0.9341274563534292,0.8813312529544873,0.9869236597523711,10
micro,M_0,0.295,0.9342249222403686,0.8814143617619189,0.9870354827188182,10
micro,M_0,0.296,0.934518386595611,0.882186872631988,0.986849900559234,10
micro,M_0,0.297,0.9347300116999033,0.8826371947877067,0.9868228286120999,10
micro,M_0,0.298,0.934844297414189,0.8829907369051915,0.9866978579231864,10
micro,M_0,0.299,0.9352245825351778,0.8832495944204873,0.9871995706498683,10
micro,M_0,0.3,0.9354569320038909,0.883780377029465,0.9871334869783168,10
micro,M_0,0.301,0.9356074422216538,0.8839887870571315,0.9872260973861762,10
micro,M_0,0.302,0.9360009104446865,0.8848302362289651,0.9871715846604079,10
micro,M_0,0.303,0.9361593890500748,0.8849166705453281,0.9874021075548215,10
micro,M_0,0.304,0.9363710141543671,0.8853665667913222,0.987375461517412,10
micro,M_0,0.305,0.9365826392586593,0.8858155588639787,0.9873497196533398,10
micro,M_0,0.306,0.9370617247727837,0.8868007183229846,0.9873227312225829,10
micro,M_0,0.307,0.9374404463515054,0.8875978443886072,0.9872830483144035,10
micro,M_0,0.308,0.937688422456208,0.8878915763538089,0.9874852685586071,10
micro,M_0,0.309,0.9379351585016196,0.8883445301092776,0.9875257868939615,10
micro,M_0,0.31,0.9381961763935264,0.889083089879827,0.9873092629072258,10
micro,M_0,0.311,0.9384753589022734,0.8895658468340426,0.9873848709705042,10
micro,M_0,0.312,0.938589644616559,0.889918675804823,0.9872606134282951,10
micro,M_0,0.313,0.938589644616559,0.889918675804823,0.9872606134282951,10
micro,M_0,0.314,0.9387545414110205,0.8900466689468718,0.9874624138751693,10
micro,M_0,0.315,0.9388688271253061,0.8903993323743944,0.9873383218762177,10
micro,M_0,0.316,0.9392479087716404,0.8913169328584565,0.9871788846848244,10
micro,M_0,0.317,0.9395308693205292,0.8916229345321938,0.9874388041088646,10
micro,M_0,0.318,0.9396245022793307,0.8916780512096498,0.9875709533490116,10
micro,M_0,0.319,0.939782980884719,0.8917634740559206,0.9878024877135174,10
micro,M_0,0.32,0.939782980884719,0.8917634740559206,0.9878024877135174,10
micro,M_0,0.321,0.9399154312158448,0.891856651411336,0.9879742110203535,10
micro,M_0,0.322,0.9399478776791803,0.8918887702133844,0.9880069851449762,10
micro,M_0,0.323,0.9402283002472182,0.89221659229391,0.9882400082005263,10
micro,M_0,0.324,0.9404400518484435,0.8926543564019226,0.9882257472949644,10
micro,M_0,0.325,0.9408695559800296,0.8931827135709645,0.9885563983890948,10
micro,M_0,0.326,0.9409838416943155,0.8935355772570738,0.9884321061315572,10
micro,M_0,0.327,0.9411339918444656,0.8936269893142852,0.9886409943746459,10
micro,M_0,0.328,0.9414430828356973,0.894160151071353,0.9887260146000416,10
micro,M_0,0.329,0.9416341816814384,0.8942991329971148,0.988969230365762,10
micro,M_0,0.33,0.9420251119236204,0.8951505646542367,0.988899659193004,10
micro,M_0,0.331,0.9424156272101932,0.8956797697463069,0.9891514846740795,10
micro,M_0,0.332,0.9427981268290566,0.8963020227018482,0.989294230956265,10
micro,M_0,0.333,0.9430098784302817,0.8967363673215761,0.9892833895389873,10
micro,M_0,0.334,0.9434657732080716,0.8974391423094635,0.9894924041066796,10
micro,M_0,0.335,0.943498219671407,0.8974713691763757,0.9895250701664383,10
micro,M_0,0.336,0.9439097477810767,0.8984223457592335,0.9893971498029199,10
micro,M_0,0.337,0.9440072136680163,0.8985031919753117,0.9895112353607209,10
micro,M_0,0.338,0.9440396601313518,0.8985352411925895,0.989544079070114,10
micro,M_0,0.339,0.9443630828112857,0.8987809765127482,0.9899451891098231,10
micro,M_0,0.34,0.944481146565713,0.8989624199058792,0.9899998732255468,10
micro,M_0,0.341,0.9449252258689214,0.8995659538930162,0.9902844978448265,10
micro,M_0,0.342,0.945022691755861,0.8996468030327927,0.9903985804789293,10
micro,M_0,0.343,0.9451732019736239,0.899859479404895,0.9904869245423528,10
micro,M_0,0.344,0.9455804558710893,0.9002243947943424,0.9909365169478362,10
micro,M_0,0.345,0.9456129023344249,0.9002561587985466,0.9909696458703031,10
micro,M_0,0.346,0.9458040011801658,0.900391379791814,0.9912166225685176,10
micro,M_0,0.347,0.946146858323023,0.9014524134309951,0.9908413032150509,10
micro,M_0,0.348,0.9462404912818245,0.9015059510252115,0.9909750315384376,10
micro,M_0,0.349,0.9467693630106963,0.9023876989653791,0.9911510270560134,10
micro,M_0,0.35,0.9469890753916348,0.9025246723117375,0.9914534784715321,10
micro,M_0,0.351,0.947416356634227,0.9032197884146915,0.9916129248537624,10
micro,M_0,0.352,0.9475138225211666,0.9032984364034884,0.9917292086388447,10
micro,M_0,0.353,0.9476723011265549,0.9033873077193164,0.9919572945337933,10
micro,M_0,0.354,0.9480876072763664,0.904166652487088,0.9920085620656448,10
micro,M_0,0.355,0.9483161787049378,0.9048735660107701,0.9917587913991055,10
micro,M_0,0.356,0.9486248074604762,0.9050456585426905,0.9922039563782619,10
micro,M_0,0.357,0.9488157798092842,0.9051949417292218,0.9924366178893467,10
micro,M_0,0.358,0.9488482262726196,0.9052270863233103,0.9924693662219288,10
micro,M_0,0.359,0.9489987364903826,0.9054394485230931,0.992558024457672,10
micro,M_0,0.36,0.9491572150957708,0.9055237938531836,0.992790636338358,10
micro,M_0,0.361,0.949307365245921,0.9056084450672408,0.9930062854246011,10
micro,M_0,0.362,0.9497306397833578,0.9062553744933673,0.9932059050733483,10
micro,M_0,0.363,0.9499781293235146,0.906434145513068,0.9935221131339611,10
micro,M_0,0.364,0.9503298009093057,0.9066921209001452,0.9939674809184663,10
micro,M_0,0.365,0.950541426013598,0.9071411240098665,0.9939417280173296,10
micro,M_0,0.366,0.9507852091225496,0.9072756312582099,0.9942947869868893,10
micro,M_0,0.367,0.9509032728769771,0.9074554271842881,0.9943511185696661,10
micro,M_0,0.368,0.9511006161347739,0.9076158344759573,0.9945853977935906,10
micro,M_0,0.369,0.951230528485049,0.9077267835691287,0.9947342734009692,10
micro,M_0,0.37,0.9513810387028119,0.9079370170146895,0.9948250603909342,10
micro,M_0,0.371,0.9516252367673725,0.9084012771382467,0.9948491963964984,10
micro,M_0,0.372,0.9519550521230254,0.9090113174841717,0.9948987867618792,10
micro,M_0,0.373,0.9519874985863609,0.9090428544897107,0.9949321426830111,10
micro,M_0,0.374,0.9521055623407882,0.909219801231142,0.9949913234504345,10
micro,M_0,0.375,0.9521055623407882,0.909219801231142,0.9949913234504345,10
micro,M_0,0.376,0.9523379118095013,0.9097507166412219,0.9949251069777808,10
micro,M_0,0.377,0.9527988327067858,0.9109919291963787,0.9946057362171928,10
micro,M_0,0.378,0.9529455648844071,0.9113789526023928,0.9945121771664214,10
micro,M_0,0.379,0.9530598505986928,0.9117340226011682,0.9943856785962174,10
micro,M_0,0.38,0.9534506786727942,0.912346881470794,0.9945544758747944,10
micro,M_0,0.381,0.9535649643870798,0.9127018470013164,0.9944280817728433,10
micro,M_0,0.382,0.9536624302740193,0.912779368183256,0.9945454923647826,10
micro,M_0,0.383,0.9536948767373549,0.9128113369769066,0.9945784164978031,10
micro,M_0,0.384,0.9536948767373549,0.9128113369769066,0.9945784164978031,10
micro,M_0,0.385,0.9538533553427431,0.9128907114277172,0.994815999257769,10
micro,M_0,0.386,0.9539182482694143,0.9129543990750335,0.9948820974637951,10
micro,M_0,0.387,0.9540325339836999,0.9133091141575539,0.9947559538098459,10
micro,M_0,0.388,0.9542117126246566,0.9137269555208826,0.9946964697284307,10
micro,M_0,0.389,0.9545545697675137,0.9147893424757219,0.9943197970593056,10
micro,M_0,0.39,0.9545545697675137,0.9147893424757219,0.9943197970593056,10
micro,M_0,0.391,0.9545870162308493,0.9148209590820514,0.9943530733796472,10
micro,M_0,0.392,0.9545870162308493,0.9148209590820514,0.9943530733796472,10
micro,M_0,0.393,0.9548618197971889,0.9150982975532225,0.9946253420411553,10
micro,M_0,0.394,0.9548618197971889,0.9150982975532225,0.9946253420411553,10
micro,M_0,0.395,0.9552164706478973,0.9158919487217494,0.9945409925740452,10
micro,M_0,0.396,0.9555787324668854,0.9165336081887006,0.9946238567450703,10
micro,M_0,0.397,0.9557086448171604,0.9166419643861757,0.9947753252481452,10
micro,M_0,0.398,0.9560384601728131,0.917249358884086,0.9948275614615403,10
micro,M_0,0.399,0.9561683725230882,0.9173555102231638,0.9949812348230126,10
micro,M_0,0.4,0.9564007219918015,0.9178868079461443,0.9949146360374587,10
micro,M_0,0.401,0.9564007219918015,0.9178868079461443,0.9949146360374587,10
micro,M_0,0.402,0.9564007219918015,0.9178868079461443,0.9949146360374587,10
micro,M_0,0.403,0.9567267044193161,0.9184707526261644,0.9949826562124677,10
micro,M_0,0.404,0.9567267044193161,0.9184707526261644,0.9949826562124677,10
micro,M_0,0.405,0.9569552758478874,0.9191808245673396,0.9947297271284352,10
micro,M_0,0.406,0.9570489088066889,0.9192330141833415,0.9948648034300364,10
micro,M_0,0.407,0.9571631945209746,0.9195875921314128,0.9947387969105365,10
micro,M_0,0.408,0.9572931068712498,0.9196935904657626,0.994892623276737,10
micro,M_0,0.409,0.9572931068712498,0.9196935904657626,0.994892623276737,10
micro,M_0,0.41,0.9574255572023755,0.9197950309279244,0.9950560834768267,10
micro,M_0,0.411,0.9574255572023755,0.9197950309279244,0.9950560834768267,10
micro,M_0,0.412,0.9576579066710886,0.9203260529223044,0.9949897604198729,10
micro,M_0,0.413,0.9578084168888514,0.9205330075214119,0.995083826256291,10
micro,M_0,0.414,0.9579980960565895,0.920664773826609,0.9953314182865699,10
micro,M_0,0.415,0.9580305425199249,0.920696755328813,0.9953643297110368,10
micro,M_0,0.416,0.9581810527376879,0.9209019546407666,0.9954601508346093,10
micro,M_0,0.417,0.9581810527376879,0.9209019546407666,0.9954601508346093,10
micro,M_0,0.418,0.9582134992010234,0.9209337048670418,0.9954932935350049,10
micro,M_0,0.419,0.9582134992010234,0.9209337048670418,0.9954932935350049,10
micro,M_0,0.42,0.958457282309975,0.9210700053004671,0.9958445593194828,10
micro,M_0,0.421,0.9585715680242608,0.9214258211051392,0.9957173149433824,10
micro,M_0,0.422,0.958736464818722,0.9215586366238748,0.9959142930135692,10
micro,M_0,0.423,0.958736464818722,0.9215586366238748,0.9959142930135692,10
micro,M_0,0.424,0.9590337072141063,0.9221510245028393,0.9959163899253733,10
micro,M_0,0.425,0.9592660566828194,0.9226792036733613,0.9958529096922775,10
micro,M_0,0.426,0.9598448251311827,0.9234389367240393,0.9962507135383262,10
micro,M_0,0.427,0.9599915573088038,0.9238273941158741,0.9961557205017335,10
micro,M_0,0.428,0.9599915573088038,0.9238273941158741,0.9961557205017335,10
micro,M_0,0.429,0.9599915573088038,0.9238273941158741,0.9961557205017335,10
micro,M_0,0.43,0.9602884396365752,0.9242980048889944,0.996278874384156,10
micro,M_0,0.431,0.960402725350861,0.9246541222260837,0.9961513284756384,10
micro,M_0,0.432,0.9607493605338597,0.9255381499562318,0.9959605711114876,10
micro,M_0,0.433,0.9608960927114809,0.9259260626155188,0.995866122807443,10
micro,M_0,0.434,0.9608960927114809,0.9259260626155188,0.995866122807443,10
micro,M_0,0.435,0.961168857031155,0.9263620908885669,0.995975623173743,10
micro,M_0,0.436,0.9613843866725219,0.9266110746230632,0.9961576987219806,10
micro,M_0,0.437,0.9614818525594615,0.9266866926857148,0.9962770124332082,10
micro,M_0,0.438,0.9614818525594615,0.9266866926857148,0.9962770124332082,10
micro,M_0,0.439,0.9614818525594615,0.9266866926857148,0.9962770124332082,10
micro,M_0,0.44,0.9616934776637537,0.9271386040017778,0.9962483513257295,10
micro,M_0,0.441,0.961811541418181,0.9273097017758289,0.9963133810605331,10
micro,M_0,0.442,0.962194401104657,0.9280354972634298,0.9963533049458843,10
micro,M_0,0.443,0.9622268475679926,0.9280672485810688,0.9963864465549164,10
micro,M_0,0.444,0.9622268475679926,0.9280672485810688,0.9963864465549164,10
micro,M_0,0.445,0.9625139926226701,0.9282720107390365,0.9967559745063037,10
micro,M_0,0.446,0.9625139926226701,0.9282720107390365,0.9967559745063037,10
micro,M_0,0.447,0.9626607248002914,0.9286611592859115,0.9966602903146713,10
micro,M_0,0.448,0.9628074569779125,0.9290500340030381,0.9965648799527869,10
micro,M_0,0.449,0.9629217426921983,0.9294072050495111,0.9964362803348855,10
micro,M_0,0.45,0.9630192085791378,0.9294813223331242,0.9965570948251514,10
micro,M_0,0.451,0.9631659407567591,0.9298698121372725,0.9964620693762457,10
micro,M_0,0.452,0.963430376621195,0.9303073655359004,0.9965533877064896,10
micro,M_0,0.453,0.963430376621195,0.9303073655359004,0.9965533877064896,10
micro,M_0,0.454,0.9635446623354806,0.9306636780711828,0.9964256465997785,10
micro,M_0,0.455,0.9638988535987629,0.9311684236685666,0.9966292835289593,10
micro,M_0,0.456,0.964131203067476,0.9316909312177031,0.996571474917249,10
micro,M_0,0.457,0.964131203067476,0.9316909312177031,0.996571474917249,10
micro,M_0,0.458,0.964131203067476,0.9316909312177031,0.996571474917249,10
micro,M_0,0.459,0.9642454887817618,0.9320491771950347,0.9964418003684888,10
micro,M_0,0.46,0.9644246674227184,0.9324710591369559,0.9963782757084808,10
micro,M_0,0.461,0.9646570168914315,0.9329933397575604,0.9963206940253025,10
micro,M_0,0.462,0.9648075271091944,0.9331874007802918,0.9964276534380969,10
micro,M_0,0.463,0.9648399735725299,0.9332191064430916,0.9964608407019683,10
micro,M_0,0.464,0.9648724200358654,0.9332506417524471,0.9964941983192837,10
micro,M_0,0.465,0.9650229302536284,0.9334422658738187,0.9966035946334381,10
micro,M_0,0.466,0.9651796700655405,0.9335470074466445,0.9968123326844365,10
micro,M_0,0.467,0.9653688563407883,0.9336793152209097,0.9970583974606668,10
micro,M_0,0.468,0.965613054405349,0.9341456280273437,0.9970804807833542,10
micro,M_0,0.469,0.9656455008686844,0.9341768512347604,0.9971141505026084,10
micro,M_0,0.47,0.9657635646231117,0.9343363775510136,0.9971907516952099,10
micro,M_0,0.471,0.9657635646231117,0.9343363775510136,0.9971907516952099,10
micro,M_0,0.472,0.9657635646231117,0.9343363775510136,0.9971907516952099,10
micro,M_0,0.473,0.9662076656930502,0.9352890533767485,0.9971262780093518,10
micro,M_0,0.474,0.9664193624062791,0.9355012661158164,0.9973374586967418,10
micro,M_0,0.475,0.9666660984516906,0.9359725523014977,0.9973596446018835,10
micro,M_0,0.476,0.9666660984516906,0.9359725523014977,0.9973596446018835,10
micro,M_0,0.477,0.9667597314104922,0.9360271494294979,0.9974923133914865,10
micro,M_0,0.478,0.9668740171247778,0.9363876113291316,0.997360422920424,10
micro,M_0,0.479,0.9669064635881133,0.9364193618801618,0.9973935652960647,10
micro,M_0,0.48,0.9669064635881133,0.9364193618801618,0.9973935652960647,10
micro,M_0,0.481,0.9669064635881133,0.9364193618801618,0.9973935652960647,10
micro,M_0,0.482,0.9669064635881133,0.9364193618801618,0.9973935652960647,10
micro,M_0,0.483,0.9669389100514488,0.9364509357403966,0.997426884362501,10
micro,M_0,0.484,0.9669713565147843,0.9364823329250065,0.9974603801045621,10
micro,M_0,0.485,0.9671280963266966,0.9365817544306437,0.9976744382227495,10
micro,M_0,0.486,0.9675574289855937,0.9371642728253017,0.9979505851458857,10
micro,M_0,0.487,0.9675898754489293,0.9371956482778903,0.9979841026199683,10
micro,M_0,0.488,0.9680339765188677,0.9381493722273467,0.9979185808103886,10
micro,M_0,0.489,0.968198873313329,0.9382880518068146,0.9981096948198434,10
micro,M_0,0.49,0.9683249527354659,0.9383741016652406,0.9982758038056913,10
micro,M_0,0.491,0.9684430164898934,0.9385311465119901,0.9983548864677967,10
micro,M_0,0.492,0.9685754668210192,0.9386360126176305,0.998514921024408,10
micro,M_0,0.493,0.9685754668210192,0.9386360126176305,0.998514921024408,10
micro,M_0,0.494,0.9688040382495906,0.9393578234326673,0.9982502530665139,10
micro,M_0,0.495,0.968922102004018,0.9395139357264221,0.9983302682816139,10
micro,M_0,0.496,0.9689869949306891,0.9395769226450567,0.9983970672163215,10
micro,M_0,0.497,0.9692155663592604,0.9402993398332634,0.9981317928852574,10
micro,M_0,0.498,0.9693298520735463,0.9406602414099954,0.9979994627370972,10
micro,M_0,0.499,0.9694441377878318,0.9410209312033861,0.9978673443722774,10
micro,M_0,0.5,0.9695416036747714,0.9410959811163803,0.9979872262331625,10
micro,M_0,0.501,0.9695416036747714,0.9410959811163803,0.9979872262331625,10
micro,M_0,0.502,0.9696558893890572,0.9414564824731256,0.9978552963049888,10
micro,M_0,0.503,0.969853232646854,0.9416225686736386,0.9980838966200694,10
micro,M_0,0.504,0.969853232646854,0.9416225686736386,0.9980838966200694,10
micro,M_0,0.505,0.969853232646854,0.9416225686736386,0.9980838966200694,10
micro,M_0,0.506,0.969853232646854,0.9416225686736386,0.9980838966200694,10
micro,M_0,0.507,0.9699856829779797,0.9417224926257192,0.9982488733302403,10
micro,M_0,0.508,0.9699856829779797,0.9417224926257192,0.9982488733302403,10
micro,M_0,0.509,0.9700831488649193,0.9417965671661332,0.9983697305637054,10
micro,M_0,0.51,0.9702804921227163,0.9419565527318322,0.9986044315136003,10
micro,M_0,0.511,0.9702804921227163,0.9419565527318322,0.9986044315136003,10
micro,M_0,0.512,0.9702804921227163,0.9419565527318322,0.9986044315136003,10
micro,M_0,0.513,0.970492188835945,0.9421696484432911,0.9988147292285989,10
micro,M_0,0.514,0.9707221050540105,0.9423378387313245,0.9991063713766964,10
micro,M_0,0.515,0.9707221050540105,0.9423378387313245,0.9991063713766964,10
micro,M_0,0.516,0.9709170368278895,0.9424797686935352,0.9993543049622439,10
micro,M_0,0.517,0.9709170368278895,0.9424797686935352,0.9993543049622439,10
micro,M_0,0.518,0.9711287335411185,0.9426910131391523,0.9995664539430847,10
micro,M_0,0.519,0.9712611838722444,0.942784037605107,0.9997383301393817,10
micro,M_0,0.52,0.971358649759184,0.9428531875490762,0.9998641119692917,10
micro,M_0,0.521,0.9714235426858548,0.9429167480269747,0.999930337344735,10
micro,M_0,0.522,0.9715378284001407,0.943278415898452,0.9997972409018294,10
micro,M_0,0.523,0.9716950611045432,0.943388174946853,1.0,10
micro,M_0,0.524,0.9716950611045432,0.943388174946853,1.0,10
micro,M_0,0.525,0.9717925269914828,0.9434560971003255,1.0,10
micro,M_0,0.526,0.9719392591691038,0.943849275156233,1.0,10
micro,M_0,0.527,0.9722808682326078,0.9441587829220277,1.0,10
micro,M_0,0.528,0.9723989319870352,0.9443137114872194,1.0,10
micro,M_0,0.529,0.9723989319870352,0.9443137114872194,1.0,10
micro,M_0,0.53,0.9726312814557485,0.9448290835946964,1.0,10
micro,M_0,0.531,0.9727780136333696,0.9452237544679503,1.0,10
micro,M_0,0.532,0.9730222116979304,0.9456835682337534,1.0,10
micro,M_0,0.533,0.9730546581612659,0.9457152274354159,1.0,10
micro,M_0,0.534,0.9731689438755516,0.9460777609352705,1.0,10
micro,M_0,0.535,0.9734012933442647,0.9465933846425881,1.0,10
micro,M_0,0.536,0.9734012933442647,0.9465933846425881,1.0,10
micro,M_0,0.537,0.9734012933442647,0.9465933846425881,1.0,10
micro,M_0,0.538,0.9734012933442647,0.9465933846425881,1.0,10
micro,M_0,0.539,0.9735480255218858,0.946987895344347,1.0,10
micro,M_0,0.54,0.9737765969504574,0.9477129713516314,0.9998402225492834,10
micro,M_0,0.541,0.973955775591414,0.9481385375702598,0.9997730136125682,10
micro,M_0,0.542,0.974216793483321,0.9488941732259463,0.9995394137406958,10
micro,M_0,0.543,0.9743310791976066,0.9492559913914497,0.9994061670037636,10
micro,M_0,0.544,0.9743635256609421,0.9492873489136539,0.9994397024082303,10
micro,M_0,0.545,0.9743959721242776,0.9493184916515063,0.999473452597049,10
micro,M_0,0.546,0.9745532048286801,0.9494268137747593,0.9996795958826009,10
micro,M_0,0.547,0.9745532048286801,0.9494268137747593,0.9996795958826009,10
micro,M_0,0.548,0.9745856512920156,0.9494578601578576,0.9997134424261735,10
micro,M_0,0.549,0.9745856512920156,0.9494578601578576,0.9997134424261735,10
micro,M_0,0.55,0.9748180007607289,0.949976300055652,0.9996597014658057,10
micro,M_0,0.551,0.97496473293835,0.9503695647831903,0.9995599010935096,10
micro,M_0,0.552,0.97496473293835,0.9503695647831903,0.9995599010935096,10
micro,M_0,0.553,0.97496473293835,0.9503695647831903,0.9995599010935096,10
micro,M_0,0.554,0.97496473293835,0.9503695647831903,0.9995599010935096,10
micro,M_0,0.555,0.9751232115437383,0.950462825671566,0.9997835974159105,10
micro,M_0,0.556,0.9752737217615011,0.9506488580331028,0.9998985854898993,10
micro,M_0,0.557,0.9753061682248367,0.9506796864596372,0.9999326499900363,10
micro,M_0,0.558,0.9753061682248367,0.9506796864596372,0.9999326499900363,10
micro,M_0,0.559,0.975424231979264,0.950831999053025,1.0,10
micro,M_0,0.56,0.9755891287737253,0.9509587498642068,1.0,10
micro,M_0,0.561,0.9755891287737253,0.9509587498642068,1.0,10
micro,M_0,0.562,0.9755891287737253,0.9509587498642068,1.0,10
micro,M_0,0.5630000000000001,0.9759319859165825,0.9520482444241946,0.9998157274089704,10
micro,M_0,0.5640000000000001,0.9759319859165825,0.9520482444241946,0.9998157274089704,10
micro,M_0,0.5650000000000001,0.9759319859165825,0.9520482444241946,0.9998157274089704,10
micro,M_0,0.5660000000000001,0.9759319859165825,0.9520482444241946,0.9998157274089704,10
micro,M_0,0.5670000000000001,0.9759319859165825,0.9520482444241946,0.9998157274089704,10
micro,M_0,0.5680000000000001,0.9760462716308682,0.9524109948004722,0.9996815484612642,10
micro,M_0,0.5690000000000001,0.9760462716308682,0.9524109948004722,0.9996815484612642,10
micro,M_0,0.5700000000000001,0.9764047554097146,0.9532322117429317,0.9995772990764975,10
micro,M_0,0.5710000000000001,0.9764047554097146,0.9532322117429317,0.9995772990764975,10
micro,M_0,0.5720000000000001,0.9766333268382862,0.9539561320547372,0.9993105216218352,10
micro,M_0,0.5730000000000001,0.9767513905927135,0.9541118277134546,0.9993909534719725,10
micro,M_0,0.5740000000000001,0.9768656763069993,0.9544741785532065,0.9992571740607921,10
micro,M_0,0.5750000000000001,0.9768656763069993,0.9544741785532065,0.9992571740607921,10
micro,M_0,0.5760000000000001,0.9768656763069993,0.9544741785532065,0.9992571740607921,10
micro,M_0,0.577,0.9768656763069993,0.9544741785532065,0.9992571740607921,10
micro,M_0,0.578,0.9768656763069993,0.9544741785532065,0.9992571740607921,10
micro,M_0,0.579,0.9769305692336703,0.9545362913838036,0.999324847083537,10
micro,M_0,0.58,0.9769954621603413,0.9545974424157097,0.9993934819049729,10
micro,M_0,0.581,0.9771864345091492,0.9547411765007582,0.9996316925175402,10
micro,M_0,0.582,0.9773331666867705,0.9551332662137897,0.9995330671597513,10
micro,M_0,0.583,0.9774474524010561,0.9554955413930704,0.9993993634090419,10
micro,M_0,0.584,0.9774798988643916,0.9555250002345251,0.999434797494258,10
micro,M_0,0.585,0.9776266310420129,0.9559163665209248,0.9993368955631009,10
micro,M_0,0.586,0.9776266310420129,0.9559163665209248,0.9993368955631009,10
micro,M_0,0.587,0.9777409167562986,0.9562782672605408,0.9992035662520564,10
micro,M_0,0.588,0.9778914269740614,0.95646504810463,0.9993178058434928,10
micro,M_0,0.589,0.9778914269740614,0.95646504810463,0.9993178058434928,10
micro,M_0,0.59,0.9781275544829162,0.9567706378423897,0.9994844711234427,10
micro,M_0,0.591,0.9781275544829162,0.9567706378423897,0.9994844711234427,10
micro,M_0,0.592,0.9781275544829162,0.9567706378423897,0.9994844711234427,10
micro,M_0,0.593,0.978241840197202,0.9571347074020666,0.9993489729923373,10
micro,M_0,0.594,0.9784210188381586,0.9575567957777613,0.9992852418985558,10
micro,M_0,0.595,0.9784210188381586,0.9575567957777613,0.9992852418985558,10
micro,M_0,0.596,0.978539082592586,0.9577063082984423,0.9993718568867298,10
micro,M_0,0.597,0.978539082592586,0.9577063082984423,0.9993718568867298,10
micro,M_0,0.598,0.978539082592586,0.9577063082984423,0.9993718568867298,10
micro,M_0,0.599,0.9785715290559216,0.9577351367785641,0.999407921333279,10
micro,M_0,0.6,0.978603975519257,0.9577637073754125,0.9994442436631016,10
micro,M_0,0.601,0.9787663343328676,0.9578856068881213,0.999647061777614,10
micro,M_0,0.602,0.9789248129382558,0.9579768393295678,0.9998727865469439,10
micro,M_0,0.603,0.9789248129382558,0.9579768393295678,0.9998727865469439,10
micro,M_0,0.604,0.9789248129382558,0.9579768393295678,0.9998727865469439,10
micro,M_0,0.605,0.9790390986525417,0.9583411709476588,0.9997370263574246,10
micro,M_0,0.606,0.9791533843668272,0.958705291495156,0.9996014772384983,10
micro,M_0,0.607,0.9791533843668272,0.958705291495156,0.9996014772384983,10
micro,M_0,0.608,0.9792508502537668,0.9587688718417735,0.9997328286657601,10
micro,M_0,0.609,0.9792832967171023,0.9587971105548435,0.9997694828793612,10
micro,M_0,0.61,0.9793975824313881,0.9591609594885824,0.9996342053741938,10
micro,M_0,0.611,0.9793975824313881,0.9591609594885824,0.9996342053741938,10
micro,M_0,0.612,0.9793975824313881,0.9591609594885824,0.9996342053741938,10
micro,M_0,0.613,0.9795867687066357,0.9593072963068427,0.9998662411064287,10
micro,M_0,0.614,0.9795867687066357,0.9593072963068427,0.9998662411064287,10
micro,M_0,0.615,0.9796192151699714,0.9593352083165952,0.9999032220233476,10
micro,M_0,0.616,0.9796516616333069,0.959362855801817,0.9999404674647967,10
micro,M_0,0.617,0.9796516616333069,0.959362855801817,0.9999404674647967,10
micro,M_0,0.618,0.9796516616333069,0.959362855801817,0.9999404674647967,10
micro,M_0,0.619,0.9796516616333069,0.959362855801817,0.9999404674647967,10
micro,M_0,0.62,0.9797659473475925,0.9597266513701049,0.99980524332508,10
micro,M_0,0.621,0.9797659473475925,0.9597266513701049,0.99980524332508,10
micro,M_0,0.622,0.9797983938109279,0.9597540766799069,0.999842710941949,10
micro,M_0,0.623,0.9798308402742635,0.9597812345412127,0.9998804460073143,10
micro,M_0,0.624,0.9798308402742635,0.9597812345412127,0.9998804460073143,10
micro,M_0,0.625,0.9798308402742635,0.9597812345412127,0.9998804460073143,10
micro,M_0,0.626,0.9798308402742635,0.9597812345412127,0.9998804460073143,10
micro,M_0,0.627,0.979948904028691,0.9599327955036315,0.9999650125537504,10
micro,M_0,0.628,0.979948904028691,0.9599327955036315,0.9999650125537504,10
micro,M_0,0.629,0.9800669677831182,0.9600808432698592,1.0,10
micro,M_0,0.63,0.9801850315375458,0.9602253620070054,1.0,10
micro,M_0,0.631,0.9801850315375458,0.9602253620070054,1.0,10
micro,M_0,0.632,0.9801850315375458,0.9602253620070054,1.0,10
micro,M_0,0.633,0.980349928332007,0.9603531258029854,1.0,10
micro,M_0,0.634,0.980349928332007,0.9603531258029854,1.0,10
micro,M_0,0.635,0.980349928332007,0.9603531258029854,1.0,10
micro,M_0,0.636,0.980349928332007,0.9603531258029854,1.0,10
micro,M_0,0.637,0.980349928332007,0.9603531258029854,1.0,10
micro,M_0,0.638,0.9805860558408618,0.9606325526692294,1.0,10
micro,M_0,0.639,0.9805860558408618,0.9606325526692294,1.0,10
micro,M_0,0.64,0.9806185023041973,0.9606598147048264,1.0,10
micro,M_0,0.641,0.9806509487675328,0.9606868082304483,1.0,10
micro,M_0,0.642,0.9806833952308682,0.9607135334660518,1.0,10
micro,M_0,0.643,0.9806833952308682,0.9607135334660518,1.0,10
micro,M_0,0.644,0.9808951468320937,0.9611452030593708,1.0,10
micro,M_0,0.645,0.9808951468320937,0.9611452030593708,1.0,10
micro,M_0,0.646,0.9808951468320937,0.9611452030593708,1.0,10
micro,M_0,0.647,0.9809887797908952,0.9612013796240305,1.0,10
micro,M_0,0.648,0.9811068435453224,0.9613372654719973,1.0,10
micro,M_0,0.649,0.981139290008658,0.9613640570331318,1.0,10
micro,M_0,0.65,0.981139290008658,0.9613640570331318,1.0,10
micro,M_0,0.651,0.981139290008658,0.9613640570331318,1.0,10
micro,M_0,0.652,0.981139290008658,0.9613640570331318,1.0,10
micro,M_0,0.653,0.981139290008658,0.9613640570331318,1.0,10
micro,M_0,0.654,0.9812535757229437,0.9617317596359172,1.0,10
micro,M_0,0.655,0.9814859251916568,0.9622328975142244,1.0,10
micro,M_0,0.656,0.9814859251916568,0.9622328975142244,1.0,10
micro,M_0,0.657,0.9814859251916568,0.9622328975142244,1.0,10
micro,M_0,0.658,0.9814859251916568,0.9622328975142244,1.0,10
micro,M_0,0.659,0.9814859251916568,0.9622328975142244,1.0,10
micro,M_0,0.66,0.9816002109059425,0.9626009332766927,1.0,10
micro,M_0,0.661,0.9817469430835637,0.9629955997456955,1.0,10
micro,M_0,0.662,0.9818612287978494,0.9633634048322975,1.0,10
micro,M_0,0.663,0.9820197074032377,0.9634533356796381,1.0,10
micro,M_0,0.664,0.9820197074032377,0.9634533356796381,1.0,10
micro,M_0,0.665,0.9820197074032377,0.9634533356796381,1.0,10
micro,M_0,0.666,0.9821171732901772,0.963516220136366,1.0,10
micro,M_0,0.667,0.9823676873757303,0.9637498052259946,1.0,10
micro,M_0,0.668,0.9825261659811186,0.963834977154663,1.0,10
micro,M_0,0.669,0.9826404516954044,0.9642023277723675,1.0,10
micro,M_0,0.67,0.9826404516954044,0.9642023277723675,1.0,10
micro,M_0,0.671,0.9826728981587399,0.9642295960373398,1.0,10
micro,M_0,0.672,0.9826728981587399,0.9642295960373398,1.0,10
micro,M_0,0.673,0.9827053446220754,0.9642565737332748,1.0,10
micro,M_0,0.674,0.9827053446220754,0.9642565737332748,1.0,10
micro,M_0,0.675,0.9830482017649326,0.9653579350851391,1.0,10
micro,M_0,0.676,0.9830482017649326,0.9653579350851391,1.0,10
micro,M_0,0.677,0.9830482017649326,0.9653579350851391,1.0,10
micro,M_0,0.678,0.9830482017649326,0.9653579350851391,1.0,10
micro,M_0,0.679,0.98316626551936,0.9654903047930493,1.0,10
micro,M_0,0.68,0.9833129976969811,0.9658846959929578,1.0,10
micro,M_0,0.681,0.983427283411267,0.9662520113961778,1.0,10
micro,M_0,0.682,0.9836740194566784,0.9667170094025676,1.0,10
micro,M_0,0.683,0.9838241696068286,0.9668194258936992,1.0,10
micro,M_0,0.684,0.9838241696068286,0.9668194258936992,1.0,10
micro,M_0,0.685,0.9838241696068286,0.9668194258936992,1.0,10
micro,M_0,0.686,0.9839743197569787,0.9669152116398102,1.0,10
micro,M_0,0.687,0.9839743197569787,0.9669152116398102,1.0,10
micro,M_0,0.6880000000000001,0.984131059568891,0.9670418901753998,1.0,10
micro,M_0,0.6890000000000001,0.984131059568891,0.9670418901753998,1.0,10
micro,M_0,0.6900000000000001,0.9842453452831768,0.9674086377106336,1.0,10
micro,M_0,0.6910000000000001,0.9843920774607978,0.9678027172393533,1.0,10
micro,M_0,0.6920000000000001,0.9844245239241334,0.9678299130854592,1.0,10
micro,M_0,0.6930000000000001,0.9844245239241334,0.9678299130854592,1.0,10
micro,M_0,0.6940000000000001,0.9844245239241334,0.9678299130854592,1.0,10
micro,M_0,0.6950000000000001,0.9844245239241334,0.9678299130854592,1.0,10
micro,M_0,0.6960000000000001,0.9846395670009546,0.9679735369752512,1.0,10
micro,M_0,0.6970000000000001,0.9846395670009546,0.9679735369752512,1.0,10
micro,M_0,0.6980000000000001,0.9846395670009546,0.9679735369752512,1.0,10
micro,M_0,0.6990000000000001,0.9847963068128667,0.9680946931287008,1.0,10
micro,M_0,0.7000000000000001,0.9847963068128667,0.9680946931287008,1.0,10
micro,M_0,0.7010000000000001,0.9847963068128667,0.9680946931287008,1.0,10
micro,M_0,0.7020000000000001,0.9847963068128667,0.9680946931287008,1.0,10
micro,M_0,0.7030000000000001,0.9847963068128667,0.9680946931287008,1.0,10
micro,M_0,0.704,0.9847963068128667,0.9680946931287008,1.0,10
micro,M_0,0.705,0.9849105925271525,0.9684609872344773,1.0,10
micro,M_0,0.706,0.985067825231555,0.9685922037918949,1.0,10
micro,M_0,0.707,0.985067825231555,0.9685922037918949,1.0,10
micro,M_0,0.708,0.985067825231555,0.9685922037918949,1.0,10
micro,M_0,0.709,0.9854329766090448,0.969141827163463,1.0,10
micro,M_0,0.71,0.9854329766090448,0.969141827163463,1.0,10
micro,M_0,0.711,0.9854654230723803,0.9691690033492096,1.0,10
micro,M_0,0.712,0.9854654230723803,0.9691690033492096,1.0,10
micro,M_0,0.713,0.9854978695357157,0.9691958507602558,1.0,10
micro,M_0,0.714,0.9854978695357157,0.9691958507602558,1.0,10
micro,M_0,0.715,0.9854978695357157,0.9691958507602558,1.0,10
micro,M_0,0.716,0.9856121552500013,0.9695620052704759,1.0,10
micro,M_0,0.717,0.9857588874276226,0.9699545414485187,1.0,10
micro,M_0,0.718,0.9857588874276226,0.9699545414485187,1.0,10
micro,M_0,0.719,0.9858237803542936,0.9700067199725757,1.0,10
micro,M_0,0.72,0.9858237803542936,0.9700067199725757,1.0,10
micro,M_0,0.721,0.9859380660685794,0.9703725399821322,1.0,10
micro,M_0,0.722,0.9861666374971507,0.9711034690939642,1.0,10
micro,M_0,0.723,0.9861666374971507,0.9711034690939642,1.0,10
micro,M_0,0.724,0.9861666374971507,0.9711034690939642,1.0,10
micro,M_0,0.725,0.9861666374971507,0.9711034690939642,1.0,10
micro,M_0,0.726,0.9862809232114366,0.9714685540859828,1.0,10
micro,M_0,0.727,0.9863952089257222,0.9718333685983358,1.0,10
micro,M_0,0.728,0.9863952089257222,0.9718333685983358,1.0,10
micro,M_0,0.729,0.9863952089257222,0.9718333685983358,1.0,10
micro,M_0,0.73,0.9865094946400079,0.9721978984265328,1.0,10
micro,M_0,0.731,0.9865094946400079,0.9721978984265328,1.0,10
micro,M_0,0.732,0.9865094946400079,0.9721978984265328,1.0,10
micro,M_0,0.733,0.9865094946400079,0.9721978984265328,1.0,10
micro,M_0,0.734,0.9867680243932707,0.9723805825313441,1.0,10
micro,M_0,0.735,0.9867680243932707,0.9723805825313441,1.0,10
micro,M_0,0.736,0.9869185346110336,0.9725539398204759,1.0,10
micro,M_0,0.737,0.9869185346110336,0.9725539398204759,1.0,10
micro,M_0,0.738,0.9870328203253192,0.9729191144655883,1.0,10
micro,M_0,0.739,0.9870328203253192,0.9729191144655883,1.0,10
micro,M_0,0.74,0.9871900530297217,0.9730395726848166,1.0,10
micro,M_0,0.741,0.9871900530297217,0.9730395726848166,1.0,10
micro,M_0,0.742,0.9871900530297217,0.9730395726848166,1.0,10
micro,M_0,0.743,0.9871900530297217,0.9730395726848166,1.0,10
micro,M_0,0.744,0.9873405632474848,0.9732098362388408,1.0,10
micro,M_0,0.745,0.9874548489617704,0.9735758634959898,1.0,10
micro,M_0,0.746,0.9875691346760561,0.9739416364767703,1.0,10
micro,M_0,0.747,0.9876015811393917,0.973967161114314,1.0,10
micro,M_0,0.748,0.9879482163223905,0.9748416335439396,1.0,10
micro,M_0,0.749,0.9879482163223905,0.9748416335439396,1.0,10
micro,M_0,0.75,0.9881561349954777,0.9752618219679915,1.0,10
micro,M_0,0.751,0.9881885814588133,0.9752873286625969,1.0,10
micro,M_0,0.752,0.9883066452132405,0.9754271934418441,1.0,10
micro,M_0,0.753,0.9885794095329146,0.9758760294597909,1.0,10
micro,M_0,0.754,0.9885794095329146,0.9758760294597909,1.0,10
micro,M_0,0.755,0.9886936952472002,0.9762415935547536,1.0,10
micro,M_0,0.756,0.9886936952472002,0.9762415935547536,1.0,10
micro,M_0,0.757,0.9886936952472002,0.9762415935547536,1.0,10
micro,M_0,0.758,0.9888261455783262,0.9763421522850935,1.0,10
micro,M_0,0.759,0.9888261455783262,0.9763421522850935,1.0,10
micro,M_0,0.76,0.988958595909452,0.9764356214635063,1.0,10
micro,M_0,0.761,0.988958595909452,0.9764356214635063,1.0,10
micro,M_0,0.762,0.9891209547230625,0.9765600841999973,1.0,10
micro,M_0,0.763,0.9891209547230625,0.9765600841999973,1.0,10
micro,M_0,0.764,0.9891209547230625,0.9765600841999973,1.0,10
micro,M_0,0.765,0.9892352404373483,0.9769253830529315,1.0,10
micro,M_0,0.766,0.9893533041917756,0.9770655651348845,1.0,10
micro,M_0,0.767,0.9893533041917756,0.9770655651348845,1.0,10
micro,M_0,0.768,0.9895650557930009,0.9775010664466974,1.0,10
micro,M_0,0.769,0.9895650557930009,0.9775010664466974,1.0,10
micro,M_0,0.77,0.9895650557930009,0.9775010664466974,1.0,10
micro,M_0,0.771,0.9895650557930009,0.9775010664466974,1.0,10
micro,M_0,0.772,0.9895650557930009,0.9775010664466974,1.0,10
micro,M_0,0.773,0.9896793415072865,0.9778667929275394,1.0,10
micro,M_0,0.774,0.9896793415072865,0.9778667929275394,1.0,10
micro,M_0,0.775,0.9896793415072865,0.9778667929275394,1.0,10
micro,M_0,0.776,0.9896793415072865,0.9778667929275394,1.0,10
micro,M_0,0.777,0.9896793415072865,0.9778667929275394,1.0,10
micro,M_0,0.778,0.9896793415072865,0.9778667929275394,1.0,10
micro,M_0,0.779,0.9896793415072865,0.9778667929275394,1.0,10
micro,M_0,0.78,0.9897936272215724,0.9782322065997064,1.0,10
micro,M_0,0.781,0.9897936272215724,0.9782322065997064,1.0,10
micro,M_0,0.782,0.9897936272215724,0.9782322065997064,1.0,10
micro,M_0,0.783,0.9897936272215724,0.9782322065997064,1.0,10
micro,M_0,0.784,0.9897936272215724,0.9782322065997064,1.0,10
micro,M_0,0.785,0.9899508599259749,0.978353733411947,1.0,10
micro,M_0,0.786,0.9899508599259749,0.978353733411947,1.0,10
micro,M_0,0.787,0.9900807722762499,0.9784459635200182,1.0,10
micro,M_0,0.788,0.9901950579905356,0.9788110658611292,1.0,10
micro,M_0,0.789,0.9901950579905356,0.9788110658611292,1.0,10
micro,M_0,0.79,0.9903093437048213,0.9791758152139811,1.0,10
micro,M_0,0.791,0.9903417901681568,0.9792016415433419,1.0,10
micro,M_0,0.792,0.9903417901681568,0.9792016415433419,1.0,10
micro,M_0,0.793,0.9903417901681568,0.9792016415433419,1.0,10
micro,M_0,0.794,0.9903417901681568,0.9792016415433419,1.0,10
micro,M_0,0.795,0.9903417901681568,0.9792016415433419,1.0,10
micro,M_0,0.796,0.9904560758824426,0.9795660551206689,1.0,10
micro,M_0,0.797,0.9904560758824426,0.9795660551206689,1.0,10
micro,M_0,0.798,0.9905741396368699,0.9797093756039875,1.0,10
micro,M_0,0.799,0.9905741396368699,0.9797093756039875,1.0,10
micro,M_0,0.8,0.9907308794487821,0.9798473128335321,1.0,10
micro,M_0,0.801,0.9907308794487821,0.9798473128335321,1.0,10
micro,M_0,0.802,0.9907308794487821,0.9798473128335321,1.0,10
micro,M_0,0.803,0.9908451651630678,0.9802131556542677,1.0,10
micro,M_0,0.804,0.9909594508773536,0.9805786557263306,1.0,10
micro,M_0,0.805,0.9910737365916393,0.9809437875500375,1.0,10
micro,M_0,0.806,0.9910737365916393,0.9809437875500375,1.0,10
micro,M_0,0.807,0.9910737365916393,0.9809437875500375,1.0,10
micro,M_0,0.808,0.9910737365916393,0.9809437875500375,1.0,10
micro,M_0,0.809,0.9910737365916393,0.9809437875500375,1.0,10
micro,M_0,0.81,0.9910737365916393,0.9809437875500375,1.0,10
micro,M_0,0.811,0.9912061869227651,0.981035069410764,1.0,10
micro,M_0,0.812,0.9913204726370509,0.9813996332040228,1.0,10
micro,M_0,0.8130000000000001,0.9913204726370509,0.9813996332040228,1.0,10
micro,M_0,0.8140000000000001,0.9913204726370509,0.9813996332040228,1.0,10
micro,M_0,0.8150000000000001,0.9914385363914782,0.981543282017074,1.0,10
micro,M_0,0.8160000000000001,0.9914385363914782,0.981543282017074,1.0,10
micro,M_0,0.8170000000000001,0.9914385363914782,0.981543282017074,1.0,10
micro,M_0,0.8180000000000001,0.9914385363914782,0.981543282017074,1.0,10
micro,M_0,0.8190000000000001,0.9914385363914782,0.981543282017074,1.0,10
micro,M_0,0.8200000000000001,0.9914385363914782,0.981543282017074,1.0,10
micro,M_0,0.8210000000000001,0.9914385363914782,0.981543282017074,1.0,10
micro,M_0,0.8220000000000001,0.9914385363914782,0.981543282017074,1.0,10
micro,M_0,0.8230000000000001,0.9914385363914782,0.981543282017074,1.0,10
micro,M_0,0.8240000000000001,0.9917033323235268,0.9820734139723281,1.0,10
micro,M_0,0.8250000000000001,0.9917033323235268,0.9820734139723281,1.0,10
micro,M_0,0.8260000000000001,0.9917033323235268,0.9820734139723281,1.0,10
micro,M_0,0.8270000000000001,0.9917357787868623,0.9820996337520989,1.0,10
micro,M_0,0.8280000000000001,0.9918930114912647,0.9822174721360861,1.0,10
micro,M_0,0.8290000000000001,0.9918930114912647,0.9822174721360861,1.0,10
micro,M_0,0.8300000000000001,0.9918930114912647,0.9822174721360861,1.0,10
micro,M_0,0.8310000000000001,0.9920072972055506,0.982584172222582,1.0,10
micro,M_0,0.8320000000000001,0.9920072972055506,0.982584172222582,1.0,10
micro,M_0,0.833,0.9920072972055506,0.982584172222582,1.0,10
micro,M_0,0.834,0.9920072972055506,0.982584172222582,1.0,10
micro,M_0,0.835,0.9920072972055506,0.982584172222582,1.0,10
micro,M_0,0.836,0.9920072972055506,0.982584172222582,1.0,10
micro,M_0,0.837,0.9920072972055506,0.982584172222582,1.0,10
micro,M_0,0.838,0.9921540293831717,0.982976628438108,1.0,10
micro,M_0,0.839,0.9921540293831717,0.982976628438108,1.0,10
micro,M_0,0.84,0.9922683150974574,0.9833426750902597,1.0,10
micro,M_0,0.841,0.9923826008117432,0.9837083233885004,1.0,10
micro,M_0,0.842,0.9923826008117432,0.9837083233885004,1.0,10
micro,M_0,0.843,0.9927679120522269,0.9845751459350675,1.0,10
micro,M_0,0.844,0.9927679120522269,0.9845751459350675,1.0,10
micro,M_0,0.845,0.9927679120522269,0.9845751459350675,1.0,10
micro,M_0,0.846,0.9927679120522269,0.9845751459350675,1.0,10
micro,M_0,0.847,0.9928003585155624,0.9846012095508432,1.0,10
micro,M_0,0.848,0.9931688499286999,0.9851550177197237,1.0,10
micro,M_0,0.849,0.9931688499286999,0.9851550177197237,1.0,10
micro,M_0,0.85,0.9932869136831274,0.9853004643542456,1.0,10
micro,M_0,0.851,0.9932869136831274,0.9853004643542456,1.0,10
micro,M_0,0.852,0.993401199397413,0.9856667857681078,1.0,10
micro,M_0,0.853,0.993401199397413,0.9856667857681078,1.0,10
micro,M_0,0.854,0.993401199397413,0.9856667857681078,1.0,10
micro,M_0,0.855,0.993401199397413,0.9856667857681078,1.0,10
micro,M_0,0.856,0.9936297708259844,0.9863980524728588,1.0,10
micro,M_0,0.857,0.9936297708259844,0.9863980524728588,1.0,10
micro,M_0,0.858,0.9937440565402701,0.9867628986719578,1.0,10
micro,M_0,0.859,0.9937440565402701,0.9867628986719578,1.0,10
micro,M_0,0.86,0.9938583422545559,0.9871271419253927,1.0,10
micro,M_0,0.861,0.9939726279688414,0.9874907124798818,1.0,10
micro,M_0,0.862,0.9940869136831273,0.9878535296273866,1.0,10
micro,M_0,0.863,0.9941193601464627,0.9878805295140101,1.0,10
micro,M_0,0.864,0.9941193601464627,0.9878805295140101,1.0,10
micro,M_0,0.865,0.9941518066097983,0.9879066714342608,1.0,10
micro,M_0,0.866,0.994266092324084,0.9882688591449177,1.0,10
micro,M_0,0.867,0.994266092324084,0.9882688591449177,1.0,10
micro,M_0,0.868,0.994266092324084,0.9882688591449177,1.0,10
micro,M_0,0.869,0.994266092324084,0.9882688591449177,1.0,10
micro,M_0,0.87,0.994266092324084,0.9882688591449177,1.0,10
micro,M_0,0.871,0.9944233250284865,0.988377145640794,1.0,10
micro,M_0,0.872,0.9946556744971996,0.9888962275269776,1.0,10
micro,M_0,0.873,0.9947699602114854,0.9892592525661655,1.0,10
micro,M_0,0.874,0.9947699602114854,0.9892592525661655,1.0,10
micro,M_0,0.875,0.9947699602114854,0.9892592525661655,1.0,10
micro,M_0,0.876,0.994884245925771,0.989621333619145,1.0,10
micro,M_0,0.877,0.994884245925771,0.989621333619145,1.0,10
micro,M_0,0.878,0.994884245925771,0.989621333619145,1.0,10
micro,M_0,0.879,0.9949166923891065,0.989647849909122,1.0,10
micro,M_0,0.88,0.9949166923891065,0.989647849909122,1.0,10
micro,M_0,0.881,0.9950309781033922,0.9900089755915578,1.0,10
micro,M_0,0.882,0.9950309781033922,0.9900089755915578,1.0,10
micro,M_0,0.883,0.9950634245667278,0.9900345556783953,1.0,10
micro,M_0,0.884,0.9952201643786399,0.990147059148274,1.0,10
micro,M_0,0.885,0.9952201643786399,0.990147059148274,1.0,10
micro,M_0,0.886,0.9953344500929256,0.9905068942765018,1.0,10
micro,M_0,0.887,0.9953344500929256,0.9905068942765018,1.0,10
micro,M_0,0.888,0.9953344500929256,0.9905068942765018,1.0,10
micro,M_0,0.889,0.9953344500929256,0.9905068942765018,1.0,10
micro,M_0,0.89,0.9953344500929256,0.9905068942765018,1.0,10
micro,M_0,0.891,0.9953344500929256,0.9905068942765018,1.0,10
micro,M_0,0.892,0.995452513847353,0.9906678056153345,1.0,10
micro,M_0,0.893,0.995452513847353,0.9906678056153345,1.0,10
micro,M_0,0.894,0.9955667995616387,0.9910302077695339,1.0,10
micro,M_0,0.895,0.9955992460249743,0.9910559124960766,1.0,10
micro,M_0,0.896,0.9955992460249743,0.9910559124960766,1.0,10
micro,M_0,0.897,0.9956316924883097,0.991080443335862,1.0,10
micro,M_0,0.898,0.9956316924883097,0.991080443335862,1.0,10
micro,M_0,0.899,0.9956316924883097,0.991080443335862,1.0,10
micro,M_0,0.9,0.9958602639168811,0.9918016312324622,0.9999188966013,10
micro,M_0,0.901,0.9958602639168811,0.9918016312324622,0.9999188966013,10
micro,M_0,0.902,0.9958602639168811,0.9918016312324622,0.9999188966013,10
micro,M_0,0.903,0.9958602639168811,0.9918016312324622,0.9999188966013,10
micro,M_0,0.904,0.9958602639168811,0.9918016312324622,0.9999188966013,10
micro,M_0,0.905,0.9958602639168811,0.9918016312324622,0.9999188966013,10
micro,M_0,0.906,0.9958602639168811,0.9918016312324622,0.9999188966013,10
micro,M_0,0.907,0.9958602639168811,0.9918016312324622,0.9999188966013,10
micro,M_0,0.908,0.9958602639168811,0.9918016312324622,0.9999188966013,10
micro,M_0,0.909,0.9959577298038207,0.9918633565922199,1.0,10
micro,M_0,0.91,0.9960757935582482,0.9920227871337359,1.0,10
micro,M_0,0.911,0.9960757935582482,0.9920227871337359,1.0,10
micro,M_0,0.912,0.9960757935582482,0.9920227871337359,1.0,10
micro,M_0,0.913,0.9960757935582482,0.9920227871337359,1.0,10
micro,M_0,0.914,0.9960757935582482,0.9920227871337359,1.0,10
micro,M_0,0.915,0.9961938573126755,0.9921649005873232,1.0,10
micro,M_0,0.916,0.9961938573126755,0.9921649005873232,1.0,10
micro,M_0,0.917,0.996226303776011,0.992189657423895,1.0,10
micro,M_0,0.918,0.9962587502393465,0.992213097007101,1.0,10
micro,M_0,0.919,0.9962587502393465,0.992213097007101,1.0,10
micro,M_0,0.92,0.9963730359536322,0.9925789151135243,1.0,10
micro,M_0,0.921,0.9965885655949993,0.9927611525337812,1.0,10
micro,M_0,0.922,0.9965885655949993,0.9927611525337812,1.0,10
micro,M_0,0.923,0.9967028513092849,0.9931275470924416,1.0,10
micro,M_0,0.924,0.996853001459435,0.9932546134156538,1.0,10
micro,M_0,0.925,0.996853001459435,0.9932546134156538,1.0,10
micro,M_0,0.926,0.9969672871737207,0.9936212044399771,1.0,10
micro,M_0,0.927,0.9969672871737207,0.9936212044399771,1.0,10
micro,M_0,0.928,0.9969672871737207,0.9936212044399771,1.0,10
micro,M_0,0.929,0.9969672871737207,0.9936212044399771,1.0,10
micro,M_0,0.93,0.9969672871737207,0.9936212044399771,1.0,10
micro,M_0,0.931,0.9969997336370563,0.9936450805490185,1.0,10
micro,M_0,0.932,0.997114019351342,0.9940106290369526,1.0,10
micro,M_0,0.933,0.997114019351342,0.9940106290369526,1.0,10
micro,M_0,0.934,0.9972283050656277,0.9943748784603911,1.0,10
micro,M_0,0.935,0.9973425907799134,0.9947374548554062,0.9999477267044206,10
micro,M_0,0.936,0.997456876494199,0.9950978299019282,0.9998159230864698,10
micro,M_0,0.937,0.997456876494199,0.9950978299019282,0.9998159230864698,10
micro,M_0,0.938,0.997456876494199,0.9950978299019282,0.9998159230864698,10
micro,M_0,0.939,0.9975749402486265,0.9952292349082345,0.9999206455890185,10
micro,M_0,0.94,0.9976892259629123,0.995591838320244,0.9997866136055806,10
micro,M_0,0.941,0.9976892259629123,0.995591838320244,0.9997866136055806,10
micro,M_0,0.942,0.9977828589217138,0.9956637673136634,0.9999019505297643,10
micro,M_0,0.943,0.9977828589217138,0.9956637673136634,0.9999019505297643,10
micro,M_0,0.944,0.9978971446359994,0.9960239763303703,0.9997703129416285,10
micro,M_0,0.945,0.9980152083904269,0.9961322864857798,0.999898130295074,10
micro,M_0,0.946,0.9981088413492284,0.9961848096323703,1.0,10
micro,M_0,0.947,0.9982412916803541,0.9963236044527629,1.0,10
micro,M_0,0.948,0.9982412916803541,0.9963236044527629,1.0,10
micro,M_0,0.949,0.9982412916803541,0.9963236044527629,1.0,10
micro,M_0,0.95,0.9982412916803541,0.9963236044527629,1.0,10
micro,M_0,0.951,0.9982412916803541,0.9963236044527629,1.0,10
micro,M_0,0.952,0.9982412916803541,0.9963236044527629,1.0,10
micro,M_0,0.953,0.9982412916803541,0.9963236044527629,1.0,10
micro,M_0,0.954,0.9982412916803541,0.9963236044527629,1.0,10
micro,M_0,0.955,0.9982412916803541,0.9963236044527629,1.0,10
micro,M_0,0.956,0.9983880238579754,0.996713849331276,1.0,10
micro,M_0,0.957,0.998502309572261,0.9970742050659434,0.9999304140785787,10
micro,M_0,0.958,0.998502309572261,0.9970742050659434,0.9999304140785787,10
micro,M_0,0.959,0.998502309572261,0.9970742050659434,0.9999304140785787,10
micro,M_0,0.96,0.9986165952865468,0.9974292526815075,0.9998039378915861,10
micro,M_0,0.961,0.9986165952865468,0.9974292526815075,0.9998039378915861,10
micro,M_0,0.962,0.9986165952865468,0.9974292526815075,0.9998039378915861,10
micro,M_0,0.963,0.9986165952865468,0.9974292526815075,0.9998039378915861,10
micro,M_0,0.964,0.9986165952865468,0.9974292526815075,0.9998039378915861,10
micro,M_0,0.965,0.9986165952865468,0.9974292526815075,0.9998039378915861,10
micro,M_0,0.966,0.9987733350984591,0.9975474856451377,0.9999991845517805,10
micro,M_0,0.967,0.9987733350984591,0.9975474856451377,0.9999991845517805,10
micro,M_0,0.968,0.9987733350984591,0.9975474856451377,0.9999991845517805,10
micro,M_0,0.969,0.9987733350984591,0.9975474856451377,0.9999991845517805,10
micro,M_0,0.97,0.9987733350984591,0.9975474856451377,0.9999991845517805,10
micro,M_0,0.971,0.9987733350984591,0.9975474856451377,0.9999991845517805,10
micro,M_0,0.972,0.9987733350984591,0.9975474856451377,0.9999991845517805,10
micro,M_0,0.973,0.9987733350984591,0.9975474856451377,0.9999991845517805,10
micro,M_0,0.974,0.9987733350984591,0.9975474856451377,0.9999991845517805,10
micro,M_0,0.975,0.9987733350984591,0.9975474856451377,0.9999991845517805,10
micro,M_0,0.976,0.9987733350984591,0.9975474856451377,0.9999991845517805,10
micro,M_0,0.977,0.9987733350984591,0.9975474856451377,0.9999991845517805,10
micro,M_0,0.978,0.9988876208127447,0.9978944873443486,0.9998807542811409,10
micro,M_0,0.979,0.9988876208127447,0.9978944873443486,0.9998807542811409,10
micro,M_0,0.98,0.9988876208127447,0.9978944873443486,0.9998807542811409,10
micro,M_0,0.981,0.9990019065270305,0.9982249900993824,0.9997788229546786,10
micro,M_0,0.982,0.9990019065270305,0.9982249900993824,0.9997788229546786,10
micro,M_0,0.983,0.9990019065270305,0.9982249900993824,0.9997788229546786,10
micro,M_0,0.984,0.9991161922413161,0.9985207411260169,0.9997116433566153,10
micro,M_0,0.985,0.9991161922413161,0.9985207411260169,0.9997116433566153,10
micro,M_0,0.986,0.9991161922413161,0.9985207411260169,0.9997116433566153,10
micro,M_0,0.987,0.9991161922413161,0.9985207411260169,0.9997116433566153,10
micro,M_0,0.988,0.9991486387046515,0.9985514419926265,0.9997458354166766,10
micro,M_0,0.989,0.9991486387046515,0.9985514419926265,0.9997458354166766,10
micro,M_0,0.99,0.9991486387046515,0.9985514419926265,0.9997458354166766,10
micro,M_0,0.991,0.9991486387046515,0.9985514419926265,0.9997458354166766,10
micro,M_0,0.992,0.9991486387046515,0.9985514419926265,0.9997458354166766,10
micro,M_0,0.993,0.9992629244189374,0.9987760283695079,0.9997498204683669,10
micro,M_0,0.994,0.9996668931687515,0.9992566499050566,1.0,10
micro,M_0,0.995,0.9998170433189015,0.9995269258659414,1.0,10
micro,M_0,0.996,0.9998170433189015,0.9995269258659414,1.0,10
micro,M_0,0.997,0.9998170433189015,0.9995269258659414,1.0,10
micro,M_0,0.998,0.9998170433189015,0.9995269258659414,1.0,10
micro,M_0,0.999,0.999935107073329,0.9997883090744453,1.0,10
micro,M_0,1.0,1.0,1.0,1.0,10
micro,M_1,0.0,0.0,0.0,0.0,10
micro,M_1,0.001,0.31208205762476615,0.12151340215260964,0.5026507130969227,10
micro,M_1,0.002,0.3597327214471636,0.16192919482633927,0.557536248067988,10
micro,M_1,0.003,0.39402750231622485,0.19612229014170082,0.5919327144907489,10
micro,M_1,0.004,0.4217487116680344,0.22322033923465354,0.6202770841014152,10
micro,M_1,0.005,0.44096544247007197,0.24268289717002198,0.6392479877701219,10
micro,M_1,0.006,0.4596731892745286,0.26322819494147165,0.6561181836075856,10
micro,M_1,0.007,0.4749702808083989,0.28258418224422666,0.6673563793725712,10
micro,M_1,0.008,0.48818710119553355,0.3006941874109452,0.6756800149801219,10
micro,M_1,0.009,0.500641227708569,0.31755437300157846,0.6837280824155596,10
micro,M_1,0.01,0.512263011445232,0.3321761960382571,0.6923498268522069,10
micro,M_1,0.011,0.5215008290181682,0.34313569883506023,0.6998659592012761,10
micro,M_1,0.012,0.5314397907934115,0.35599752383226246,0.7068820577545606,10
micro,M_1,0.013,0.5380722434355195,0.3632528359384723,0.7128916509325667,10
micro,M_1,0.014,0.5457228344802098,0.373465951748046,0.7179797172123735,10
micro,M_1,0.015,0.5542446342158984,0.3851070336144006,0.7233822348173963,10
micro,M_1,0.016,0.5612031072024959,0.3941785406831182,0.7282276737218736,10
micro,M_1,0.017,0.5705679580883981,0.4043104831930504,0.7368254329837458,10
micro,M_1,0.018,0.5811575778909756,0.4184891272121388,0.7438260285698123,10
micro,M_1,0.019,0.5873807732955891,0.4273534107610105,0.7474081358301677,10
micro,M_1,0.02,0.592826009463049,0.43446945151120175,0.7511825674148962,10
micro,M_1,0.021,0.6009220267479284,0.44554330065598574,0.7563007528398711,10
micro,M_1,0.022,0.6085942786361394,0.4555435617973582,0.7616449954749205,10
micro,M_1,0.023,0.6153526472729275,0.4635340471192202,0.7671712474266348,10
micro,M_1,0.024,0.621680150904837,0.4721399699885118,0.7712203318211621,10
micro,M_1,0.025,0.629871718202726,0.4835248751913035,0.7762185612141486,10
micro,M_1,0.026,0.6372816330502307,0.49213436546629374,0.7824289006341676,10
micro,M_1,0.027,0.6441851080623586,0.5004092319038971,0.7879609842208202,10
micro,M_1,0.028,0.6498254831989391,0.5072442474657605,0.7924067189321177,10
micro,M_1,0.029,0.6548343835440076,0.514807012654228,0.7948617544337871,10
micro,M_1,0.03,0.6580437199151238,0.5184583158594457,0.7976291239708019,10
micro,M_1,0.031,0.6626393908907546,0.5248496287012768,0.8004291530802324,10
micro,M_1,0.032,0.66637112134708,0.5296264837458968,0.8031157589482631,10
micro,M_1,0.033,0.6717658806111879,0.5370464154642696,0.8064853457581063,10
micro,M_1,0.034,0.676241935069789,0.542224938328103,0.810258931811475,10
micro,M_1,0.035,0.6791051327876635,0.5458278638482633,0.8123824017270637,10
micro,M_1,0.036,0.6849206212352871,0.5527957452459384,0.8170454972246357,10
micro,M_1,0.037,0.6885771018140354,0.5571650998846128,0.819989103743458,10
micro,M_1,0.038,0.6912349247946314,0.5604090054211225,0.8220608441681404,10
micro,M_1,0.039,0.6957744749397519,0.5655177697240085,0.8260311801554953,10
micro,M_1,0.04,0.6999350160324618,0.5695402304591339,0.8303298016057896,10
micro,M_1,0.041,0.7031605812360329,0.5737046652691611,0.8326164972029046,10
micro,M_1,0.042,0.7068204139962075,0.5789781325726628,0.8346626954197522,10
micro,M_1,0.043,0.7101507318267883,0.5833229400536633,0.8369785235999134,10
micro,M_1,0.044,0.7136482823690525,0.5875022233094352,0.8397943414286698,10
micro,M_1,0.045,0.716456713734011,0.5900989059921855,0.8428145214758365,10
micro,M_1,0.046,0.7202776483253086,0.595588950121608,0.8449663465290093,10
micro,M_1,0.047,0.7232058293793876,0.5995354607707342,0.846876197988041,10
micro,M_1,0.048,0.7272542427606944,0.60437935158198,0.8501291339394088,10
micro,M_1,0.049,0.7301108265446816,0.6085411343808848,0.8516805187084785,10
micro,M_1,0.05,0.733747262109337,0.612919065311231,0.8545754589074431,10
micro,M_1,0.051,0.7364605009325926,0.616211446919548,0.8567095549456373,10
micro,M_1,0.052,0.7391118823312919,0.6199870160021607,0.8582367486604231,10
micro,M_1,0.053,0.7413770570868106,0.6231780231899133,0.8595760909837078,10
micro,M_1,0.054,0.7448633774343636,0.6283614568653088,0.8613652980034184,10
micro,M_1,0.055,0.7473263194193159,0.6310875494544363,0.8635650893841955,10
micro,M_1,0.056,0.7485466644680663,0.6332407122738826,0.86385261666225,10
micro,M_1,0.057,0.7516065656456641,0.636981154452042,0.8662319768392862,10
micro,M_1,0.058,0.7539607833419494,0.6400275046630455,0.8678940620208533,10
micro,M_1,0.059,0.7562300828506519,0.6434931582091279,0.8689670074921758,10
micro,M_1,0.06,0.7590935196809914,0.6474747262713957,0.870712313090587,10
micro,M_1,0.061,0.760984983969282,0.6508513514670828,0.8711186164714813,10
micro,M_1,0.062,0.7629042009478146,0.6532635129972427,0.8725448888983866,10
micro,M_1,0.063,0.7657730021985318,0.657114005688411,0.8744319987086526,10
micro,M_1,0.064,0.7684632779011741,0.6601290511986087,0.8767975046037395,10
micro,M_1,0.065,0.7704401823111804,0.6624040463953825,0.8784763182269782,10
micro,M_1,0.066,0.772781133112425,0.6661631427216003,0.8793991235032498,10
micro,M_1,0.067,0.7750652377098998,0.6692047621303774,0.8809257132894222,10
micro,M_1,0.068,0.7771134669113067,0.6719056965262695,0.8823212372963438,10
micro,M_1,0.069,0.778864672953264,0.6741707059649601,0.8835586399415679,10
micro,M_1,0.07,0.7811537151058972,0.677033273764527,0.8852741564472673,10
micro,M_1,0.071,0.7825747646047987,0.6789216188341125,0.8862279103754849,10
micro,M_1,0.072,0.7845272661196296,0.6814692540193018,0.8875852782199575,10
micro,M_1,0.073,0.7867797461857988,0.6842737678627943,0.8892857245088034,10
micro,M_1,0.074,0.788766027390194,0.6869835067319311,0.8905485480484568,10
micro,M_1,0.075,0.7906225392783897,0.6893411818540253,0.891903896702754,10
micro,M_1,0.076,0.7921348908373232,0.6913536517485184,0.8929161299261281,10
micro,M_1,0.077,0.7934090207951627,0.6928861447665439,0.8939318968237816,10
micro,M_1,0.078,0.7946871070626547,0.6944605896378677,0.8949136244874416,10
micro,M_1,0.079,0.7965992903648529,0.697240409308704,0.8959581714210018,10
micro,M_1,0.08,0.7983342323980531,0.6991466443603047,0.8975218204358015,10
micro,M_1,0.081,0.7998703263163749,0.7005806682346728,0.899159984398077,10
micro,M_1,0.082,0.8020264127596969,0.7041694870315516,0.8998833384878422,10
micro,M_1,0.083,0.8039289248024357,0.7061767903822826,0.9016810592225888,10
micro,M_1,0.084,0.8059906680208477,0.7093580387355849,0.9026232973061106,10
micro,M_1,0.085,0.8074457046096997,0.7114436740155916,0.9034477352038077,10
micro,M_1,0.086,0.8083328454000872,0.7122250148051859,0.9044406759949886,10
micro,M_1,0.087,0.8092689941423558,0.7139604756583002,0.9045775126264113,10
micro,M_1,0.088,0.8107131282873322,0.7164207946522064,0.905005461922458,10
micro,M_1,0.089,0.8114091671444431,0.7172992791731639,0.9055190551157223,10
micro,M_1,0.09,0.8123894272174219,0.7185476922677149,0.906231162167129,10
micro,M_1,0.091,0.8137360954754588,0.7208427148000855,0.906629476150832,10
micro,M_1,0.092,0.8151260407383962,0.7229697184496967,0.9072823630270958,10
micro,M_1,0.093,0.8159309574420999,0.7241601339632147,0.9077017809209851,10
micro,M_1,0.094,0.8175886215006516,0.7262529603665289,0.9089242826347743,10
micro,M_1,0.095,0.8192020720025758,0.7284535069634422,0.9099506370417093,10
micro,M_1,0.096,0.8206524126654795,0.7302705319093387,0.9110342934216203,10
micro,M_1,0.097,0.8219340647521476,0.732175522183096,0.9116926073211992,10
micro,M_1,0.098,0.8233830921644041,0.7340413815229151,0.9127248028058931,10
micro,M_1,0.099,0.8250909092293677,0.7355290949869268,0.9146527234718086,10
micro,M_1,0.1,0.8265345135651566,0.7366982455497115,0.9163707815806017,10
micro,M_1,0.101,0.8268761226286605,0.7371364228929811,0.9166158223643399,10
micro,M_1,0.102,0.828650908825761,0.7391955371131791,0.9181062805383429,10
micro,M_1,0.103,0.8293627404879663,0.7400426838478503,0.9186827971280823,10
micro,M_1,0.104,0.8301930954920254,0.7413387459495854,0.9190474450344653,10
micro,M_1,0.105,0.832092281034868,0.7440664231362611,0.9201181389334748,10
micro,M_1,0.106,0.8334941547886888,0.7455679936621897,0.9214203159151879,10
micro,M_1,0.107,0.8350448091621632,0.747376825013384,0.9227127933109424,10
micro,M_1,0.108,0.8360417294442886,0.7489060254829092,0.9231774334056679,10
micro,M_1,0.109,0.8371028543296338,0.7500677247879687,0.924137983871299,10
micro,M_1,0.11,0.8381875581136015,0.7516873667094985,0.9246877495177044,10
micro,M_1,0.111,0.8394561651608298,0.7534989774997196,0.9254133528219399,10
micro,M_1,0.112,0.840443921215706,0.7547301439224756,0.9261576985089364,10
micro,M_1,0.113,0.841504109556596,0.7560665114668776,0.9269417076463145,10
micro,M_1,0.114,0.8432975681588356,0.7586327351255605,0.9279624011921107,10
micro,M_1,0.115,0.8444658011201673,0.7600552318754635,0.9288763703648711,10
micro,M_1,0.116,0.8457960937409854,0.7617718794261354,0.9298203080558354,10
micro,M_1,0.117,0.8467636836049233,0.7628766877250205,0.930650679484826,10
micro,M_1,0.118,0.8482589888498644,0.7647068267825392,0.9318111509171896,10
micro,M_1,0.119,0.849698341718323,0.7670748494917878,0.9323218339448582,10
micro,M_1,0.12,0.8513032488416282,0.7688597087780257,0.9337467889052308,10
micro,M_1,0.121,0.8525832840531151,0.7700136446396758,0.9351529234665544,10
micro,M_1,0.122,0.8538361017267233,0.7712781539916781,0.9363940494617685,10
micro,M_1,0.123,0.854837713161935,0.772295597836987,0.9373798284868831,10
micro,M_1,0.124,0.8556613972877785,0.7731674254313554,0.9381553691442015,10
micro,M_1,0.125,0.856137101441129,0.7736371082730671,0.9386370946091909,10
micro,M_1,0.126,0.8563605202532724,0.7738314911576786,0.9388895493488661,10
micro,M_1,0.127,0.8574981347870969,0.7752047791764265,0.9397914903977673,10
micro,M_1,0.128,0.858551698757504,0.776804850245719,0.9402985472692891,10
micro,M_1,0.129,0.8593424350104412,0.7786183460383691,0.9400665239825132,10
micro,M_1,0.13,0.8598062189590074,0.779258077447885,0.9403543604701299,10
micro,M_1,0.131,0.8607217865547284,0.7805645937120589,0.940878979397398,10
micro,M_1,0.132,0.8615418532529718,0.7816752174061088,0.9414084890998349,10
micro,M_1,0.133,0.8624043049089327,0.7831220322668584,0.941686577551007,10
micro,M_1,0.134,0.8626934950519708,0.7832885631312649,0.9420984269726767,10
micro,M_1,0.135,0.8634145173389471,0.7840717719534562,0.942757262724438,10
micro,M_1,0.136,0.863862269952094,0.7848143114333999,0.9429102284707882,10
micro,M_1,0.137,0.8647428228469369,0.7855684821358163,0.9439171635580575,10
micro,M_1,0.138,0.8654255071293149,0.7861701048642228,0.944680909394407,10
micro,M_1,0.139,0.866473624163825,0.7872307167853487,0.9457165315423013,10
micro,M_1,0.14,0.8677981774197325,0.7886019882037902,0.9469943666356748,10
micro,M_1,0.141,0.8685255906162105,0.789722076021186,0.9473291052112349,10
micro,M_1,0.142,0.8692450412667577,0.7911096797344039,0.9473804027991115,10
micro,M_1,0.143,0.8705081571584221,0.7929289471601062,0.948087367156738,10
micro,M_1,0.144,0.8713966166209814,0.793884753198026,0.9489084800439369,10
micro,M_1,0.145,0.8725698627760796,0.7953635524704729,0.9497761730816864,10
micro,M_1,0.146,0.8739291513736134,0.7972095302878689,0.9506487724593579,10
micro,M_1,0.147,0.8742383688617783,0.7978135505677969,0.9506631871557597,10
micro,M_1,0.148,0.875500513527385,0.798894240439792,0.952106786614978,10
micro,M_1,0.149,0.8764181726095008,0.8001802299039649,0.9526561153150368,10
micro,M_1,0.15,0.8768077831633931,0.8006147380347001,0.9530008282920862,10
micro,M_1,0.151,0.8774609495900428,0.8017150932946199,0.9532068058854658,10
micro,M_1,0.152,0.878547146314381,0.8032569466581109,0.9538373459706512,10
micro,M_1,0.153,0.8790148896880183,0.8039916711825396,0.9540381081934971,10
micro,M_1,0.154,0.8795252284741217,0.8045620934686811,0.9544883634795623,10
micro,M_1,0.155,0.8797449408550602,0.8047417852172928,0.9547480964928275,10
micro,M_1,0.156,0.8804869539504072,0.8055156148395335,0.9554582930612809,10
micro,M_1,0.157,0.8811413604363478,0.8064688211071687,0.955813899765527,10
micro,M_1,0.158,0.8814791914597102,0.8070447018321444,0.955913681087276,10
micro,M_1,0.159,0.8817882275629454,0.8073587864659024,0.9562176686599884,10
micro,M_1,0.16,0.8826732812226149,0.8085733725541001,0.9567731898911297,10
micro,M_1,0.161,0.883382178224602,0.8100738827336467,0.9566904737155573,10
micro,M_1,0.162,0.8839880966556087,0.8108822986091243,0.9570938947020932,10
micro,M_1,0.163,0.8842591221818067,0.8112994076532763,0.957218836710337,10
micro,M_1,0.164,0.8848385366341527,0.8118252365292534,0.9578518367390519,10
micro,M_1,0.165,0.8857410155747351,0.8132296774699328,0.9582523536795373,10
micro,M_1,0.166,0.8870335986648179,0.8145695081145874,0.9594976892150484,10
micro,M_1,0.167,0.8873422747004405,0.8148211584626032,0.9598633909382778,10
micro,M_1,0.168,0.8882861033716584,0.8161665195585543,0.9604056871847624,10
micro,M_1,0.169,0.8886625555645091,0.8164123569633079,0.9609127541657103,10
micro,M_1,0.17,0.8893698444195302,0.8171780616058091,0.9615616272332512,10
micro,M_1,0.171,0.8899255692880927,0.8178688835441519,0.9619822550320336,10
micro,M_1,0.172,0.8905649519433438,0.8189380530883243,0.9621918507983633,10
micro,M_1,0.173,0.890923380834194,0.8195357942893724,0.9623109673790156,10
micro,M_1,0.174,0.8915243081428876,0.8204340424443194,0.9626145738414559,10
micro,M_1,0.175,0.8923745511353882,0.8217778905329012,0.9629712117378753,10
micro,M_1,0.176,0.893005026858954,0.8226890129342403,0.9633210407836676,10
micro,M_1,0.177,0.8936828555466191,0.823313569339896,0.9640521417533422,10
micro,M_1,0.178,0.8940000338144971,0.8236078443713363,0.9643922232576579,10
micro,M_1,0.179,0.8944268284925435,0.8242535026865159,0.9646001542985712,10
micro,M_1,0.18,0.895203999809094,0.8251249412413555,0.9652830583768326,10
micro,M_1,0.181,0.895394972157902,0.8252823769301356,0.9655075673856683,10
micro,M_1,0.182,0.8957328031812644,0.8258550380002734,0.9656105683622553,10
micro,M_1,0.183,0.8963468637769137,0.8266368472992881,0.9660568802545394,10
micro,M_1,0.184,0.8973257241724021,0.8280267019847201,0.9666247463600841,10
micro,M_1,0.185,0.897849569781779,0.8284628008345417,0.9672363387290163,10
micro,M_1,0.186,0.8985334682071408,0.8293281154453052,0.9677388209689763,10
micro,M_1,0.187,0.8990748869003555,0.8300452066765618,0.9681045671241493,10
micro,M_1,0.188,0.8998588042496672,0.8307440299568778,0.9689735785424567,10
micro,M_1,0.189,0.9002594684853706,0.8311025485356249,0.9694163884351163,10
micro,M_1,0.19,0.9006251482768878,0.8314714428016012,0.9697788537521743,10
micro,M_1,0.191,0.9011460624782816,0.8322813508829422,0.9700107740736209,10
micro,M_1,0.192,0.901658114379807,0.8329569868481617,0.9703592419114524,10
micro,M_1,0.193,0.9025329976283396,0.8337268956414967,0.9713390996151825,10
micro,M_1,0.194,0.9031555023160129,0.83469915877997,0.9716118458520558,10
micro,M_1,0.195,0.9037742322157797,0.8354780169632393,0.97207044746832,10
micro,M_1,0.196,0.9042546625193983,0.8359547413877028,0.9725545836510939,10
micro,M_1,0.197,0.9045839913105052,0.8364640312776341,0.9727039513433762,10
micro,M_1,0.198,0.9052444802467587,0.8371057366992116,0.9733832237943059,10
micro,M_1,0.199,0.9057458632750883,0.8382983087956495,0.9731934177545272,10
micro,M_1,0.2,0.9063805766262218,0.8393468328584726,0.9734143203939711,10
micro,M_1,0.201,0.9068072691361877,0.8396533297242292,0.9739612085481462,10
micro,M_1,0.202,0.9074049248601002,0.8405204082333849,0.9742894414868154,10
micro,M_1,0.203,0.9077670601821552,0.8411398241802597,0.9743942961840508,10
micro,M_1,0.204,0.908488790501871,0.8420727405622611,0.974904840441481,10
micro,M_1,0.205,0.9091745298887896,0.8432375667951333,0.9751114929824458,10
micro,M_1,0.206,0.9095980330912401,0.8441789734131158,0.9750170927693644,10
micro,M_1,0.207,0.9102571772379996,0.845302392071258,0.9752119624047412,10
micro,M_1,0.208,0.9107505445986197,0.8465479532485491,0.9749531359486903,10
micro,M_1,0.209,0.9111773392766661,0.8471651737949022,0.97518950475843,10
micro,M_1,0.21,0.911539186140045,0.847469856769216,0.975608515510874,10
micro,M_1,0.211,0.9116040790667161,0.8475281097213322,0.9756800484121001,10
micro,M_1,0.212,0.9118926437993968,0.8478247701842683,0.9759605174145254,10
micro,M_1,0.213,0.9124437318260199,0.8484950776850367,0.9763923859670031,10
micro,M_1,0.214,0.9125736441762949,0.8486366799534835,0.9765106083991064,10
micro,M_1,0.215,0.9129150794627817,0.8489135542814341,0.9769166046441293,10
micro,M_1,0.216,0.9133607504029317,0.8492540887112794,0.9774674120945841,10
micro,M_1,0.217,0.9139023173598098,0.8503385798486632,0.9774660548709563,10
micro,M_1,0.218,0.9144185073690897,0.8508587068148523,0.9779783079233271,10
micro,M_1,0.219,0.9149718680338189,0.8516805116988689,0.9782632243687689,10
micro,M_1,0.22,0.9152239795980087,0.8518200075968158,0.9786279515992017,10
micro,M_1,0.221,0.9157426211612962,0.8524601159048834,0.9790251264177091,10
micro,M_1,0.222,0.9160724365169489,0.8530725742258182,0.9790722988080797,10
micro,M_1,0.223,0.9162673682908281,0.8532880696574012,0.979246666924255,10
micro,M_1,0.224,0.9164997177595413,0.8537915941947081,0.9792078413243746,10
micro,M_1,0.225,0.9169766667126726,0.8541143524090835,0.9798389810162618,10
micro,M_1,0.226,0.9173350956035227,0.8547154224764891,0.9799547687305562,10
micro,M_1,0.227,0.9184063591547009,0.8565440605824519,0.9802686577269499,10
micro,M_1,0.228,0.9190621020498717,0.8574650582907744,0.9806591458089691,10
micro,M_1,0.229,0.9193142608941457,0.8576584644442264,0.980970057344065,10
micro,M_1,0.23,0.9196764678251375,0.8580335332881436,0.9813194023621313,10
micro,M_1,0.231,0.919708914288473,0.8580634543063728,0.9813543742705733,10
micro,M_1,0.232,0.9202216314372278,0.8585994523694882,0.9818438105049674,10
micro,M_1,0.233,0.9206007130835621,0.8594850144984932,0.9817164116686309,10
micro,M_1,0.234,0.9207980563413589,0.8596551706376674,0.9819409420450504,10
micro,M_1,0.235,0.9211202607287318,0.8604409827891695,0.9817995386682941,10
micro,M_1,0.236,0.9220139903976741,0.8617840957564153,0.9822438850389328,10
micro,M_1,0.237,0.9225267258497887,0.8621870067998469,0.9828664448997304,10
micro,M_1,0.238,0.9227590753185018,0.8626829063501735,0.98283524428683,10
micro,M_1,0.239,0.9232188030244295,0.8634248084828343,0.9830127975660247,10
micro,M_1,0.24,0.923466652632199,0.8636778817637388,0.9832554235006591,10
micro,M_1,0.241,0.9239394221253312,0.8648996682015517,0.9829791760491107,10
micro,M_1,0.242,0.9243122375928797,0.8654635140206427,0.9831609611651168,10
micro,M_1,0.243,0.9244589697705008,0.8658545638062314,0.9830633757347702,10
micro,M_1,0.244,0.9247811741578736,0.8666397647637305,0.9829225835520168,10
micro,M_1,0.245,0.9251510366889624,0.8668850625360647,0.9834170108418601,10
micro,M_1,0.246,0.9252771161110994,0.8669756540019107,0.9835785782202882,10
micro,M_1,0.247,0.9257039107891458,0.8675950608245319,0.9838127607537598,10
micro,M_1,0.248,0.9260897149221197,0.8683945805383717,0.9837848493058676,10
micro,M_1,0.249,0.9264963434092278,0.8688074439292423,0.9841852428892134,10
micro,M_1,0.25,0.9269015580600277,0.8693559012670182,0.9844472148530372,10
micro,M_1,0.251,0.9271780760909909,0.8698657564692218,0.98449039571276,10
micro,M_1,0.252,0.9275770936098191,0.8704545106036838,0.9846996766159544,10
micro,M_1,0.253,0.9275770936098191,0.8704545106036838,0.9846996766159544,10
micro,M_1,0.254,0.9278705579650616,0.8712352579555552,0.9845058579745679,10
micro,M_1,0.255,0.9279680238520012,0.8713427819017179,0.9845932658022845,10
micro,M_1,0.256,0.928118534069764,0.8715093808206423,0.9847276873188856,10
micro,M_1,0.257,0.9286769208539882,0.8728359272734395,0.984517914434537,10
micro,M_1,0.258,0.9291172438837847,0.8740257834287646,0.9842087043388048,10
micro,M_1,0.259,0.9292315295980705,0.8743866755016731,0.9840763836944679,10
micro,M_1,0.26,0.9298871170195839,0.8750875647101457,0.9846866693290222,10
micro,M_1,0.261,0.9299807499783856,0.8751463406233535,0.9848151593334178,10
micro,M_1,0.262,0.9303248970227402,0.8754519832948918,0.9851978107505887,10
micro,M_1,0.263,0.9305997005890798,0.875681708244864,0.9855176929332956,10
micro,M_1,0.264,0.9306321470524154,0.8757119375224295,0.9855523565824013,10
micro,M_1,0.265,0.931122480260122,0.876180623102638,0.986064337417606,10
micro,M_1,0.266,0.9313548297288351,0.8766748586088383,0.9860348008488319,10
micro,M_1,0.267,0.9313548297288351,0.8766748586088383,0.9860348008488319,10
micro,M_1,0.268,0.9313872761921707,0.8767052235349074,0.9860693288494339,10
micro,M_1,0.269,0.9318264060306104,0.8774172800340992,0.9862355320271216,10
micro,M_1,0.27,0.9321680699821109,0.8780188703657615,0.9863172695984602,10
micro,M_1,0.271,0.9326588078892473,0.8786186114550949,0.9866990043233996,10
micro,M_1,0.272,0.932903005953808,0.8791147912773387,0.9866912206302774,10
micro,M_1,0.273,0.9334543518799633,0.8795476459055154,0.9873610578544112,10
micro,M_1,0.274,0.9334867983432987,0.8795781442833627,0.9873954524032348,10
micro,M_1,0.275,0.9340306354692549,0.8805079130116352,0.9875533579268746,10
micro,M_1,0.276,0.9341807856194052,0.8806044751426773,0.9877570960961332,10
micro,M_1,0.277,0.9344131350881183,0.8810987862422672,0.9877274839339694,10
micro,M_1,0.278,0.934722352576283,0.8816694581566664,0.9877752469958996,10
micro,M_1,0.279,0.9353313504406829,0.8827742777040153,0.9878884231773506,10
micro,M_1,0.28,0.9356898342195293,0.8836322342275029,0.9877474342115558,10
micro,M_1,0.281,0.9358809330652704,0.8837926230918806,0.9879692430386603,10
micro,M_1,0.282,0.9360394589507429,0.8839113656162816,0.9881675522852043,10
micro,M_1,0.283,0.9363363412785143,0.8844000608599161,0.9882726216971125,10
micro,M_1,0.284,0.9367310495608379,0.8850583710006144,0.9884037281210614,10
micro,M_1,0.285,0.9373012849409097,0.8863781575958487,0.9882244122859707,10
micro,M_1,0.286,0.9374804635818664,0.8868014462880803,0.9881594808756525,10
micro,M_1,0.287,0.937981771721687,0.8874549763093379,0.988508567134036,10
micro,M_1,0.288,0.9384582643669646,0.8881717334362078,0.9887447952977213,10
micro,M_1,0.289,0.938616790252437,0.8882888320933024,0.9889447484115717,10
micro,M_1,0.29,0.939188476146548,0.8889981745951985,0.9893787776978975,10
micro,M_1,0.291,0.9395106805339208,0.8897794648679708,0.9892418961998709,10
micro,M_1,0.292,0.9397380587711355,0.8900134149922073,0.9894627025500636,10
micro,M_1,0.293,0.9397380587711355,0.8900134149922073,0.9894627025500636,10
micro,M_1,0.294,0.9397380587711355,0.8900134149922073,0.9894627025500636,10
micro,M_1,0.295,0.9398847909487568,0.890406148547869,0.9893634333496445,10
micro,M_1,0.296,0.9401315269941681,0.8908853875921583,0.989377666396178,10
micro,M_1,0.297,0.9403432785953936,0.8913489074787373,0.9893376497120498,10
micro,M_1,0.298,0.9408026462337086,0.892005829254196,0.9895994632132211,10
micro,M_1,0.299,0.9414439019665201,0.8929972457850662,0.9898905581479739,10
micro,M_1,0.3,0.9417239644669453,0.893219538432951,0.9902283905009396,10
micro,M_1,0.301,0.9419681076435096,0.8934420108038509,0.9904942044831683,10
micro,M_1,0.302,0.9424614750041297,0.8946940252131479,0.9902289247951115,10
micro,M_1,0.303,0.9428011714971403,0.8949743478034291,0.9906279951908514,10
micro,M_1,0.304,0.9431272088126512,0.8957981649053826,0.9904562527199199,10
micro,M_1,0.305,0.943241494526937,0.8961606890045991,0.9903223000492748,10
micro,M_1,0.306,0.9436387407901113,0.8968058248560326,0.9904716567241901,10
micro,M_1,0.307,0.9437954806020237,0.896889817832131,0.9907011433719164,10
micro,M_1,0.308,0.9441214630295383,0.8974411343370468,0.9908017917220298,10
micro,M_1,0.309,0.9442189289164779,0.8975400103231455,0.9908978475098102,10
micro,M_1,0.31,0.9443450083386148,0.8976271539217051,0.9910628627555245,10
micro,M_1,0.311,0.9444955185563776,0.8977886204995417,0.9912024166132135,10
micro,M_1,0.312,0.9448215558718885,0.8986128898221319,0.9910302219216451,10
micro,M_1,0.313,0.9450775003642164,0.8987909282141322,0.9913640725143007,10
micro,M_1,0.314,0.9451955641186439,0.8989210321414032,0.9914700960958847,10
micro,M_1,0.315,0.9453216435407809,0.8990080126457266,0.9916352744358351,10
micro,M_1,0.316,0.945796871385765,0.8994835900796372,0.9921101526918927,10
micro,M_1,0.317,0.9462771969591804,0.9002276955841375,0.9923266983342234,10
micro,M_1,0.318,0.9468355837434046,0.9015406219809902,0.992130545505819,10
micro,M_1,0.319,0.9473391915529064,0.9019425784541039,0.9927358046517089,10
micro,M_1,0.32,0.9475341233267855,0.9021257800461079,0.9929424666074632,10
micro,M_1,0.321,0.9478344236270859,0.9023141866551021,0.9933546605990697,10
micro,M_1,0.322,0.948171839694839,0.9025166646879942,0.9938270147016838,10
micro,M_1,0.323,0.948171839694839,0.9025166646879942,0.9938270147016838,10
micro,M_1,0.324,0.9485653079178717,0.9034009513620515,0.993729664473692,10
micro,M_1,0.325,0.9486977582489976,0.9035239429065433,0.993871573591452,10
micro,M_1,0.326,0.9488482684667604,0.9036820448088941,0.9940144921246267,10
micro,M_1,0.327,0.949359659129381,0.9045854406536309,0.9941338776051312,10
micro,M_1,0.328,0.9494532920881825,0.904639529351811,0.994267054824554,10
micro,M_1,0.329,0.9496650436894079,0.9050960078811193,0.9942340794976964,10
micro,M_1,0.33,0.9498117758670291,0.9054913172312478,0.9941322345028105,10
micro,M_1,0.331,0.9499766726614904,0.9056451298531594,0.9943082154698215,10
micro,M_1,0.332,0.9501091229926162,0.9057658417387894,0.994452404246443,10
micro,M_1,0.333,0.950241573323742,0.9058845327846464,0.9945986138628377,10
micro,M_1,0.334,0.9507696119288698,0.9063492259226356,0.995189997935104,10
micro,M_1,0.335,0.950916344106491,0.9067452347482834,0.9950874534646985,10
micro,M_1,0.336,0.9510099770652924,0.9067995310381065,0.9952204230924784,10
micro,M_1,0.337,0.9510748699919634,0.9068614758348993,0.9952882641490276,10
micro,M_1,0.338,0.9511891557062491,0.9072263116786728,0.9951519997338253,10
micro,M_1,0.339,0.9515757934328668,0.907634780483406,0.9955168063823276,10
micro,M_1,0.34,0.9517908365096879,0.9077862969028838,0.9957953761164919,10
micro,M_1,0.341,0.9519089002641155,0.9079092542375321,0.9959085462906988,10
micro,M_1,0.342,0.9520673788695037,0.9079970501706123,0.996137707568395,10
micro,M_1,0.343,0.952225857474892,0.9080820476899547,0.9963696672598292,10
micro,M_1,0.344,0.952225857474892,0.9080820476899547,0.9963696672598292,10
micro,M_1,0.345,0.9524088141559902,0.9082655546476703,0.9965520736643101,10
micro,M_1,0.346,0.9527736139558292,0.9088721722144231,0.9966750556972352,10
micro,M_1,0.347,0.9531784626973214,0.9091560540116516,0.9972008713829913,10
micro,M_1,0.348,0.9532433556239924,0.9092179000875661,0.9972688111604188,10
micro,M_1,0.349,0.9535081515560411,0.9097344191297767,0.9972818839823054,10
micro,M_1,0.35,0.9537519346649926,0.9098780923117463,0.997625777018239,10
micro,M_1,0.351,0.9541372459054763,0.9107023231245468,0.9975721686864059,10
micro,M_1,0.352,0.9543164245464331,0.9111295571381812,0.9975032919546849,10
micro,M_1,0.353,0.9545073496151568,0.9112452571383733,0.9977694420919403,10
micro,M_1,0.354,0.9547190463283857,0.9114209121864333,0.998017180470338,10
micro,M_1,0.355,0.9548695565461486,0.9115701735645073,0.9981689395277898,10
micro,M_1,0.356,0.9550200667639114,0.911717763853031,0.9983223696747917,10
micro,M_1,0.357,0.9554053780043951,0.9125406744041438,0.9982700816046464,10
micro,M_1,0.358,0.9555196637186809,0.9129061015378641,0.9981332258994977,10
micro,M_1,0.359,0.9555196637186809,0.9129061015378641,0.9981332258994977,10
micro,M_1,0.36,0.9556339494329664,0.9132714397506431,0.9979964591152898,10
micro,M_1,0.361,0.9560598641193347,0.9141871857836731,0.9979325424549964,10
micro,M_1,0.362,0.9561573300062743,0.9142826747450734,0.9980319852674753,10
micro,M_1,0.363,0.9562547958932139,0.9143770029579399,0.998132588828488,10
micro,M_1,0.364,0.9565989978255651,0.9149579739543015,0.9982400216968288,10
micro,M_1,0.365,0.956814527466932,0.9151680982622643,0.9984609566715996,10
micro,M_1,0.366,0.9569612596445533,0.915565275113905,0.9983572441752016,10
micro,M_1,0.367,0.9571833852756267,0.9157308006856699,0.9986359698655836,10
micro,M_1,0.368,0.9572158317389622,0.9157615993893387,0.9986700640885857,10
micro,M_1,0.369,0.9572158317389622,0.9157615993893387,0.9986700640885857,10
micro,M_1,0.37,0.9577307816889513,0.9164548815359663,0.9990066818419363,10
micro,M_1,0.371,0.9579952175533872,0.9169071104039102,0.9990833247028643,10
micro,M_1,0.372,0.9581095032676729,0.917273035787541,0.9989459707478047,10
micro,M_1,0.373,0.9583212548688982,0.917731932208905,0.9989105775288913,10
micro,M_1,0.374,0.9583537013322336,0.9177630655690733,0.998944337095394,10
micro,M_1,0.375,0.9583537013322336,0.9177630655690733,0.998944337095394,10
micro,M_1,0.376,0.9583537013322336,0.9177630655690733,0.998944337095394,10
micro,M_1,0.377,0.9587147230919308,0.918615532382059,0.9988139138018027,10
micro,M_1,0.378,0.9587147230919308,0.918615532382059,0.9988139138018027,10
micro,M_1,0.379,0.9587147230919308,0.918615532382059,0.9988139138018027,10
micro,M_1,0.38,0.9588939017328876,0.9190436736224991,0.9987441298432761,10
micro,M_1,0.381,0.9588939017328876,0.9190436736224991,0.9987441298432761,10
micro,M_1,0.382,0.9589913676198272,0.9191362265679437,0.9988465086717107,10
micro,M_1,0.383,0.9591094313742546,0.9192539237982161,0.9989649389502931,10
micro,M_1,0.384,0.9591418778375902,0.9192849472493295,0.9989988084258509,10
micro,M_1,0.385,0.9593704492661616,0.9200173692470486,0.9987235292852745,10
micro,M_1,0.386,0.959464082224963,0.9200744838562313,0.9988536805936948,10
micro,M_1,0.387,0.959464082224963,0.9200744838562313,0.9988536805936948,10
micro,M_1,0.388,0.9597651026604888,0.9203677723967385,0.999162432924239,10
micro,M_1,0.389,0.9598625685474284,0.9204601233603781,0.9992650137344786,10
micro,M_1,0.39,0.960045165160914,0.9205756471638243,0.9995146831580036,10
micro,M_1,0.391,0.960045165160914,0.9205756471638243,0.9995146831580036,10
micro,M_1,0.392,0.9606772124468093,0.9218891444046092,0.9994652804890093,10
micro,M_1,0.393,0.9607421053734801,0.9219512309088885,0.9995329798380718,10
micro,M_1,0.394,0.9607745518368157,0.921982065919982,0.9995670377536494,10
micro,M_1,0.395,0.9608069983001511,0.922012762126281,0.9996012344740213,10
micro,M_1,0.396,0.9609044641870907,0.9221051296208387,0.9997037987533428,10
micro,M_1,0.397,0.9611368136558038,0.9225866818994266,0.9996869454121811,10
micro,M_1,0.398,0.9614766429736921,0.922806180184889,1.0,10
micro,M_1,0.399,0.9615090894370276,0.9228368962298826,1.0,10
micro,M_1,0.4,0.9616233751513132,0.9232033254889359,1.0,10
micro,M_1,0.401,0.9618519465798847,0.9239359258654941,0.9997679672942753,10
micro,M_1,0.402,0.9618519465798847,0.9239359258654941,0.9997679672942753,10
micro,M_1,0.403,0.9619662322941703,0.9243020935284973,0.9996303710598433,10
micro,M_1,0.404,0.9620636981811099,0.9243945796138565,0.9997328167483633,10
micro,M_1,0.405,0.9621779838953957,0.9247607923049926,0.9995951754857987,10
micro,M_1,0.406,0.9621779838953957,0.9247607923049926,0.9995951754857987,10
micro,M_1,0.407,0.9625221858277468,0.9253404982149325,0.9997038734405612,10
micro,M_1,0.408,0.9626546361588726,0.9254602190699325,0.9998490532478127,10
micro,M_1,0.409,0.9626546361588726,0.9254602190699325,0.9998490532478127,10
micro,M_1,0.41,0.9627689218731582,0.9258266878267045,0.9997111559196119,10
micro,M_1,0.411,0.9628832075874441,0.9261930682044226,0.9995733469704655,10
micro,M_1,0.412,0.9630299397650652,0.9265905741208667,0.9994693054092638,10
micro,M_1,0.413,0.963220864833789,0.9267105977428081,0.9997311319247699,10
micro,M_1,0.414,0.9633389285882163,0.9268273548522329,0.9998505023241998,10
micro,M_1,0.415,0.9633389285882163,0.9268273548522329,0.9998505023241998,10
micro,M_1,0.416,0.9637456119633209,0.9274643976442069,1.0,10
micro,M_1,0.417,0.9637456119633209,0.9274643976442069,1.0,10
micro,M_1,0.418,0.9639611416046879,0.9276676853584254,1.0,10
micro,M_1,0.419,0.9639611416046879,0.9276676853584254,1.0,10
micro,M_1,0.42,0.9639611416046879,0.9276676853584254,1.0,10
micro,M_1,0.421,0.9641897130332593,0.928401373027983,0.9999780530385356,10
micro,M_1,0.422,0.9643196253835343,0.9285195108562281,1.0,10
micro,M_1,0.423,0.9643520718468699,0.9285508843853271,1.0,10
micro,M_1,0.424,0.9643520718468699,0.9285508843853271,1.0,10
micro,M_1,0.425,0.9643845183102053,0.9285821074699973,1.0,10
micro,M_1,0.426,0.9644988040244911,0.9289490785969718,1.0,10
micro,M_1,0.427,0.9644988040244911,0.9289490785969718,1.0,10
micro,M_1,0.428,0.9645636969511621,0.9290111715092428,1.0,10
micro,M_1,0.429,0.9646936093014371,0.9291276477195133,1.0,10
micro,M_1,0.43,0.9648078950157227,0.9294947764999498,1.0,10
micro,M_1,0.431,0.9650352732529374,0.9296930342022794,1.0,10
micro,M_1,0.432,0.9650352732529374,0.9296930342022794,1.0,10
micro,M_1,0.433,0.96528324935764,0.9299214171857443,1.0,10
micro,M_1,0.434,0.9653975350719255,0.9302889921053277,1.0,10
micro,M_1,0.435,0.9658102193761657,0.9305539574475884,1.0,10
micro,M_1,0.436,0.965928283130593,0.9306688544607037,1.0,10
micro,M_1,0.437,0.9659607295939285,0.9306998648583972,1.0,10
micro,M_1,0.438,0.96605436255273,0.9307612738445903,1.0,10
micro,M_1,0.439,0.9662829339813015,0.9314959587626828,1.0,10
micro,M_1,0.44,0.9665556983009754,0.9319487349287152,1.0,10
micro,M_1,0.441,0.9665556983009754,0.9319487349287152,1.0,10
micro,M_1,0.442,0.9667674499022008,0.9323963659105496,1.0,10
micro,M_1,0.443,0.9668817356164865,0.9327632393035687,1.0,10
micro,M_1,0.444,0.9668817356164865,0.9327632393035687,1.0,10
micro,M_1,0.445,0.9669792015034261,0.9328426157787669,1.0,10
micro,M_1,0.446,0.9670728344622276,0.9329030924788312,1.0,10
micro,M_1,0.447,0.9670728344622276,0.9329030924788312,1.0,10
micro,M_1,0.448,0.9671871201765132,0.9332698607814609,1.0,10
micro,M_1,0.449,0.9674144984137278,0.9334563614942692,1.0,10
micro,M_1,0.45,0.9675444107640029,0.9335632163422072,1.0,10
micro,M_1,0.451,0.9675768572273384,0.9335945216594951,1.0,10
micro,M_1,0.452,0.9675768572273384,0.9335945216594951,1.0,10
micro,M_1,0.453,0.9677417540217998,0.9337525277707911,1.0,10
micro,M_1,0.454,0.9678922642395626,0.9338999143280761,1.0,10
micro,M_1,0.455,0.9680103279939901,0.9340141422202466,1.0,10
micro,M_1,0.456,0.9680103279939901,0.9340141422202466,1.0,10
micro,M_1,0.457,0.9680103279939901,0.9340141422202466,1.0,10
micro,M_1,0.458,0.9680427744573257,0.9340451726559327,1.0,10
micro,M_1,0.459,0.9680752209206611,0.9340760446930596,1.0,10
micro,M_1,0.46,0.9680752209206611,0.9340760446930596,1.0,10
micro,M_1,0.461,0.9680752209206611,0.9340760446930596,1.0,10
micro,M_1,0.462,0.9681895066349467,0.9344438186433337,1.0,10
micro,M_1,0.463,0.9681895066349467,0.9344438186433337,1.0,10
micro,M_1,0.464,0.9684218561036599,0.9349241447528194,1.0,10
micro,M_1,0.465,0.9684543025669955,0.934955023374655,1.0,10
micro,M_1,0.466,0.9686985006315562,0.9354289226441006,1.0,10
micro,M_1,0.467,0.9689270720601275,0.9361645535041858,1.0,10
micro,M_1,0.468,0.9690413577744132,0.9365322507391618,1.0,10
micro,M_1,0.469,0.9691674371965503,0.9366237800905469,1.0,10
micro,M_1,0.47,0.9691998836598857,0.9366544836118719,1.0,10
micro,M_1,0.471,0.9691998836598857,0.9366544836118719,1.0,10
micro,M_1,0.472,0.9693179474143132,0.9367663679791408,1.0,10
micro,M_1,0.473,0.9694154133012528,0.9368407277695071,1.0,10
micro,M_1,0.474,0.9697700641519612,0.9376668307089103,1.0,10
micro,M_1,0.475,0.9699167963295825,0.9380652031617849,1.0,10
micro,M_1,0.476,0.970031082043868,0.9384328400026539,1.0,10
micro,M_1,0.477,0.9701453677581539,0.9388003922324166,1.0,10
micro,M_1,0.478,0.9702634315125811,0.9389115364810757,1.0,10
micro,M_1,0.479,0.970395881843707,0.9390411199757946,1.0,10
micro,M_1,0.48,0.9705139455981344,0.9391502754942741,1.0,10
micro,M_1,0.481,0.970862277148278,0.9393997536226839,1.0,10
micro,M_1,0.482,0.970862277148278,0.9393997536226839,1.0,10
micro,M_1,0.483,0.9708947236116134,0.9394308202732955,1.0,10
micro,M_1,0.484,0.9710127873660408,0.939538552468229,1.0,10
micro,M_1,0.485,0.9712413587946124,0.9402749219713196,1.0,10
micro,M_1,0.486,0.9715453236766362,0.9407872373092409,1.0,10
micro,M_1,0.487,0.9717102204710975,0.9409477962239631,1.0,10
micro,M_1,0.488,0.9717102204710975,0.9409477962239631,1.0,10
micro,M_1,0.489,0.971824506185383,0.9413161264934724,1.0,10
micro,M_1,0.49,0.9719387918996688,0.9416843807314352,1.0,10
micro,M_1,0.491,0.9719387918996688,0.9416843807314352,1.0,10
micro,M_1,0.492,0.9719387918996688,0.9416843807314352,1.0,10
micro,M_1,0.493,0.9719387918996688,0.9416843807314352,1.0,10
micro,M_1,0.494,0.9719387918996688,0.9416843807314352,1.0,10
micro,M_1,0.495,0.9719387918996688,0.9416843807314352,1.0,10
micro,M_1,0.496,0.9721036886941301,0.9418425923615701,1.0,10
micro,M_1,0.497,0.9721036886941301,0.9418425923615701,1.0,10
micro,M_1,0.498,0.9721036886941301,0.9418425923615701,1.0,10
micro,M_1,0.499,0.9722179744084158,0.9422110691687289,1.0,10
micro,M_1,0.5,0.9722179744084158,0.9422110691687289,1.0,10
micro,M_1,0.501,0.9724647104538274,0.9427040803223209,1.0,10
micro,M_1,0.502,0.9724647104538274,0.9427040803223209,1.0,10
micro,M_1,0.503,0.9726932818823988,0.9434411043740225,1.0,10
micro,M_1,0.504,0.9727907477693384,0.9435155595205598,1.0,10
micro,M_1,0.505,0.9729699264102951,0.9439466366887578,1.0,10
micro,M_1,0.506,0.9729699264102951,0.9439466366887578,1.0,10
micro,M_1,0.507,0.9729699264102951,0.9439466366887578,1.0,10
micro,M_1,0.508,0.9730842121245807,0.9443150996676538,1.0,10
micro,M_1,0.509,0.9730842121245807,0.9443150996676538,1.0,10
micro,M_1,0.51,0.9733452300164878,0.9450830277620007,1.0,10
micro,M_1,0.511,0.9735101268109491,0.9452375290670383,1.0,10
micro,M_1,0.512,0.9735101268109491,0.9452375290670383,1.0,10
micro,M_1,0.513,0.9735101268109491,0.9452375290670383,1.0,10
micro,M_1,0.514,0.9736281905653765,0.9453475010520463,1.0,10
micro,M_1,0.515,0.9736281905653765,0.9453475010520463,1.0,10
micro,M_1,0.516,0.9736281905653765,0.9453475010520463,1.0,10
micro,M_1,0.517,0.9737581029156516,0.9454521757323157,1.0,10
micro,M_1,0.518,0.9737905493789871,0.9454830726445103,1.0,10
micro,M_1,0.519,0.9737905493789871,0.9454830726445103,1.0,10
micro,M_1,0.52,0.9738841823377886,0.9455424894590907,1.0,10
micro,M_1,0.521,0.9740022460922159,0.9456505712944919,1.0,10
micro,M_1,0.522,0.9741165318065015,0.9460195679675389,1.0,10
micro,M_1,0.523,0.9741489782698372,0.946050475656238,1.0,10
micro,M_1,0.524,0.9743386574375752,0.9461940849864016,1.0,10
micro,M_1,0.525,0.9743386574375752,0.9461940849864016,1.0,10
micro,M_1,0.526,0.9745504090388003,0.9466360496516933,1.0,10
micro,M_1,0.527,0.9747127678524109,0.9467687369847049,1.0,10
micro,M_1,0.528,0.9747127678524109,0.9467687369847049,1.0,10
micro,M_1,0.529,0.9748452181835369,0.9468921153529228,1.0,10
micro,M_1,0.53,0.9749595038978225,0.947261392475507,1.0,10
micro,M_1,0.531,0.9750737896121082,0.9476306033409627,1.0,10
micro,M_1,0.532,0.9750737896121082,0.9476306033409627,1.0,10
micro,M_1,0.533,0.9750737896121082,0.9476306033409627,1.0,10
micro,M_1,0.534,0.9752855412133336,0.948069597303667,1.0,10
micro,M_1,0.535,0.9754036049677609,0.9481778106313196,1.0,10
micro,M_1,0.536,0.9754360514310964,0.9482086617771999,1.0,10
micro,M_1,0.537,0.9756478030323217,0.9486463363373797,1.0,10
micro,M_1,0.538,0.9757620887466073,0.9490155293726584,1.0,10
micro,M_1,0.539,0.9758763744608931,0.9493846521526711,1.0,10
micro,M_1,0.54,0.9758763744608931,0.9493846521526711,1.0,10
micro,M_1,0.541,0.9758763744608931,0.9493846521526711,1.0,10
micro,M_1,0.542,0.9759906601751789,0.9497537026302694,1.0,10
micro,M_1,0.543,0.9759906601751789,0.9497537026302694,1.0,10
micro,M_1,0.544,0.9763554599750177,0.9503527273531857,1.0,10
micro,M_1,0.545,0.9764697456893036,0.9507220566299861,1.0,10
micro,M_1,0.546,0.9766814424025323,0.9508865210424371,1.0,10
micro,M_1,0.547,0.9768138927336582,0.9510071583969508,1.0,10
micro,M_1,0.548,0.9769319564880856,0.9511095988487788,1.0,10
micro,M_1,0.549,0.9769319564880856,0.9511095988487788,1.0,10
micro,M_1,0.55,0.9769319564880856,0.9511095988487788,1.0,10
micro,M_1,0.551,0.9773072600942783,0.9522503255054054,1.0,10
micro,M_1,0.552,0.9773072600942783,0.9522503255054054,1.0,10
micro,M_1,0.553,0.9773072600942783,0.9522503255054054,1.0,10
micro,M_1,0.554,0.9776863417406124,0.9531216667454391,1.0,10
micro,M_1,0.555,0.977718788203948,0.9531533283900141,1.0,10
micro,M_1,0.556,0.977718788203948,0.9531533283900141,1.0,10
micro,M_1,0.557,0.9777512346672836,0.9531847707591884,1.0,10
micro,M_1,0.558,0.9777512346672836,0.9531847707591884,1.0,10
micro,M_1,0.559,0.9777512346672836,0.9531847707591884,1.0,10
micro,M_1,0.56,0.9777512346672836,0.9531847707591884,1.0,10
micro,M_1,0.561,0.9779835841359967,0.953652435934219,1.0,10
micro,M_1,0.562,0.9780978698502822,0.9540222747584259,1.0,10
micro,M_1,0.5630000000000001,0.9782159336047098,0.9541173019328212,1.0,10
micro,M_1,0.5640000000000001,0.9782159336047098,0.9541173019328212,1.0,10
micro,M_1,0.5650000000000001,0.9783133994916493,0.9541860941718548,1.0,10
micro,M_1,0.5660000000000001,0.9784458498227752,0.9543068746562173,1.0,10
micro,M_1,0.5670000000000001,0.9786030825271776,0.9544224574733391,1.0,10
micro,M_1,0.5680000000000001,0.9786355289905131,0.9544543109775266,1.0,10
micro,M_1,0.5690000000000001,0.9788616122804404,0.9546324301159501,1.0,10
micro,M_1,0.5700000000000001,0.9788940587437759,0.9546642346047334,1.0,10
micro,M_1,0.5710000000000001,0.9788940587437759,0.9546642346047334,1.0,10
micro,M_1,0.5720000000000001,0.9788940587437759,0.9546642346047334,1.0,10
micro,M_1,0.5730000000000001,0.9788940587437759,0.9546642346047334,1.0,10
micro,M_1,0.5740000000000001,0.9788940587437759,0.9546642346047334,1.0,10
micro,M_1,0.5750000000000001,0.9789915246307157,0.9547325044871856,1.0,10
micro,M_1,0.5760000000000001,0.9791416747808658,0.9548328140593325,1.0,10
micro,M_1,0.577,0.9793963733722079,0.9550125924147705,1.0,10
micro,M_1,0.578,0.9794938392591475,0.9550777618486405,1.0,10
micro,M_1,0.579,0.979608124973433,0.9554476905070437,1.0,10
micro,M_1,0.58,0.9797224106877188,0.9558175570186588,1.0,10
micro,M_1,0.581,0.9797224106877188,0.9558175570186588,1.0,10
micro,M_1,0.582,0.9797224106877188,0.9558175570186588,1.0,10
micro,M_1,0.583,0.9798548610188446,0.9559343246823278,1.0,10
micro,M_1,0.584,0.9799873113499704,0.9560473523534319,1.0,10
micro,M_1,0.585,0.9800197578133059,0.9560797665346573,1.0,10
micro,M_1,0.586,0.9800197578133059,0.9560797665346573,1.0,10
micro,M_1,0.587,0.9800522042766413,0.9561119556790636,1.0,10
micro,M_1,0.588,0.9800846507399769,0.9561439197939069,1.0,10
micro,M_1,0.589,0.9802313829175981,0.9565461494103548,1.0,10
micro,M_1,0.59,0.9803898615229864,0.9566448686802389,1.0,10
micro,M_1,0.591,0.9805223118541122,0.956755251053793,1.0,10
micro,M_1,0.592,0.9806365975683979,0.9571256030255683,1.0,10
micro,M_1,0.593,0.9806365975683979,0.9571256030255683,1.0,10
micro,M_1,0.594,0.9806365975683979,0.9571256030255683,1.0,10
micro,M_1,0.595,0.9806365975683979,0.9571256030255683,1.0,10
micro,M_1,0.596,0.9806365975683979,0.9571256030255683,1.0,10
micro,M_1,0.597,0.9806365975683979,0.9571256030255683,1.0,10
micro,M_1,0.598,0.9807508832826837,0.9574959004285614,1.0,10
micro,M_1,0.599,0.9807508832826837,0.9574959004285614,1.0,10
micro,M_1,0.6,0.9808651689969693,0.957866141440489,1.0,10
micro,M_1,0.601,0.9808651689969693,0.957866141440489,1.0,10
micro,M_1,0.602,0.9810300657914306,0.9580052134560814,1.0,10
micro,M_1,0.603,0.9810300657914306,0.9580052134560814,1.0,10
micro,M_1,0.604,0.9811599781417059,0.9581020906378095,1.0,10
micro,M_1,0.605,0.9811599781417059,0.9581020906378095,1.0,10
micro,M_1,0.606,0.9812742638559915,0.9584724529576911,1.0,10
micro,M_1,0.607,0.9815066133247046,0.9589425016557269,1.0,10
micro,M_1,0.608,0.981604079211644,0.9590054650600449,1.0,10
micro,M_1,0.609,0.981604079211644,0.9590054650600449,1.0,10
micro,M_1,0.61,0.981604079211644,0.9590054650600449,1.0,10
micro,M_1,0.611,0.981604079211644,0.9590054650600449,1.0,10
micro,M_1,0.612,0.981604079211644,0.9590054650600449,1.0,10
micro,M_1,0.613,0.9817365295427699,0.9591099530191861,1.0,10
micro,M_1,0.614,0.9817365295427699,0.9591099530191861,1.0,10
micro,M_1,0.615,0.9819651009713415,0.9598505647458535,1.0,10
micro,M_1,0.616,0.9819651009713415,0.9598505647458535,1.0,10
micro,M_1,0.617,0.9821730196444285,0.9602834460264154,1.0,10
micro,M_1,0.618,0.9822054661077642,0.9603160585505668,1.0,10
micro,M_1,0.619,0.9822703590344352,0.9603805452449772,1.0,10
micro,M_1,0.62,0.9825418774531233,0.9608649494620523,1.0,10
micro,M_1,0.621,0.9826561631674091,0.9612352108329648,1.0,10
micro,M_1,0.622,0.9826561631674091,0.9612352108329648,1.0,10
micro,M_1,0.623,0.9826886096307446,0.9612674047603701,1.0,10
micro,M_1,0.624,0.9828028953450303,0.9616377005470147,1.0,10
micro,M_1,0.625,0.9829171810593159,0.9620079342669754,1.0,10
micro,M_1,0.626,0.9829171810593159,0.9620079342669754,1.0,10
micro,M_1,0.627,0.9830352448137434,0.9621073602417586,1.0,10
micro,M_1,0.628,0.9830352448137434,0.9621073602417586,1.0,10
micro,M_1,0.629,0.9830352448137434,0.9621073602417586,1.0,10
micro,M_1,0.63,0.9831533085681707,0.9622033976845894,1.0,10
micro,M_1,0.631,0.983303458718321,0.9623066690576757,1.0,10
micro,M_1,0.632,0.9833359051816565,0.9623391415384481,1.0,10
micro,M_1,0.633,0.9833359051816565,0.9623391415384481,1.0,10
micro,M_1,0.634,0.9833359051816565,0.9623391415384481,1.0,10
micro,M_1,0.635,0.9833359051816565,0.9623391415384481,1.0,10
micro,M_1,0.636,0.9833359051816565,0.9623391415384481,1.0,10
micro,M_1,0.637,0.9833359051816565,0.9623391415384481,1.0,10
micro,M_1,0.638,0.9833359051816565,0.9623391415384481,1.0,10
micro,M_1,0.639,0.9833359051816565,0.9623391415384481,1.0,10
micro,M_1,0.64,0.983368351644992,0.9623713574374781,1.0,10
micro,M_1,0.641,0.9836411159646659,0.9628393370650505,1.0,10
micro,M_1,0.642,0.9838878520100774,0.9633142444998303,1.0,10
micro,M_1,0.643,0.9839202984734129,0.963346659644655,1.0,10
micro,M_1,0.644,0.9839202984734129,0.963346659644655,1.0,10
micro,M_1,0.645,0.9839202984734129,0.963346659644655,1.0,10
micro,M_1,0.646,0.9840139314322144,0.9634097297629397,1.0,10
micro,M_1,0.647,0.9840463778955499,0.9634419673221984,1.0,10
micro,M_1,0.648,0.9842749493241214,0.9641825218358017,1.0,10
micro,M_1,0.649,0.9844334279295097,0.9642744961701102,1.0,10
micro,M_1,0.65,0.9844334279295097,0.9642744961701102,1.0,10
micro,M_1,0.651,0.9845477136437953,0.9646443369580783,1.0,10
micro,M_1,0.652,0.9845801601071308,0.9646767611817262,1.0,10
micro,M_1,0.653,0.9845801601071308,0.9646767611817262,1.0,10
micro,M_1,0.654,0.9845801601071308,0.9646767611817262,1.0,10
micro,M_1,0.655,0.9847303102572811,0.9647772542198638,1.0,10
micro,M_1,0.656,0.9847303102572811,0.9647772542198638,1.0,10
micro,M_1,0.657,0.9847303102572811,0.9647772542198638,1.0,10
micro,M_1,0.658,0.9847303102572811,0.9647772542198638,1.0,10
micro,M_1,0.659,0.9847303102572811,0.9647772542198638,1.0,10
micro,M_1,0.66,0.9848627605884068,0.9648798386617927,1.0,10
micro,M_1,0.661,0.9848627605884068,0.9648798386617927,1.0,10
micro,M_1,0.662,0.9848627605884068,0.9648798386617927,1.0,10
micro,M_1,0.663,0.9848952070517424,0.9649122542792579,1.0,10
micro,M_1,0.664,0.985009492766028,0.9652821312766061,1.0,10
micro,M_1,0.665,0.985009492766028,0.9652821312766061,1.0,10
micro,M_1,0.666,0.985009492766028,0.9652821312766061,1.0,10
micro,M_1,0.667,0.985009492766028,0.9652821312766061,1.0,10
micro,M_1,0.668,0.9850419392293635,0.9653143802812314,1.0,10
micro,M_1,0.669,0.9850419392293635,0.9653143802812314,1.0,10
micro,M_1,0.67,0.9855210247434881,0.9662507405552632,1.0,10
micro,M_1,0.671,0.9855210247434881,0.9662507405552632,1.0,10
micro,M_1,0.672,0.9855859176701591,0.966315307814423,1.0,10
micro,M_1,0.673,0.9856183641334946,0.9663471721047209,1.0,10
micro,M_1,0.674,0.9857650963111159,0.9667490547675041,1.0,10
micro,M_1,0.675,0.9858793820254016,0.967119283550489,1.0,10
micro,M_1,0.676,0.9859936677396872,0.9674894403460855,1.0,10
micro,M_1,0.677,0.9859936677396872,0.9674894403460855,1.0,10
micro,M_1,0.678,0.986107953453973,0.9678595221261715,1.0,10
micro,M_1,0.679,0.986107953453973,0.9678595221261715,1.0,10
micro,M_1,0.68,0.986107953453973,0.9678595221261715,1.0,10
micro,M_1,0.681,0.986107953453973,0.9678595221261715,1.0,10
micro,M_1,0.682,0.986107953453973,0.9678595221261715,1.0,10
micro,M_1,0.683,0.986107953453973,0.9678595221261715,1.0,10
micro,M_1,0.684,0.9862546856315942,0.96826133570838,1.0,10
micro,M_1,0.685,0.9862546856315942,0.96826133570838,1.0,10
micro,M_1,0.686,0.9862546856315942,0.96826133570838,1.0,10
micro,M_1,0.687,0.9863689713458799,0.9686313673715209,1.0,10
micro,M_1,0.6880000000000001,0.9863689713458799,0.9686313673715209,1.0,10
micro,M_1,0.6890000000000001,0.9865157035235012,0.9690330415371121,1.0,10
micro,M_1,0.6900000000000001,0.9867442749520725,0.9697729069411812,1.0,10
micro,M_1,0.6910000000000001,0.9868910071296938,0.970174454005902,1.0,10
micro,M_1,0.6920000000000001,0.9869234535930292,0.9702058792605381,1.0,10
micro,M_1,0.6930000000000001,0.9870377393073151,0.9705758140429224,1.0,10
micro,M_1,0.6940000000000001,0.9871962651927875,0.9707006136067917,1.0,10
micro,M_1,0.6950000000000001,0.9871962651927875,0.9707006136067917,1.0,10
micro,M_1,0.6960000000000001,0.9874248366213589,0.971440415049655,1.0,10
micro,M_1,0.6970000000000001,0.9874572830846944,0.9714712862386828,1.0,10
micro,M_1,0.6980000000000001,0.9874572830846944,0.9714712862386828,1.0,10
micro,M_1,0.6990000000000001,0.9874572830846944,0.9714712862386828,1.0,10
micro,M_1,0.7000000000000001,0.9875715687989801,0.9718411523739089,1.0,10
micro,M_1,0.7010000000000001,0.9875715687989801,0.9718411523739089,1.0,10
micro,M_1,0.7020000000000001,0.9876652017577816,0.9719008391353019,1.0,10
micro,M_1,0.7030000000000001,0.9876652017577816,0.9719008391353019,1.0,10
micro,M_1,0.704,0.9876976482211172,0.9719315899262334,1.0,10
micro,M_1,0.705,0.987968673747315,0.9724380046472908,1.0,10
micro,M_1,0.706,0.987968673747315,0.9724380046472908,1.0,10
micro,M_1,0.707,0.987968673747315,0.9724380046472908,1.0,10
micro,M_1,0.708,0.987968673747315,0.9724380046472908,1.0,10
micro,M_1,0.709,0.988033566673986,0.9724990587250857,1.0,10
micro,M_1,0.71,0.988033566673986,0.9724990587250857,1.0,10
micro,M_1,0.711,0.988033566673986,0.9724990587250857,1.0,10
micro,M_1,0.712,0.988033566673986,0.9724990587250857,1.0,10
micro,M_1,0.713,0.9880660131373216,0.9725290659882255,1.0,10
micro,M_1,0.714,0.9880660131373216,0.9725290659882255,1.0,10
micro,M_1,0.715,0.9880660131373216,0.9725290659882255,1.0,10
micro,M_1,0.716,0.988184076891749,0.9726289898954198,1.0,10
micro,M_1,0.717,0.988184076891749,0.9726289898954198,1.0,10
micro,M_1,0.718,0.988184076891749,0.9726289898954198,1.0,10
micro,M_1,0.719,0.9882983626060348,0.9729994331780686,1.0,10
micro,M_1,0.72,0.9882983626060348,0.9729994331780686,1.0,10
micro,M_1,0.721,0.9883308090693701,0.9730293309451925,1.0,10
micro,M_1,0.722,0.9883308090693701,0.9730293309451925,1.0,10
micro,M_1,0.723,0.9883308090693701,0.9730293309451925,1.0,10
micro,M_1,0.724,0.9883308090693701,0.9730293309451925,1.0,10
micro,M_1,0.725,0.9883632555327058,0.9730588771149549,1.0,10
micro,M_1,0.726,0.9883632555327058,0.9730588771149549,1.0,10
micro,M_1,0.727,0.9886099915781171,0.9735277815071423,1.0,10
micro,M_1,0.728,0.9886424380414528,0.9735572301408454,1.0,10
micro,M_1,0.729,0.9886424380414528,0.9735572301408454,1.0,10
micro,M_1,0.73,0.9886424380414528,0.9735572301408454,1.0,10
micro,M_1,0.731,0.9887567237557384,0.9739277825004906,1.0,10
micro,M_1,0.732,0.9888710094700242,0.9742982548249924,1.0,10
micro,M_1,0.733,0.9889852951843098,0.9746686428178291,1.0,10
micro,M_1,0.734,0.9890826345743164,0.9747555782729629,1.0,10
micro,M_1,0.735,0.9890826345743164,0.9747555782729629,1.0,10
micro,M_1,0.736,0.9891969202886021,0.9751261375643183,1.0,10
micro,M_1,0.737,0.9895397774314592,0.9762372909652565,1.0,10
micro,M_1,0.738,0.9895397774314592,0.9762372909652565,1.0,10
micro,M_1,0.739,0.9895397774314592,0.9762372909652565,1.0,10
micro,M_1,0.74,0.9895397774314592,0.9762372909652565,1.0,10
micro,M_1,0.741,0.9895397774314592,0.9762372909652565,1.0,10
micro,M_1,0.742,0.9896578411858865,0.976335649344246,1.0,10
micro,M_1,0.743,0.9896578411858865,0.976335649344246,1.0,10
micro,M_1,0.744,0.9896902876492222,0.9763643558985787,1.0,10
micro,M_1,0.745,0.9896902876492222,0.9763643558985787,1.0,10
micro,M_1,0.746,0.9896902876492222,0.9763643558985787,1.0,10
micro,M_1,0.747,0.9898475203536246,0.976489907128105,1.0,10
micro,M_1,0.748,0.9898475203536246,0.976489907128105,1.0,10
micro,M_1,0.749,0.9899618060679103,0.9768605492198119,1.0,10
micro,M_1,0.75,0.9899618060679103,0.9768605492198119,1.0,10
micro,M_1,0.751,0.9900592719548499,0.976930218847727,1.0,10
micro,M_1,0.752,0.9900592719548499,0.976930218847727,1.0,10
micro,M_1,0.753,0.9901735576691356,0.9773007123682595,1.0,10
micro,M_1,0.754,0.9901735576691356,0.9773007123682595,1.0,10
micro,M_1,0.755,0.9902060041324712,0.9773295624296446,1.0,10
micro,M_1,0.756,0.990356514350234,0.977453201256212,1.0,10
micro,M_1,0.757,0.990356514350234,0.977453201256212,1.0,10
micro,M_1,0.758,0.990356514350234,0.977453201256212,1.0,10
micro,M_1,0.759,0.9903889608135694,0.9774813937713742,1.0,10
micro,M_1,0.76,0.9903889608135694,0.9774813937713742,1.0,10
micro,M_1,0.761,0.9903889608135694,0.9774813937713742,1.0,10
micro,M_1,0.762,0.9903889608135694,0.9774813937713742,1.0,10
micro,M_1,0.763,0.9903889608135694,0.9774813937713742,1.0,10
micro,M_1,0.764,0.9903889608135694,0.9774813937713742,1.0,10
micro,M_1,0.765,0.9905032465278552,0.9778521959522093,1.0,10
micro,M_1,0.766,0.9905032465278552,0.9778521959522093,1.0,10
micro,M_1,0.767,0.9905032465278552,0.9778521959522093,1.0,10
micro,M_1,0.768,0.9905032465278552,0.9778521959522093,1.0,10
micro,M_1,0.769,0.990617532242141,0.978222914368564,1.0,10
micro,M_1,0.77,0.990617532242141,0.978222914368564,1.0,10
micro,M_1,0.771,0.990617532242141,0.978222914368564,1.0,10
micro,M_1,0.772,0.990617532242141,0.978222914368564,1.0,10
micro,M_1,0.773,0.9908928287009708,0.9784323658301247,1.0,10
micro,M_1,0.774,0.9908928287009708,0.9784323658301247,1.0,10
micro,M_1,0.775,0.9908928287009708,0.9784323658301247,1.0,10
micro,M_1,0.776,0.9908928287009708,0.9784323658301247,1.0,10
micro,M_1,0.777,0.9911370267655316,0.9788996272186992,1.0,10
micro,M_1,0.778,0.9911370267655316,0.9788996272186992,1.0,10
micro,M_1,0.779,0.9912344926524712,0.9789638426724404,1.0,10
micro,M_1,0.78,0.9915773497953284,0.9800748119652981,1.0,10
micro,M_1,0.781,0.9915773497953284,0.9800748119652981,1.0,10
micro,M_1,0.782,0.9918383676872352,0.9808436699448007,1.0,10
micro,M_1,0.783,0.9920669391158066,0.9815834093821614,1.0,10
micro,M_1,0.784,0.9920669391158066,0.9815834093821614,1.0,10
micro,M_1,0.785,0.9922992885845197,0.9820396118043616,1.0,10
micro,M_1,0.786,0.9924889677522579,0.9821802167638508,1.0,10
micro,M_1,0.787,0.9924889677522579,0.9821802167638508,1.0,10
micro,M_1,0.788,0.9924889677522579,0.9821802167638508,1.0,10
micro,M_1,0.789,0.9925214142155934,0.982208832076382,1.0,10
micro,M_1,0.79,0.9925214142155934,0.982208832076382,1.0,10
micro,M_1,0.791,0.9925538606789288,0.9822369266071604,1.0,10
micro,M_1,0.792,0.9927824321075003,0.9829760385794714,1.0,10
micro,M_1,0.793,0.9927824321075003,0.9829760385794714,1.0,10
micro,M_1,0.794,0.9927824321075003,0.9829760385794714,1.0,10
micro,M_1,0.795,0.9927824321075003,0.9829760385794714,1.0,10
micro,M_1,0.796,0.992896717821786,0.9833453313523914,1.0,10
micro,M_1,0.797,0.9930434499994071,0.9837423760656545,1.0,10
micro,M_1,0.798,0.9931759003305329,0.9838458917777264,1.0,10
micro,M_1,0.799,0.9931759003305329,0.9838458917777264,1.0,10
micro,M_1,0.8,0.9932901860448187,0.9842150213627544,1.0,10
micro,M_1,0.801,0.9932901860448187,0.9842150213627544,1.0,10
micro,M_1,0.802,0.9934469258567308,0.9843759048189951,1.0,10
micro,M_1,0.803,0.9934469258567308,0.9843759048189951,1.0,10
micro,M_1,0.804,0.9934469258567308,0.9843759048189951,1.0,10
micro,M_1,0.805,0.9935649896111582,0.9844590822681342,1.0,10
micro,M_1,0.806,0.9935649896111582,0.9844590822681342,1.0,10
micro,M_1,0.807,0.9935649896111582,0.9844590822681342,1.0,10
micro,M_1,0.808,0.9935649896111582,0.9844590822681342,1.0,10
micro,M_1,0.809,0.9935649896111582,0.9844590822681342,1.0,10
micro,M_1,0.81,0.9936792753254441,0.9848291303510036,1.0,10
micro,M_1,0.811,0.9937117217887795,0.9848575665004635,1.0,10
micro,M_1,0.812,0.9937117217887795,0.9848575665004635,1.0,10
micro,M_1,0.8130000000000001,0.9937117217887795,0.9848575665004635,1.0,10
micro,M_1,0.8140000000000001,0.9937441682521151,0.9848853963001539,1.0,10
micro,M_1,0.8150000000000001,0.9937441682521151,0.9848853963001539,1.0,10
micro,M_1,0.8160000000000001,0.9938584539664006,0.985255512487468,1.0,10
micro,M_1,0.8170000000000001,0.9938584539664006,0.985255512487468,1.0,10
micro,M_1,0.8180000000000001,0.9938584539664006,0.985255512487468,1.0,10
micro,M_1,0.8190000000000001,0.9938584539664006,0.985255512487468,1.0,10
micro,M_1,0.8200000000000001,0.9939727396806864,0.9856254621886725,1.0,10
micro,M_1,0.8210000000000001,0.9939727396806864,0.9856254621886725,1.0,10
micro,M_1,0.8220000000000001,0.9940870253949722,0.9859952296231371,1.0,10
micro,M_1,0.8230000000000001,0.9940870253949722,0.9859952296231371,1.0,10
micro,M_1,0.8240000000000001,0.9940870253949722,0.9859952296231371,1.0,10
micro,M_1,0.8250000000000001,0.9942013111092578,0.9863647969643619,1.0,10
micro,M_1,0.8260000000000001,0.9942013111092578,0.9863647969643619,1.0,10
micro,M_1,0.8270000000000001,0.9943155968235435,0.9867341439997847,1.0,10
micro,M_1,0.8280000000000001,0.9943155968235435,0.9867341439997847,1.0,10
micro,M_1,0.8290000000000001,0.9943155968235435,0.9867341439997847,1.0,10
micro,M_1,0.8300000000000001,0.9943155968235435,0.9867341439997847,1.0,10
micro,M_1,0.8310000000000001,0.9943155968235435,0.9867341439997847,1.0,10
micro,M_1,0.8320000000000001,0.9945866223497415,0.9872599163232032,1.0,10
micro,M_1,0.833,0.9946190688130769,0.987288169417016,1.0,10
micro,M_1,0.834,0.9946190688130769,0.987288169417016,1.0,10
micro,M_1,0.835,0.9946190688130769,0.987288169417016,1.0,10
micro,M_1,0.836,0.9946190688130769,0.987288169417016,1.0,10
micro,M_1,0.837,0.9946190688130769,0.987288169417016,1.0,10
micro,M_1,0.838,0.9946190688130769,0.987288169417016,1.0,10
micro,M_1,0.839,0.9946190688130769,0.987288169417016,1.0,10
micro,M_1,0.84,0.9946190688130769,0.987288169417016,1.0,10
micro,M_1,0.841,0.9946190688130769,0.987288169417016,1.0,10
micro,M_1,0.842,0.9948476402416484,0.9880288246474064,1.0,10
micro,M_1,0.843,0.9948476402416484,0.9880288246474064,1.0,10
micro,M_1,0.844,0.9948476402416484,0.9880288246474064,1.0,10
micro,M_1,0.845,0.9948476402416484,0.9880288246474064,1.0,10
micro,M_1,0.846,0.9948476402416484,0.9880288246474064,1.0,10
micro,M_1,0.847,0.9948800867049838,0.9880565940575987,1.0,10
micro,M_1,0.848,0.9948800867049838,0.9880565940575987,1.0,10
micro,M_1,0.849,0.9949943724192696,0.9884267676912702,1.0,10
micro,M_1,0.85,0.9949943724192696,0.9884267676912702,1.0,10
micro,M_1,0.851,0.9951268227503954,0.9885254468980333,1.0,10
micro,M_1,0.852,0.9951268227503954,0.9885254468980333,1.0,10
micro,M_1,0.853,0.9951268227503954,0.9885254468980333,1.0,10
micro,M_1,0.854,0.9951268227503954,0.9885254468980333,1.0,10
micro,M_1,0.855,0.9951268227503954,0.9885254468980333,1.0,10
micro,M_1,0.856,0.9951917156770664,0.9885796138030277,1.0,10
micro,M_1,0.857,0.9953060013913522,0.988949799588343,1.0,10
micro,M_1,0.858,0.9953060013913522,0.988949799588343,1.0,10
micro,M_1,0.859,0.9953060013913522,0.988949799588343,1.0,10
micro,M_1,0.86,0.9953060013913522,0.988949799588343,1.0,10
micro,M_1,0.861,0.9954202871056379,0.9893197634089255,1.0,10
micro,M_1,0.862,0.9954202871056379,0.9893197634089255,1.0,10
micro,M_1,0.863,0.9954202871056379,0.9893197634089255,1.0,10
micro,M_1,0.864,0.9954202871056379,0.9893197634089255,1.0,10
micro,M_1,0.865,0.9954202871056379,0.9893197634089255,1.0,10
micro,M_1,0.866,0.9954202871056379,0.9893197634089255,1.0,10
micro,M_1,0.867,0.9955345728199235,0.9896894761369436,1.0,10
micro,M_1,0.868,0.9955345728199235,0.9896894761369436,1.0,10
micro,M_1,0.869,0.9955345728199235,0.9896894761369436,1.0,10
micro,M_1,0.87,0.9955345728199235,0.9896894761369436,1.0,10
micro,M_1,0.871,0.9955345728199235,0.9896894761369436,1.0,10
micro,M_1,0.872,0.9955345728199235,0.9896894761369436,1.0,10
micro,M_1,0.873,0.995628205778725,0.9897557196176169,1.0,10
micro,M_1,0.874,0.995628205778725,0.9897557196176169,1.0,10
micro,M_1,0.875,0.995628205778725,0.9897557196176169,1.0,10
micro,M_1,0.876,0.9957424914930109,0.9901249859567548,1.0,10
micro,M_1,0.877,0.9957424914930109,0.9901249859567548,1.0,10
micro,M_1,0.878,0.9957424914930109,0.9901249859567548,1.0,10
micro,M_1,0.879,0.9957424914930109,0.9901249859567548,1.0,10
micro,M_1,0.88,0.9958992313049231,0.9902775921951491,1.0,10
micro,M_1,0.881,0.9958992313049231,0.9902775921951491,1.0,10
micro,M_1,0.882,0.9958992313049231,0.9902775921951491,1.0,10
micro,M_1,0.883,0.9958992313049231,0.9902775921951491,1.0,10
micro,M_1,0.884,0.9959316777682586,0.9903046228744111,1.0,10
micro,M_1,0.885,0.9959316777682586,0.9903046228744111,1.0,10
micro,M_1,0.886,0.9960459634825443,0.9906753851293152,1.0,10
micro,M_1,0.887,0.9960459634825443,0.9906753851293152,1.0,10
micro,M_1,0.888,0.99616024919683,0.9910459403712278,1.0,10
micro,M_1,0.889,0.99616024919683,0.9910459403712278,1.0,10
micro,M_1,0.89,0.99616024919683,0.9910459403712278,1.0,10
micro,M_1,0.891,0.99616024919683,0.9910459403712278,1.0,10
micro,M_1,0.892,0.99616024919683,0.9910459403712278,1.0,10
micro,M_1,0.893,0.9963169890087421,0.9911781634726149,1.0,10
micro,M_1,0.894,0.9963169890087421,0.9911781634726149,1.0,10
micro,M_1,0.895,0.996431274723028,0.9915492794312157,1.0,10
micro,M_1,0.896,0.9965455604373137,0.9919202057467563,1.0,10
micro,M_1,0.897,0.9966598461515993,0.9922909089990064,1.0,10
micro,M_1,0.898,0.9966598461515993,0.9922909089990064,1.0,10
micro,M_1,0.899,0.9966598461515993,0.9922909089990064,1.0,10
micro,M_1,0.9,0.9966598461515993,0.9922909089990064,1.0,10
micro,M_1,0.901,0.9966598461515993,0.9922909089990064,1.0,10
micro,M_1,0.902,0.9966598461515993,0.9922909089990064,1.0,10
micro,M_1,0.903,0.9966598461515993,0.9922909089990064,1.0,10
micro,M_1,0.904,0.9966598461515993,0.9922909089990064,1.0,10
micro,M_1,0.905,0.9966598461515993,0.9922909089990064,1.0,10
micro,M_1,0.906,0.9966598461515993,0.9922909089990064,1.0,10
micro,M_1,0.907,0.9966598461515993,0.9922909089990064,1.0,10
micro,M_1,0.908,0.9966598461515993,0.9922909089990064,1.0,10
micro,M_1,0.909,0.9966598461515993,0.9922909089990064,1.0,10
micro,M_1,0.91,0.9966598461515993,0.9922909089990064,1.0,10
micro,M_1,0.911,0.9966598461515993,0.9922909089990064,1.0,10
micro,M_1,0.912,0.9966598461515993,0.9922909089990064,1.0,10
micro,M_1,0.913,0.9966598461515993,0.9922909089990064,1.0,10
micro,M_1,0.914,0.9968884175801709,0.99303146839202,1.0,10
micro,M_1,0.915,0.9968884175801709,0.99303146839202,1.0,10
micro,M_1,0.916,0.9970027032944564,0.9934012041056732,1.0,10
micro,M_1,0.917,0.9970027032944564,0.9934012041056732,1.0,10
micro,M_1,0.918,0.9970027032944564,0.9934012041056732,1.0,10
micro,M_1,0.919,0.9971169890087422,0.993770466392758,1.0,10
micro,M_1,0.92,0.9971169890087422,0.993770466392758,1.0,10
micro,M_1,0.921,0.9971169890087422,0.993770466392758,1.0,10
micro,M_1,0.922,0.9971169890087422,0.993770466392758,1.0,10
micro,M_1,0.923,0.9972671391588923,0.9939064701498598,1.0,10
micro,M_1,0.924,0.9972671391588923,0.9939064701498598,1.0,10
micro,M_1,0.925,0.9972671391588923,0.9939064701498598,1.0,10
micro,M_1,0.926,0.997381424873178,0.9942771251056951,1.0,10
micro,M_1,0.927,0.9974138713365136,0.9943066410745838,1.0,10
micro,M_1,0.928,0.9974138713365136,0.9943066410745838,1.0,10
micro,M_1,0.929,0.9975075042953151,0.9943649873907316,1.0,10
micro,M_1,0.93,0.9975075042953151,0.9943649873907316,1.0,10
micro,M_1,0.931,0.9975075042953151,0.9943649873907316,1.0,10
micro,M_1,0.932,0.9975075042953151,0.9943649873907316,1.0,10
micro,M_1,0.933,0.9976217900096007,0.9947347005857659,1.0,10
micro,M_1,0.934,0.9976217900096007,0.9947347005857659,1.0,10
micro,M_1,0.935,0.9976542364729362,0.9947634595390692,1.0,10
micro,M_1,0.936,0.9977685221872219,0.9951330098875089,1.0,10
micro,M_1,0.937,0.9979970936157934,0.9958697416890911,1.0,10
micro,M_1,0.938,0.9979970936157934,0.9958697416890911,1.0,10
micro,M_1,0.939,0.9981113793300791,0.9962362810506316,0.9999864776095266,10
micro,M_1,0.94,0.9981113793300791,0.9962362810506316,0.9999864776095266,10
micro,M_1,0.941,0.9981113793300791,0.9962362810506316,0.9999864776095266,10
micro,M_1,0.942,0.9981113793300791,0.9962362810506316,0.9999864776095266,10
micro,M_1,0.943,0.9982681191419914,0.9963448487087521,1.0,10
micro,M_1,0.944,0.9983005656053268,0.9963748452181476,1.0,10
micro,M_1,0.945,0.9983005656053268,0.9963748452181476,1.0,10
micro,M_1,0.946,0.9983005656053268,0.9963748452181476,1.0,10
micro,M_1,0.947,0.9983005656053268,0.9963748452181476,1.0,10
micro,M_1,0.948,0.9984186293597542,0.9964566445939957,1.0,10
micro,M_1,0.949,0.9984186293597542,0.9964566445939957,1.0,10
micro,M_1,0.95,0.99853291507404,0.9968201693878341,1.0,10
micro,M_1,0.951,0.99853291507404,0.9968201693878341,1.0,10
micro,M_1,0.952,0.9986472007883256,0.9971804734122173,1.0,10
micro,M_1,0.953,0.9986472007883256,0.9971804734122173,1.0,10
micro,M_1,0.954,0.9986472007883256,0.9971804734122173,1.0,10
micro,M_1,0.955,0.9986472007883256,0.9971804734122173,1.0,10
micro,M_1,0.956,0.9986472007883256,0.9971804734122173,1.0,10
micro,M_1,0.957,0.9986472007883256,0.9971804734122173,1.0,10
micro,M_1,0.958,0.9986472007883256,0.9971804734122173,1.0,10
micro,M_1,0.959,0.9986472007883256,0.9971804734122173,1.0,10
micro,M_1,0.96,0.9986472007883256,0.9971804734122173,1.0,10
micro,M_1,0.961,0.9986472007883256,0.9971804734122173,1.0,10
micro,M_1,0.962,0.9986796472516613,0.9972103944487832,1.0,10
micro,M_1,0.963,0.9986796472516613,0.9972103944487832,1.0,10
micro,M_1,0.964,0.9986796472516613,0.9972103944487832,1.0,10
micro,M_1,0.965,0.9987939329659469,0.9975667589098699,1.0,10
micro,M_1,0.966,0.9987939329659469,0.9975667589098699,1.0,10
micro,M_1,0.967,0.9987939329659469,0.9975667589098699,1.0,10
micro,M_1,0.968,0.9987939329659469,0.9975667589098699,1.0,10
micro,M_1,0.969,0.9988913988528865,0.9976343317799755,1.0,10
micro,M_1,0.97,0.9988913988528865,0.9976343317799755,1.0,10
micro,M_1,0.971,0.9988913988528865,0.9976343317799755,1.0,10
micro,M_1,0.972,0.9990056845671722,0.9979817310895649,1.0,10
micro,M_1,0.973,0.9990056845671722,0.9979817310895649,1.0,10
micro,M_1,0.974,0.9991199702814578,0.9983134830413405,0.9999264575215752,10
micro,M_1,0.975,0.9991199702814578,0.9983134830413405,0.9999264575215752,10
micro,M_1,0.976,0.9991199702814578,0.9983134830413405,0.9999264575215752,10
micro,M_1,0.977,0.9992342559957436,0.9986129344539467,0.9998555775375404,10
micro,M_1,0.978,0.9992342559957436,0.9986129344539467,0.9998555775375404,10
micro,M_1,0.979,0.9992342559957436,0.9986129344539467,0.9998555775375404,10
micro,M_1,0.98,0.9992342559957436,0.9986129344539467,0.9998555775375404,10
micro,M_1,0.981,0.9992342559957436,0.9986129344539467,0.9998555775375404,10
micro,M_1,0.982,0.9992342559957436,0.9986129344539467,0.9998555775375404,10
micro,M_1,0.983,0.9992342559957436,0.9986129344539467,0.9998555775375404,10
micro,M_1,0.984,0.9992342559957436,0.9986129344539467,0.9998555775375404,10
micro,M_1,0.985,0.9993485417100292,0.9988432328007568,0.9998538506193015,10
micro,M_1,0.986,0.9994628274243149,0.9989545838066077,0.9999710710420221,10
micro,M_1,0.987,0.9994628274243149,0.9989545838066077,0.9999710710420221,10
micro,M_1,0.988,0.9994628274243149,0.9989545838066077,0.9999710710420221,10
micro,M_1,0.989,0.9996200601287175,0.9991731437423585,1.0,10
micro,M_1,0.99,0.9996200601287175,0.9991731437423585,1.0,10
micro,M_1,0.991,0.9996200601287175,0.9991731437423585,1.0,10
micro,M_1,0.992,0.9996200601287175,0.9991731437423585,1.0,10
micro,M_1,0.993,0.9997849569231789,0.9994302170904588,1.0,10
micro,M_1,0.994,0.9997849569231789,0.9994302170904588,1.0,10
micro,M_1,0.995,0.999935107073329,0.9997883090744453,1.0,10
micro,M_1,0.996,0.999935107073329,0.9997883090744453,1.0,10
micro,M_1,0.997,0.999935107073329,0.9997883090744453,1.0,10
micro,M_1,0.998,0.999935107073329,0.9997883090744453,1.0,10
micro,M_1,0.999,0.999935107073329,0.9997883090744453,1.0,10
micro,M_1,1.0,1.0,1.0,1.0,10
micro,M_rand,0.0,0.0,0.0,0.0,10
micro,M_rand,0.001,0.279066887465799,0.10359424309560941,0.4545395318359886,10
micro,M_rand,0.002,0.3267315641918521,0.13954840966520157,0.5139147187185027,10
micro,M_rand,0.003,0.3549459917382233,0.16496650116705144,0.5449254823093951,10
micro,M_rand,0.004,0.3806868970818072,0.19065158871448107,0.5707222054491333,10
micro,M_rand,0.005,0.4005819351049946,0.21262212678502238,0.5885417434249669,10
micro,M_rand,0.006,0.41793641219036404,0.2296267820668537,0.6062460423138744,10
micro,M_rand,0.007,0.4293638723036091,0.24110646657485726,0.617621278032361,10
micro,M_rand,0.008,0.4382200919088516,0.2503177568126794,0.6261224270050237,10
micro,M_rand,0.009,0.4531319750063427,0.2667327900690648,0.6395311599436206,10
micro,M_rand,0.01,0.46239801882630516,0.27719523042523275,0.6476008072273776,10
micro,M_rand,0.011,0.47241413741710436,0.289227705300574,0.6556005695336347,10
micro,M_rand,0.012,0.48148526057199925,0.29948911082654084,0.6634814103174577,10
micro,M_rand,0.013,0.48937740610951563,0.30988587315081745,0.6688689390682139,10
micro,M_rand,0.014,0.4955279616939676,0.3180758916187873,0.6729800317691479,10
micro,M_rand,0.015,0.5036245855019266,0.327905497980748,0.6793436730231052,10
micro,M_rand,0.016,0.5132221649778704,0.3390425111423301,0.6874018188134108,10
micro,M_rand,0.017,0.5242270613349418,0.35259089941649346,0.6958632232533901,10
micro,M_rand,0.018,0.5309494161391191,0.3624467073613393,0.6994521249168988,10
micro,M_rand,0.019,0.5386663741384614,0.37215988060905925,0.7051728676678636,10
micro,M_rand,0.02,0.5445846115472154,0.3788544805705212,0.7103147425239096,10
micro,M_rand,0.021,0.552259512759609,0.3875224738755523,0.7169965516436658,10
micro,M_rand,0.022,0.5575940946093106,0.39371271752845327,0.721475471690168,10
micro,M_rand,0.023,0.5621872031121938,0.39888221754766207,0.7254921886767256,10
micro,M_rand,0.024,0.5674644794897546,0.40562143074316104,0.7293075282363483,10
micro,M_rand,0.025,0.57349783139376,0.4128538647017477,0.7341417980857723,10
micro,M_rand,0.026,0.5788858084203184,0.4199853825262131,0.7377862343144238,10
micro,M_rand,0.027,0.5867213900839386,0.4303179835757084,0.7431247965921689,10
micro,M_rand,0.028,0.5917726371845309,0.4359706679123291,0.7475746064567327,10
micro,M_rand,0.029,0.596301086993722,0.441487267581037,0.7511149064064069,10
micro,M_rand,0.03,0.6015619049716066,0.4479067398717421,0.755217070071471,10
micro,M_rand,0.031,0.6043827591510545,0.45136567953136947,0.7573998387707397,10
micro,M_rand,0.032,0.6091539826427654,0.45757875374806706,0.7607292115374638,10
micro,M_rand,0.033,0.6143848554485081,0.4635340926856862,0.76523561821133,10
micro,M_rand,0.034,0.6182423183159127,0.46808167562948755,0.7684029610023378,10
micro,M_rand,0.035,0.6203781187704838,0.4706853973396495,0.7700708402013181,10
micro,M_rand,0.036,0.623858730121209,0.47552405787175156,0.7721934023706664,10
micro,M_rand,0.037,0.6272868966241866,0.48026968160643424,0.7743041116419389,10
micro,M_rand,0.038,0.6324279849873367,0.48695185882592806,0.7779041111487452,10
micro,M_rand,0.039,0.6362016162070194,0.4916784336028447,0.7807247988111942,10
micro,M_rand,0.04,0.6403712023462907,0.4966686482499931,0.7840737564425884,10
micro,M_rand,0.041,0.6435396777105866,0.5008045649715848,0.7862747904495885,10
micro,M_rand,0.042,0.6475091912662755,0.5057644586000196,0.7892539239325314,10
micro,M_rand,0.043,0.6508055989276688,0.5095520280836807,0.7920591697716568,10
micro,M_rand,0.044,0.6542975701012432,0.5130501969025798,0.7955449432999067,10
micro,M_rand,0.045,0.6570560253004863,0.5164653588344443,0.7976466917665284,10
micro,M_rand,0.046,0.6598534469186169,0.520505923114227,0.7992009707230068,10
micro,M_rand,0.047,0.6640868391470046,0.5260225130589598,0.8021511652350495,10
micro,M_rand,0.048,0.6669381803421117,0.5301601130236857,0.8037162476605377,10
micro,M_rand,0.049,0.6691728018633641,0.5325634253288987,0.8057821783978296,10
micro,M_rand,0.05,0.6722161367137971,0.5369489954544187,0.8074832779731755,10
micro,M_rand,0.051,0.675220056731064,0.5405811989332006,0.8098589145289274,10
micro,M_rand,0.052,0.6767732083371125,0.5427023142737002,0.8108441024005248,10
micro,M_rand,0.053,0.6797616649791987,0.5466551976046655,0.8128681323537318,10
micro,M_rand,0.054,0.6825618664894141,0.5495936482377753,0.8155300847410528,10
micro,M_rand,0.055,0.6855867210658209,0.5531674347136044,0.8180060074180373,10
micro,M_rand,0.056,0.6875412321366196,0.555974887612766,0.8191075766604731,10
micro,M_rand,0.057,0.690370081257261,0.5596287485538263,0.8211114139606956,10
micro,M_rand,0.058,0.6931249445946654,0.5629600340323435,0.8232898551569874,10
micro,M_rand,0.059,0.6966179589897507,0.5672952674405528,0.8259406505389485,10
micro,M_rand,0.06,0.6994969118968795,0.5715909619580377,0.8274028618357212,10
micro,M_rand,0.061,0.7019662497111623,0.5751290316107371,0.8288034678115874,10
micro,M_rand,0.062,0.7039701625146968,0.5775204978752474,0.8304198271541462,10
micro,M_rand,0.063,0.7062368050711889,0.580773386771125,0.8317002233712528,10
micro,M_rand,0.064,0.7083252915709382,0.5834765911325124,0.8331739920093639,10
micro,M_rand,0.065,0.7103224555475495,0.5861324035526371,0.8345125075424619,10
micro,M_rand,0.066,0.7126823975966153,0.5896191006037439,0.8357456945894868,10
micro,M_rand,0.067,0.7144780800826853,0.5922154946414249,0.8367406655239458,10
micro,M_rand,0.068,0.7169298473643968,0.595423677213719,0.8384360175150746,10
micro,M_rand,0.069,0.7188838848672183,0.5977820603892674,0.8399857093451693,10
micro,M_rand,0.07,0.7199175345207267,0.5991885425584103,0.8406465264830432,10
micro,M_rand,0.071,0.7209355360097689,0.6000453506560007,0.8418257213635371,10
micro,M_rand,0.072,0.7230490143869229,0.6029404442696449,0.843157584504201,10
micro,M_rand,0.073,0.7251124807658016,0.6056365310055182,0.844588430526085,10
micro,M_rand,0.074,0.7274073363026033,0.6081179979292204,0.8466966746759863,10
micro,M_rand,0.075,0.7286454232787116,0.6096169873815258,0.8476738591758974,10
micro,M_rand,0.076,0.7307850512977334,0.6119645692807474,0.8496055333147194,10
micro,M_rand,0.077,0.7331642400342383,0.6144153427186021,0.8519131373498745,10
micro,M_rand,0.078,0.7355535516482508,0.6179975293487019,0.8531095739477996,10
micro,M_rand,0.079,0.7375848798191195,0.6204529434630075,0.8547168161752314,10
micro,M_rand,0.08,0.7395912644660589,0.6228235355921569,0.856358993339961,10
micro,M_rand,0.081,0.7410025186775959,0.6242128823686618,0.85779215498653,10
micro,M_rand,0.082,0.7424750100843311,0.6256735974884704,0.8592764226801919,10
micro,M_rand,0.083,0.7437008068649462,0.6270430143684734,0.860358599361419,10
micro,M_rand,0.084,0.7451669801642871,0.6288851323930077,0.8614488279355664,10
micro,M_rand,0.085,0.7465923302756629,0.6306657087406558,0.86251895181067,10
micro,M_rand,0.086,0.7478798621450468,0.6326844619089957,0.8630752623810978,10
micro,M_rand,0.087,0.7490437702958783,0.6338202426097788,0.8642672979819779,10
micro,M_rand,0.088,0.7519569738050096,0.6377925994658431,0.8661213481441761,10
micro,M_rand,0.089,0.7531390873988602,0.6391583791096775,0.8671197956880428,10
micro,M_rand,0.09,0.7549791062692395,0.6419523940201658,0.8680058185183132,10
micro,M_rand,0.091,0.7569996045695577,0.6452033339375711,0.8687958752015443,10
micro,M_rand,0.092,0.7581715705952751,0.6467489080761067,0.8695942331144434,10
micro,M_rand,0.093,0.759615413852257,0.6486084003767356,0.8706224273277783,10
micro,M_rand,0.094,0.7606531563330402,0.6501908095992727,0.8711155030668077,10
micro,M_rand,0.095,0.7618593989893594,0.6513459437415043,0.8723728542372144,10
micro,M_rand,0.096,0.7637016912009629,0.6541420940213267,0.873261288380599,10
micro,M_rand,0.097,0.7647527284628167,0.6561068051384746,0.8733986517871588,10
micro,M_rand,0.098,0.7663345680944847,0.6580789779797105,0.874590158209259,10
micro,M_rand,0.099,0.7677632059990309,0.660046398390554,0.8754800136075078,10
micro,M_rand,0.1,0.7689427261468772,0.6615811559274332,0.8763042963663212,10
micro,M_rand,0.101,0.7703817452220322,0.6633837652347943,0.8773797252092701,10
micro,M_rand,0.102,0.7713963984444483,0.6645970937015275,0.8781957031873691,10
micro,M_rand,0.103,0.7723709578344103,0.6655430748116118,0.8791988408572089,10
micro,M_rand,0.104,0.7744031596690129,0.66815447319238,0.8806518461456457,10
micro,M_rand,0.105,0.7757277136440808,0.6700822122505382,0.8813732150376233,10
micro,M_rand,0.106,0.7766758542000705,0.6717313399689533,0.8816203684311876,10
micro,M_rand,0.107,0.7783098753589754,0.6735385884764238,0.8830811622415271,10
micro,M_rand,0.108,0.779216940722441,0.6749397900491588,0.8834940913957231,10
micro,M_rand,0.109,0.7804179204210585,0.6766641149939506,0.8841717258481664,10
micro,M_rand,0.11,0.7815872963602641,0.6780156763430953,0.8851589163774329,10
micro,M_rand,0.111,0.7826707051969444,0.6794949067519829,0.8858465036419059,10
micro,M_rand,0.112,0.7841395349540068,0.6809630030067695,0.8873160669012441,10
micro,M_rand,0.113,0.7854564008939185,0.6819486373501784,0.8889641644376587,10
micro,M_rand,0.114,0.7871457258713404,0.6837045361515178,0.8905869155911629,10
micro,M_rand,0.115,0.7881785520086215,0.685268812986545,0.8910882910306981,10
micro,M_rand,0.116,0.7895093543510985,0.6865981506947706,0.8924205580074264,10
micro,M_rand,0.117,0.7906404150035501,0.6879353077309847,0.8933455222761155,10
micro,M_rand,0.118,0.7918605806255252,0.6895122883914288,0.8942088728596217,10
micro,M_rand,0.119,0.7926658743510002,0.6903851126403844,0.8949466360616161,10
micro,M_rand,0.12,0.7937780650692925,0.6917055837078355,0.8958505464307495,10
micro,M_rand,0.121,0.7942166534551902,0.6921091043374181,0.8963242025729623,10
micro,M_rand,0.122,0.795277038009772,0.6933708269842072,0.8971832490353369,10
micro,M_rand,0.123,0.7957941192830277,0.6941961634459086,0.8973920751201467,10
micro,M_rand,0.124,0.7968372208663725,0.695767862768402,0.8979065789643431,10
micro,M_rand,0.125,0.7984854298497154,0.6977430443127413,0.8992278153866895,10
micro,M_rand,0.126,0.8000889811441401,0.7001964000426132,0.8999815622456669,10
micro,M_rand,0.127,0.8015288923806125,0.7015367255169834,0.9015210592442416,10
micro,M_rand,0.128,0.8027063276032266,0.7026920558953575,0.9027205993110956,10
micro,M_rand,0.129,0.8039364886180408,0.7047978126800097,0.9030751645560718,10
micro,M_rand,0.13,0.8064595733139166,0.7082779886803416,0.9046411579474916,10
micro,M_rand,0.131,0.8078014515852606,0.7095076152863007,0.9060952878842206,10
micro,M_rand,0.132,0.8090417502769078,0.7113816043487697,0.9067018962050459,10
micro,M_rand,0.133,0.8097296893437944,0.7126750460254274,0.9067843326621614,10
micro,M_rand,0.134,0.8106270008500424,0.7136452911996033,0.9076087105004814,10
micro,M_rand,0.135,0.8121421143803268,0.7159981377815303,0.9082860909791233,10
micro,M_rand,0.136,0.8129009604674955,0.7169924674192794,0.9088094535157116,10
micro,M_rand,0.137,0.813347992945417,0.717495082563421,0.9092009033274131,10
micro,M_rand,0.138,0.8144141256468973,0.7194197983364351,0.9094084529573595,10
micro,M_rand,0.139,0.814747232478146,0.7198007247163168,0.9096937402399751,10
micro,M_rand,0.14,0.8156211312430506,0.7208146330045808,0.9104276294815203,10
micro,M_rand,0.141,0.8165310145560809,0.7219880168613892,0.9110740122507726,10
micro,M_rand,0.142,0.817593993871688,0.7232519144698433,0.9119360732735327,10
micro,M_rand,0.143,0.8190681078698325,0.7257963307561315,0.9123398849835336,10
micro,M_rand,0.144,0.8200068662018886,0.7274338628373325,0.9125798695664447,10
micro,M_rand,0.145,0.8210266004044587,0.728409168778692,0.9136440320302255,10
micro,M_rand,0.146,0.8212176992501998,0.7286217719672055,0.9138136265331942,10
micro,M_rand,0.147,0.8222700700292502,0.7299763792430484,0.9145637608154521,10
micro,M_rand,0.148,0.823850227614443,0.7317554634808424,0.9159449917480437,10
micro,M_rand,0.149,0.8247787897172844,0.7333913036346417,0.916166275799927,10
micro,M_rand,0.15,0.825299577421745,0.7342196265819098,0.9163795282615802,10
micro,M_rand,0.151,0.8265498581197651,0.7356825278383952,0.9174171884011351,10
micro,M_rand,0.152,0.8271721206737194,0.7362638562626699,0.9180803850847689,10
micro,M_rand,0.153,0.8283495719942078,0.7378544929553603,0.9188446510330552,10
micro,M_rand,0.154,0.8292671761883273,0.7388631933660453,0.9196711590106094,10
micro,M_rand,0.155,0.829750546197954,0.7394546159689052,0.9200464764270028,10
micro,M_rand,0.156,0.8308120709480743,0.7407370298445041,0.9208871120516445,10
micro,M_rand,0.157,0.831246952902767,0.7410711914745861,0.9214227143309478,10
micro,M_rand,0.158,0.8319536835843057,0.74183523013096,0.9220721370376513,10
micro,M_rand,0.159,0.833296844163398,0.7435413097618475,0.9230523785649485,10
micro,M_rand,0.16,0.8341964581767833,0.7446287987024447,0.923764117651122,10
micro,M_rand,0.161,0.8348600554243116,0.7450844907727552,0.9246356200758681,10
micro,M_rand,0.162,0.8360515474127034,0.7466803836536517,0.925422711171755,10
micro,M_rand,0.163,0.8369969287660413,0.7476970021555694,0.9262968553765131,10
micro,M_rand,0.164,0.8378142387306605,0.748709673568283,0.926918803893038,10
micro,M_rand,0.165,0.83833791056302,0.7489539465043452,0.9277218746216948,10
micro,M_rand,0.166,0.8393189956137196,0.7499989267440554,0.9286390644833837,10
micro,M_rand,0.167,0.8399645222791632,0.7508271618955917,0.9291018826627346,10
micro,M_rand,0.168,0.8407252601644373,0.7516655399559788,0.9297849803728957,10
micro,M_rand,0.169,0.8409468929030206,0.7517932820266928,0.9301005037793484,10
micro,M_rand,0.17,0.8415816062541541,0.7527019174086101,0.9304612950996981,10
micro,M_rand,0.171,0.8420012016399576,0.7530458951491239,0.9309565081307913,10
micro,M_rand,0.172,0.8425425156029694,0.7540411159525529,0.931043915253386,10
micro,M_rand,0.173,0.8428397579983535,0.7546370964752621,0.931042419521445,10
micro,M_rand,0.174,0.8436167188601557,0.755932103760464,0.9313013339598473,10
micro,M_rand,0.175,0.8442805123105199,0.7567441059908285,0.9318169186302113,10
micro,M_rand,0.176,0.8448370379539119,0.7572656312371532,0.9324084446706705,10
micro,M_rand,0.177,0.8455104606675944,0.7580880198476292,0.9329329014875596,10
micro,M_rand,0.178,0.8464974185959084,0.7597194272860491,0.9332754099057677,10
micro,M_rand,0.179,0.8470181346914323,0.7606144022733449,0.9334218671095197,10
micro,M_rand,0.18,0.8473478235501519,0.7612366074610144,0.9334590396392894,10
micro,M_rand,0.181,0.8482737786253282,0.762450918027418,0.9340966392232383,10
micro,M_rand,0.182,0.8487539777018107,0.7633477854288777,0.9341601699747437,10
micro,M_rand,0.183,0.8492094575239912,0.7637614437626965,0.934657471285286,10
micro,M_rand,0.184,0.8498172153290999,0.7648197723317735,0.9348146583264264,10
micro,M_rand,0.185,0.8509160513466985,0.7659485989066116,0.9358835037867853,10
micro,M_rand,0.186,0.8511990118955872,0.766310460085889,0.9360875637052855,10
micro,M_rand,0.187,0.8516911860648504,0.7672092366350374,0.9361731354946634,10
micro,M_rand,0.188,0.8524498052532229,0.7680716599404288,0.936827950566017,10
micro,M_rand,0.189,0.8532222206055946,0.7691967807975867,0.9372476604136025,10
micro,M_rand,0.19,0.8537637657957425,0.7698641478234165,0.9376633837680686,10
micro,M_rand,0.191,0.8546617218199553,0.7708610910238736,0.9384623526160369,10
micro,M_rand,0.192,0.8548940712886683,0.77140801989909,0.9383801226782467,10
micro,M_rand,0.193,0.8552706647963586,0.7718169147096279,0.9387244148830893,10
micro,M_rand,0.194,0.8560735069678259,0.7728074321285691,0.9393395818070828,10
micro,M_rand,0.195,0.8566133941688012,0.7733870976101832,0.9398396907274192,10
micro,M_rand,0.196,0.8575306548794318,0.7744557454109158,0.9406055643479478,10
micro,M_rand,0.197,0.8576773870570531,0.7747793590357562,0.94057541507835,10
micro,M_rand,0.198,0.8583070742886918,0.7753048410280584,0.9413093075493252,10
micro,M_rand,0.199,0.8588122902451595,0.7763944460101406,0.9412301344801783,10
micro,M_rand,0.2,0.8592452596293588,0.77660996916845,0.9418805500902676,10
micro,M_rand,0.201,0.8598824578395641,0.7774436068118934,0.9423213088672348,10
micro,M_rand,0.202,0.8608749791787694,0.7785307483869466,0.9432192099705923,10
micro,M_rand,0.203,0.8612984274932238,0.7792741796384259,0.9433226753480217,10
micro,M_rand,0.204,0.8620255333317178,0.7798976692928687,0.9441533973705669,10
micro,M_rand,0.205,0.862397676288064,0.7803060964705468,0.9444892561055811,10
micro,M_rand,0.206,0.8631512697690915,0.7810700414755212,0.9452324980626619,10
micro,M_rand,0.207,0.8637905259274093,0.781912776013375,0.9456682758414436,10
micro,M_rand,0.208,0.8644290173186848,0.782759502749719,0.9460985318876507,10
micro,M_rand,0.209,0.8650130383731893,0.7836792133599491,0.9463468633864296,10
micro,M_rand,0.21,0.8653867338324159,0.7839495774736921,0.9468238901911398,10
micro,M_rand,0.211,0.8656959513205807,0.7845322646632786,0.9468596379778829,10
micro,M_rand,0.212,0.8662728542992959,0.7854005027913908,0.947145205807201,10
micro,M_rand,0.213,0.8667043182814597,0.7859575153579846,0.9474511212049347,10
micro,M_rand,0.214,0.8670577759408113,0.7863346406769449,0.9477809112046778,10
micro,M_rand,0.215,0.8679679207376697,0.7880638128136412,0.9478720286616982,10
micro,M_rand,0.216,0.8682158968423723,0.7884814690166508,0.9479503246680938,10
micro,M_rand,0.217,0.8688340504440593,0.7897138135992654,0.9479542872888531,10
micro,M_rand,0.218,0.8692743734738559,0.7907476779428277,0.9478010690048841,10
micro,M_rand,0.219,0.8695506030461433,0.7908732891824564,0.9482279169098302,10
micro,M_rand,0.22,0.8698402860816715,0.791046932646863,0.94863363951648,10
micro,M_rand,0.221,0.8701948620438709,0.7912692182255217,0.9491205058622201,10
micro,M_rand,0.222,0.8705363994984381,0.7918077031959595,0.9492650958009167,10
micro,M_rand,0.223,0.8708818414900803,0.7923672204647598,0.9493964625154008,10
micro,M_rand,0.224,0.8709142879534155,0.7923923182598731,0.9494362576469579,10
micro,M_rand,0.225,0.8713156638343825,0.7927973922806788,0.9498339353880862,10
micro,M_rand,0.226,0.8718141540246382,0.7935604659069927,0.9500678421422838,10
micro,M_rand,0.227,0.8721554030205294,0.7938007699322043,0.9505100361088545,10
micro,M_rand,0.228,0.8723996010850902,0.7942635709745599,0.9505356311956205,10
micro,M_rand,0.229,0.8727370171528432,0.7944083660758595,0.951065668229827,10
micro,M_rand,0.23,0.8731848962629234,0.7953528304572954,0.9510169620685514,10
micro,M_rand,0.231,0.8738200744118728,0.7960670658957175,0.9515730829280281,10
micro,M_rand,0.232,0.8746851138908912,0.7968624153076651,0.9525078124741173,10
micro,M_rand,0.233,0.8757986362342021,0.7976005432347655,0.9539967292336387,10
micro,M_rand,0.234,0.876144078225844,0.7981546373449571,0.9541335191067308,10
micro,M_rand,0.235,0.87642667870712,0.7982930021940211,0.9545603552202189,10
micro,M_rand,0.236,0.8774880954283668,0.7995114811618341,0.9554647096948995,10
micro,M_rand,0.237,0.877872706369984,0.7998935482967883,0.9558518644431798,10
micro,M_rand,0.238,0.8783301065498093,0.8003155147986853,0.9563446983009332,10
micro,M_rand,0.239,0.8796015284708931,0.8018712049239841,0.9573318520178021,10
micro,M_rand,0.24,0.8803910349478372,0.8027969400970809,0.9579851297985935,10
micro,M_rand,0.241,0.8810324792755724,0.8039267502831255,0.9581382082680192,10
micro,M_rand,0.242,0.8818168080348843,0.8051387241861745,0.958494891883594,10
micro,M_rand,0.243,0.8820441862720989,0.8054299436642195,0.9586584288799783,10
micro,M_rand,0.244,0.8828740914750112,0.8071064736118923,0.9586417093381301,10
micro,M_rand,0.245,0.8831337896786284,0.8073682957711356,0.9588992835861213,10
micro,M_rand,0.246,0.883312968319585,0.8077198264013111,0.9589061102378588,10
micro,M_rand,0.247,0.883463478537348,0.8080017629542924,0.9589251941204036,10
micro,M_rand,0.248,0.883821907428198,0.8086256807957511,0.9590181340606448,10
micro,M_rand,0.249,0.8843203976184537,0.8093824897400278,0.9592583054968796,10
micro,M_rand,0.25,0.8846645995508048,0.8099033614566697,0.9594258376449398,10
micro,M_rand,0.251,0.8851904133747602,0.8111122505372168,0.9592685762123037,10
micro,M_rand,0.252,0.8858445314020249,0.8118044143275414,0.9598846484765085,10
micro,M_rand,0.253,0.8859950416197879,0.812084961738071,0.9599051215015049,10
micro,M_rand,0.254,0.8864977163158324,0.8127146992305121,0.9602807334011527,10
micro,M_rand,0.255,0.8870783973346891,0.8135295344657925,0.9606272602035857,10
micro,M_rand,0.256,0.8875705715039525,0.8143977280463307,0.9607434149615742,10
micro,M_rand,0.257,0.888335197205361,0.8154325581569521,0.9612378362537699,10
micro,M_rand,0.258,0.888532540463158,0.8155724084316751,0.9614926724946409,10
micro,M_rand,0.259,0.8889377492722629,0.81606728865332,0.9618082098912057,10
micro,M_rand,0.26,0.8894365910401694,0.8166015683566357,0.9622716137237031,10
micro,M_rand,0.261,0.8898376153434855,0.8172233082495691,0.9624519224374019,10
micro,M_rand,0.262,0.8902179004644741,0.8175126302332413,0.962923170695707,10
micro,M_rand,0.263,0.8905801622834624,0.8182235962259984,0.9629367283409264,10
micro,M_rand,0.264,0.8909866169935532,0.8187062248786311,0.9632670091084753,10
micro,M_rand,0.265,0.8912918750566469,0.819128291323449,0.9634554587898447,10
micro,M_rand,0.266,0.8918007668851755,0.8200134501908964,0.9635880835794546,10
micro,M_rand,0.267,0.8920735312048496,0.8203916690540842,0.9637553933556149,10
micro,M_rand,0.268,0.8924669994278824,0.8211145716520114,0.9638194272037535,10
micro,M_rand,0.269,0.8926643426856792,0.8212534638709443,0.964075221500414,10
micro,M_rand,0.27,0.893075870795349,0.8221644444687535,0.9639872971219445,10
micro,M_rand,0.271,0.8935071137204111,0.8226098058431276,0.9644044215976947,10
micro,M_rand,0.272,0.8935720066470821,0.822660159168263,0.9644838541259013,10
micro,M_rand,0.273,0.8938693537726694,0.8228595212539487,0.9648791862913901,10
micro,M_rand,0.274,0.8946381750319514,0.8236378072661837,0.9656385427977191,10
micro,M_rand,0.275,0.8955068427191917,0.825225862366219,0.9657878230721644,10
micro,M_rand,0.276,0.8959542352647258,0.8258903748428197,0.966018095686632,10
micro,M_rand,0.277,0.8960191281913967,0.8259408186840276,0.9660974376987659,10
micro,M_rand,0.278,0.8964632292613353,0.8269311064017857,0.9659953521208848,10
micro,M_rand,0.279,0.89695958617017,0.827524516328674,0.9663946560116661,10
micro,M_rand,0.28,0.8977524207073463,0.8287270275373256,0.9667778138773669,10
micro,M_rand,0.281,0.8979797989445609,0.8290098778071803,0.9669497200819416,10
micro,M_rand,0.282,0.898109711294836,0.8291627268989387,0.9670566956907333,10
micro,M_rand,0.283,0.898463794364545,0.8293960329322603,0.9675315557968298,10
micro,M_rand,0.284,0.8991352187837016,0.8305308490480516,0.9677395885193516,10
micro,M_rand,0.285,0.8993894244825535,0.8307557235551815,0.9680231254099256,10
micro,M_rand,0.286,0.8998410816327752,0.8316409852965231,0.9680411779690273,10
micro,M_rand,0.287,0.9001807781257858,0.8320391801899957,0.9683223760615759,10
micro,M_rand,0.288,0.9004211432622086,0.8324130520579834,0.9684292344664337,10
micro,M_rand,0.289,0.9009225778989622,0.8330201824042541,0.9688249733936704,10
micro,M_rand,0.29,0.9010810565043504,0.8330925562492002,0.9690695567595007,10
micro,M_rand,0.291,0.9015535549061378,0.8333699741536565,0.969737135658619,10
micro,M_rand,0.292,0.9017040651239006,0.833647052585589,0.9697610776622121,10
micro,M_rand,0.293,0.9022081594979483,0.8343187124049394,0.9700976065909572,10
micro,M_rand,0.294,0.9024691773898551,0.8349574860038749,0.9699808687758353,10
micro,M_rand,0.295,0.9029495029632706,0.8359184066202984,0.9699805993062428,10
micro,M_rand,0.296,0.9033404332054527,0.8367070016625987,0.9699738647483066,10
micro,M_rand,0.297,0.9035946389043044,0.8369273585329513,0.9702619192756574,10
micro,M_rand,0.298,0.903967401250074,0.8373921459793805,0.9705426565207675,10
micro,M_rand,0.299,0.9042828082622982,0.8377801678665973,0.9707854486579992,10
micro,M_rand,0.3,0.9045958037906047,0.8382782845481427,0.9709133230330667,10
micro,M_rand,0.301,0.9051322315997596,0.8388955957875777,0.9713688674119416,10
micro,M_rand,0.302,0.905992224903869,0.8407262387451128,0.9712582110626252,10
micro,M_rand,0.303,0.9066206274443998,0.8416103940183944,0.9716308608704051,10
micro,M_rand,0.304,0.9069297184356314,0.8421161014614209,0.9717433354098419,10
micro,M_rand,0.305,0.907159634653697,0.8423222442262713,0.9719970250811226,10
micro,M_rand,0.306,0.9078078763565808,0.8437167128110707,0.9718990399020908,10
micro,M_rand,0.307,0.9085432030526878,0.8445247710439961,0.9725616350613794,10
micro,M_rand,0.308,0.9091365742810981,0.8457829525673082,0.972490195994888,10
micro,M_rand,0.309,0.9092933140930104,0.8458814635925744,0.9727051645934464,10
micro,M_rand,0.31,0.9094075998072959,0.8461871501085556,0.9726280495060362,10
micro,M_rand,0.311,0.9096723957393447,0.8467731256640284,0.9725716658146609,10
micro,M_rand,0.312,0.9103447971465094,0.8475850172329567,0.9731045770600621,10
micro,M_rand,0.313,0.910648269136043,0.8480110995335791,0.9732854387385069,10
micro,M_rand,0.314,0.9108924672006037,0.8484648479126277,0.9733200864885797,10
micro,M_rand,0.315,0.9110067529148894,0.8487692646330312,0.9732442411967477,10
micro,M_rand,0.316,0.911332735342404,0.8493700170050851,0.9732954536797229,10
micro,M_rand,0.317,0.911332735342404,0.8493700170050851,0.9732954536797229,10
micro,M_rand,0.318,0.9116211262980674,0.8495937218804079,0.9736485307157268,10
micro,M_rand,0.319,0.911718592185007,0.8497163360778536,0.9737208482921603,10
micro,M_rand,0.32,0.9119471636135783,0.8503242180059494,0.9735701092212072,10
micro,M_rand,0.321,0.9119471636135783,0.8503242180059494,0.9735701092212072,10
micro,M_rand,0.322,0.9125377257697929,0.8508554000339422,0.9742200515056435,10
micro,M_rand,0.323,0.9130998905941589,0.8520995255011222,0.9741002556871955,10
micro,M_rand,0.324,0.913311642195384,0.8525262287373119,0.9740970556534561,10
micro,M_rand,0.325,0.9138956632498886,0.8534240917258101,0.974367234773967,10
micro,M_rand,0.326,0.9141929056452727,0.8540371209588803,0.974348690331665,10
micro,M_rand,0.327,0.9144814703779532,0.8543187209724493,0.9746442197834572,10
micro,M_rand,0.328,0.9145789362648928,0.8544384636492306,0.9747194088805551,10
micro,M_rand,0.329,0.9146932219791785,0.8547429808438249,0.974643463114532,10
micro,M_rand,0.33,0.9149255714478916,0.8553049876778024,0.9745461552179807,10
micro,M_rand,0.331,0.9152139624035549,0.8555249861884445,0.9749029386186653,10
micro,M_rand,0.332,0.9156397690801479,0.8561528879457854,0.9751266502145104,10
micro,M_rand,0.333,0.9160632722825983,0.8570013303439653,0.9751252142212313,10
micro,M_rand,0.334,0.9162582040564775,0.8572364804721916,0.9752799276407634,10
micro,M_rand,0.335,0.916351837015279,0.8572761800582654,0.9754274939722926,10
micro,M_rand,0.336,0.9169258504354925,0.8584031776404857,0.9754485232304992,10
micro,M_rand,0.337,0.9174117111458857,0.8587967002394006,0.9760267220523708,10
micro,M_rand,0.338,0.9174117111458857,0.8587967002394006,0.9760267220523708,10
micro,M_rand,0.339,0.9177453045416801,0.8594266260715606,0.9760639830117996,10
micro,M_rand,0.34,0.9179894477182444,0.8597492976296836,0.9762295978068053,10
micro,M_rand,0.341,0.9182217971869575,0.8603125666493686,0.9761310277245464,10
micro,M_rand,0.342,0.9188425414791244,0.8611514618101539,0.9765336211480948,10
micro,M_rand,0.343,0.9191309324347877,0.861362178007526,0.9768996868620494,10
micro,M_rand,0.344,0.9193868769271155,0.8615436482622928,0.9772301055919382,10
micro,M_rand,0.345,0.919924437178838,0.8625072728512778,0.9773416015063981,10
micro,M_rand,0.346,0.9204271177165774,0.8630806740396412,0.9777735613935136,10
micro,M_rand,0.347,0.9206774904872912,0.8632189086255284,0.978136072349054,10
micro,M_rand,0.348,0.9207917762015768,0.8635249896699214,0.9780585627332322,10
micro,M_rand,0.349,0.9208854091603783,0.8635646398117919,0.9782061785089647,10
micro,M_rand,0.35,0.9208854091603783,0.8635646398117919,0.9782061785089647,10
micro,M_rand,0.351,0.9212868399293417,0.864101999957107,0.9784716799015764,10
micro,M_rand,0.352,0.9215478578212485,0.8647386825518719,0.978357033090625,10
micro,M_rand,0.353,0.9217958339259511,0.8651378586781746,0.9784538091737276,10
micro,M_rand,0.354,0.9222532341057763,0.8655858334043754,0.9789206348071772,10
micro,M_rand,0.355,0.9223505734957828,0.865666390367239,0.9790347566243265,10
micro,M_rand,0.356,0.9225335301768812,0.8659774220677787,0.9790896382859837,10
micro,M_rand,0.357,0.92274522689011,0.8662740119429739,0.979216441837246,10
micro,M_rand,0.358,0.9229957409756633,0.8666204689834609,0.9793710129678657,10
micro,M_rand,0.359,0.9232567588675702,0.8672609517347327,0.9792525660004077,10
micro,M_rand,0.36,0.923445945142818,0.8673834533373138,0.9795084369483221,10
micro,M_rand,0.361,0.9240759473403527,0.8685329680722426,0.9796189266084628,10
micro,M_rand,0.362,0.9243694116955951,0.8691948119722591,0.979544011418931,10
micro,M_rand,0.363,0.9244836974098808,0.8694983658558821,0.9794690289638794,10
micro,M_rand,0.364,0.9245811632968204,0.8696126030992174,0.9795497234944234,10
micro,M_rand,0.365,0.9249434251158085,0.8703171464023335,0.9795697038292835,10
micro,M_rand,0.366,0.9250577108300944,0.870620563421126,0.9794948582390627,10
micro,M_rand,0.367,0.9250577108300944,0.870620563421126,0.9794948582390627,10
micro,M_rand,0.368,0.9251876231803694,0.8707600628441021,0.9796151835166367,10
micro,M_rand,0.369,0.9253381333981322,0.871047708689972,0.9796285581062925,10
micro,M_rand,0.37,0.9256511289264389,0.8715321238316892,0.9797701340211885,10
micro,M_rand,0.371,0.9262943445098278,0.8724667970878375,0.9801218919318182,10
micro,M_rand,0.372,0.926762040603381,0.873054768623563,0.9804693125831989,10
micro,M_rand,0.373,0.927127720394898,0.8734912554199404,0.9807641853698555,10
micro,M_rand,0.374,0.927278230612661,0.8737793644021524,0.9807770968231696,10
micro,M_rand,0.375,0.9273106770759965,0.8738060400336354,0.9808153141183575,10
micro,M_rand,0.376,0.9276763568675136,0.8742385539262019,0.9811141598088253,10
micro,M_rand,0.377,0.9281748470577693,0.8749842163322147,0.981365477783324,10
micro,M_rand,0.378,0.92841904512233,0.8754245069949591,0.9814135832497008,10
micro,M_rand,0.379,0.9286938486886696,0.8757817352393277,0.9816059621380114,10
micro,M_rand,0.38,0.929137949758608,0.8767610492671851,0.9815148502500308,10
micro,M_rand,0.381,0.9296837788511455,0.8775171764941272,0.9818503812081638,10
micro,M_rand,0.382,0.9296837788511455,0.8775171764941272,0.9818503812081638,10
micro,M_rand,0.383,0.9302163151617406,0.8785579258230396,0.9818747045004417,10
micro,M_rand,0.384,0.9307615336618273,0.879572050443083,0.9819510168805717,10
micro,M_rand,0.385,0.9311057355941784,0.8800789466371624,0.9821325245511945,10
micro,M_rand,0.386,0.9314844571729,0.8807534438085213,0.9822154705372786,10
micro,M_rand,0.387,0.931716806641613,0.8813197413029831,0.982113871980243,10
micro,M_rand,0.388,0.9319453780701845,0.8819280246087865,0.9819627315315825,10
micro,M_rand,0.389,0.9319453780701845,0.8819280246087865,0.9819627315315825,10
micro,M_rand,0.39,0.9322101740022332,0.8825214734043585,0.9818988746001078,10
micro,M_rand,0.391,0.9325437673980275,0.8831520962797087,0.9819354385163462,10
micro,M_rand,0.392,0.9328594787078183,0.8833121613138165,0.98240679610182,10
micro,M_rand,0.393,0.9330062108854393,0.8836442239213221,0.9823681978495565,10
micro,M_rand,0.394,0.9332710068174881,0.8842372002979494,0.9823048133370268,10
micro,M_rand,0.395,0.9334659385913673,0.8844511622251013,0.9824807149576332,10
micro,M_rand,0.396,0.9334659385913673,0.8844511622251013,0.9824807149576332,10
micro,M_rand,0.397,0.9334659385913673,0.8844511622251013,0.9824807149576332,10
micro,M_rand,0.398,0.9337387501911254,0.8848504220912485,0.9826270782910023,10
micro,M_rand,0.399,0.9339673216196969,0.88545756088893,0.9824770823504637,10
micro,M_rand,0.4,0.934589361271301,0.8867862961498353,0.9823924263927667,10
micro,M_rand,0.401,0.934589361271301,0.8867862961498353,0.9823924263927667,10
micro,M_rand,0.402,0.934721811602427,0.8868794601621913,0.9825641630426626,10
micro,M_rand,0.403,0.934721811602427,0.8868794601621913,0.9825641630426626,10
micro,M_rand,0.404,0.9347867045290978,0.8869338223386665,0.9826395867195292,10
micro,M_rand,0.405,0.9347867045290978,0.8869338223386665,0.9826395867195292,10
micro,M_rand,0.406,0.9356802131409386,0.8881267014091364,0.9832337248727409,10
micro,M_rand,0.407,0.936535482252934,0.8897880502064573,0.9832829142994107,10
micro,M_rand,0.408,0.9367184389340324,0.8901117427239328,0.983325135144132,10
micro,M_rand,0.409,0.9370807007530206,0.8908137032094773,0.983347698296564,10
micro,M_rand,0.41,0.9372962303943876,0.8911884561847007,0.9834040046040745,10
micro,M_rand,0.411,0.9377191448642117,0.8916081066959565,0.9838301830324669,10
micro,M_rand,0.412,0.937865877041833,0.8919339408758127,0.9837978132078533,10
micro,M_rand,0.413,0.9381411735006628,0.8922984332324635,0.9839839137688622,10
micro,M_rand,0.414,0.938741959494517,0.8932720418422505,0.9842118771467835,10
micro,M_rand,0.415,0.9388562452088027,0.8935711819060319,0.9841413085115736,10
micro,M_rand,0.416,0.9390641638818898,0.8939095130694846,0.9842188146942951,10
micro,M_rand,0.417,0.9392796935232569,0.894285358211501,0.9842740288350128,10
micro,M_rand,0.418,0.93986042943011,0.895191028408015,0.9845298304522049,10
micro,M_rand,0.419,0.9399747151443958,0.8954884510059381,0.9844609792828535,10
micro,M_rand,0.42,0.9403432065575332,0.8959893092360138,0.9846971038790526,10
micro,M_rand,0.421,0.9405731227755986,0.8961900370528899,0.9849562084983072,10
micro,M_rand,0.422,0.9406874084898844,0.8964863333379529,0.9848884836418159,10
micro,M_rand,0.423,0.9408173208401595,0.8966191493122715,0.9850154923680474,10
micro,M_rand,0.424,0.9411145632355435,0.8972437493878641,0.984985377083223,10
micro,M_rand,0.425,0.9413261883398357,0.8976235751591211,0.9850288015205504,10
micro,M_rand,0.426,0.9413261883398357,0.8976235751591211,0.9850288015205504,10
micro,M_rand,0.427,0.9413261883398357,0.8976235751591211,0.9850288015205504,10
micro,M_rand,0.428,0.9414404740541216,0.8979187224106552,0.984962225697588,10
micro,M_rand,0.429,0.941472920517457,0.8979465023032335,0.9849993387316806,10
micro,M_rand,0.43,0.941472920517457,0.8979465023032335,0.9849993387316806,10
micro,M_rand,0.431,0.9415053669807925,0.8979741589361074,0.9850365750254775,10
micro,M_rand,0.432,0.9417002987546716,0.8981817104194877,0.9852188870898556,10
micro,M_rand,0.433,0.9418952305285508,0.8983847962614088,0.9854056647956929,10
micro,M_rand,0.434,0.9421679948482247,0.8987394645345991,0.9855965251618503,10
micro,M_rand,0.435,0.9421679948482247,0.8987394645345991,0.9855965251618503,10
micro,M_rand,0.436,0.9421679948482247,0.8987394645345991,0.9855965251618503,10
micro,M_rand,0.437,0.94237974644945,0.899133966447538,0.985625526451362,10
micro,M_rand,0.438,0.94237974644945,0.899133966447538,0.985625526451362,10
micro,M_rand,0.439,0.94237974644945,0.899133966447538,0.985625526451362,10
micro,M_rand,0.44,0.9424121929127856,0.899161840412525,0.9856625454130461,10
micro,M_rand,0.441,0.9425264786270713,0.8994553524589716,0.985597604795171,10
micro,M_rand,0.442,0.9428065411274964,0.8996446507332077,0.9859684315217851,10
micro,M_rand,0.443,0.9428065411274964,0.8996446507332077,0.9859684315217851,10
micro,M_rand,0.444,0.9431531763104953,0.9005074845652855,0.9857988680557052,10
micro,M_rand,0.445,0.9432468092692968,0.9005483588468202,0.9859452596917735,10
micro,M_rand,0.446,0.9433767216195719,0.9006754476702505,0.9860779955688932,10
micro,M_rand,0.447,0.9434910073338575,0.9009675084991579,0.9860145061685571,10
micro,M_rand,0.448,0.94373898343856,0.9013718613170708,0.9861061055600492,10
micro,M_rand,0.449,0.9437714299018956,0.9013996671871985,0.9861431926165926,10
micro,M_rand,0.45,0.9438363228285664,0.9014548990981616,0.9862177465589713,10
micro,M_rand,0.451,0.9439662351788416,0.9015797393203899,0.9863527310372933,10
micro,M_rand,0.452,0.9441129673564628,0.9018996444914976,0.9863262902214279,10
micro,M_rand,0.453,0.9443453168251759,0.9024705953627133,0.9862200382876384,10
micro,M_rand,0.454,0.9448218643584496,0.9034577695511454,0.9861859591657538,10
micro,M_rand,0.455,0.9449517767087249,0.9035811993978247,0.9863223540196251,10
micro,M_rand,0.456,0.9450454096675264,0.9036215578690987,0.986469261465954,10
micro,M_rand,0.457,0.945142875554466,0.9037166331675341,0.9865691179413978,10
micro,M_rand,0.458,0.945608832854543,0.9042966237682033,0.9869210419408827,10
micro,M_rand,0.459,0.945608832854543,0.9042966237682033,0.9869210419408827,10
micro,M_rand,0.46,0.9458736287865916,0.904896297600006,0.9868509599731773,10
micro,M_rand,0.461,0.9458736287865916,0.904896297600006,0.9868509599731773,10
micro,M_rand,0.462,0.9462464442541402,0.9053547701066849,0.9871381184015955,10
micro,M_rand,0.463,0.9464944203588426,0.9057563908296551,0.98723244988803,10
micro,M_rand,0.464,0.9467626342634201,0.9060984724343577,0.9874267960924825,10
micro,M_rand,0.465,0.947148911922425,0.9067144469697598,0.9875833768750902,10
micro,M_rand,0.466,0.9475814410856576,0.9071910559035099,0.9879718262678052,10
micro,M_rand,0.467,0.947613887548993,0.9072189077131637,0.9880088673848223,10
micro,M_rand,0.468,0.9477113534359326,0.9073120974105222,0.988110609461343,10
micro,M_rand,0.469,0.9479761493679811,0.9079111290636886,0.9880411696722736,10
micro,M_rand,0.47,0.9481710811418603,0.908094531722607,0.9882476305611136,10
micro,M_rand,0.471,0.9483215913596231,0.9083982512834244,0.9882449314358218,10
micro,M_rand,0.472,0.9484358770739089,0.9086940054563576,0.9881777486914601,10
micro,M_rand,0.473,0.9486644485024802,0.9092829306691723,0.9880459663357881,10
micro,M_rand,0.474,0.9490103745896402,0.9095134734395002,0.9885072757397803,10
micro,M_rand,0.475,0.949189553230597,0.9098622143614207,0.9885168920997732,10
micro,M_rand,0.476,0.9493076169850244,0.9101408503023289,0.9884743836677199,10
micro,M_rand,0.477,0.94934006344836,0.910168454683287,0.988511672213433,10
micro,M_rand,0.478,0.949486795625981,0.9104892848420602,0.9884843064099019,10
micro,M_rand,0.479,0.9496010813402668,0.9107817518304429,0.9884204108500907,10
micro,M_rand,0.48,0.9497191450946941,0.9110611622867472,0.9883771279026411,10
micro,M_rand,0.481,0.9498658772723154,0.9113811227801066,0.9883506317645242,10
micro,M_rand,0.482,0.9500982267410285,0.9119529055588447,0.9882435479232123,10
micro,M_rand,0.483,0.9500982267410285,0.9119529055588447,0.9882435479232123,10
micro,M_rand,0.484,0.950130673204364,0.9119802919049474,0.9882810545037805,10
micro,M_rand,0.485,0.9503774092497755,0.912375495012575,0.9883793234869761,10
micro,M_rand,0.486,0.950560365930874,0.9127101993842295,0.9884105324775185,10
micro,M_rand,0.487,0.9507927153995871,0.9132819850066012,0.988303445792573,10
micro,M_rand,0.488,0.9507927153995871,0.9132819850066012,0.988303445792573,10
micro,M_rand,0.489,0.9511649848528663,0.9137521458714741,0.9885778238342584,10
micro,M_rand,0.49,0.9517439695045781,0.9151883534645179,0.9882995855446383,10
micro,M_rand,0.491,0.9517439695045781,0.9151883534645179,0.9882995855446383,10
micro,M_rand,0.492,0.9517439695045781,0.9151883534645179,0.9882995855446383,10
micro,M_rand,0.493,0.9521772989563904,0.9156572579211405,0.9886973399916402,10
micro,M_rand,0.494,0.9526437491489576,0.9162373504219762,0.9890501478759389,10
micro,M_rand,0.495,0.9528410924067543,0.9163970730696988,0.9892851117438098,10
micro,M_rand,0.496,0.9528410924067543,0.9163970730696988,0.9892851117438098,10
micro,M_rand,0.497,0.9531839495496115,0.917271923933404,0.989095975165819,10
micro,M_rand,0.498,0.9531839495496115,0.917271923933404,0.989095975165819,10
micro,M_rand,0.499,0.9532982352638972,0.9175615600917865,0.989034910436008,10
micro,M_rand,0.5,0.9535874254069354,0.9177578059568073,0.9894170448570635,10
micro,M_rand,0.501,0.9535874254069354,0.9177578059568073,0.9894170448570635,10
micro,M_rand,0.502,0.9535874254069354,0.9177578059568073,0.9894170448570635,10
micro,M_rand,0.503,0.9535874254069354,0.9177578059568073,0.9894170448570635,10
micro,M_rand,0.504,0.9536198718702706,0.9177854923498869,0.9894542513906543,10
micro,M_rand,0.505,0.9536523183336063,0.9178130290534458,0.9894916076137669,10
micro,M_rand,0.506,0.9538678479749733,0.9181888706078501,0.9895468253420964,10
micro,M_rand,0.507,0.953982133689259,0.9184788177478592,0.9894854496306588,10
micro,M_rand,0.508,0.9541288658668801,0.9187952922219127,0.9894624395118474,10
micro,M_rand,0.509,0.9542431515811659,0.919083222937949,0.9894030802243828,10
micro,M_rand,0.51,0.9543898837587872,0.9193975696636753,0.9893821978538991,10
micro,M_rand,0.511,0.9546497084593373,0.9196357714160547,0.9896636455026199,10
micro,M_rand,0.512,0.9547677722137646,0.919922057032531,0.9896134873949982,10
micro,M_rand,0.513,0.9550182862993178,0.9203093310741434,0.9897272415244923,10
micro,M_rand,0.514,0.9551974649402746,0.9206522067599953,0.9897427231205539,10
micro,M_rand,0.515,0.9551974649402746,0.9206522067599953,0.9897427231205539,10
micro,M_rand,0.516,0.9553117506545602,0.9209396583235514,0.989683842985569,10
micro,M_rand,0.517,0.9555066824284394,0.9211196640500052,0.9898937008068736,10
micro,M_rand,0.518,0.9558608736917217,0.9219751073053141,0.9897466400781293,10
micro,M_rand,0.519,0.9558933201550571,0.9220023452462237,0.9897842950638905,10
micro,M_rand,0.52,0.9560076058693427,0.9222922956504709,0.9897229160882146,10
micro,M_rand,0.521,0.9562724018013915,0.9228931601189402,0.9896516434838428,10
micro,M_rand,0.522,0.9564023141516664,0.9230091101365286,0.9897955181668042,10
micro,M_rand,0.523,0.9564023141516664,0.9230091101365286,0.9897955181668042,10
micro,M_rand,0.524,0.9565595468560689,0.923110915484615,0.9900081782275229,10
micro,M_rand,0.525,0.9567167795604714,0.9232090367147565,0.9902245224061863,10
micro,M_rand,0.526,0.9568310652747571,0.923498156088368,0.9901639744611462,10
micro,M_rand,0.527,0.9570596367033286,0.9240730958602504,0.9900461775464068,10
micro,M_rand,0.528,0.9570596367033286,0.9240730958602504,0.9900461775464068,10
micro,M_rand,0.529,0.95722453349779,0.9242030142489069,0.9902460527466731,10
micro,M_rand,0.53,0.9573388192120756,0.9244889434054078,0.9901886950187435,10
micro,M_rand,0.531,0.9573712656754111,0.9245161182495059,0.9902264131013163,10
micro,M_rand,0.532,0.9573712656754111,0.9245161182495059,0.9902264131013163,10
micro,M_rand,0.533,0.9576460692417508,0.9248990768407065,0.9903930616427951,10
micro,M_rand,0.534,0.9580389365625178,0.9255628019129437,0.9905150712120919,10
micro,M_rand,0.535,0.9581713868936437,0.9256641513988134,0.9906786223884739,10
micro,M_rand,0.536,0.9584362875558952,0.9258586713091502,0.9910139038026401,10
micro,M_rand,0.537,0.9588253768365206,0.9265212549679837,0.9911294987050575,10
micro,M_rand,0.538,0.958943440590948,0.9268057855009831,0.991081095680913,10
micro,M_rand,0.539,0.9591226192319047,0.9271508072501089,0.9910944312137004,10
micro,M_rand,0.54,0.9591226192319047,0.9271508072501089,0.9910944312137004,10
micro,M_rand,0.541,0.9591550656952401,0.9271783048982828,0.9911318264921974,10
micro,M_rand,0.542,0.959517272626232,0.9278168455119513,0.9912176997405127,10
micro,M_rand,0.543,0.959517272626232,0.9278168455119513,0.9912176997405127,10
micro,M_rand,0.544,0.9598406953061659,0.9280359250819243,0.9916454655304074,10
micro,M_rand,0.545,0.9599587590605931,0.9283177221486637,0.9915997959725226,10
micro,M_rand,0.546,0.9601536908344723,0.9285024733783123,0.9918049082906324,10
micro,M_rand,0.547,0.9601536908344723,0.9285024733783123,0.9918049082906324,10
micro,M_rand,0.548,0.9604302331942881,0.9288533023480002,0.992007164040576,10
micro,M_rand,0.549,0.9604626796576234,0.9288805542792846,0.9920448050359623,10
micro,M_rand,0.55,0.9606925958756889,0.9290650178381883,0.9923201739131895,10
micro,M_rand,0.551,0.960924945344402,0.9296393051742377,0.9922105855145663,10
micro,M_rand,0.552,0.960924945344402,0.9296393051742377,0.9922105855145663,10
micro,M_rand,0.553,0.960924945344402,0.9296393051742377,0.9922105855145663,10
micro,M_rand,0.554,0.9610754555621648,0.929945879586264,0.9922050315380656,10
micro,M_rand,0.555,0.9612259657799278,0.9302509041270397,0.9922010274328159,10
micro,M_rand,0.556,0.9613584161110535,0.9303424050951198,0.9923744271269873,10
micro,M_rand,0.557,0.9614558819979931,0.9304327381747421,0.9924790258212441,10
micro,M_rand,0.558,0.9615739457524206,0.9307093548512971,0.9924385366535441,10
micro,M_rand,0.559,0.9616063922157562,0.9307365887040258,0.9924761957274866,10
micro,M_rand,0.56,0.9619530273987549,0.9316081749210147,0.9922978798764951,10
micro,M_rand,0.561,0.9620829397490299,0.9317248947775357,0.9924409847205241,10
micro,M_rand,0.562,0.962298469390397,0.932089258358141,0.9925076804226529,10
micro,M_rand,0.5630000000000001,0.9625308188591101,0.9326635059479079,0.9923981317703122,10
micro,M_rand,0.5640000000000001,0.9625632653224455,0.9326907559627269,0.9924357746821642,10
micro,M_rand,0.5650000000000001,0.9628256280038464,0.9328951337618268,0.9927561222458661,10
micro,M_rand,0.5660000000000001,0.9628256280038464,0.9328951337618268,0.9927561222458661,10
micro,M_rand,0.5670000000000001,0.9628256280038464,0.9328951337618268,0.9927561222458661,10
micro,M_rand,0.5680000000000001,0.9628580744671819,0.9329221765061445,0.9927939724282192,10
micro,M_rand,0.5690000000000001,0.9628905209305174,0.9329490402937495,0.9928320015672853,10
micro,M_rand,0.5700000000000001,0.9630048066448031,0.9332476359346056,0.9927619773550007,10
micro,M_rand,0.5710000000000001,0.9630372531081386,0.9332743560280549,0.9928001501882223,10
micro,M_rand,0.5720000000000001,0.9631839852857599,0.9335984509595421,0.9927695196119777,10
micro,M_rand,0.5730000000000001,0.9634316013228496,0.9337529409437079,0.9931102617019912,10
micro,M_rand,0.5740000000000001,0.9635458870371352,0.9340493352310024,0.9930424388432679,10
micro,M_rand,0.5750000000000001,0.9638106829691839,0.9346513654939355,0.9929700004444324,10
micro,M_rand,0.5760000000000001,0.9638755758958549,0.9347041755120175,0.9930469762796924,10
micro,M_rand,0.577,0.9638755758958549,0.9347041755120175,0.9930469762796924,10
micro,M_rand,0.578,0.9639080223591904,0.9347303054341219,0.9930857392842588,10
micro,M_rand,0.579,0.9639080223591904,0.9347303054341219,0.9930857392842588,10
micro,M_rand,0.58,0.9641365937877617,0.9353200967078922,0.9929530908676313,10
micro,M_rand,0.581,0.9645624004643546,0.9360146876784351,0.9931101132502741,10
micro,M_rand,0.582,0.9646804642187818,0.9362929328980699,0.9930679955394938,10
micro,M_rand,0.583,0.9647129106821175,0.9363189897738569,0.9931068315903782,10
micro,M_rand,0.584,0.9648309744365449,0.9365956582604171,0.9930662906126726,10
micro,M_rand,0.585,0.9649246073953464,0.9366398818606473,0.9932093329300454,10
micro,M_rand,0.586,0.9654116554554015,0.9374061260018819,0.9934171849089212,10
micro,M_rand,0.587,0.965568888159804,0.9375059554038743,0.9936318209157338,10
micro,M_rand,0.588,0.9659273719386505,0.9382151425766496,0.9936396013006514,10
micro,M_rand,0.589,0.96602483782559,0.9383001203595341,0.9937495552916459,10
micro,M_rand,0.59,0.96602483782559,0.9383001203595341,0.9937495552916459,10
micro,M_rand,0.591,0.9660572842889257,0.93832648718046,0.9937880813973914,10
micro,M_rand,0.592,0.9662896337576388,0.9389024326103412,0.9936768349049363,10
micro,M_rand,0.593,0.9662896337576388,0.9389024326103412,0.9936768349049363,10
micro,M_rand,0.594,0.9665611521763269,0.9392953950814539,0.9938269092711999,10
micro,M_rand,0.595,0.9667116623940899,0.9396009225398363,0.9938224022483435,10
micro,M_rand,0.596,0.9667765553207609,0.9396532352223341,0.9938998754191877,10
micro,M_rand,0.597,0.9667765553207609,0.9396532352223341,0.9938998754191877,10
micro,M_rand,0.598,0.9669270655385237,0.9399566602746626,0.9938974708023848,10
micro,M_rand,0.599,0.9670842982429262,0.9400489031199716,0.9941196933658808,10
micro,M_rand,0.6,0.9670842982429262,0.9400489031199716,0.9941196933658808,10
micro,M_rand,0.601,0.9670842982429262,0.9400489031199716,0.9941196933658808,10
micro,M_rand,0.602,0.9670842982429262,0.9400489031199716,0.9941196933658808,10
micro,M_rand,0.603,0.9670842982429262,0.9400489031199716,0.9941196933658808,10
micro,M_rand,0.604,0.9672960498441515,0.9404323612199148,0.9941597384683882,10
micro,M_rand,0.605,0.9674584086577621,0.940567551150115,0.9943492661654092,10
micro,M_rand,0.606,0.9675726943720478,0.9408649451005021,0.9942804436435936,10
micro,M_rand,0.607,0.9676869800863335,0.9411610832560171,0.9942128769166498,10
micro,M_rand,0.608,0.9678987316875588,0.9415380620711558,0.9942594013039618,10
micro,M_rand,0.609,0.9679311781508944,0.9415638363436875,0.9942985199581013,10
micro,M_rand,0.61,0.9680492419053218,0.9418458923318966,0.994252591478747,10
micro,M_rand,0.611,0.9683202674315197,0.9422400726858794,0.9944004621771599,10
micro,M_rand,0.612,0.9683527138948552,0.9422658438715348,0.9944395839181757,10
micro,M_rand,0.613,0.9683527138948552,0.9422658438715348,0.9944395839181757,10
micro,M_rand,0.614,0.9685888414037098,0.9428278454031132,0.9943498374043065,10
micro,M_rand,0.615,0.9687861846615068,0.9429761287596408,0.9945962405633728,10
micro,M_rand,0.616,0.9688510775881778,0.943026599484855,0.9946755556915006,10
micro,M_rand,0.617,0.9689809899384528,0.9431335734721497,0.994828406404756,10
micro,M_rand,0.618,0.9691719150071766,0.9432341144113829,0.9951097156029702,10
micro,M_rand,0.619,0.9692693808941162,0.9433147603345331,0.9952240014536993,10
micro,M_rand,0.62,0.9694811324953413,0.9436907441549381,0.9952715208357444,10
micro,M_rand,0.621,0.9699433432941236,0.9443934850067358,0.9954932015815113,10
micro,M_rand,0.622,0.9701000831060357,0.9444921943489754,0.995707971863096,10
micro,M_rand,0.623,0.9701975489929753,0.9445704153912844,0.9958246825946662,10
micro,M_rand,0.624,0.9704417470575362,0.9449712186865367,0.9959122754285357,10
micro,M_rand,0.625,0.9705678264796731,0.9450432367859611,0.9960924161733851,10
micro,M_rand,0.626,0.9706002729430085,0.9450683766764286,0.9961321692095885,10
micro,M_rand,0.627,0.9707327232741344,0.9451631662647706,0.9963022802834982,10
micro,M_rand,0.628,0.9707327232741344,0.9451631662647706,0.9963022802834982,10
micro,M_rand,0.629,0.9707327232741344,0.9451631662647706,0.9963022802834982,10
micro,M_rand,0.63,0.9709937411660414,0.9457824537307501,0.9962050286013328,10
micro,M_rand,0.631,0.9712171126981006,0.9459073468760771,0.9965268785201241,10
micro,M_rand,0.632,0.9713313984123862,0.9462023385657603,0.9964604582590122,10
micro,M_rand,0.633,0.9713313984123862,0.9462023385657603,0.9964604582590122,10
micro,M_rand,0.634,0.9713313984123862,0.9462023385657603,0.9964604582590122,10
micro,M_rand,0.635,0.9713313984123862,0.9462023385657603,0.9964604582590122,10
micro,M_rand,0.636,0.9714456841266721,0.9464959600915127,0.9963954081618315,10
micro,M_rand,0.637,0.9715599698409578,0.946788181695336,0.9963317579865797,10
micro,M_rand,0.638,0.9718352662997877,0.9471721938497919,0.9964983387497834,10
micro,M_rand,0.639,0.971981998477409,0.9474893923755338,0.9964746045792842,10
micro,M_rand,0.64,0.971981998477409,0.9474893923755338,0.9964746045792842,10
micro,M_rand,0.641,0.9724946683460793,0.948412909696895,0.9965764269952637,10
micro,M_rand,0.642,0.9725271148094148,0.9484378451753139,0.9966163844435156,10
micro,M_rand,0.643,0.9725271148094148,0.9484378451753139,0.9966163844435156,10
micro,M_rand,0.644,0.9725595612727502,0.9484625594219493,0.9966565631235511,10
micro,M_rand,0.645,0.9726776250271778,0.9487433499500756,0.99661190010428,10
micro,M_rand,0.646,0.9726776250271778,0.9487433499500756,0.99661190010428,10
micro,M_rand,0.647,0.9726776250271778,0.9487433499500756,0.99661190010428,10
micro,M_rand,0.648,0.9727100714905133,0.9487678800976259,0.9966522628834006,10
micro,M_rand,0.649,0.9727100714905133,0.9487678800976259,0.9966522628834006,10
micro,M_rand,0.65,0.9727100714905133,0.9487678800976259,0.9966522628834006,10
micro,M_rand,0.651,0.9729179901636004,0.9491113814970399,0.9967245988301608,10
micro,M_rand,0.652,0.9729179901636004,0.9491113814970399,0.9967245988301608,10
micro,M_rand,0.653,0.9729504366269358,0.9491358040554283,0.9967650691984433,10
micro,M_rand,0.654,0.9730647223412217,0.9494312818104649,0.9966981628719784,10
micro,M_rand,0.655,0.9730971688045571,0.9494555069008439,0.9967388307082703,10
micro,M_rand,0.656,0.9732152325589845,0.949737614778628,0.996692850339341,10
micro,M_rand,0.657,0.9732152325589845,0.949737614778628,0.996692850339341,10
micro,M_rand,0.658,0.9733295182732702,0.9500332644908479,0.9966257720556925,10
micro,M_rand,0.659,0.9734438039875559,0.9503274456715235,0.9965601623035883,10
micro,M_rand,0.66,0.9735762543186818,0.9504232471119786,0.996729261525385,10
micro,M_rand,0.661,0.9735762543186818,0.9504232471119786,0.996729261525385,10
micro,M_rand,0.662,0.9737229864963028,0.9507402465553273,0.9967057264372784,10
micro,M_rand,0.663,0.9739591140051577,0.951308756464438,0.9966094715458773,10
micro,M_rand,0.664,0.9739915604684931,0.9513328247149219,0.9966502962220644,10
micro,M_rand,0.665,0.9740240069318288,0.9513566583880723,0.9966913554755853,10
micro,M_rand,0.666,0.9741420706862561,0.9516380676781578,0.9966460736943544,10
micro,M_rand,0.667,0.9741745171495916,0.9516616996009898,0.9966873346981934,10
micro,M_rand,0.668,0.9743005965717286,0.9517300935819428,0.9968710995615144,10
micro,M_rand,0.669,0.9743005965717286,0.9517300935819428,0.9968710995615144,10
micro,M_rand,0.67,0.9745835571206174,0.9521263871288832,0.9970407271123516,10
micro,M_rand,0.671,0.9745835571206174,0.9521263871288832,0.9970407271123516,10
micro,M_rand,0.672,0.9748196846294721,0.9526793623320445,0.9969600069268997,10
micro,M_rand,0.673,0.9749701948472349,0.9529759701902798,0.99696441950419,10
micro,M_rand,0.674,0.9749701948472349,0.9529759701902798,0.99696441950419,10
micro,M_rand,0.675,0.9750350877739059,0.9530217971841916,0.9970483783636203,10
micro,M_rand,0.676,0.9751531515283334,0.9532930682085001,0.9970132348481666,10
micro,M_rand,0.677,0.9753649031295588,0.9536807335533476,0.99704907270577,10
micro,M_rand,0.678,0.9753973495928943,0.9537034166817429,0.9970912825040457,10
micro,M_rand,0.679,0.9753973495928943,0.9537034166817429,0.9970912825040457,10
micro,M_rand,0.68,0.9757477628160347,0.9545500638685196,0.9969454617635498,10
micro,M_rand,0.681,0.9757477628160347,0.9545500638685196,0.9969454617635498,10
micro,M_rand,0.682,0.9760531473760615,0.9549806420938737,0.9971256526582494,10
micro,M_rand,0.683,0.9760531473760615,0.9549806420938737,0.9971256526582494,10
micro,M_rand,0.684,0.9760531473760615,0.9549806420938737,0.9971256526582494,10
micro,M_rand,0.685,0.9760531473760615,0.9549806420938737,0.9971256526582494,10
micro,M_rand,0.686,0.9760531473760615,0.9549806420938737,0.9971256526582494,10
micro,M_rand,0.687,0.9762892748849161,0.9555184441119795,0.9970601056578527,10
micro,M_rand,0.6880000000000001,0.9763867407718557,0.9555982934483697,0.9971751880953418,10
micro,M_rand,0.6890000000000001,0.9763867407718557,0.9555982934483697,0.9971751880953418,10
micro,M_rand,0.6900000000000001,0.976543480583768,0.9557045953518045,0.9973823658157316,10
micro,M_rand,0.6910000000000001,0.976543480583768,0.9557045953518045,0.9973823658157316,10
micro,M_rand,0.6920000000000001,0.9766577662980538,0.9560123146761449,0.9973032179199627,10
micro,M_rand,0.6930000000000001,0.9766902127613892,0.956035371782899,0.9973450537398795,10
micro,M_rand,0.6940000000000001,0.9766902127613892,0.956035371782899,0.9973450537398795,10
micro,M_rand,0.6950000000000001,0.9766902127613892,0.956035371782899,0.9973450537398795,10
micro,M_rand,0.6960000000000001,0.9767226592247248,0.9560581724455403,0.9973871460039093,10
micro,M_rand,0.6970000000000001,0.9768369449390104,0.9563644806791091,0.9973094091989118,10
micro,M_rand,0.6980000000000001,0.9768369449390104,0.9563644806791091,0.9973094091989118,10
micro,M_rand,0.6990000000000001,0.9768369449390104,0.9563644806791091,0.9973094091989118,10
micro,M_rand,0.7000000000000001,0.9768369449390104,0.9563644806791091,0.9973094091989118,10
micro,M_rand,0.7010000000000001,0.9768369449390104,0.9563644806791091,0.9973094091989118,10
micro,M_rand,0.7020000000000001,0.9768693914023459,0.9563870353657756,0.9973517474389161,10
micro,M_rand,0.7030000000000001,0.9768693914023459,0.9563870353657756,0.9973517474389161,10
micro,M_rand,0.704,0.9768693914023459,0.9563870353657756,0.9973517474389161,10
micro,M_rand,0.705,0.9768693914023459,0.9563870353657756,0.9973517474389161,10
micro,M_rand,0.706,0.9772278202931961,0.9570274618814809,0.9974281787049113,10
micro,M_rand,0.707,0.9774783343787492,0.957391113957617,0.9975655547998814,10
micro,M_rand,0.708,0.9774783343787492,0.957391113957617,0.9975655547998814,10
micro,M_rand,0.709,0.9774783343787492,0.957391113957617,0.9975655547998814,10
micro,M_rand,0.71,0.9776350741906615,0.9574935541726604,0.9977765942086627,10
micro,M_rand,0.711,0.9776350741906615,0.9574935541726604,0.9977765942086627,10
micro,M_rand,0.712,0.9776350741906615,0.9574935541726604,0.9977765942086627,10
micro,M_rand,0.713,0.9778712016995164,0.9580242602036544,0.9977181431953783,10
micro,M_rand,0.714,0.9779854874138019,0.9583347963874307,0.997636178440173,10
micro,M_rand,0.715,0.9782296854783628,0.9587476356920236,0.9977117352647019,10
micro,M_rand,0.716,0.9782296854783628,0.9587476356920236,0.9977117352647019,10
micro,M_rand,0.717,0.9782296854783628,0.9587476356920236,0.9977117352647019,10
micro,M_rand,0.718,0.9783477492327901,0.9590131621988838,0.9976823362666964,10
micro,M_rand,0.719,0.9783477492327901,0.9590131621988838,0.9976823362666964,10
micro,M_rand,0.72,0.9783477492327901,0.9590131621988838,0.9976823362666964,10
micro,M_rand,0.721,0.9783477492327901,0.9590131621988838,0.9976823362666964,10
micro,M_rand,0.722,0.9783477492327901,0.9590131621988838,0.9976823362666964,10
micro,M_rand,0.723,0.9783477492327901,0.9590131621988838,0.9976823362666964,10
micro,M_rand,0.724,0.9784658129872176,0.9592761045526852,0.99765552142175,10
micro,M_rand,0.725,0.9785632788741572,0.9593551593293014,0.997771398419013,10
micro,M_rand,0.726,0.9785632788741572,0.9593551593293014,0.997771398419013,10
micro,M_rand,0.727,0.9785632788741572,0.9593551593293014,0.997771398419013,10
micro,M_rand,0.728,0.9785632788741572,0.9593551593293014,0.997771398419013,10
micro,M_rand,0.729,0.9785632788741572,0.9593551593293014,0.997771398419013,10
micro,M_rand,0.73,0.9785957253374926,0.9593777860473616,0.9978136646276237,10
micro,M_rand,0.731,0.9787137890919201,0.9596383319656989,0.9977892462181412,10
micro,M_rand,0.732,0.9787137890919201,0.9596383319656989,0.9977892462181412,10
micro,M_rand,0.733,0.9788280748062057,0.9599519207748011,0.9977042288376103,10
micro,M_rand,0.734,0.9788280748062057,0.9599519207748011,0.9977042288376103,10
micro,M_rand,0.735,0.9788280748062057,0.9599519207748011,0.9977042288376103,10
micro,M_rand,0.736,0.9788280748062057,0.9599519207748011,0.9977042288376103,10
micro,M_rand,0.737,0.9791033712650357,0.9603176470147249,0.9978890955153464,10
micro,M_rand,0.738,0.979221435019463,0.9605748219333436,0.9978680481055824,10
micro,M_rand,0.739,0.9793357207337487,0.9608908065029836,0.9977806349645139,10
micro,M_rand,0.74,0.9796067462599467,0.9613042992751685,0.9979091932447249,10
micro,M_rand,0.741,0.9798222759013135,0.9616415533938882,0.9980029984087389,10
micro,M_rand,0.742,0.9799365616155994,0.961956674904612,0.9979164483265868,10
micro,M_rand,0.743,0.9799365616155994,0.961956674904612,0.9979164483265868,10
micro,M_rand,0.744,0.9799365616155994,0.961956674904612,0.9979164483265868,10
micro,M_rand,0.745,0.9800508473298851,0.96227030573989,0.9978313889198802,10
micro,M_rand,0.746,0.9803256508962246,0.9626227188070037,0.9980285829854455,10
micro,M_rand,0.747,0.9804399366105103,0.9629367054583231,0.9979431677626975,10
micro,M_rand,0.748,0.9804399366105103,0.9629367054583231,0.9979431677626975,10
micro,M_rand,0.749,0.9805866687881316,0.9632724572975172,0.997900880278746,10
micro,M_rand,0.75,0.9808334048335432,0.9636806939804248,0.9979861156866616,10
micro,M_rand,0.751,0.9809476905478288,0.9639899669795647,0.9979054141160929,10
micro,M_rand,0.752,0.9809476905478288,0.9639899669795647,0.9979054141160929,10
micro,M_rand,0.753,0.9812124864798776,0.9645884974506984,0.9978364755090567,10
micro,M_rand,0.754,0.9813267721941632,0.9648965042430767,0.9977570401452497,10
micro,M_rand,0.755,0.9814241115841696,0.9649644676149285,0.9978837555534108,10
micro,M_rand,0.756,0.9814241115841696,0.9649644676149285,0.9978837555534108,10
micro,M_rand,0.757,0.9814241115841696,0.9649644676149285,0.9978837555534108,10
micro,M_rand,0.758,0.9814565580475051,0.9649864794968966,0.9979266365981135,10
micro,M_rand,0.759,0.9814565580475051,0.9649864794968966,0.9979266365981135,10
micro,M_rand,0.76,0.9814565580475051,0.9649864794968966,0.9979266365981135,10
micro,M_rand,0.761,0.9814565580475051,0.9649864794968966,0.9979266365981135,10
micro,M_rand,0.762,0.9814890045108406,0.9650081710926398,0.9979698379290415,10
micro,M_rand,0.763,0.9816032902251264,0.9653144241733489,0.9978921562769039,10
micro,M_rand,0.764,0.9818356396938395,0.9658905484561646,0.9977807309315143,10
micro,M_rand,0.765,0.9818356396938395,0.9658905484561646,0.9977807309315143,10
micro,M_rand,0.766,0.9818356396938395,0.9658905484561646,0.9977807309315143,10
micro,M_rand,0.767,0.9823003386312656,0.9670418837769271,0.9975587934856042,10
micro,M_rand,0.768,0.9827270311412315,0.9674683328480955,0.9979857294343675,10
micro,M_rand,0.769,0.9830568464968842,0.9681251913402498,0.9979885016535186,10
micro,M_rand,0.77,0.9831749102513117,0.9683883320864161,0.9979614884162072,10
micro,M_rand,0.771,0.9832891959655973,0.9686989345696981,0.9978794573614964,10
micro,M_rand,0.772,0.9834397061833602,0.9689833583777122,0.9978960539890082,10
micro,M_rand,0.773,0.9834397061833602,0.9689833583777122,0.9978960539890082,10
micro,M_rand,0.774,0.9834397061833602,0.9689833583777122,0.9978960539890082,10
micro,M_rand,0.775,0.9837079200879376,0.9693260727653272,0.998089767410548,10
micro,M_rand,0.776,0.9837403665512733,0.9693482579888699,0.9981324751136766,10
micro,M_rand,0.777,0.9837403665512733,0.9693482579888699,0.9981324751136766,10
micro,M_rand,0.778,0.9839689379798446,0.9699731451272442,0.9979647308324451,10
micro,M_rand,0.779,0.9840988503301198,0.9700775344225341,0.9981201662377055,10
micro,M_rand,0.78,0.9840988503301198,0.9700775344225341,0.9981201662377055,10
micro,M_rand,0.781,0.9840988503301198,0.9700775344225341,0.9981201662377055,10
micro,M_rand,0.782,0.984349364415673,0.9704392039834909,0.9982595248478551,10
micro,M_rand,0.783,0.984349364415673,0.9704392039834909,0.9982595248478551,10
micro,M_rand,0.784,0.984349364415673,0.9704392039834909,0.9982595248478551,10
micro,M_rand,0.785,0.9844636501299586,0.9707516717019925,0.9981756285579247,10
micro,M_rand,0.786,0.9846791797713257,0.9710919325596943,0.9982664269829571,10
micro,M_rand,0.787,0.9847934654856113,0.9714052339900783,0.9981816969811443,10
micro,M_rand,0.788,0.9847934654856113,0.9714052339900783,0.9981816969811443,10
micro,M_rand,0.789,0.984907751199897,0.9717164708901,0.998099031509694,10
micro,M_rand,0.79,0.984907751199897,0.9717164708901,0.998099031509694,10
micro,M_rand,0.791,0.984907751199897,0.9717164708901,0.998099031509694,10
micro,M_rand,0.792,0.9850052170868366,0.9717937463619805,0.9982166878116928,10
micro,M_rand,0.793,0.9850052170868366,0.9717937463619805,0.9982166878116928,10
micro,M_rand,0.794,0.9851553672369867,0.9718719363171655,0.9984387981568079,10
micro,M_rand,0.795,0.9853345458779434,0.972225385186302,0.9984437065695849,10
micro,M_rand,0.796,0.985491778582346,0.9723421772664377,0.9986413798982544,10
micro,M_rand,0.797,0.985491778582346,0.9723421772664377,0.9986413798982544,10
micro,M_rand,0.798,0.985491778582346,0.9723421772664377,0.9986413798982544,10
micro,M_rand,0.799,0.985491778582346,0.9723421772664377,0.9986413798982544,10
micro,M_rand,0.8,0.985491778582346,0.9723421772664377,0.9986413798982544,10
micro,M_rand,0.801,0.9859434357325677,0.9732021728227718,0.9986846986423636,10
micro,M_rand,0.802,0.9859758821959032,0.9732243944584319,0.9987273699333744,10
micro,M_rand,0.803,0.9859758821959032,0.9732243944584319,0.9987273699333744,10
micro,M_rand,0.804,0.9859758821959032,0.9732243944584319,0.9987273699333744,10
micro,M_rand,0.805,0.986108332527029,0.9733252947342463,0.9988913703198117,10
micro,M_rand,0.806,0.986240782858155,0.9734192689324743,0.9990622967838356,10
micro,M_rand,0.807,0.9864563124995218,0.9737477043463582,0.9991649206526855,10
micro,M_rand,0.808,0.9864563124995218,0.9737477043463582,0.9991649206526855,10
micro,M_rand,0.809,0.9864563124995218,0.9737477043463582,0.9991649206526855,10
micro,M_rand,0.81,0.9864563124995218,0.9737477043463582,0.9991649206526855,10
micro,M_rand,0.811,0.9864563124995218,0.9737477043463582,0.9991649206526855,10
micro,M_rand,0.812,0.9865743762539492,0.9739979103264518,0.9991508421814466,10
micro,M_rand,0.8130000000000001,0.9865743762539492,0.9739979103264518,0.9991508421814466,10
micro,M_rand,0.8140000000000001,0.9865743762539492,0.9739979103264518,0.9991508421814466,10
micro,M_rand,0.8150000000000001,0.9865743762539492,0.9739979103264518,0.9991508421814466,10
micro,M_rand,0.8160000000000001,0.9866886619682349,0.9743194164200083,0.9990579075164615,10
micro,M_rand,0.8170000000000001,0.9866886619682349,0.9743194164200083,0.9990579075164615,10
micro,M_rand,0.8180000000000001,0.9866886619682349,0.9743194164200083,0.9990579075164615,10
micro,M_rand,0.8190000000000001,0.9866886619682349,0.9743194164200083,0.9990579075164615,10
micro,M_rand,0.8200000000000001,0.9867211084315703,0.9743419578452095,0.9991002590179312,10
micro,M_rand,0.8210000000000001,0.9867211084315703,0.9743419578452095,0.9991002590179312,10
micro,M_rand,0.8220000000000001,0.9868678406091916,0.9746836187569542,0.9990520624614291,10
micro,M_rand,0.8230000000000001,0.9868678406091916,0.9746836187569542,0.9990520624614291,10
micro,M_rand,0.8240000000000001,0.9871938779247026,0.9753878266334898,0.9989999292159154,10
micro,M_rand,0.8250000000000001,0.9873443881424656,0.9756676082517526,0.9990211680331786,10
micro,M_rand,0.8260000000000001,0.9873443881424656,0.9756676082517526,0.9990211680331786,10
micro,M_rand,0.8270000000000001,0.9873443881424656,0.9756676082517526,0.9990211680331786,10
micro,M_rand,0.8280000000000001,0.9873443881424656,0.9756676082517526,0.9990211680331786,10
micro,M_rand,0.8290000000000001,0.9873443881424656,0.9756676082517526,0.9990211680331786,10
micro,M_rand,0.8300000000000001,0.9873443881424656,0.9756676082517526,0.9990211680331786,10
micro,M_rand,0.8310000000000001,0.9874586738567512,0.9759838327547657,0.9989335149587367,10
micro,M_rand,0.8320000000000001,0.9875767376111787,0.9762403712903205,0.9989131039320369,10
micro,M_rand,0.833,0.9876091840745141,0.976261872356595,0.9989564957924333,10
micro,M_rand,0.834,0.9877234697888,0.9765789469289875,0.9988679926486125,10
micro,M_rand,0.835,0.9878377555030855,0.9768936715227882,0.9987818394833828,10
micro,M_rand,0.836,0.9879702058342114,0.9769839804214697,0.998956431246953,10
micro,M_rand,0.837,0.9879702058342114,0.9769839804214697,0.998956431246953,10
micro,M_rand,0.838,0.9879702058342114,0.9769839804214697,0.998956431246953,10
micro,M_rand,0.839,0.9880844915484971,0.9772962480765722,0.998872735020422,10
micro,M_rand,0.84,0.9880844915484971,0.9772962480765722,0.998872735020422,10
micro,M_rand,0.841,0.9880844915484971,0.9772962480765722,0.998872735020422,10
micro,M_rand,0.842,0.9883130629770684,0.9779128068491437,0.9987133191049932,10
micro,M_rand,0.843,0.9883130629770684,0.9779128068491437,0.9987133191049932,10
micro,M_rand,0.844,0.9883130629770684,0.9779128068491437,0.9987133191049932,10
micro,M_rand,0.845,0.9883130629770684,0.9779128068491437,0.9987133191049932,10
micro,M_rand,0.846,0.9885416344056399,0.9785177045761777,0.9985655642351021,10
micro,M_rand,0.847,0.9888181767654556,0.9788572444250319,0.9987791091058793,10
micro,M_rand,0.848,0.9888181767654556,0.9788572444250319,0.9987791091058793,10
micro,M_rand,0.849,0.9889324624797414,0.9791579205467769,0.998707004412706,10
micro,M_rand,0.85,0.9891610339083128,0.9797490363863287,0.9985730314302969,10
micro,M_rand,0.851,0.9891610339083128,0.9797490363863287,0.9985730314302969,10
micro,M_rand,0.852,0.9892753196225985,0.9800390742924007,0.9985115649527964,10
micro,M_rand,0.853,0.9895258337081516,0.9804092589306527,0.9986424084856506,10
micro,M_rand,0.854,0.989733752381239,0.9807457349190355,0.9987217698434424,10
micro,M_rand,0.855,0.9897661988445744,0.9807681366806057,0.9987642610085431,10
micro,M_rand,0.856,0.9897661988445744,0.9807681366806057,0.9987642610085431,10
micro,M_rand,0.857,0.9897661988445744,0.9807681366806057,0.9987642610085431,10
micro,M_rand,0.858,0.9897661988445744,0.9807681366806057,0.9987642610085431,10
micro,M_rand,0.859,0.9897661988445744,0.9807681366806057,0.9987642610085431,10
micro,M_rand,0.86,0.9897661988445744,0.9807681366806057,0.9987642610085431,10
micro,M_rand,0.861,0.9897661988445744,0.9807681366806057,0.9987642610085431,10
micro,M_rand,0.862,0.9897661988445744,0.9807681366806057,0.9987642610085431,10
micro,M_rand,0.863,0.9897661988445744,0.9807681366806057,0.9987642610085431,10
micro,M_rand,0.864,0.9897661988445744,0.9807681366806057,0.9987642610085431,10
micro,M_rand,0.865,0.9901815049943858,0.9816727013045955,0.9986903086841762,10
micro,M_rand,0.866,0.9901815049943858,0.9816727013045955,0.9986903086841762,10
micro,M_rand,0.867,0.990413854463099,0.9822475753254746,0.9985801336007235,10
micro,M_rand,0.868,0.9905643646808618,0.9825474585462988,0.9985812708154249,10
micro,M_rand,0.869,0.9907967141495749,0.9831205461399369,0.9984728821592129,10
micro,M_rand,0.87,0.9907967141495749,0.9831205461399369,0.9984728821592129,10
micro,M_rand,0.871,0.9909291644807009,0.983196050966704,0.9986622779946978,10
micro,M_rand,0.872,0.9909291644807009,0.983196050966704,0.9986622779946978,10
micro,M_rand,0.873,0.9910472282351283,0.9834680182318236,0.9986264382384329,10
micro,M_rand,0.874,0.9910472282351283,0.9834680182318236,0.9986264382384329,10
micro,M_rand,0.875,0.991161513949414,0.9837679714304749,0.9985550564683531,10
micro,M_rand,0.876,0.991161513949414,0.9837679714304749,0.9985550564683531,10
micro,M_rand,0.877,0.991161513949414,0.9837679714304749,0.9985550564683531,10
micro,M_rand,0.878,0.991161513949414,0.9837679714304749,0.9985550564683531,10
micro,M_rand,0.879,0.991161513949414,0.9837679714304749,0.9985550564683531,10
micro,M_rand,0.88,0.991161513949414,0.9837679714304749,0.9985550564683531,10
micro,M_rand,0.881,0.991161513949414,0.9837679714304749,0.9985550564683531,10
micro,M_rand,0.882,0.9912757996636996,0.9840634355900973,0.9984881637373019,10
micro,M_rand,0.883,0.991308246127035,0.984083991818815,0.9985325004352551,10
micro,M_rand,0.884,0.991308246127035,0.984083991818815,0.9985325004352551,10
micro,M_rand,0.885,0.991308246127035,0.984083991818815,0.9985325004352551,10
micro,M_rand,0.886,0.991308246127035,0.984083991818815,0.9985325004352551,10
micro,M_rand,0.887,0.991308246127035,0.984083991818815,0.9985325004352551,10
micro,M_rand,0.888,0.9914263098814626,0.984359426013923,0.9984931937490023,10
micro,M_rand,0.889,0.9915237757684021,0.9844397412497237,0.9986078102870806,10
micro,M_rand,0.89,0.9915237757684021,0.9844397412497237,0.9986078102870806,10
micro,M_rand,0.891,0.9916810084728047,0.9845803079731485,0.9987817089724609,10
micro,M_rand,0.892,0.9916810084728047,0.9845803079731485,0.9987817089724609,10
micro,M_rand,0.893,0.9916810084728047,0.9845803079731485,0.9987817089724609,10
micro,M_rand,0.894,0.9916810084728047,0.9845803079731485,0.9987817089724609,10
micro,M_rand,0.895,0.9917952941870902,0.9848775859543883,0.9987130024197921,10
micro,M_rand,0.896,0.9917952941870902,0.9848775859543883,0.9987130024197921,10
micro,M_rand,0.897,0.9917952941870902,0.9848775859543883,0.9987130024197921,10
micro,M_rand,0.898,0.9917952941870902,0.9848775859543883,0.9987130024197921,10
micro,M_rand,0.899,0.9917952941870902,0.9848775859543883,0.9987130024197921,10
micro,M_rand,0.9,0.9917952941870902,0.9848775859543883,0.9987130024197921,10
micro,M_rand,0.901,0.9917952941870902,0.9848775859543883,0.9987130024197921,10
micro,M_rand,0.902,0.9917952941870902,0.9848775859543883,0.9987130024197921,10
micro,M_rand,0.903,0.9917952941870902,0.9848775859543883,0.9987130024197921,10
micro,M_rand,0.904,0.9920070457883157,0.9852453694954005,0.9987687220812308,10
micro,M_rand,0.905,0.9923612370515977,0.9860687557797619,0.9986537183234335,10
micro,M_rand,0.906,0.9924755227658835,0.9863731694143966,0.9985778761173704,10
micro,M_rand,0.907,0.9925898084801693,0.9866723943369761,0.9985072226233626,10
micro,M_rand,0.908,0.9925898084801693,0.9866723943369761,0.9985072226233626,10
micro,M_rand,0.909,0.9927040941944549,0.9869659288340471,0.9984422595548628,10
micro,M_rand,0.91,0.9927040941944549,0.9869659288340471,0.9984422595548628,10
micro,M_rand,0.911,0.9927365406577904,0.9869869782748755,0.9984861030407053,10
micro,M_rand,0.912,0.9928014335844614,0.9870263453724044,0.9985765217965183,10
micro,M_rand,0.913,0.9928014335844614,0.9870263453724044,0.9985765217965183,10
micro,M_rand,0.914,0.992898899471401,0.9870973493854774,0.9987004495573245,10
micro,M_rand,0.915,0.992898899471401,0.9870973493854774,0.9987004495573245,10
micro,M_rand,0.916,0.9930880857466488,0.9872497825227583,0.9989263889705392,10
micro,M_rand,0.917,0.9930880857466488,0.9872497825227583,0.9989263889705392,10
micro,M_rand,0.918,0.9933204352153618,0.9878239770051114,0.9988168934256123,10
micro,M_rand,0.919,0.9933204352153618,0.9878239770051114,0.9988168934256123,10
micro,M_rand,0.92,0.9934179011023014,0.9878890769789638,0.9989467252256391,10
micro,M_rand,0.921,0.9939288321774958,0.9888127290074903,0.9990449353475014,10
micro,M_rand,0.922,0.9939288321774958,0.9888127290074903,0.9990449353475014,10
micro,M_rand,0.923,0.9939612786408313,0.9888321329493167,0.9990904243323459,10
micro,M_rand,0.924,0.9939937251041668,0.9888505223831319,0.9991369278252018,10
micro,M_rand,0.925,0.9939937251041668,0.9888505223831319,0.9991369278252018,10
micro,M_rand,0.926,0.9942547429960736,0.9894815197811674,0.9990279662109799,10
micro,M_rand,0.927,0.9942547429960736,0.9894815197811674,0.9990279662109799,10
micro,M_rand,0.928,0.9942547429960736,0.9894815197811674,0.9990279662109799,10
micro,M_rand,0.929,0.9942871894594092,0.989497494851689,0.9990768840671294,10
micro,M_rand,0.93,0.9942871894594092,0.989497494851689,0.9990768840671294,10
micro,M_rand,0.931,0.9944373396095593,0.9895876753783436,0.999287003840775,10
micro,M_rand,0.932,0.9944373396095593,0.9895876753783436,0.999287003840775,10
micro,M_rand,0.933,0.9944373396095593,0.9895876753783436,0.999287003840775,10
micro,M_rand,0.934,0.9946659110381308,0.9901734234805282,0.9991583985957335,10
micro,M_rand,0.935,0.9947801967524164,0.9904541637112172,0.9991062297936155,10
micro,M_rand,0.936,0.9948944824667022,0.9907255069165773,0.999063458016827,10
micro,M_rand,0.937,0.9950087681809879,0.9909863522095608,0.9990311841524151,10
micro,M_rand,0.938,0.9950087681809879,0.9909863522095608,0.9990311841524151,10
micro,M_rand,0.939,0.9950087681809879,0.9909863522095608,0.9990311841524151,10
micro,M_rand,0.94,0.9950087681809879,0.9909863522095608,0.9990311841524151,10
micro,M_rand,0.941,0.9951655079929,0.9910867279369487,0.9992442880488513,10
micro,M_rand,0.942,0.9951655079929,0.9910867279369487,0.9992442880488513,10
micro,M_rand,0.943,0.9951655079929,0.9910867279369487,0.9992442880488513,10
micro,M_rand,0.944,0.9953978574616131,0.9916515114277805,0.9991442034954457,10
micro,M_rand,0.945,0.9953978574616131,0.9916515114277805,0.9991442034954457,10
micro,M_rand,0.946,0.9956693758803015,0.9920818100167359,0.999256941743867,10
micro,M_rand,0.947,0.9959408942989898,0.9924692979380456,0.999412490659934,10
micro,M_rand,0.948,0.9959408942989898,0.9924692979380456,0.999412490659934,10
micro,M_rand,0.949,0.996058958053417,0.9928020244754839,0.9993158916313502,10
micro,M_rand,0.95,0.996309823716621,0.9929744247951692,0.9996452226380729,10
micro,M_rand,0.951,0.996309823716621,0.9929744247951692,0.9996452226380729,10
micro,M_rand,0.952,0.9965421731853341,0.9935448726953988,0.9995394736752694,10
micro,M_rand,0.953,0.9966989129972464,0.9936253994121813,0.9997724265823116,10
micro,M_rand,0.954,0.9966989129972464,0.9936253994121813,0.9997724265823116,10
micro,M_rand,0.955,0.9966989129972464,0.9936253994121813,0.9997724265823116,10
micro,M_rand,0.956,0.9966989129972464,0.9936253994121813,0.9997724265823116,10
micro,M_rand,0.957,0.996945649042658,0.993958195441595,0.999933102643721,10
micro,M_rand,0.958,0.9970637127970854,0.9942955650900419,0.9998318605041289,10
micro,M_rand,0.959,0.9970637127970854,0.9942955650900419,0.9998318605041289,10
micro,M_rand,0.96,0.9970637127970854,0.9942955650900419,0.9998318605041289,10
micro,M_rand,0.961,0.9970637127970854,0.9942955650900419,0.9998318605041289,10
micro,M_rand,0.962,0.9970637127970854,0.9942955650900419,0.9998318605041289,10
micro,M_rand,0.963,0.9970637127970854,0.9942955650900419,0.9998318605041289,10
micro,M_rand,0.964,0.9970637127970854,0.9942955650900419,0.9998318605041289,10
micro,M_rand,0.965,0.9972960622657985,0.994859577477398,0.999732547054199,10
micro,M_rand,0.966,0.9972960622657985,0.994859577477398,0.999732547054199,10
micro,M_rand,0.967,0.9975077589790274,0.9952351599212063,0.9997803580368486,10
micro,M_rand,0.968,0.9975077589790274,0.9952351599212063,0.9997803580368486,10
micro,M_rand,0.969,0.9975077589790274,0.9952351599212063,0.9997803580368486,10
micro,M_rand,0.97,0.9975077589790274,0.9952351599212063,0.9997803580368486,10
micro,M_rand,0.971,0.9976258227334547,0.9955515661814544,0.999700079285455,10
micro,M_rand,0.972,0.9978619502423095,0.9961281122497596,0.9995957882348594,10
micro,M_rand,0.973,0.9978619502423095,0.9961281122497596,0.9995957882348594,10
micro,M_rand,0.974,0.997980013996737,0.9963762639041739,0.9995837640893,10
micro,M_rand,0.975,0.997980013996737,0.9963762639041739,0.9995837640893,10
micro,M_rand,0.976,0.9980942997110226,0.996676486514162,0.9995121129078832,10
micro,M_rand,0.977,0.9980942997110226,0.996676486514162,0.9995121129078832,10
micro,M_rand,0.978,0.9983410357564342,0.9970211293351025,0.9996609421777659,10
micro,M_rand,0.979,0.9983410357564342,0.9970211293351025,0.9996609421777659,10
micro,M_rand,0.98,0.9983410357564342,0.9970211293351025,0.9996609421777659,10
micro,M_rand,0.981,0.9983410357564342,0.9970211293351025,0.9996609421777659,10
micro,M_rand,0.982,0.998556565397801,0.997417495316539,0.999695635479063,10
micro,M_rand,0.983,0.9986540312847406,0.9975182395853243,0.999789822984157,10
micro,M_rand,0.984,0.9987683169990265,0.9977999853424984,0.9997366486555546,10
micro,M_rand,0.985,0.9988826027133122,0.9980346714335102,0.9997305339931142,10
micro,M_rand,0.986,0.9988826027133122,0.9980346714335102,0.9997305339931142,10
micro,M_rand,0.987,0.9988826027133122,0.9980346714335102,0.9997305339931142,10
micro,M_rand,0.988,0.9989474956399832,0.998094723768975,0.9998002675109914,10
micro,M_rand,0.989,0.9990655593944104,0.9983841485909595,0.9997469701978614,10
micro,M_rand,0.99,0.9990655593944104,0.9983841485909595,0.9997469701978614,10
micro,M_rand,0.991,0.9990655593944104,0.9983841485909595,0.9997469701978614,10
micro,M_rand,0.992,0.9990655593944104,0.9983841485909595,0.9997469701978614,10
micro,M_rand,0.993,0.9990655593944104,0.9983841485909595,0.9997469701978614,10
micro,M_rand,0.994,0.9990655593944104,0.9983841485909595,0.9997469701978614,10
micro,M_rand,0.995,0.9993408558532405,0.9987616935180582,0.9999200181884228,10
micro,M_rand,0.996,0.9997195774319619,0.9993841634405878,1.0,10
micro,M_rand,0.997,0.9997195774319619,0.9993841634405878,1.0,10
micro,M_rand,0.998,0.9997195774319619,0.9993841634405878,1.0,10
micro,M_rand,0.999,0.9998376411863894,0.999586703103618,1.0,10
micro,M_rand,1.0,1.0,1.0,1.0,10
