subset_label_id,subset_label_name,path,optimization_rank,kernel,reference_method,eigenvalue_method,stop_when_objective_decreases,objective,objective_gain,probability_lambda,base_von_neumann_entropy,von_neumann_entropy,von_neumann_entropy_gain,log_probability,log_probability_sum,positive_probability,subset_probability,best_predicted_subset_label_id,best_predicted_subset_label_name,best_predicted_subset_probability,actual_label_id,actual_label_name,all_label_names,true_assigned_class,net_gain_at_selected_lambda,run,lambda_log_probability,pooled_net_gain
42,fork,C:\Users\maxbe\Downloads\coco\train2017\000000164698.jpg,1,rbf,kernel_herding,direct,False,0.8943847676473923,0.0006798018061048,0.001,0.8937049798864969,0.8946086289238359,0.0009036630825484,-0.2238612764435649,-0.2238612764435649,0.7994260258979731,0.7994260258979731,42,fork,0.7994260258979731,17,horse,person|bench|horse|potted plant|tv,False,0.0006798018061048,1,-0.0002238612764435649,0.0006798018061048352
42,fork,C:\Users\maxbe\Downloads\coco\train2017\000000434786.jpg,2,rbf,kernel_herding,direct,False,0.8949323495148238,0.0005475818674315,0.001,0.8937049798864969,0.895278796522956,0.0006701675991201,-0.1225857316886395,-0.3464470081322044,0.8846300608624704,0.8846300608624704,42,fork,0.8846300608624704,0,person,person|tie,False,0.0005475818674314,1,-0.0001225857316886395,0.0005475818674314605
42,fork,C:\Users\maxbe\Downloads\coco\train2017\000000422636.jpg,3,rbf,kernel_herding,direct,False,0.8954376076386472,0.0005052581238234,0.001,0.8937049798864969,0.89590098134364,0.0006221848206839,-0.1169266968606474,-0.4633737049928519,0.8896504049398766,0.8896504049398766,42,fork,0.8896504049398766,0,person,person|tie,False,0.0005052581238232,1,-0.0001169266968606474,0.0005052581238232526
42,fork,C:\Users\maxbe\Downloads\coco\train2017\000000214701.jpg,4,rbf,kernel_herding,direct,False,0.8958885713503779,0.0004509637117307,0.001,0.8937049798864969,0.896686427725207,0.0007854463815669,-0.3344826698362591,-0.797856374829111,0.715708248060556,0.715708248060556,42,fork,0.715708248060556,23,giraffe,giraffe,False,0.0004509637117306,1,-0.00033448266983625915,0.00045096371173064087
42,fork,C:\Users\maxbe\Downloads\coco\train2017\000000327159.jpg,5,rbf,kernel_herding,direct,False,0.896291465992913,0.000402894642535,0.001,0.8937049798864969,0.8975378483777189,0.0008514206525118,-0.4485260099768001,-1.2463823848059112,0.6385687021655445,0.6385687021655445,42,fork,0.6385687021655445,21,bear,bear,False,0.0004028946425349,1,-0.0004485260099768001,0.0004028946425349999
42,fork,C:\Users\maxbe\Downloads\coco\train2017\000000401024.jpg,6,rbf,kernel_herding,direct,False,0.8965940686532425,0.0003026026603295,0.001,0.8937049798864969,0.8981071141842006,0.0005692658064817,-0.2666631461521479,-1.5130455309580593,0.7659310348302307,0.7659310348302307,42,fork,0.7659310348302307,0,person,person|scissors,False,0.0003026026603295,1,-0.00026666314615214794,0.00030260266032955207
42,fork,C:\Users\maxbe\Downloads\coco\train2017\000000466001.jpg,7,rbf,kernel_herding,direct,False,0.8968166072752705,0.0002225386220279,0.001,0.8937049798864969,0.8987782353871999,0.0006711212029992,-0.4485825809713858,-1.9616281119294448,0.6385325787207309,0.6385325787207309,42,fork,0.6385325787207309,63,laptop,laptop|keyboard|book,False,0.0002225386220278,1,-0.00044858258097138585,0.00022253862202781417
42,fork,C:\Users\maxbe\Downloads\coco\train2017\000000373849.jpg,8,rbf,kernel_herding,direct,False,0.8970088190879814,0.0001922118127108,0.001,0.8937049798864969,0.8992490861379598,0.0004708507507599,-0.2786389380490905,-2.240267049978536,0.756813110306818,0.756813110306818,42,fork,0.756813110306818,17,horse,horse,False,0.0001922118127108,1,-0.0002786389380490905,0.00019221181271080948
42,fork,C:\Users\maxbe\Downloads\coco\train2017\000000475185.jpg,9,rbf,kernel_herding,direct,False,0.8971632924682594,0.000154473380278,0.001,0.8937049798864969,0.8997038848680882,0.0004547987301283,-0.3003253498501435,-2.5405923998286792,0.7405772347881233,0.7405772347881233,42,fork,0.7405772347881233,0,person,person|backpack|remote,False,0.0001544733802781,1,-0.0003003253498501435,0.00015447338027815654
42,fork,C:\Users\maxbe\Downloads\coco\train2017\000000231393.jpg,10,rbf,kernel_herding,direct,False,0.8973033729837487,0.0001400805154893,0.001,0.8937049798864969,0.8999393563114227,0.0002354714433345,-0.0953909278452892,-2.6359833276739684,0.90901750474361,0.90901750474361,42,fork,0.90901750474361,60,dining table,orange|cake|dining table,False,0.0001400805154892,1,-9.53909278452892e-05,0.0001400805154892108
42,fork,C:\Users\maxbe\Downloads\coco\train2017\000000001852.jpg,11,rbf,kernel_herding,direct,False,0.8974277429735907,0.0001243699898419,0.001,0.8937049798864969,0.9003458972469945,0.0004065409355717,-0.2821709457298845,-2.918154273403853,0.7541447556867855,0.7541447556867855,42,fork,0.7541447556867855,76,scissors,scissors,False,0.0001243699898418,1,-0.0002821709457298845,0.00012436998984181554
42,fork,C:\Users\maxbe\Downloads\coco\train2017\000000279279.jpg,12,rbf,kernel_herding,direct,False,0.8975339034930606,0.0001061605194698,0.001,0.8937049798864969,0.9010334093559488,0.0006875121089541,-0.5813515894842208,-3.499505862888073,0.5591421249991182,0.5591421249991182,42,fork,0.5591421249991182,17,horse,horse,False,0.0001061605194698,1,-0.0005813515894842208,0.00010616051946987922
42,fork,C:\Users\maxbe\Downloads\coco\train2017\000000121193.jpg,13,rbf,kernel_herding,direct,False,0.8976209817321039,8.707823904330336e-05,0.001,0.8937049798864969,0.9017099819181338,0.0006765725621851,-0.5894943231418468,-4.089000186029921,0.5546076660984494,0.5546076660984494,42,fork,0.5546076660984494,0,person,person|bird|fork|spoon|dining table,True,8.707823904325316e-05,1,-0.0005894943231418468,8.707823904325316e-05
42,fork,C:\Users\maxbe\Downloads\coco\train2017\000000025202.jpg,14,rbf,kernel_herding,direct,False,0.8976888337583736,6.7852026269688e-05,0.001,0.8937049798864969,0.9018565850907394,0.0001466031726056,-0.0787511463359292,-4.16775133236585,0.924269903779446,0.924269903779446,42,fork,0.924269903779446,60,dining table,fork|orange|donut|dining table,True,6.785202626967082e-05,1,-7.875114633592919e-05,6.785202626967082e-05
42,fork,C:\Users\maxbe\Downloads\coco\train2017\000000310150.jpg,15,rbf,kernel_herding,direct,False,0.8977413673154239,5.2533557050260526e-05,0.001,0.8937049798864969,0.9021430075119194,0.00028642242118,-0.233888864129749,-4.4016401964956,0.7914497694659847,0.7914497694659847,42,fork,0.7914497694659847,0,person,person|backpack|handbag|banana|chair|dining table|laptop,False,5.2533557050250985e-05,1,-0.000233888864129749,5.2533557050250985e-05
42,fork,C:\Users\maxbe\Downloads\coco\train2017\000000132528.jpg,16,rbf,kernel_herding,direct,False,0.8977816761569215,4.030884149763825e-05,0.001,0.8937049798864969,0.9027843222411392,0.0006413147292197,-0.601005887722112,-5.002646084217712,0.5482598707600377,0.5482598707600377,42,fork,0.5482598707600377,19,cow,truck|cow,False,4.030884149758794e-05,1,-0.000601005887722112,4.030884149758794e-05
42,fork,C:\Users\maxbe\Downloads\coco\train2017\000000361085.jpg,17,rbf,kernel_herding,direct,False,0.8978060534699456,2.437731302407098e-05,0.001,0.8937049798864969,0.9033371438532338,0.0005528216120945,-0.5284442990705001,-5.531090383288213,0.5895213756177545,0.5895213756177545,42,fork,0.5895213756177545,8,boat,boat,False,2.4377313023999852e-05,1,-0.0005284442990705001,2.4377313023999855e-05
42,fork,C:\Users\maxbe\Downloads\coco\train2017\000000421889.jpg,18,rbf,kernel_herding,direct,False,0.8978209051755964,1.4851705650853477e-05,0.001,0.8937049798864969,0.9034152017303788,7.8057877144877e-05,-0.0632061714940727,-5.594296554782285,0.9387499102636288,0.9387499102636288,42,fork,0.9387499102636288,60,dining table,person|fork|cake|chair|dining table,True,1.4851705650804291e-05,1,-6.32061714940727e-05,1.4851705650804293e-05
42,fork,C:\Users\maxbe\Downloads\coco\train2017\000000263961.jpg,19,rbf,kernel_herding,direct,False,0.8978218654452519,9.60269655458923e-07,0.001,0.8937049798864969,0.9039387629218651,0.0005235611914865,-0.5226009218310775,-6.116897476613363,0.5929762556593139,0.5929762556593139,42,fork,0.5929762556593139,1,bicycle,bicycle,False,9.602696554224938e-07,1,-0.0005226009218310775,9.602696554224938e-07
42,fork,C:\Users\maxbe\Downloads\coco\train2017\000000484257.jpg,20,rbf,kernel_herding,direct,False,0.8978075992551359,-1.426619011601904e-05,0.001,0.8937049798864969,0.9041072266765774,0.0001684637547121,-0.1827299448281511,-6.299627421441514,0.8329930794530384,0.8329930794530384,42,fork,0.8329930794530384,60,dining table,bird|fork|knife|spoon|bowl|broccoli|carrot|dining table,True,-1.4266190116051132e-05,1,-0.00018272994482815112,-1.4266190116051132e-05
42,fork,C:\Users\maxbe\Downloads\coco\train2017\000000205543.jpg,21,rbf,kernel_herding,direct,False,0.8977899598988728,-1.7639356263088324e-05,0.001,0.8937049798864969,0.9041560479610612,4.8821284483913097e-05,-0.0664606407470088,-6.366088062188522,0.9356997435735014,0.9356997435735014,42,fork,0.9356997435735014,50,broccoli,broccoli,False,-1.763935626309571e-05,1,-6.64606407470088e-05,-1.763935626309571e-05
42,fork,C:\Users\maxbe\Downloads\coco\train2017\000000122020.jpg,22,rbf,kernel_herding,direct,False,0.8977661194975323,-2.3840401340513573e-05,0.001,0.8937049798864969,0.9044270470693904,0.0002709991083291,-0.2948395096696865,-6.660927571858209,0.744651087174328,0.744651087174328,42,fork,0.744651087174328,46,banana,cup|fork|banana,True,-2.3840401340586485e-05,1,-0.0002948395096696865,-2.3840401340586485e-05
42,fork,C:\Users\maxbe\Downloads\coco\train2017\000000176414.jpg,23,rbf,kernel_herding,direct,False,0.8977181928411799,-4.792665635233728e-05,0.001,0.8937049798864969,0.9049179403920712,0.0004908933226807,-0.5388199790330359,-7.199747550891245,0.5834363134126385,0.5834363134126385,42,fork,0.5834363134126385,75,vase,vase,False,-4.792665635233587e-05,1,-0.0005388199790330359,-4.792665635233587e-05
42,fork,C:\Users\maxbe\Downloads\coco\train2017\000000464317.jpg,24,rbf,kernel_herding,direct,False,0.8976626434040325,-5.554943714747296e-05,0.001,0.8937049798864969,0.9052604161028918,0.0003424757108205,-0.3980251479680828,-7.597772698859328,0.6716451369381603,0.6716451369381603,42,fork,0.6716451369381603,0,person,person|umbrella|chair,False,-5.554943714758279e-05,1,-0.0003980251479680828,-5.554943714758279e-05
42,fork,C:\Users\maxbe\Downloads\coco\train2017\000000561641.jpg,25,rbf,kernel_herding,direct,False,0.8975885824088099,-7.406099522255793e-05,0.001,0.8937049798864969,0.9057954009238216,0.0005349848209298,-0.6090458161523806,-8.206818515011708,0.54386957312652,0.54386957312652,42,fork,0.54386957312652,5,bus,person|car|bus|traffic light|handbag,False,-7.40609952225806e-05,1,-0.0006090458161523806,-7.40609952225806e-05
42,fork,C:\Users\maxbe\Downloads\coco\train2017\000000187888.jpg,26,rbf,kernel_herding,direct,False,0.8975033031130945,-8.527929571544579e-05,0.001,0.8937049798864969,0.9058027555407896,7.354616967991667e-06,-0.0926339126834528,-8.299452427695162,0.9115271377450124,0.9115271377450124,42,fork,0.9115271377450124,60,dining table,fork|knife|apple|sandwich|dining table,True,-8.527929571546113e-05,1,-9.26339126834528e-05,-8.527929571546113e-05
42,fork,C:\Users\maxbe\Downloads\coco\train2017\000000452854.jpg,27,rbf,kernel_herding,direct,False,0.89741282236525,-9.048074784445692e-05,0.001,0.8937049798864969,0.9063618298169648,0.000559074276175,-0.6495550240195355,-8.949007451714698,0.5222781262825221,0.5222781262825221,42,fork,0.5222781262825221,74,clock,clock,False,-9.048074784453553e-05,1,-0.0006495550240195355,-9.048074784453553e-05
42,fork,C:\Users\maxbe\Downloads\coco\train2017\000000050372.jpg,28,rbf,kernel_herding,direct,False,0.8973102366323836,-0.0001025857328663,0.001,0.8937049798864969,0.906791578269004,0.0004297484520393,-0.5323341849056591,-9.481341636620355,0.5872326590781562,0.5872326590781562,42,fork,0.5872326590781562,0,person,person|tie|tennis racket,False,-0.0001025857328663,1,-0.0005323341849056591,-0.0001025857328663591
42,fork,C:\Users\maxbe\Downloads\coco\train2017\000000366417.jpg,29,rbf,kernel_herding,direct,False,0.897178085358358,-0.0001321512740256,0.001,0.8937049798864969,0.9070663994086828,0.0002748211396786,-0.4069724137044477,-9.888314050324803,0.6656625532111687,0.6656625532111687,42,fork,0.6656625532111687,54,donut,person|donut,False,-0.0001321512740258,1,-0.0004069724137044477,-0.00013215127402584775
42,fork,C:\Users\maxbe\Downloads\coco\train2017\000000340633.jpg,30,rbf,kernel_herding,direct,False,0.8970420683946078,-0.0001360169637502,0.001,0.8937049798864969,0.9070823111085224,1.5911699839721294e-05,-0.1519286635899144,-10.04024271391472,0.8590495600660747,0.8590495600660747,42,fork,0.8590495600660747,0,person,person|bench|bottle|cup|fork|knife|dining table,True,-0.0001360169637501,1,-0.0001519286635899144,-0.0001360169637501931
42,fork,C:\Users\maxbe\Downloads\coco\train2017\000000447062.jpg,31,rbf,kernel_herding,direct,False,0.8969033769987743,-0.0001386913958334,0.001,0.8937049798864969,0.9070426502846796,-3.96608238427687e-05,-0.0990305719906863,-10.139273285905409,0.905715018088185,0.905715018088185,42,fork,0.905715018088185,0,person,person|laptop,False,-0.0001386913958334,1,-9.90305719906863e-05,-0.000138691395833455
42,fork,C:\Users\maxbe\Downloads\coco\train2017\000000453376.jpg,32,rbf,kernel_herding,direct,False,0.896761445568827,-0.0001419314299473,0.001,0.8937049798864969,0.90727543733853,0.0002327870538502,-0.3747184837975399,-10.513991769702947,0.687482789094594,0.687482789094594,42,fork,0.687482789094594,60,dining table,dining table,False,-0.0001419314299473,1,-0.0003747184837975399,-0.00014193142994733992
42,fork,C:\Users\maxbe\Downloads\coco\train2017\000000232894.jpg,33,rbf,kernel_herding,direct,False,0.8966105124544769,-0.0001509331143501,0.001,0.8937049798864969,0.9073204347526264,4.499741409658142e-05,-0.1959305284466023,-10.70992229814955,0.822069343127725,0.822069343127725,42,fork,0.822069343127725,0,person,person|bench|dining table,False,-0.00015093311435,1,-0.00019593052844660232,-0.0001509331143500209
42,fork,C:\Users\maxbe\Downloads\coco\train2017\000000135041.jpg,34,rbf,kernel_herding,direct,False,0.8964489649024769,-0.0001615475519999,0.001,0.8937049798864969,0.9072398743321136,-8.056042051274304e-05,-0.0809871314872616,-10.790909429636812,0.922205558781231,0.922205558781231,42,fork,0.922205558781231,60,dining table,fork|cake|dining table,True,-0.000161547552,1,-8.098713148726159e-05,-0.00016154755200000463
42,fork,C:\Users\maxbe\Downloads\coco\train2017\000000280236.jpg,35,rbf,kernel_herding,direct,False,0.8962858153340548,-0.0001631495684221,0.001,0.8937049798864969,0.9072331655723088,-6.708759805018616e-06,-0.1564408086170279,-10.94735023825384,0.8551821356171231,0.8551821356171231,42,fork,0.8551821356171231,49,orange,orange,False,-0.000163149568422,1,-0.0001564408086170279,-0.0001631495684220465
42,fork,C:\Users\maxbe\Downloads\coco\train2017\000000068295.jpg,36,rbf,kernel_herding,direct,False,0.8961140257368445,-0.0001717895972103,0.001,0.8937049798864969,0.9071986027937508,-3.4562778557845064e-05,-0.1372268186525636,-11.084577056906404,0.8717724694476426,0.8717724694476426,42,fork,0.8717724694476426,-1,unlabeled,,False,-0.0001717895972104,1,-0.0001372268186525636,-0.00017178959721040867
42,fork,C:\Users\maxbe\Downloads\coco\train2017\000000336762.jpg,37,rbf,kernel_herding,direct,False,0.8959319992277938,-0.0001820265090507,0.001,0.8937049798864969,0.9072226482090802,2.4045415329299047e-05,-0.2060719243800221,-11.290648981286427,0.8137745439474438,0.8137745439474438,42,fork,0.8137745439474438,63,laptop,cup|sandwich|laptop,False,-0.0001820265090507,1,-0.0002060719243800221,-0.00018202650905072305
42,fork,C:\Users\maxbe\Downloads\coco\train2017\000000460578.jpg,38,rbf,kernel_herding,direct,False,0.8957456316722745,-0.0001863675555192,0.001,0.8937049798864969,0.9072031035600838,-1.954464899633912e-05,-0.1668229065228934,-11.45747188780932,0.8463494810377679,0.8463494810377679,42,fork,0.8463494810377679,60,dining table,wine glass|fork|cake|dining table,True,-0.0001863675555192,1,-0.00016682290652289338,-0.0001863675555192325
42,fork,C:\Users\maxbe\Downloads\coco\train2017\000000320399.jpg,39,rbf,kernel_herding,direct,False,0.8955567587408558,-0.0001888729314186,0.001,0.8937049798864969,0.9072009233064644,-2.1802536193105126e-06,-0.1866926777993177,-11.64416456560864,0.8296986820320342,0.8296986820320342,42,fork,0.8296986820320342,55,cake,fork|cake,True,-0.0001888729314186,1,-0.0001866926777993177,-0.0001888729314186282
42,fork,C:\Users\maxbe\Downloads\coco\train2017\000000002179.jpg,40,rbf,kernel_herding,direct,False,0.895357097327793,-0.0001996614130628,0.001,0.8937049798864969,0.907362812659782,0.0001618893533176,-0.3615507663804566,-12.005715331989096,0.6965952315582893,0.6965952315582893,42,fork,0.6965952315582893,0,person,person|bench|skateboard|chair|dining table,False,-0.0001996614130628,1,-0.0003615507663804566,-0.00019966141306285658
42,fork,C:\Users\maxbe\Downloads\coco\train2017\000000092683.jpg,41,rbf,kernel_herding,direct,False,0.8951514407742067,-0.0002056565535862,0.001,0.8937049798864969,0.9075368151659352,0.0001740025061529,-0.3796590597392704,-12.385374391728366,0.6840946048491475,0.6840946048491475,42,fork,0.6840946048491475,60,dining table,chair|dining table|vase,False,-0.0002056565535863,1,-0.0003796590597392704,-0.0002056565535863704
42,fork,C:\Users\maxbe\Downloads\coco\train2017\000000379156.jpg,42,rbf,kernel_herding,direct,False,0.8949348200498861,-0.0002166207243206,0.001,0.8937049798864969,0.9079787887912186,0.0004419736252835,-0.6585943496040907,-13.043968741332456,0.5175783576241239,0.5175783576241239,42,fork,0.5175783576241239,18,sheep,sheep,False,-0.0002166207243205,1,-0.0006585943496040907,-0.00021662072432059064
42,fork,C:\Users\maxbe\Downloads\coco\train2017\000000542777.jpg,43,rbf,kernel_herding,direct,False,0.8947095301808893,-0.0002252898689968,0.001,0.8937049798864969,0.9078274314319172,-0.0001513573593014,-0.0739325096954275,-13.117901251027885,0.9287343722908225,0.9287343722908225,42,fork,0.9287343722908225,60,dining table,bottle|cup|fork|carrot|dining table,True,-0.0002252898689968,1,-7.39325096954275e-05,-0.0002252898689968275
42,fork,C:\Users\maxbe\Downloads\coco\train2017\000000210437.jpg,44,rbf,kernel_herding,direct,False,0.8944793402314091,-0.0002301899494802,0.001,0.8937049798864969,0.90790417498978,7.674355786291276e-05,-0.3069335073430566,-13.424834758370942,0.735699517895582,0.735699517895582,42,fork,0.735699517895582,0,person,person|cup|fork|chair,True,-0.0002301899494801,1,-0.0003069335073430566,-0.00023018994948014381
42,fork,C:\Users\maxbe\Downloads\coco\train2017\000000102004.jpg,45,rbf,kernel_herding,direct,False,0.8942392224967435,-0.0002401177346655,0.001,0.8937049798864969,0.9079955090072128,9.13340174326649e-05,-0.3314517520982863,-13.756286510469227,0.7178807916220622,0.7178807916220622,42,fork,0.7178807916220622,60,dining table,person|bottle|bowl|orange|cake|potted plant|dining table|tv|clock,False,-0.0002401177346656,1,-0.00033145175209828634,-0.00024011773466562145
42,fork,C:\Users\maxbe\Downloads\coco\train2017\000000093842.jpg,46,rbf,kernel_herding,direct,False,0.8939929517865729,-0.0002462707101705,0.001,0.8937049798864969,0.908257271020948,0.0002617620137354,-0.5080327239060137,-14.264319234375243,0.6016780821819393,0.6016780821819393,42,fork,0.6016780821819393,33,kite,person|suitcase|kite,False,-0.0002462707101706,1,-0.0005080327239060138,-0.00024627071017061376
42,fork,C:\Users\maxbe\Downloads\coco\train2017\000000009677.jpg,47,rbf,kernel_herding,direct,False,0.8937449087595802,-0.0002480430269926,0.001,0.8937049798864969,0.90807565026827,-0.0001816207526781,-0.0664222743144903,-14.330741508689734,0.9357356437232468,0.9357356437232468,42,fork,0.9357356437232468,60,dining table,spoon|cake|dining table,False,-0.0002480430269925,1,-6.64222743144903e-05,-0.00024804302699259033
42,fork,C:\Users\maxbe\Downloads\coco\train2017\000000328409.jpg,48,rbf,kernel_herding,direct,False,0.8934925546481601,-0.0002523541114201,0.001,0.8937049798864969,0.9082483124877356,0.0001726622194656,-0.4250163308857754,-14.755757839575509,0.6537591085763419,0.6537591085763419,42,fork,0.6537591085763419,0,person,person|umbrella|tie|clock,False,-0.0002523541114201,1,-0.0004250163308857754,-0.0002523541114201754
42,fork,C:\Users\maxbe\Downloads\coco\train2017\000000311818.jpg,49,rbf,kernel_herding,direct,False,0.8932325137492398,-0.0002600408989202,0.001,0.8937049798864969,0.9080900563465528,-0.0001582561411828,-0.1017847577374508,-14.85754259731296,0.9032239427115604,0.9032239427115604,42,fork,0.9032239427115604,55,cake,cup|bowl|cake|chair|dining table,False,-0.0002600408989202,1,-0.0001017847577374508,-0.0002600408989202508
42,fork,C:\Users\maxbe\Downloads\coco\train2017\000000414700.jpg,50,rbf,kernel_herding,direct,False,0.8929636696647373,-0.0002688440845025,0.001,0.8937049798864969,0.9083044373930548,0.000214381046502,-0.4832251310046188,-15.340767728317578,0.616790948974685,0.616790948974685,42,fork,0.616790948974685,23,giraffe,giraffe,False,-0.0002688440845026,1,-0.00048322513100461877,-0.00026884408450261873
42,fork,C:\Users\maxbe\Downloads\coco\train2017\000000346645.jpg,51,rbf,kernel_herding,direct,False,0.8926890714637853,-0.0002745982009519,0.001,0.8937049798864969,0.9081273638410784,-0.0001770735519763,-0.0975246489756529,-15.438292377293232,0.9070799826868328,0.9070799826868328,42,fork,0.9070799826868328,60,dining table,fork|spoon|bowl|dining table,True,-0.0002745982009519,1,-9.75246489756529e-05,-0.0002745982009519529
42,fork,C:\Users\maxbe\Downloads\coco\train2017\000000039211.jpg,52,rbf,kernel_herding,direct,False,0.892407207311163,-0.0002818641526223,0.001,0.8937049798864969,0.9081906492669216,6.328542584299601e-05,-0.3451495784653187,-15.783441955758551,0.7081144268755868,0.7081144268755868,42,fork,0.7081144268755868,60,dining table,person|bottle|cup|fork|chair|dining table|tv|laptop|mouse|remote|cell phone,True,-0.0002818641526223,1,-0.00034514957846531867,-0.00028186415262232265
42,fork,C:\Users\maxbe\Downloads\coco\train2017\000000065426.jpg,53,rbf,kernel_herding,direct,False,0.8921206731373017,-0.0002865341738612,0.001,0.8937049798864969,0.908482724944138,0.0002920756772165,-0.5786098510778206,-16.362051806836373,0.5606772499317162,0.5606772499317162,42,fork,0.5606772499317162,71,sink,sink|toothbrush,False,-0.0002865341738613,1,-0.0005786098510778206,-0.00028653417386132065
42,fork,C:\Users\maxbe\Downloads\coco\train2017\000000190849.jpg,54,rbf,kernel_herding,direct,False,0.8918285037343565,-0.0002921694029451,0.001,0.8937049798864969,0.9086078228096202,0.000125097865482,-0.4172672684272195,-16.779319075263594,0.6588448079939726,0.6588448079939726,42,fork,0.6588448079939726,24,backpack,backpack|cell phone,False,-0.0002921694029452,1,-0.0004172672684272195,-0.0002921694029452195
42,fork,C:\Users\maxbe\Downloads\coco\train2017\000000568599.jpg,55,rbf,kernel_herding,direct,False,0.8915347169007273,-0.0002937868336292,0.001,0.8937049798864969,0.908411331626818,-0.0001964911828021,-0.0972956508271476,-16.876614726090743,0.9072877261089362,0.9072877261089362,42,fork,0.9072877261089362,60,dining table,bottle|cup|fork|knife|spoon|apple|dining table,True,-0.0002937868336292,1,-9.72956508271476e-05,-0.0002937868336292476
42,fork,C:\Users\maxbe\Downloads\coco\train2017\000000573825.jpg,56,rbf,kernel_herding,direct,False,0.8912368375397793,-0.0002978793609479,0.001,0.8937049798864969,0.9086035296688946,0.0001921980420765,-0.4900774030245153,-17.366692129115258,0.6125789768827532,0.6125789768827532,42,fork,0.6125789768827532,53,pizza,fork|bowl|pizza|dining table,True,-0.000297879360948,1,-0.0004900774030245153,-0.0002978793609480153
42,fork,C:\Users\maxbe\Downloads\coco\train2017\000000434513.jpg,57,rbf,kernel_herding,direct,False,0.8909353267997328,-0.0003015107400465,0.001,0.8937049798864969,0.9083615777701542,-0.0002419518987403,-0.0595588413062698,-17.426250970421528,0.9421800928517384,0.9421800928517384,42,fork,0.9421800928517384,60,dining table,bottle|cup|fork|knife|cake|dining table,True,-0.0003015107400465,1,-5.95588413062698e-05,-0.0003015107400465698
42,fork,C:\Users\maxbe\Downloads\coco\train2017\000000209868.jpg,58,rbf,kernel_herding,direct,False,0.890627497431514,-0.0003078293682187,0.001,0.8937049798864969,0.908394207431482,3.262966132777656e-05,-0.3404590295464091,-17.766709999967937,0.7114436741296268,0.7114436741296268,42,fork,0.7114436741296268,0,person,person|toothbrush,False,-0.0003078293682186,1,-0.0003404590295464091,-0.00030782936821863253
42,fork,C:\Users\maxbe\Downloads\coco\train2017\000000390134.jpg,59,rbf,kernel_herding,direct,False,0.8903161383156748,-0.0003113591158392,0.001,0.8937049798864969,0.908097806860726,-0.000296400570756,-0.0149585450832634,-17.7816685450512,0.9851527781819692,0.9851527781819692,42,fork,0.9851527781819692,55,cake,fork|cake,True,-0.0003113591158392,1,-1.49585450832634e-05,-0.0003113591158392634
42,fork,C:\Users\maxbe\Downloads\coco\train2017\000000090011.jpg,60,rbf,kernel_herding,direct,False,0.8900067565527728,-0.0003093817629019,0.001,0.8937049798864969,0.908048053123358,-4.975373736804123e-05,-0.259628025533857,-18.041296570585057,0.7713384506544567,0.7713384506544567,42,fork,0.7713384506544567,0,person,person|chair|scissors,False,-0.0003093817629018,1,-0.000259628025533857,-0.00030938176290189824
42,fork,C:\Users\maxbe\Downloads\coco\train2017\000000358223.jpg,61,rbf,kernel_herding,direct,False,0.8896957525882073,-0.0003110039645655,0.001,0.8937049798864969,0.9079558091154308,-9.224400792717802e-05,-0.2187599566383324,-18.26005652722339,0.8035145733442309,0.8035145733442309,42,fork,0.8035145733442309,55,cake,fork|knife|cake|dining table,True,-0.0003110039645655,1,-0.0002187599566383324,-0.0003110039645655104
42,fork,C:\Users\maxbe\Downloads\coco\train2017\000000144502.jpg,62,rbf,kernel_herding,direct,False,0.889382071976027,-0.0003136806121802,0.001,0.8937049798864969,0.9081847251909204,0.0002289160754898,-0.5425966876700723,-18.802653214893464,0.5812370001454776,0.5812370001454776,42,fork,0.5812370001454776,0,person,person|tie,False,-0.0003136806121802,1,-0.0005425966876700723,-0.0003136806121802723
42,fork,C:\Users\maxbe\Downloads\coco\train2017\000000468224.jpg,63,rbf,kernel_herding,direct,False,0.8890634120135482,-0.0003186599624788,0.001,0.8937049798864969,0.9079885975379052,-0.0001961276530154,-0.1225323094634226,-18.925185524356888,0.8846773210311759,0.8846773210311759,42,fork,0.8846773210311759,60,dining table,person|fork|knife|bowl|dining table,True,-0.0003186599624788,1,-0.0001225323094634226,-0.00031865996247882255
42,fork,C:\Users\maxbe\Downloads\coco\train2017\000000505708.jpg,64,rbf,kernel_herding,direct,False,0.8887430937468678,-0.0003203182666804,0.001,0.8937049798864969,0.9078278151966782,-0.0001607823412268,-0.1595359254535418,-19.08472144981043,0.8525393389828415,0.8525393389828415,42,fork,0.8525393389828415,48,sandwich,fork|knife|sandwich|carrot,True,-0.0003203182666803,1,-0.00015953592545354183,-0.00032031826668034186
42,fork,C:\Users\maxbe\Downloads\coco\train2017\000000058869.jpg,65,rbf,kernel_herding,direct,False,0.8884229380409351,-0.0003201557059326,0.001,0.8937049798864969,0.9077323858359976,-9.542936068074326e-05,-0.2247263452519265,-19.30944779506236,0.7987347664149923,0.7987347664149923,42,fork,0.7987347664149923,0,person,person|bottle|wine glass,False,-0.0003201557059326,1,-0.0002247263452519265,-0.00032015570593266977
42,fork,C:\Users\maxbe\Downloads\coco\train2017\000000231657.jpg,66,rbf,kernel_herding,direct,False,0.8880959720158116,-0.0003269660251234,0.001,0.8937049798864969,0.9075564695804266,-0.0001759162555708,-0.1510497695526358,-19.460497564615,0.8598049054878156,0.8598049054878156,42,fork,0.8598049054878156,60,dining table,wine glass|fork|knife|broccoli|dining table,True,-0.0003269660251234,1,-0.0001510497695526358,-0.0003269660251234358
42,fork,C:\Users\maxbe\Downloads\coco\train2017\000000575417.jpg,67,rbf,kernel_herding,direct,False,0.8877698391388298,-0.0003261328769817,0.001,0.8937049798864969,0.9073404372979464,-0.0002160322824801,-0.1101005945016522,-19.57059815911665,0.8957440238395595,0.8957440238395595,42,fork,0.8957440238395595,60,dining table,person|knife|pizza|chair|dining table,False,-0.0003261328769817,1,-0.0001101005945016522,-0.0003261328769817522
42,fork,C:\Users\maxbe\Downloads\coco\train2017\000000207424.jpg,68,rbf,kernel_herding,direct,False,0.8874363364730833,-0.0003335026657464,0.001,0.8937049798864969,0.9072044678274056,-0.0001359694705407,-0.1975331952058277,-19.76813135432248,0.82075289511323,0.82075289511323,42,fork,0.82075289511323,48,sandwich,fork|knife|sandwich,True,-0.0003335026657465,1,-0.00019753319520582772,-0.00033350266574652774
42,fork,C:\Users\maxbe\Downloads\coco\train2017\000000092957.jpg,69,rbf,kernel_herding,direct,False,0.8871020351920929,-0.0003343012809904,0.001,0.8937049798864969,0.9072696943848824,6.522655747664974e-05,-0.3995278384670659,-20.16765919278954,0.6706366201063001,0.6706366201063001,42,fork,0.6706366201063001,40,wine glass,person|wine glass|cup|fork|knife|spoon,True,-0.0003343012809904,1,-0.0003995278384670659,-0.00033430128099041617
42,fork,C:\Users\maxbe\Downloads\coco\train2017\000000411212.jpg,70,rbf,kernel_herding,direct,False,0.8867646628078643,-0.0003373723842285,0.001,0.8937049798864969,0.9069550405004804,-0.0003146538844018,-0.0227184998267224,-20.190377692616263,0.9775376220547172,0.9775376220547172,42,fork,0.9775376220547172,60,dining table,fork|knife|carrot|dining table,True,-0.0003373723842285,1,-2.2718499826722398e-05,-0.0003373723842285224
42,fork,C:\Users\maxbe\Downloads\coco\train2017\000000098350.jpg,71,rbf,kernel_herding,direct,False,0.8864284679956344,-0.0003361948122299,0.001,0.8937049798864969,0.9067986100157528,-0.0001564304847276,-0.1797643275021523,-20.37014202011841,0.8354670848252866,0.8354670848252866,42,fork,0.8354670848252866,0,person,person|handbag|bottle|spoon|bowl|sandwich|chair|dining table,False,-0.0003361948122297,1,-0.0001797643275021523,-0.0003361948122297523
42,fork,C:\Users\maxbe\Downloads\coco\train2017\000000083159.jpg,72,rbf,kernel_herding,direct,False,0.8860876708988822,-0.0003407970967521,0.001,0.8937049798864969,0.9066578364511936,-0.0001407735645593,-0.2000235321928861,-20.570165552311305,0.8187114867736687,0.8187114867736687,42,fork,0.8187114867736687,53,pizza,bowl|pizza|dining table,False,-0.0003407970967521,1,-0.0002000235321928861,-0.0003407970967521861
42,fork,C:\Users\maxbe\Downloads\coco\train2017\000000234091.jpg,73,rbf,kernel_herding,direct,False,0.8857481351388445,-0.0003395357600376,0.001,0.8937049798864969,0.9064332730093037,-0.0002245634418898,-0.1149723181478655,-20.68513787045917,0.8913908189131481,0.8913908189131481,42,fork,0.8913908189131481,60,dining table,bottle|cup|fork|pizza|chair|dining table,True,-0.0003395357600376,1,-0.0001149723181478655,-0.0003395357600376655
42,fork,C:\Users\maxbe\Downloads\coco\train2017\000000292923.jpg,74,rbf,kernel_herding,direct,False,0.8854088363774055,-0.000339298761439,0.001,0.8937049798864969,0.9061794197882582,-0.0002538532210454,-0.0854455403934907,-20.77058341085266,0.9181031412275124,0.9181031412275124,42,fork,0.9181031412275124,0,person,person|tie|wine glass|cup|fork|knife|spoon|dining table,True,-0.0003392987614388,1,-8.54455403934907e-05,-0.0003392987614388907
42,fork,C:\Users\maxbe\Downloads\coco\train2017\000000021544.jpg,75,rbf,kernel_herding,direct,False,0.8850680256865249,-0.0003408106908806,0.001,0.8937049798864969,0.9060264789671264,-0.0001529408211319,-0.1878698697487764,-20.95845328060144,0.8287225420878367,0.8287225420878367,42,fork,0.8287225420878367,53,pizza,person|fork|broccoli|carrot|pizza,True,-0.0003408106908806,1,-0.0001878698697487764,-0.00034081069088067644
42,fork,C:\Users\maxbe\Downloads\coco\train2017\000000160192.jpg,76,rbf,kernel_herding,direct,False,0.8847266894524702,-0.0003413362340546,0.001,0.8937049798864969,0.9058642235130592,-0.000162255454067,-0.1790807799875882,-21.137534060589022,0.8360383614997517,0.8360383614997517,42,fork,0.8360383614997517,60,dining table,knife|bowl|cake|dining table,False,-0.0003413362340545,1,-0.00017908077998758822,-0.00034133623405458824
42,fork,C:\Users\maxbe\Downloads\coco\train2017\000000300898.jpg,77,rbf,kernel_herding,direct,False,0.8843859637999877,-0.0003407256524825,0.001,0.8937049798864969,0.9056023560960932,-0.0002618674169659,-0.0788582355166028,-21.216392296105628,0.924170929772346,0.924170929772346,42,fork,0.924170929772346,60,dining table,fork|dining table,True,-0.0003407256524825,1,-7.88582355166028e-05,-0.0003407256524825028
42,fork,C:\Users\maxbe\Downloads\coco\train2017\000000257620.jpg,78,rbf,kernel_herding,direct,False,0.8840410398740058,-0.0003449239259818,0.001,0.8937049798864969,0.9055495538828612,-5.280221323200607e-05,-0.292121712749869,-21.508514008855496,0.7466776502514159,0.7466776502514159,42,fork,0.7466776502514159,0,person,person|donut,False,-0.0003449239259818,1,-0.000292121712749869,-0.00034492392598187507
42,fork,C:\Users\maxbe\Downloads\coco\train2017\000000511461.jpg,79,rbf,kernel_herding,direct,False,0.8836900775264738,-0.000350962347532,0.001,0.8937049798864969,0.905564238074739,1.4684191877667452e-05,-0.3656465394097349,-21.87416054826523,0.6937479704445008,0.6937479704445008,42,fork,0.6937479704445008,60,dining table,spoon|bowl|banana|chair|dining table,False,-0.000350962347532,1,-0.00036564653940973494,-0.0003509623475320675
42,fork,C:\Users\maxbe\Downloads\coco\train2017\000000299426.jpg,80,rbf,kernel_herding,direct,False,0.8833377699514176,-0.0003523075750562,0.001,0.8937049798864969,0.9052764370146488,-0.0002878010600901,-0.064506514965938,-21.93866706323117,0.9375300062650964,0.9375300062650964,42,fork,0.9375300062650964,0,person,person|fork|cake,True,-0.000352307575056,1,-6.4506514965938e-05,-0.000352307575056038
42,fork,C:\Users\maxbe\Downloads\coco\train2017\000000249663.jpg,81,rbf,kernel_herding,direct,False,0.8829783911410704,-0.0003593788103471,0.001,0.8937049798864969,0.9050357693183448,-0.0002406676963039,-0.1187111140433256,-22.057378177274494,0.8880643130164264,0.8880643130164264,42,fork,0.8880643130164264,60,dining table,apple|broccoli|dining table,False,-0.0003593788103472,1,-0.0001187111140433256,-0.0003593788103472256
42,fork,C:\Users\maxbe\Downloads\coco\train2017\000000045808.jpg,82,rbf,kernel_herding,direct,False,0.8826202948388848,-0.0003580963021855,0.001,0.8937049798864969,0.9048388456235532,-0.0001969236947916,-0.1611726073938946,-22.218550784668388,0.8511451444809899,0.8511451444809899,42,fork,0.8511451444809899,60,dining table,wine glass|fork|knife|sandwich|dining table,True,-0.0003580963021854,1,-0.0001611726073938946,-0.00035809630218549464
42,fork,C:\Users\maxbe\Downloads\coco\train2017\000000225537.jpg,83,rbf,kernel_herding,direct,False,0.8822597837472945,-0.0003605110915902,0.001,0.8937049798864969,0.9050859503155728,0.0002471046920196,-0.6076157836099106,-22.8261665682783,0.5446478806848837,0.5446478806848837,42,fork,0.5446478806848837,63,laptop,laptop,False,-0.0003605110915903,1,-0.0006076157836099106,-0.00036051109159031063
42,fork,C:\Users\maxbe\Downloads\coco\train2017\000000168175.jpg,84,rbf,kernel_herding,direct,False,0.881894811967927,-0.0003649717793675,0.001,0.8937049798864969,0.9048713865330186,-0.0002145637825542,-0.150407996813304,-22.976574565091603,0.8603568819400766,0.8603568819400766,42,fork,0.8603568819400766,48,sandwich,bottle|fork|knife|bowl|sandwich|cake|chair|book,True,-0.0003649717793675,1,-0.000150407996813304,-0.000364971779367504
42,fork,C:\Users\maxbe\Downloads\coco\train2017\000000553780.jpg,85,rbf,kernel_herding,direct,False,0.8815292672288843,-0.0003655447390427,0.001,0.8937049798864969,0.9046807415314932,-0.0001906450015254,-0.1748997375173349,-23.15147430260894,0.8395411910326896,0.8395411910326896,42,fork,0.8395411910326896,0,person,person|donut,False,-0.0003655447390427,1,-0.0001748997375173349,-0.00036554473904273487
42,fork,C:\Users\maxbe\Downloads\coco\train2017\000000289180.jpg,86,rbf,kernel_herding,direct,False,0.8811630618660348,-0.0003662053628494,0.001,0.8937049798864969,0.90484690548105,0.0001661639495568,-0.5323693124062779,-23.683843615015217,0.5872120314248621,0.5872120314248621,42,fork,0.5872120314248621,0,person,person|cell phone,False,-0.0003662053628494,1,-0.0005323693124062779,-0.0003662053628494779
42,fork,C:\Users\maxbe\Downloads\coco\train2017\000000298512.jpg,87,rbf,kernel_herding,direct,False,0.8807974479085636,-0.0003656139574711,0.001,0.8937049798864969,0.9045250202690048,-0.0003218852120452,-0.0437287454259337,-23.72757236044115,0.9572135708192442,0.9572135708192442,42,fork,0.9572135708192442,60,dining table,person|fork|knife|cake|chair|dining table,True,-0.0003656139574711,1,-4.37287454259337e-05,-0.00036561395747113367
42,fork,C:\Users\maxbe\Downloads\coco\train2017\000000095674.jpg,88,rbf,kernel_herding,direct,False,0.8804310856245566,-0.0003663622840069,0.001,0.8937049798864969,0.9042756845211176,-0.0002493357478872,-0.1170265361197247,-23.844598896560875,0.8895615873364251,0.8895615873364251,42,fork,0.8895615873364251,53,pizza,pizza,False,-0.0003663622840069,1,-0.0001170265361197247,-0.0003663622840069247
42,fork,C:\Users\maxbe\Downloads\coco\train2017\000000154892.jpg,89,rbf,kernel_herding,direct,False,0.8800661586066634,-0.0003649270178932,0.001,0.8937049798864969,0.903972426221444,-0.0003032582996734,-0.0616687182198301,-23.906267614780703,0.940194304446626,0.940194304446626,42,fork,0.940194304446626,0,person,person|fork|cake|chair|dining table|clock,True,-0.0003649270178932,1,-6.16687182198301e-05,-0.0003649270178932301
42,fork,C:\Users\maxbe\Downloads\coco\train2017\000000019738.jpg,90,rbf,kernel_herding,direct,False,0.879702451309747,-0.0003637072969163,0.001,0.8937049798864969,0.90369012465103,-0.0002823015704139,-0.081405726502285,-23.987673341282992,0.9218196089154784,0.9218196089154784,42,fork,0.9218196089154784,60,dining table,fork|knife|cake|dining table,True,-0.0003637072969161,1,-8.1405726502285e-05,-0.000363707296916185
42,fork,C:\Users\maxbe\Downloads\coco\train2017\000000414479.jpg,91,rbf,kernel_herding,direct,False,0.8793352701910285,-0.0003671811187184,0.001,0.8937049798864969,0.9036351890103111,-5.4935640718789536e-05,-0.31224547799973,-24.299918819282723,0.7318018649185208,0.7318018649185208,42,fork,0.7318018649185208,48,sandwich,person|bottle|cup|fork|sandwich,True,-0.0003671811187185,1,-0.00031224547799973,-0.00036718111871851956
42,fork,C:\Users\maxbe\Downloads\coco\train2017\000000010871.jpg,92,rbf,kernel_herding,direct,False,0.8789671731890714,-0.0003680970019571,0.001,0.8937049798864969,0.9037311422506972,9.595324038591536e-05,-0.4640502423430581,-24.763969061625783,0.6287319647054709,0.6287319647054709,42,fork,0.6287319647054709,0,person,person|backpack|tie,False,-0.0003680970019571,1,-0.0004640502423430581,-0.00036809700195714274
42,fork,C:\Users\maxbe\Downloads\coco\train2017\000000076681.jpg,93,rbf,kernel_herding,direct,False,0.8785972363114998,-0.0003699368775715,0.001,0.8937049798864969,0.9037313133260793,1.7107538208271933e-07,-0.3701079529536695,-25.134077014579454,0.6906597678498704,0.6906597678498704,42,fork,0.6906597678498704,0,person,person|bench|handbag|frisbee|chair,False,-0.0003699368775715,1,-0.0003701079529536695,-0.00036993687757158676
42,fork,C:\Users\maxbe\Downloads\coco\train2017\000000115776.jpg,94,rbf,kernel_herding,direct,False,0.8782294874405189,-0.0003677488709808,0.001,0.8937049798864969,0.9033867905467154,-0.0003445227793638,-0.0232260916171558,-25.15730310619661,0.9770415578926208,0.9770415578926208,42,fork,0.9770415578926208,60,dining table,cup|fork|knife|cake|dining table,True,-0.0003677488709809,1,-2.32260916171558e-05,-0.0003677488709809558
42,fork,C:\Users\maxbe\Downloads\coco\train2017\000000047767.jpg,95,rbf,kernel_herding,direct,False,0.8778592848624601,-0.0003702025780587,0.001,0.8937049798864969,0.9033112970632668,-7.549348344859652e-05,-0.2947090946100811,-25.45201220080669,0.744748207223068,0.744748207223068,42,fork,0.744748207223068,0,person,person|tie|pizza,False,-0.0003702025780586,1,-0.0002947090946100811,-0.0003702025780586776
42,fork,C:\Users\maxbe\Downloads\coco\train2017\000000079113.jpg,96,rbf,kernel_herding,direct,False,0.877485384957553,-0.0003738999049071,0.001,0.8937049798864969,0.9032726036592192,-3.869340404771826e-05,-0.3352065008593863,-25.78721870166608,0.7151903836728662,0.7151903836728662,42,fork,0.7151903836728662,0,person,person|chair|couch|dining table|laptop|cell phone,False,-0.0003738999049071,1,-0.0003352065008593863,-0.00037389990490710456
42,fork,C:\Users\maxbe\Downloads\coco\train2017\000000015908.jpg,97,rbf,kernel_herding,direct,False,0.8771078269120216,-0.0003775580455314,0.001,0.8937049798864969,0.9034993106007478,0.0002267069415287,-0.604264987060118,-26.3914836887262,0.5464759459512969,0.5464759459512969,42,fork,0.5464759459512969,0,person,person|skateboard,False,-0.0003775580455314,1,-0.000604264987060118,-0.000377558045531418
42,fork,C:\Users\maxbe\Downloads\coco\train2017\000000181850.jpg,98,rbf,kernel_herding,direct,False,0.8767300405518301,-0.0003777863601914,0.001,0.8937049798864969,0.9031632980786052,-0.0003360125221426,-0.0417738380487997,-26.433257526775,0.9590866649565792,0.9590866649565792,42,fork,0.9590866649565792,41,cup,person|cup|fork|cake,True,-0.0003777863601913,1,-4.17738380487997e-05,-0.0003777863601913997
42,fork,C:\Users\maxbe\Downloads\coco\train2017\000000280678.jpg,99,rbf,kernel_herding,direct,False,0.8763551313526855,-0.0003749091991446,0.001,0.8937049798864969,0.9028875085890068,-0.0002757894895983,-0.0991197095462523,-26.53237723632125,0.9056342884635072,0.9056342884635072,42,fork,0.9056342884635072,53,pizza,fork|pizza|remote,True,-0.0003749091991445,1,-9.911970954625229e-05,-0.0003749091991445523
42,fork,C:\Users\maxbe\Downloads\coco\train2017\000000527243.jpg,100,rbf,kernel_herding,direct,False,0.8759804151172159,-0.0003747162354695,0.001,0.8937049798864969,0.9027321585790444,-0.0001553500099623,-0.2193662255072392,-26.75174346182849,0.8030275751135488,0.8030275751135488,42,fork,0.8030275751135488,55,cake,cake,False,-0.0003747162354695,1,-0.00021936622550723918,-0.0003747162354695392
42,fork,C:\Users\maxbe\Downloads\coco\train2017\000000464340.jpg,101,rbf,kernel_herding,direct,False,0.8756063814992169,-0.000374033617999,0.001,0.8937049798864969,0.9024660360330414,-0.000266122546003,-0.1079110719960542,-26.859654533824543,0.8977074242092821,0.8977074242092821,42,fork,0.8977074242092821,60,dining table,person|knife|spoon|bowl|cake|potted plant|dining table,False,-0.000374033617999,1,-0.0001079110719960542,-0.00037403361799905424
42,fork,C:\Users\maxbe\Downloads\coco\train2017\000000216265.jpg,102,rbf,kernel_herding,direct,False,0.8752275939351024,-0.0003787875641144,0.001,0.8937049798864969,0.90231454200544,-0.0001514940276013,-0.2272935365131,-27.08694807033764,0.7966868912709456,0.7966868912709456,42,fork,0.7966868912709456,0,person,person|fork|cake,True,-0.0003787875641144,1,-0.0002272935365131,-0.0003787875641144
42,fork,C:\Users\maxbe\Downloads\coco\train2017\000000289507.jpg,103,rbf,kernel_herding,direct,False,0.8748467361441816,-0.0003808577909207,0.001,0.8937049798864969,0.9021496446006312,-0.0001648974048087,-0.2159603861120652,-27.302908456449707,0.8057672208126456,0.8057672208126456,42,fork,0.8057672208126456,53,pizza,pizza|dining table,False,-0.0003808577909207,1,-0.0002159603861120652,-0.0003808577909207652
42,fork,C:\Users\maxbe\Downloads\coco\train2017\000000453779.jpg,104,rbf,kernel_herding,direct,False,0.8744655480267113,-0.0003811881174703,0.001,0.8937049798864969,0.9021176101753136,-3.203442531773959e-05,-0.3491536921525218,-27.65206214860223,0.7052847252111059,0.7052847252111059,42,fork,0.7052847252111059,60,dining table,person|handbag|wine glass|cup|chair|dining table,False,-0.0003811881174702,1,-0.0003491536921525218,-0.0003811881174702614
42,fork,C:\Users\maxbe\Downloads\coco\train2017\000000558092.jpg,105,rbf,kernel_herding,direct,False,0.8740832899660125,-0.0003822580606988,0.001,0.8937049798864969,0.9019580528364136,-0.0001595573388999,-0.2227007217989518,-27.87476287040118,0.8003543420619779,0.8003543420619779,42,fork,0.8003543420619779,60,dining table,cup|fork|spoon|dining table,True,-0.0003822580606988,1,-0.00022270072179895182,-0.0003822580606988518
42,fork,C:\Users\maxbe\Downloads\coco\train2017\000000202913.jpg,106,rbf,kernel_herding,direct,False,0.8736955940005465,-0.0003876959654659,0.001,0.8937049798864969,0.9019155237975056,-4.252903890789028e-05,-0.3451669265580672,-28.21992979695925,0.7081021425473879,0.7081021425473879,42,fork,0.7081021425473879,55,cake,bowl|donut|cake,False,-0.0003876959654659,1,-0.0003451669265580672,-0.0003876959654659575
42,fork,C:\Users\maxbe\Downloads\coco\train2017\000000161079.jpg,107,rbf,kernel_herding,direct,False,0.8733043642433891,-0.0003912297571574,0.001,0.8937049798864969,0.9021948081971318,0.0002792843996261,-0.6705141567835298,-28.89044395374278,0.5114455469744156,0.5114455469744156,42,fork,0.5114455469744156,19,cow,person|cow,False,-0.0003912297571574,1,-0.0006705141567835298,-0.00039122975715742984
42,fork,C:\Users\maxbe\Downloads\coco\train2017\000000130540.jpg,108,rbf,kernel_herding,direct,False,0.8729090714109552,-0.0003952928324338,0.001,0.8937049798864969,0.9024239129205271,0.0002291047233954,-0.6243975558293345,-29.51484150957211,0.5355839907985105,0.5355839907985105,42,fork,0.5355839907985105,0,person,person|tie|chair,False,-0.0003952928324339,1,-0.0006243975558293345,-0.00039529283243393455
42,fork,C:\Users\maxbe\Downloads\coco\train2017\000000391106.jpg,109,rbf,kernel_herding,direct,False,0.8725126652990018,-0.0003964061119533,0.001,0.8937049798864969,0.9023416417174468,-8.227120308035296e-05,-0.3141349088729002,-29.828976418445013,0.7304204813072755,0.7304204813072755,42,fork,0.7304204813072755,56,chair,person|bottle|sandwich|pizza|chair,False,-0.0003964061119532,1,-0.0003141349088729002,-0.00039640611195325317
42,fork,C:\Users\maxbe\Downloads\coco\train2017\000000077402.jpg,110,rbf,kernel_herding,direct,False,0.8721149828349279,-0.0003976824640739,0.001,0.8937049798864969,0.9020379434494574,-0.0003036982679894,-0.0939841960845041,-29.92296061452952,0.9102971483852972,0.9102971483852972,42,fork,0.9102971483852972,60,dining table,cup|fork|spoon|chair|dining table,True,-0.0003976824640739,1,-9.39841960845041e-05,-0.0003976824640739041
42,fork,C:\Users\maxbe\Downloads\coco\train2017\000000467931.jpg,111,rbf,kernel_herding,direct,False,0.871715073588218,-0.0003999092467099,0.001,0.8937049798864969,0.9020175285304644,-2.041491899296144e-05,-0.3794943277170002,-30.30245494224652,0.6842073064193526,0.6842073064193526,42,fork,0.6842073064193526,0,person,person|tie|laptop,False,-0.0003999092467099,1,-0.0003794943277170002,-0.00039990924670996165
42,fork,C:\Users\maxbe\Downloads\coco\train2017\000000285562.jpg,112,rbf,kernel_herding,direct,False,0.871312855170283,-0.0004022184179349,0.001,0.8937049798864969,0.9018374695221012,-0.0001800590083632,-0.2221594095716944,-30.52461435181821,0.8007877009341214,0.8007877009341214,42,fork,0.8007877009341214,55,cake,spoon|cake,False,-0.0004022184179348,1,-0.0002221594095716944,-0.00040221841793489435
42,fork,C:\Users\maxbe\Downloads\coco\train2017\000000201655.jpg,113,rbf,kernel_herding,direct,False,0.870907126339499,-0.000405728830784,0.001,0.8937049798864969,0.9019473413967224,0.0001098718746213,-0.5156007054053385,-31.040215057223552,0.5971417805619184,0.5971417805619184,42,fork,0.5971417805619184,59,bed,person|bed|laptop,False,-0.000405728830784,1,-0.0005156007054053386,-0.00040572883078403857
42,fork,C:\Users\maxbe\Downloads\coco\train2017\000000343881.jpg,114,rbf,kernel_herding,direct,False,0.8704953173687796,-0.0004118089707193,0.001,0.8937049798864969,0.9021836759954192,0.0002363345986967,-0.648143569416105,-31.68835862663966,0.5230158186353002,0.5230158186353002,42,fork,0.5230158186353002,57,couch,car|couch|remote,False,-0.0004118089707194,1,-0.000648143569416105,-0.000411808970719405
42,fork,C:\Users\maxbe\Downloads\coco\train2017\000000391891.jpg,115,rbf,kernel_herding,direct,False,0.8700835319307964,-0.0004117854379832,0.001,0.8937049798864969,0.9017961598843748,-0.0003875161110443,-0.024269326938833,-31.71262795357849,0.9760228051205134,0.9760228051205134,42,fork,0.9760228051205134,60,dining table,person|cup|fork|knife|sandwich|chair|dining table,True,-0.0004117854379831,1,-2.4269326938833002e-05,-0.000411785437983133
42,fork,C:\Users\maxbe\Downloads\coco\train2017\000000079058.jpg,116,rbf,kernel_herding,direct,False,0.8696696776923115,-0.0004138542384848,0.001,0.8937049798864969,0.9016916260429242,-0.0001045338414507,-0.3093203970341934,-32.02194835061268,0.7339455783633526,0.7339455783633526,42,fork,0.7339455783633526,0,person,person|cake|dining table,False,-0.0004138542384848,1,-0.0003093203970341934,-0.0004138542384848934
42,fork,C:\Users\maxbe\Downloads\coco\train2017\000000203188.jpg,117,rbf,kernel_herding,direct,False,0.8692530333530168,-0.0004166443392946,0.001,0.8937049798864969,0.9014046334614766,-0.0002869925814475,-0.1296517578470063,-32.15160010845969,0.8784012740135969,0.8784012740135969,42,fork,0.8784012740135969,55,cake,cake|dining table,False,-0.0004166443392945,1,-0.0001296517578470063,-0.0004166443392945063
42,fork,C:\Users\maxbe\Downloads\coco\train2017\000000572179.jpg,118,rbf,kernel_herding,direct,False,0.868838570910011,-0.0004144624430058,0.001,0.8937049798864969,0.9010872281798626,-0.0003174052816139,-0.0970571613919675,-32.248657269851655,0.9075041304503308,0.9075041304503308,42,fork,0.9075041304503308,0,person,person|bottle|wine glass|cup|fork|knife|spoon|cake|chair|dining table,True,-0.0004144624430058,1,-9.70571613919675e-05,-0.0004144624430058675
42,fork,C:\Users\maxbe\Downloads\coco\train2017\000000469859.jpg,119,rbf,kernel_herding,direct,False,0.8684249713332202,-0.0004135995767908,0.001,0.8937049798864969,0.900822397787214,-0.0002648303926486,-0.148769184142146,-32.3974264539938,0.861768001664541,0.861768001664541,42,fork,0.861768001664541,60,dining table,person|tie|bottle|wine glass|cup|fork|knife|chair|dining table,True,-0.0004135995767907,1,-0.000148769184142146,-0.000413599576790746
42,fork,C:\Users\maxbe\Downloads\coco\train2017\000000462386.jpg,120,rbf,kernel_herding,direct,False,0.868012920051356,-0.0004120512818641,0.001,0.8937049798864969,0.9006209447231628,-0.0002014530640511,-0.2105982178129541,-32.60802467180675,0.8100994850451142,0.8100994850451142,42,fork,0.8100994850451142,48,sandwich,sandwich|orange,False,-0.000412051281864,1,-0.0002105982178129541,-0.0004120512818640541
42,fork,C:\Users\maxbe\Downloads\coco\train2017\000000438167.jpg,121,rbf,kernel_herding,direct,False,0.8675993047731826,-0.0004136152781734,0.001,0.8937049798864969,0.900627449243321,6.504520158268079e-06,-0.4201197983317482,-33.0281444701385,0.656968111415824,0.656968111415824,42,fork,0.656968111415824,60,dining table,fork|carrot|dining table,True,-0.0004136152781734,1,-0.0004201197983317482,-0.0004136152781734801
42,fork,C:\Users\maxbe\Downloads\coco\train2017\000000400333.jpg,122,rbf,kernel_herding,direct,False,0.8671868098066632,-0.0004124949665194,0.001,0.8937049798864969,0.9002605761602959,-0.0003668730830251,-0.045621883494203,-33.073766353632706,0.955403147600127,0.955403147600127,42,fork,0.955403147600127,60,dining table,cup|fork|knife|pizza|dining table,True,-0.0004124949665193,1,-4.5621883494203004e-05,-0.000412494966519303
42,fork,C:\Users\maxbe\Downloads\coco\train2017\000000400443.jpg,123,rbf,kernel_herding,direct,False,0.8667755117828521,-0.0004112980238111,0.001,0.8937049798864969,0.8999016582495039,-0.000358917910792,-0.0523801130190957,-33.126146466651804,0.9489680831538316,0.9489680831538316,42,fork,0.9489680831538316,55,cake,fork|spoon|donut|cake,True,-0.000411298023811,1,-5.2380113019095706e-05,-0.0004112980238110957
42,fork,C:\Users\maxbe\Downloads\coco\train2017\000000472485.jpg,124,rbf,kernel_herding,direct,False,0.8663658027785471,-0.0004097090043049,0.001,0.8937049798864969,0.8997468982532164,-0.0001547599962874,-0.2549490080174322,-33.38109547466924,0.7749560134961156,0.7749560134961156,42,fork,0.7749560134961156,0,person,person|fork|laptop|remote|keyboard|cell phone,True,-0.0004097090043048,1,-0.0002549490080174322,-0.00040970900430483217
42,fork,C:\Users\maxbe\Downloads\coco\train2017\000000259655.jpg,125,rbf,kernel_herding,direct,False,0.8659543186958565,-0.0004114840826906,0.001,0.8937049798864969,0.8994441812634947,-0.0003027169897217,-0.1087670929689236,-33.48986256763816,0.8969392966402171,0.8969392966402171,42,fork,0.8969392966402171,0,person,person|wine glass|fork|bowl|apple|orange|cake|chair|dining table|cell phone,True,-0.0004114840826906,1,-0.0001087670929689236,-0.0004114840826906236
42,fork,C:\Users\maxbe\Downloads\coco\train2017\000000296997.jpg,126,rbf,kernel_herding,direct,False,0.8655394242839204,-0.000414894411936,0.001,0.8937049798864969,0.8991695482109462,-0.0002746330525484,-0.1402613593876494,-33.630123927025814,0.8691310501515457,0.8691310501515457,42,fork,0.8691310501515457,55,cake,fork|cake|dining table,True,-0.000414894411936,1,-0.0001402613593876494,-0.0004148944119360494
42,fork,C:\Users\maxbe\Downloads\coco\train2017\000000304909.jpg,127,rbf,kernel_herding,direct,False,0.8651263014095542,-0.0004131228743662,0.001,0.8937049798864969,0.8987819924987448,-0.0003875557122013,-0.0255671621648502,-33.65569108919066,0.9747569099819692,0.9747569099819692,42,fork,0.9747569099819692,0,person,person|cup|fork|knife|pizza,True,-0.0004131228743661,1,-2.55671621648502e-05,-0.00041312287436615015
42,fork,C:\Users\maxbe\Downloads\coco\train2017\000000304260.jpg,128,rbf,kernel_herding,direct,False,0.8647142914405134,-0.0004120099690407,0.001,0.8937049798864969,0.8985863663345164,-0.0001956261642284,-0.2163838048123469,-33.872074894003006,0.8054261161234274,0.8054261161234274,42,fork,0.8054261161234274,0,person,person|bench|sandwich|potted plant|book,False,-0.0004120099690407,1,-0.0002163838048123469,-0.0004120099690407469
42,fork,C:\Users\maxbe\Downloads\coco\train2017\000000347796.jpg,129,rbf,kernel_herding,direct,False,0.8643012702337081,-0.0004130212068053,0.001,0.8937049798864969,0.8984576231898329,-0.0001287431446834,-0.2842780621218533,-34.15635295612486,0.752557357913422,0.752557357913422,42,fork,0.752557357913422,63,laptop,person|cup|laptop|remote,False,-0.0004130212068052,1,-0.0002842780621218533,-0.00041302120680525333
42,fork,C:\Users\maxbe\Downloads\coco\train2017\000000460266.jpg,130,rbf,kernel_herding,direct,False,0.8638882030101243,-0.0004130672235838,0.001,0.8937049798864969,0.8981475219049808,-0.000310101284852,-0.1029659387317203,-34.259318894856584,0.9021577015926988,0.9021577015926988,42,fork,0.9021577015926988,55,cake,person|cup|spoon|bowl|cake|dining table,False,-0.0004130672235837,1,-0.0001029659387317203,-0.0004130672235837203
42,fork,C:\Users\maxbe\Downloads\coco\train2017\000000351966.jpg,131,rbf,kernel_herding,direct,False,0.8634753860106094,-0.0004128169995148,0.001,0.8937049798864969,0.898324057663656,0.0001765357586751,-0.5893527581900041,-34.84867165304659,0.5546861846635996,0.5546861846635996,42,fork,0.5546861846635996,58,potted plant,potted plant|vase,False,-0.0004128169995149,1,-0.0005893527581900041,-0.0004128169995149041
42,fork,C:\Users\maxbe\Downloads\coco\train2017\000000109825.jpg,132,rbf,kernel_herding,direct,False,0.8630608071233562,-0.0004145788872531,0.001,0.8937049798864969,0.8980235332761339,-0.000300524387522,-0.1140544997311935,-34.96272615277778,0.8922093293877349,0.8922093293877349,42,fork,0.8922093293877349,60,dining table,broccoli|dining table,False,-0.0004145788872531,1,-0.0001140544997311935,-0.00041457888725319347
42,fork,C:\Users\maxbe\Downloads\coco\train2017\000000029838.jpg,133,rbf,kernel_herding,direct,False,0.8626423802400911,-0.000418426883265,0.001,0.8937049798864969,0.8979206312446738,-0.0001029020314601,-0.3155248518048905,-35.27825100458267,0.7294059437598823,0.7294059437598823,42,fork,0.7294059437598823,60,dining table,bottle|fork|sandwich|broccoli|carrot|dining table|scissors,True,-0.0004184268832649,1,-0.0003155248518048905,-0.0004184268832649905
42,fork,C:\Users\maxbe\Downloads\coco\train2017\000000474608.jpg,134,rbf,kernel_herding,direct,False,0.862222089121337,-0.000420291118754,0.001,0.8937049798864969,0.8981254585148277,0.0002048272701539,-0.6251183889080006,-35.90336939349067,0.5351980632529193,0.5351980632529193,42,fork,0.5351980632529193,0,person,person|cup|laptop,False,-0.0004202911187541,1,-0.0006251183889080007,-0.0004202911187541007
42,fork,C:\Users\maxbe\Downloads\coco\train2017\000000294283.jpg,135,rbf,kernel_herding,direct,False,0.8618008321491518,-0.0004212569721852,0.001,0.8937049798864969,0.8978472038786015,-0.0002782546362262,-0.143002335959062,-36.04637172944973,0.866752044194832,0.866752044194832,42,fork,0.866752044194832,60,dining table,person|wine glass|cup|fork|spoon|bowl|hot dog|chair|dining table,True,-0.0004212569721852,1,-0.000143002335959062,-0.00042125697218526204
42,fork,C:\Users\maxbe\Downloads\coco\train2017\000000365879.jpg,136,rbf,kernel_herding,direct,False,0.8613805631554146,-0.0004202689937372,0.001,0.8937049798864969,0.8977339044235032,-0.0001132994550983,-0.3069695386389227,-36.353341268088656,0.7356730101661408,0.7356730101661408,42,fork,0.7356730101661408,73,book,keyboard|cell phone|book,False,-0.0004202689937372,1,-0.00030696953863892267,-0.00042026899373722267
42,fork,C:\Users\maxbe\Downloads\coco\train2017\000000318209.jpg,137,rbf,kernel_herding,direct,False,0.8609604518911032,-0.0004201112643114,0.001,0.8937049798864969,0.8974203738526283,-0.0003135305708749,-0.1065806934364346,-36.45992196152509,0.8989025097010545,0.8989025097010545,42,fork,0.8989025097010545,48,sandwich,cat|fork|sandwich|refrigerator,True,-0.0004201112643113,1,-0.0001065806934364346,-0.00042011126431133457
42,fork,C:\Users\maxbe\Downloads\coco\train2017\000000152340.jpg,138,rbf,kernel_herding,direct,False,0.8605400562110063,-0.0004203956800968,0.001,0.8937049798864969,0.897243186370012,-0.0001771874826163,-0.243208197480641,-36.70313015900573,0.7841082474136626,0.7841082474136626,42,fork,0.7841082474136626,60,dining table,person|cup|fork|knife|spoon|sandwich|donut|dining table,True,-0.0004203956800969,1,-0.000243208197480641,-0.00042039568009694095
42,fork,C:\Users\maxbe\Downloads\coco\train2017\000000159831.jpg,139,rbf,kernel_herding,direct,False,0.8601183031651214,-0.0004217530458848,0.001,0.8937049798864969,0.89709872292066,-0.000144463449352,-0.277289596532854,-36.98041975553858,0.7578349989399192,0.7578349989399192,42,fork,0.7578349989399192,48,sandwich,sandwich,False,-0.0004217530458848,1,-0.000277289596532854,-0.000421753045884854
42,fork,C:\Users\maxbe\Downloads\coco\train2017\000000077784.jpg,140,rbf,kernel_herding,direct,False,0.8596957617378161,-0.0004225414273052,0.001,0.8937049798864969,0.8967790278032021,-0.0003196951174578,-0.10284630984732,-37.08326606538591,0.902265632167772,0.902265632167772,42,fork,0.902265632167772,60,dining table,person|bottle|cup|fork|knife|spoon|sandwich|dining table,True,-0.0004225414273051,1,-0.00010284630984732,-0.00042254142730512
42,fork,C:\Users\maxbe\Downloads\coco\train2017\000000482665.jpg,141,rbf,kernel_herding,direct,False,0.8592714877798238,-0.0004242739579923,0.001,0.8937049798864969,0.8966632425986737,-0.0001157852045283,-0.3084887534639676,-37.39175481884988,0.7345562133646367,0.7345562133646367,42,fork,0.7345562133646367,0,person,person|chair|couch|dining table|book|scissors,False,-0.0004242739579922,1,-0.0003084887534639676,-0.00042427395799226757
42,fork,C:\Users\maxbe\Downloads\coco\train2017\000000408266.jpg,142,rbf,kernel_herding,direct,False,0.8588468329218815,-0.0004246548579422,0.001,0.8937049798864969,0.8964530730256653,-0.0002101695730083,-0.2144852849339681,-37.60624010378385,0.8069566860644549,0.8069566860644549,42,fork,0.8069566860644549,0,person,person|bowl|pizza|chair|dining table,False,-0.0004246548579422,1,-0.0002144852849339681,-0.0004246548579422681
42,fork,C:\Users\maxbe\Downloads\coco\train2017\000000000194.jpg,143,rbf,kernel_herding,direct,False,0.858422794624891,-0.0004240382969904,0.001,0.8937049798864969,0.8963172207596538,-0.0001358522660115,-0.2881860309789251,-37.89442613476277,0.7496221263279688,0.7496221263279688,42,fork,0.7496221263279688,53,pizza,knife|pizza,False,-0.0004240382969904,1,-0.0002881860309789251,-0.0004240382969904251
42,fork,C:\Users\maxbe\Downloads\coco\train2017\000000011291.jpg,144,rbf,kernel_herding,direct,False,0.8579986837880683,-0.0004241108368226,0.001,0.8937049798864969,0.896352765770958,3.554501130420551e-05,-0.4596558481269743,-38.35408198288975,0.6315009403440057,0.6315009403440057,42,fork,0.6315009403440057,0,person,person|bottle|wine glass|tv,False,-0.0004241108368227,1,-0.0004596558481269743,-0.0004241108368227688
42,fork,C:\Users\maxbe\Downloads\coco\train2017\000000192808.jpg,145,rbf,kernel_herding,direct,False,0.8575732085095276,-0.0004254752785407,0.001,0.8937049798864969,0.8963097626980359,-4.300307292215422e-05,-0.382472205618498,-38.73655418850824,0.6821728512844348,0.6821728512844348,42,fork,0.6821728512844348,55,cake,person|knife|bowl|cake|dining table|microwave|oven,False,-0.0004254752785406,1,-0.000382472205618498,-0.0004254752785406522
42,fork,C:\Users\maxbe\Downloads\coco\train2017\000000015427.jpg,146,rbf,kernel_herding,direct,False,0.8571450512825208,-0.0004281572270067,0.001,0.8937049798864969,0.8962686463264312,-4.111637160464365e-05,-0.3870408554021435,-39.12359504391039,0.679063350952611,0.679063350952611,42,fork,0.679063350952611,0,person,person|cup|donut|chair|remote|book|vase,False,-0.0004281572270067,1,-0.0003870408554021435,-0.00042815722700678715
42,fork,C:\Users\maxbe\Downloads\coco\train2017\000000364618.jpg,147,rbf,kernel_herding,direct,False,0.8567179318371582,-0.0004271194453626,0.001,0.8937049798864969,0.8959472433737682,-0.000321402952663,-0.105716492699655,-39.22931153661004,0.8996796776784328,0.8996796776784328,42,fork,0.8996796776784328,55,cake,fork|cake,True,-0.0004271194453626,1,-0.000105716492699655,-0.000427119445362655
42,fork,C:\Users\maxbe\Downloads\coco\train2017\000000265292.jpg,148,rbf,kernel_herding,direct,False,0.8562915156428433,-0.0004264161943148,0.001,0.8937049798864969,0.8955851714128753,-0.0003620719608928,-0.0643442334219531,-39.293655770032,0.93768216242778,0.93768216242778,42,fork,0.93768216242778,60,dining table,bottle|cup|fork|sandwich|dining table,True,-0.0004264161943147,1,-6.43442334219531e-05,-0.0004264161943147531
42,fork,C:\Users\maxbe\Downloads\coco\train2017\000000266071.jpg,149,rbf,kernel_herding,direct,False,0.8558638479188986,-0.0004276677239447,0.001,0.8937049798864969,0.8955949653288501,9.79391597477619e-06,-0.4374616399194559,-39.73111740995145,0.6456732940314096,0.6456732940314096,42,fork,0.6456732940314096,0,person,person|donut,False,-0.0004276677239446,1,-0.0004374616399194559,-0.0004276677239446797
42,fork,C:\Users\maxbe\Downloads\coco\train2017\000000032893.jpg,150,rbf,kernel_herding,direct,False,0.8554371095755857,-0.0004267383433128,0.001,0.8937049798864969,0.8952887230683609,-0.0003062422604891,-0.1204960828237067,-39.85161349277516,0.8864805598382106,0.8864805598382106,42,fork,0.8864805598382106,60,dining table,bottle|cup|spoon|broccoli|pizza|dining table,False,-0.0004267383433128,1,-0.00012049608282370671,-0.0004267383433128067
42,fork,C:\Users\maxbe\Downloads\coco\train2017\000000392302.jpg,151,rbf,kernel_herding,direct,False,0.8550050458234787,-0.000432063752107,0.001,0.8937049798864969,0.8949950157807582,-0.0002937072876026,-0.1383564645044087,-39.98996995727957,0.8707882313187025,0.8707882313187025,42,fork,0.8707882313187025,53,pizza,bottle|cup|fork|knife|bowl|pizza|dining table,True,-0.000432063752107,1,-0.0001383564645044087,-0.00043206375210700867
42,fork,C:\Users\maxbe\Downloads\coco\train2017\000000242860.jpg,152,rbf,kernel_herding,direct,False,0.8545741450258647,-0.0004309007976139,0.001,0.8937049798864969,0.894647965452308,-0.0003470503284502,-0.0838504691637138,-40.07382042644328,0.9195687496982669,0.9195687496982669,42,fork,0.9195687496982669,60,dining table,fork|orange|cake|dining table,True,-0.0004309007976139,1,-8.385046916371381e-05,-0.0004309007976139138
42,fork,C:\Users\maxbe\Downloads\coco\train2017\000000198796.jpg,153,rbf,kernel_herding,direct,False,0.8541440884945269,-0.0004300565313377,0.001,0.8937049798864969,0.894503783135408,-0.0001441823168999,-0.2858742144377409,-40.359694640881024,0.7513571198799278,0.7513571198799278,42,fork,0.7513571198799278,60,dining table,cup|fork|knife|spoon|sandwich|dining table,True,-0.0004300565313376,1,-0.00028587421443774093,-0.00043005653133764094
42,fork,C:\Users\maxbe\Downloads\coco\train2017\000000005373.jpg,154,rbf,kernel_herding,direct,False,0.8537150209813142,-0.0004290675132126,0.001,0.8937049798864969,0.8943466867291184,-0.0001570964062895,-0.2719711069232012,-40.63166574780423,0.7618762737205175,0.7618762737205175,42,fork,0.7618762737205175,0,person,person|pizza|refrigerator,False,-0.0004290675132127,1,-0.0002719711069232012,-0.0004290675132127012
42,fork,C:\Users\maxbe\Downloads\coco\train2017\000000457724.jpg,155,rbf,kernel_herding,direct,False,0.8532786688669034,-0.0004363521144108,0.001,0.8937049798864969,0.894643588568855,0.0002969018397365,-0.7332539541472859,-41.36491970195152,0.4803434288459093,0.4803434288459093,42,fork,0.4803434288459093,4,airplane,person|airplane|backpack|handbag,False,-0.0004363521144107,1,-0.0007332539541472859,-0.00043635211441078595
42,fork,C:\Users\maxbe\Downloads\coco\train2017\000000210591.jpg,156,rbf,kernel_herding,direct,False,0.8528395362661,-0.0004391326008034,0.001,0.8937049798864969,0.8947910172670277,0.0001474286981727,-0.5865612989761667,-41.95148100092768,0.5562367316620693,0.5562367316620693,42,fork,0.5562367316620693,17,horse,horse,False,-0.0004391326008034,1,-0.0005865612989761667,-0.0004391326008034667
42,fork,C:\Users\maxbe\Downloads\coco\train2017\000000303520.jpg,157,rbf,kernel_herding,direct,False,0.8523978664223333,-0.0004416698437667,0.001,0.8937049798864969,0.8944236127328148,-0.0003674045342129,-0.0742653095538413,-42.02574631048152,0.9284253410488488,0.9284253410488488,42,fork,0.9284253410488488,60,dining table,person|wine glass|fork|knife|cake|dining table,True,-0.0004416698437667,1,-7.42653095538413e-05,-0.00044166984376674127
42,fork,C:\Users\maxbe\Downloads\coco\train2017\000000374288.jpg,158,rbf,kernel_herding,direct,False,0.8519586567311379,-0.0004392096911953,0.001,0.8937049798864969,0.8941106445152538,-0.0003129682175609,-0.12624147363431,-42.15198778411583,0.8814019857425004,0.8814019857425004,42,fork,0.8814019857425004,60,dining table,bottle|cup|bowl|broccoli|carrot|dining table,False,-0.0004392096911952,1,-0.00012624147363431,-0.00043920969119521
42,fork,C:\Users\maxbe\Downloads\coco\train2017\000000502638.jpg,159,rbf,kernel_herding,direct,False,0.8515210335907246,-0.0004376231404132,0.001,0.8937049798864969,0.893896132468959,-0.0002145120462947,-0.2231110941186404,-42.37509887823448,0.8000259661768478,0.8000259661768478,42,fork,0.8000259661768478,0,person,person|sandwich|broccoli,False,-0.0004376231404133,1,-0.0002231110941186404,-0.0004376231404133404
42,fork,C:\Users\maxbe\Downloads\coco\train2017\000000578002.jpg,160,rbf,kernel_herding,direct,False,0.8510812385650134,-0.0004397950257112,0.001,0.8937049798864969,0.8939100563979642,1.3923929005121847e-05,-0.4537189547162649,-42.82881783295074,0.6352612453357042,0.6352612453357042,42,fork,0.6352612453357042,60,dining table,person|bottle|wine glass|dining table,False,-0.0004397950257111,1,-0.0004537189547162649,-0.00043979502571114305
45,bowl,C:\Users\maxbe\Downloads\coco\train2017\000000050794.jpg,1,rbf,kernel_herding,direct,False,0.9232166782799948,0.0003086863799037,0.001,0.9229079761890024,0.9233596651409296,0.0004516732408386,-0.1429868609347864,-0.1429868609347864,0.8667654573075407,0.8667654573075407,45,bowl,0.8667654573075407,15,cat,cat|book,False,0.0003086863799038,1,-0.0001429868609347864,0.0003086863799038136
45,bowl,C:\Users\maxbe\Downloads\coco\train2017\000000475465.jpg,2,rbf,kernel_herding,direct,False,0.9234791614751086,0.0002624831951137,0.001,0.9229079761890024,0.9238086722373589,0.0004490070964291,-0.1865239013153664,-0.3295107622501528,0.8298387274761831,0.8298387274761831,45,bowl,0.8298387274761831,21,bear,bear,False,0.0002624831951137,1,-0.0001865239013153664,0.00026248319511373364
45,bowl,C:\Users\maxbe\Downloads\coco\train2017\000000551349.jpg,3,rbf,kernel_herding,direct,False,0.923723217961324,0.0002440564862155,0.001,0.9229079761890024,0.9241499074790694,0.0003412352417107,-0.0971787554952535,-0.4266895177454063,0.9073937900078698,0.9073937900078698,45,bowl,0.9073937900078698,77,teddy bear,teddy bear,False,0.0002440564862154,1,-9.71787554952535e-05,0.00024405648621544652
45,bowl,C:\Users\maxbe\Downloads\coco\train2017\000000386962.jpg,4,rbf,kernel_herding,direct,False,0.9239409617833484,0.0002177438220243,0.001,0.9229079761890024,0.924431669093252,0.0002817616141826,-0.064017792158351,-0.4907073099037574,0.9379883105447108,0.9379883105447108,45,bowl,0.9379883105447108,28,suitcase,suitcase,False,0.0002177438220242,1,-6.401779215835101e-05,0.00021774382202424902
45,bowl,C:\Users\maxbe\Downloads\coco\train2017\000000428847.jpg,5,rbf,kernel_herding,direct,False,0.9241448739825248,0.0002039121991763,0.001,0.9229079761890024,0.9247681427297064,0.0003364736364541,-0.1325614372778276,-0.623268747181585,0.8758491226663215,0.8758491226663215,45,bowl,0.8758491226663215,1,bicycle,bicycle|bench,False,0.0002039121991762,1,-0.0001325614372778276,0.0002039121991762724
45,bowl,C:\Users\maxbe\Downloads\coco\train2017\000000210276.jpg,6,rbf,kernel_herding,direct,False,0.9243356424599156,0.0001907684773909,0.001,0.9229079761890024,0.925128389197664,0.0003602464679577,-0.1694779905667114,-0.7927467377482964,0.8441053325549207,0.8441053325549207,45,bowl,0.8441053325549207,28,suitcase,cat|suitcase|chair|book,False,0.0001907684773909,1,-0.0001694779905667114,0.00019076847739098857
45,bowl,C:\Users\maxbe\Downloads\coco\train2017\000000581097.jpg,7,rbf,kernel_herding,direct,False,0.9245080280717124,0.0001723856117967,0.001,0.9229079761890024,0.9255082146549288,0.0003798254572646,-0.2074398454679651,-1.0001865832162615,0.8126621256116594,0.8126621256116594,45,bowl,0.8126621256116594,56,chair,dog|chair|book,False,0.0001723856117966,1,-0.0002074398454679651,0.00017238561179663492
45,bowl,C:\Users\maxbe\Downloads\coco\train2017\000000010694.jpg,8,rbf,kernel_herding,direct,False,0.9246641193092284,0.000156091237516,0.001,0.9229079761890024,0.9257473072841516,0.0002390926292229,-0.0830013917068283,-1.08318797492309,0.92034986636104,0.92034986636104,45,bowl,0.92034986636104,62,tv,cat|tv,False,0.000156091237516,1,-8.30013917068283e-05,0.0001560912375160717
45,bowl,C:\Users\maxbe\Downloads\coco\train2017\000000016664.jpg,9,rbf,kernel_herding,direct,False,0.9248019502533872,0.0001378309441587,0.001,0.9229079761890024,0.9260178811562751,0.0002705738721235,-0.1327429279648669,-1.2159309028879568,0.8756901786311733,0.8756901786311733,45,bowl,0.8756901786311733,15,cat,cat|sink,False,0.0001378309441586,1,-0.0001327429279648669,0.0001378309441586331
45,bowl,C:\Users\maxbe\Downloads\coco\train2017\000000323186.jpg,10,rbf,kernel_herding,direct,False,0.924929258423066,0.0001273081696787,0.001,0.9229079761890024,0.9262154254102076,0.0001975442539323,-0.0702360842536177,-1.2861669871415746,0.9321737223876992,0.9321737223876992,45,bowl,0.9321737223876992,58,potted plant,potted plant|sink,False,0.0001273081696786,1,-7.02360842536177e-05,0.00012730816967868231
45,bowl,C:\Users\maxbe\Downloads\coco\train2017\000000380472.jpg,11,rbf,kernel_herding,direct,False,0.9250464343657332,0.0001171759426672,0.001,0.9229079761890024,0.9266760395028864,0.0004606140926787,-0.3434381500114782,-1.6296051371530529,0.7093273516752722,0.7093273516752722,45,bowl,0.7093273516752722,41,cup,bird|cup|tv|mouse|cell phone,False,0.0001171759426672,1,-0.00034343815001147823,0.00011717594266722175
45,bowl,C:\Users\maxbe\Downloads\coco\train2017\000000001706.jpg,12,rbf,kernel_herding,direct,False,0.9251545554907272,0.0001081211249939,0.001,0.9229079761890024,0.9269507028449764,0.00027466334209,-0.1665422170960549,-1.7961473542491078,0.846587075732105,0.846587075732105,45,bowl,0.846587075732105,0,person,person|dog|bowl,True,0.0001081211249939,1,-0.0001665422170960549,0.0001081211249939451
45,bowl,C:\Users\maxbe\Downloads\coco\train2017\000000528251.jpg,13,rbf,kernel_herding,direct,False,0.9252442994623024,8.974397157512914e-05,0.001,0.9229079761890024,0.9273157622632302,0.0003650594182538,-0.2753154466786929,-2.071462800927801,0.7593325565077185,0.7593325565077185,45,bowl,0.7593325565077185,26,handbag,dog|handbag|donut,False,8.974397157510714e-05,1,-0.0002753154466786929,8.974397157510714e-05
45,bowl,C:\Users\maxbe\Downloads\coco\train2017\000000252314.jpg,14,rbf,kernel_herding,direct,False,0.9253220034811972,7.770401889473089e-05,0.001,0.9229079761890024,0.9274989357309552,0.000183173467725,-0.1054694488303011,-2.176932249758102,0.899901965483475,0.899901965483475,45,bowl,0.899901965483475,45,bowl,bowl|orange,True,7.770401889469889e-05,1,-0.00010546944883030111,7.770401889469889e-05
45,bowl,C:\Users\maxbe\Downloads\coco\train2017\000000241003.jpg,15,rbf,kernel_herding,direct,False,0.9253886671394282,6.666365823115861e-05,0.001,0.9229079761890024,0.9276822916115952,0.0001833558806398,-0.1166922224087397,-2.293624472166842,0.8898590296885955,0.8898590296885955,45,bowl,0.8898590296885955,62,tv,tv,False,6.66636582310603e-05,1,-0.0001166922224087397,6.66636582310603e-05
45,bowl,C:\Users\maxbe\Downloads\coco\train2017\000000115475.jpg,16,rbf,kernel_herding,direct,False,0.925449151455184,6.048431575589319e-05,0.001,0.9229079761890024,0.9278682726323044,0.0001859810207093,-0.1254967049534277,-2.4191211771202696,0.8820586708456444,0.8820586708456444,45,bowl,0.8820586708456444,-1,unlabeled,,False,6.048431575587227e-05,1,-0.00012549670495342772,6.048431575587227e-05
45,bowl,C:\Users\maxbe\Downloads\coco\train2017\000000123831.jpg,17,rbf,kernel_herding,direct,False,0.9254957892470258,4.663779184166384e-05,0.001,0.9229079761890024,0.928046120443532,0.0001778478112276,-0.131210019385994,-2.550331196506264,0.8770335609965519,0.8770335609965519,45,bowl,0.8770335609965519,28,suitcase,suitcase,False,4.663779184160602e-05,1,-0.000131210019385994,4.663779184160602e-05
45,bowl,C:\Users\maxbe\Downloads\coco\train2017\000000317527.jpg,18,rbf,kernel_herding,direct,False,0.9255336894471567,3.790020013094697e-05,0.001,0.9229079761890024,0.9282128342813264,0.0001667138377943,-0.1288136376634292,-2.679144834169693,0.8791377884513228,0.8791377884513228,45,bowl,0.8791377884513228,59,bed,dog|bed|vase,False,3.790020013087078e-05,1,-0.00012881363766342922,3.790020013087078e-05
45,bowl,C:\Users\maxbe\Downloads\coco\train2017\000000086809.jpg,19,rbf,kernel_herding,direct,False,0.9255551453705066,2.1455923349900097e-05,0.001,0.9229079761890024,0.9283393167526132,0.0001264824712868,-0.1050265479369388,-2.784171382106632,0.9003006211438839,0.9003006211438839,45,bowl,0.9003006211438839,15,cat,cat,False,2.14559233498612e-05,1,-0.0001050265479369388,2.14559233498612e-05
45,bowl,C:\Users\maxbe\Downloads\coco\train2017\000000335304.jpg,20,rbf,kernel_herding,direct,False,0.9255731305642751,1.7985193768499386e-05,0.001,0.9229079761890024,0.9284727591227144,0.0001334423701011,-0.1154571763326366,-2.8996285584392685,0.8909587255392372,0.8909587255392372,45,bowl,0.8909587255392372,57,couch,couch|potted plant|book|vase,False,1.7985193768463404e-05,1,-0.00011545717633263659,1.7985193768463404e-05
45,bowl,C:\Users\maxbe\Downloads\coco\train2017\000000079887.jpg,21,rbf,kernel_herding,direct,False,0.9255788550959668,5.724531691675416e-06,0.001,0.9229079761890024,0.9285536425515368,8.088342882228705e-05,-0.0751588971305924,-2.974787455569861,0.9275960822610012,0.9275960822610012,45,bowl,0.9275960822610012,45,bowl,bowl,True,5.724531691694647e-06,1,-7.51588971305924e-05,5.724531691694647e-06
45,bowl,C:\Users\maxbe\Downloads\coco\train2017\000000097028.jpg,22,rbf,kernel_herding,direct,False,0.9255615451497882,-1.7309946178656332e-05,0.001,0.9229079761890024,0.9286688589690012,0.0001152164174643,-0.1325263636430217,-3.107313819212883,0.8758798424173185,0.8758798424173185,45,bowl,0.8758798424173185,45,bowl,bowl|broccoli|carrot,True,-1.7309946178721696e-05,1,-0.0001325263636430217,-1.7309946178721696e-05
45,bowl,C:\Users\maxbe\Downloads\coco\train2017\000000098145.jpg,23,rbf,kernel_herding,direct,False,0.92552945774502,-3.2087404768121885e-05,0.001,0.9229079761890024,0.9287306665398924,6.1807570891248e-05,-0.0938949756594591,-3.201208794872342,0.9103783691070132,0.9103783691070132,45,bowl,0.9103783691070132,77,teddy bear,teddy bear,False,-3.20874047682111e-05,1,-9.38949756594591e-05,-3.20874047682111e-05
45,bowl,C:\Users\maxbe\Downloads\coco\train2017\000000110004.jpg,24,rbf,kernel_herding,direct,False,0.9254923936657966,-3.7064079223436686e-05,0.001,0.9229079761890024,0.9290218306017126,0.0002911640618202,-0.3282281410436893,-3.529436935916032,0.7201986940785732,0.7201986940785732,45,bowl,0.7201986940785732,74,clock,clock,False,-3.706407922348933e-05,1,-0.00032822814104368933,-3.7064079223489324e-05
45,bowl,C:\Users\maxbe\Downloads\coco\train2017\000000477927.jpg,25,rbf,kernel_herding,direct,False,0.9254441148465832,-4.827881921343202e-05,0.001,0.9229079761890024,0.929384898925885,0.0003630683241724,-0.4113471433858211,-3.940784079301853,0.6627568200147046,0.6627568200147046,45,bowl,0.6627568200147046,14,bird,bird,False,-4.8278819213421126e-05,1,-0.0004113471433858211,-4.8278819213421126e-05
45,bowl,C:\Users\maxbe\Downloads\coco\train2017\000000175729.jpg,26,rbf,kernel_herding,direct,False,0.9253873301717837,-5.6784674799637e-05,0.001,0.9229079761890024,0.9295024935002631,0.000117594574378,-0.1743792491777253,-4.115163328479578,0.8399782761722364,0.8399782761722364,45,bowl,0.8399782761722364,58,potted plant,cat|potted plant,False,-5.678467479972531e-05,1,-0.0001743792491777253,-5.678467479972531e-05
45,bowl,C:\Users\maxbe\Downloads\coco\train2017\000000040398.jpg,27,rbf,kernel_herding,direct,False,0.9253175552132346,-6.977495854898486e-05,0.001,0.9229079761890024,0.929697455101008,0.0001949616007448,-0.2647365592938578,-4.379899887773435,0.7674080898768441,0.7674080898768441,45,bowl,0.7674080898768441,0,person,person|dog|cup|fork|knife|spoon|chair|dining table,False,-6.977495854905782e-05,1,-0.0002647365592938578,-6.977495854905782e-05
45,bowl,C:\Users\maxbe\Downloads\coco\train2017\000000108208.jpg,28,rbf,kernel_herding,direct,False,0.92524330047297,-7.425474026467871e-05,0.001,0.9229079761890024,0.929758142283458,6.068718244989224e-05,-0.1349419227145805,-4.514841810488016,0.8737666562089509,0.8737666562089509,45,bowl,0.8737666562089509,60,dining table,cup|spoon|bowl|dining table,True,-7.425474026468825e-05,1,-0.0001349419227145805,-7.425474026468825e-05
45,bowl,C:\Users\maxbe\Downloads\coco\train2017\000000247603.jpg,29,rbf,kernel_herding,direct,False,0.9251668288436288,-7.647162934121265e-05,0.001,0.9229079761890024,0.9297498879222555,-8.25436120233114e-06,-0.0682172681388925,-4.583059078626908,0.934057510591372,0.934057510591372,45,bowl,0.934057510591372,49,orange,apple|orange,False,-7.647162934122365e-05,1,-6.82172681388925e-05,-7.647162934122365e-05
45,bowl,C:\Users\maxbe\Downloads\coco\train2017\000000288721.jpg,30,rbf,kernel_herding,direct,False,0.9250884630555726,-7.836578805608951e-05,0.001,0.9229079761890024,0.9297609212302936,1.1033308038199683e-05,-0.0893990960942676,-4.672458174721176,0.914480535125735,0.914480535125735,45,bowl,0.914480535125735,69,oven,bowl|toilet|oven,True,-7.836578805606792e-05,1,-8.939909609426761e-05,-7.836578805606792e-05
45,bowl,C:\Users\maxbe\Downloads\coco\train2017\000000018531.jpg,31,rbf,kernel_herding,direct,False,0.9250089338176012,-7.952923797127642e-05,0.001,0.9229079761890024,0.9297328862809592,-2.803494933456552e-05,-0.0514942886367111,-4.723952463357887,0.9498090746503888,0.9498090746503888,45,bowl,0.9498090746503888,45,bowl,spoon|bowl|carrot,True,-7.952923797127663e-05,1,-5.14942886367111e-05,-7.952923797127663e-05
45,bowl,C:\Users\maxbe\Downloads\coco\train2017\000000221390.jpg,32,rbf,kernel_herding,direct,False,0.9249184391683368,-9.049464926436102e-05,0.001,0.9229079761890024,0.9297135343455752,-1.935193538404878e-05,-0.0711427138803176,-4.795095177238204,0.9313289690708068,0.9313289690708068,45,bowl,0.9313289690708068,0,person,person|tie|bottle|chair|couch|dining table|remote|cell phone|vase,False,-9.049464926436638e-05,1,-7.11427138803176e-05,-9.049464926436638e-05
45,bowl,C:\Users\maxbe\Downloads\coco\train2017\000000571876.jpg,33,rbf,kernel_herding,direct,False,0.9248215204413588,-9.691872697814574e-05,0.001,0.9229079761890024,0.9296599119281572,-5.362241741779794e-05,-0.043296309560359,-4.838391486798564,0.9576275938110252,0.9576275938110252,45,bowl,0.9576275938110252,51,carrot,cup|carrot,False,-9.691872697815694e-05,1,-4.3296309560359e-05,-9.691872697815694e-05
45,bowl,C:\Users\maxbe\Downloads\coco\train2017\000000463611.jpg,34,rbf,kernel_herding,direct,False,0.924712646661202,-0.0001088737801566,0.001,0.9229079761890024,0.929703344066472,4.343213831481396e-05,-0.1523059184714109,-4.990697405269975,0.8587255405489072,0.8587255405489072,45,bowl,0.8587255405489072,15,cat,cat|bottle|bowl|sink,True,-0.0001088737801565,1,-0.0001523059184714109,-0.00010887378015659693
45,bowl,C:\Users\maxbe\Downloads\coco\train2017\000000284605.jpg,35,rbf,kernel_herding,direct,False,0.9246002490300308,-0.0001123976311712,0.001,0.9229079761890024,0.9299590459701372,0.0002557019036651,-0.3680995348364609,-5.358796940106436,0.6920482953455915,0.6920482953455915,45,bowl,0.6920482953455915,59,bed,cat|bed,False,-0.0001123976311713,1,-0.0003680995348364609,-0.00011239763117136092
45,bowl,C:\Users\maxbe\Downloads\coco\train2017\000000038055.jpg,36,rbf,kernel_herding,direct,False,0.92447821574519,-0.0001220332848409,0.001,0.9229079761890024,0.930343137607798,0.0003840916376607,-0.5061249225016732,-5.864921862608109,0.6028270601344694,0.6028270601344694,45,bowl,0.6028270601344694,14,bird,bird,False,-0.0001220332848409,1,-0.0005061249225016732,-0.0001220332848409732
45,bowl,C:\Users\maxbe\Downloads\coco\train2017\000000386092.jpg,37,rbf,kernel_herding,direct,False,0.9243509700021516,-0.0001272457430384,0.001,0.9229079761890024,0.9302738598373866,-6.927777041143557e-05,-0.0579679726270179,-5.922889835235127,0.9436801705486104,0.9436801705486104,45,bowl,0.9436801705486104,41,cup,cup|apple|orange|carrot,False,-0.0001272457430384,1,-5.79679726270179e-05,-0.00012724574303845347
45,bowl,C:\Users\maxbe\Downloads\coco\train2017\000000111067.jpg,38,rbf,kernel_herding,direct,False,0.9242234719592792,-0.0001274980428723,0.001,0.9229079761890024,0.9303734930024796,9.963316509287168e-05,-0.2271312079652969,-6.150021043200423,0.7968162267941994,0.7968162267941994,45,bowl,0.7968162267941994,13,bench,person|car|bench,False,-0.0001274980428724,1,-0.0002271312079652969,-0.00012749804287242523
45,bowl,C:\Users\maxbe\Downloads\coco\train2017\000000397337.jpg,39,rbf,kernel_herding,direct,False,0.9240833663528298,-0.0001401056064492,0.001,0.9229079761890024,0.9306040601613844,0.0002305671589047,-0.3706727653540497,-6.520693808554473,0.6902697847925453,0.6902697847925453,45,bowl,0.6902697847925453,4,airplane,airplane,False,-0.0001401056064493,1,-0.0003706727653540497,-0.00014010560644934974
45,bowl,C:\Users\maxbe\Downloads\coco\train2017\000000073511.jpg,40,rbf,kernel_herding,direct,False,0.923932330730532,-0.0001510356222979,0.001,0.9229079761890024,0.930469148592278,-0.0001349115691063,-0.016124053191559,-6.536817861746032,0.984005243491482,0.984005243491482,45,bowl,0.984005243491482,45,bowl,bowl|clock,True,-0.0001510356222978,1,-1.6124053191559e-05,-0.000151035622297859
45,bowl,C:\Users\maxbe\Downloads\coco\train2017\000000013252.jpg,41,rbf,kernel_herding,direct,False,0.9237778130432496,-0.0001545176872822,0.001,0.9229079761890024,0.9306146550355724,0.0001455064432944,-0.3000241305766369,-6.836841992322669,0.7408003445255515,0.7408003445255515,45,bowl,0.7408003445255515,59,bed,bottle|cup|bed|teddy bear,False,-0.0001545176872822,1,-0.00030002413057663693,-0.00015451768728223694
45,bowl,C:\Users\maxbe\Downloads\coco\train2017\000000338670.jpg,42,rbf,kernel_herding,direct,False,0.9236219357925678,-0.0001558772506818,0.001,0.9229079761890024,0.930560758355401,-5.389668017141691e-05,-0.101980570510498,-6.938822562833167,0.9030470972415212,0.9030470972415212,45,bowl,0.9030470972415212,46,banana,person|handbag|banana|apple|orange,False,-0.0001558772506819,1,-0.000101980570510498,-0.0001558772506819149
45,bowl,C:\Users\maxbe\Downloads\coco\train2017\000000116031.jpg,43,rbf,kernel_herding,direct,False,0.923462340394554,-0.0001595953980136,0.001,0.9229079761890024,0.93050857433752,-5.218401788087412e-05,-0.1074113801327906,-7.046233942965958,0.8981561133985836,0.8981561133985836,45,bowl,0.8981561133985836,3,motorcycle,motorcycle|cat,False,-0.0001595953980136,1,-0.00010741138013279061,-0.00015959539801366473
45,bowl,C:\Users\maxbe\Downloads\coco\train2017\000000573456.jpg,44,rbf,kernel_herding,direct,False,0.9233009663355276,-0.0001613740590266,0.001,0.9229079761890024,0.9304939097293984,-1.4664608121606191e-05,-0.146709450905092,-7.19294339387105,0.8635448431417373,0.8635448431417373,45,bowl,0.8635448431417373,71,sink,potted plant|sink|vase,False,-0.0001613740590266,1,-0.00014670945090509199,-0.00016137405902669818
45,bowl,C:\Users\maxbe\Downloads\coco\train2017\000000577434.jpg,45,rbf,kernel_herding,direct,False,0.9231383529736896,-0.0001626133618378,0.001,0.9229079761890024,0.9304325444566134,-6.136527278510773e-05,-0.1012480890526842,-7.294191482923734,0.9037088048104608,0.9037088048104608,45,bowl,0.9037088048104608,75,vase,vase,False,-0.0001626133618377,1,-0.0001012480890526842,-0.00016261336183779192
45,bowl,C:\Users\maxbe\Downloads\coco\train2017\000000046608.jpg,46,rbf,kernel_herding,direct,False,0.9229731161732736,-0.000165236800416,0.001,0.9229079761890024,0.9306818906896048,0.0002493462329915,-0.4145830334075535,-7.708774516331288,0.6606156779524197,0.6606156779524197,45,bowl,0.6606156779524197,4,airplane,person|airplane,False,-0.000165236800416,1,-0.00041458303340755347,-0.00016523680041605345
45,bowl,C:\Users\maxbe\Downloads\coco\train2017\000000267284.jpg,47,rbf,kernel_herding,direct,False,0.9228030181499502,-0.0001700980233233,0.001,0.9229079761890024,0.9307040949001308,2.220421052590016e-05,-0.1923022338493163,-7.9010767501806045,0.8250574705091054,0.8250574705091054,45,bowl,0.8250574705091054,77,teddy bear,teddy bear,False,-0.0001700980233234,1,-0.0001923022338493163,-0.00017009802332341615
45,bowl,C:\Users\maxbe\Downloads\coco\train2017\000000515019.jpg,48,rbf,kernel_herding,direct,False,0.9226329586832328,-0.0001700594667173,0.001,0.9229079761890024,0.9305636566318508,-0.0001404382682801,-0.0296211984371456,-7.93069794861775,0.9708132094659911,0.9708132094659911,45,bowl,0.9708132094659911,72,refrigerator,bottle|bowl|refrigerator,True,-0.0001700594667172,1,-2.96211984371456e-05,-0.0001700594667172456
45,bowl,C:\Users\maxbe\Downloads\coco\train2017\000000110435.jpg,49,rbf,kernel_herding,direct,False,0.9224548242215486,-0.0001781344616843,0.001,0.9229079761890024,0.930593458523986,2.980189213530604e-05,-0.2079363538197033,-8.138634302437453,0.8122587322315296,0.8122587322315296,45,bowl,0.8122587322315296,0,person,person|dog|cup|sink,False,-0.0001781344616843,1,-0.0002079363538197033,-0.00017813446168439727
45,bowl,C:\Users\maxbe\Downloads\coco\train2017\000000178382.jpg,50,rbf,kernel_herding,direct,False,0.922275039874484,-0.0001797843470645,0.001,0.9229079761890024,0.9304654833171916,-0.0001279752067943,-0.0518091402701935,-8.190443442707647,0.9495100727848212,0.9495100727848212,45,bowl,0.9495100727848212,60,dining table,wine glass|bowl|chair|couch|dining table|oven,True,-0.0001797843470644,1,-5.18091402701935e-05,-0.00017978434706449352
45,bowl,C:\Users\maxbe\Downloads\coco\train2017\000000045282.jpg,51,rbf,kernel_herding,direct,False,0.9220906073910274,-0.0001844324834565,0.001,0.9229079761890024,0.9303073440643266,-0.0001581392528651,-0.0262932305914534,-8.216736673299101,0.9740494266377572,0.9740494266377572,45,bowl,0.9740494266377572,75,vase,bowl|vase,True,-0.0001844324834565,1,-2.6293230591453403e-05,-0.00018443248345655338
45,bowl,C:\Users\maxbe\Downloads\coco\train2017\000000455081.jpg,52,rbf,kernel_herding,direct,False,0.9219051059355536,-0.0001855014554736,0.001,0.9229079761890024,0.9301836093071222,-0.0001237347572043,-0.061766698269371,-8.278503371568473,0.9401021886749258,0.9401021886749258,45,bowl,0.9401021886749258,69,oven,chair|oven,False,-0.0001855014554736,1,-6.1766698269371e-05,-0.000185501455473671
45,bowl,C:\Users\maxbe\Downloads\coco\train2017\000000314864.jpg,53,rbf,kernel_herding,direct,False,0.921717773843408,-0.0001873320921458,0.001,0.9229079761890024,0.9302221013330534,3.849202593120271e-05,-0.2258241180770359,-8.504327489645508,0.7978584181975876,0.7978584181975876,45,bowl,0.7978584181975876,25,umbrella,person|umbrella|potted plant,False,-0.0001873320921458,1,-0.0002258241180770359,-0.0001873320921458332
45,bowl,C:\Users\maxbe\Downloads\coco\train2017\000000454731.jpg,54,rbf,kernel_herding,direct,False,0.921528900597829,-0.0001888732455789,0.001,0.9229079761890024,0.9301913900174172,-3.0711315636255954e-05,-0.1581619299425917,-8.6624894195881,0.8537115293152298,0.8537115293152298,45,bowl,0.8537115293152298,45,bowl,cup|bowl|banana|dining table,True,-0.0001888732455788,1,-0.00015816192994259171,-0.00018887324557884767
45,bowl,C:\Users\maxbe\Downloads\coco\train2017\000000186131.jpg,55,rbf,kernel_herding,direct,False,0.9213388423395004,-0.0001900582583285,0.001,0.9229079761890024,0.930025260419118,-0.0001661295982989,-0.0239286600295591,-8.68641807961766,0.9763553604349944,0.9763553604349944,45,bowl,0.9763553604349944,45,bowl,bottle|knife|bowl|carrot|potted plant,True,-0.0001900582583284,1,-2.39286600295591e-05,-0.0001900582583284591
45,bowl,C:\Users\maxbe\Downloads\coco\train2017\000000333303.jpg,56,rbf,kernel_herding,direct,False,0.9211448140873872,-0.0001940282521133,0.001,0.9229079761890024,0.9298862697134894,-0.0001389907056287,-0.0550375464845996,-8.74145562610226,0.9464496114295924,0.9464496114295924,45,bowl,0.9464496114295924,72,refrigerator,refrigerator,False,-0.0001940282521132,1,-5.5037546484599606e-05,-0.0001940282521132996
45,bowl,C:\Users\maxbe\Downloads\coco\train2017\000000146614.jpg,57,rbf,kernel_herding,direct,False,0.9209503535906616,-0.0001944604967256,0.001,0.9229079761890024,0.9297293752552545,-0.000156894458235,-0.0375660384906329,-8.779021664592893,0.9631308119145282,0.9631308119145282,45,bowl,0.9631308119145282,57,couch,bottle|cup|bowl|couch|potted plant|vase,True,-0.0001944604967256,1,-3.75660384906329e-05,-0.0001944604967256329
45,bowl,C:\Users\maxbe\Downloads\coco\train2017\000000338118.jpg,58,rbf,kernel_herding,direct,False,0.9207530791091212,-0.0001972744815402,0.001,0.9229079761890024,0.9297980071243488,6.863186909444874e-05,-0.2659063506347199,-9.044928015227612,0.766510907398854,0.766510907398854,45,bowl,0.766510907398854,74,clock,bowl|clock,True,-0.0001972744815402,1,-0.00026590635063471993,-0.0001972744815402712
45,bowl,C:\Users\maxbe\Downloads\coco\train2017\000000054513.jpg,59,rbf,kernel_herding,direct,False,0.9205539323903064,-0.0001991467188147,0.001,0.9229079761890024,0.9297846367960264,-1.3370328322270808e-05,-0.1857763904924274,-9.230704405720042,0.8304592728095473,0.8304592728095473,45,bowl,0.8304592728095473,40,wine glass,wine glass|banana,False,-0.0001991467188146,1,-0.0001857763904924274,-0.0001991467188146982
45,bowl,C:\Users\maxbe\Downloads\coco\train2017\000000078495.jpg,60,rbf,kernel_herding,direct,False,0.9203542743147308,-0.0001996580755757,0.001,0.9229079761890024,0.9296866866432334,-9.79501527931248e-05,-0.1017079227826823,-9.332412328502723,0.9032933445485538,0.9032933445485538,45,bowl,0.9032933445485538,15,cat,person|cat,False,-0.0001996580755758,1,-0.0001017079227826823,-0.0001996580755758071
45,bowl,C:\Users\maxbe\Downloads\coco\train2017\000000034739.jpg,61,rbf,kernel_herding,direct,False,0.9201494440650688,-0.000204830249662,0.001,0.9229079761890024,0.9297707419864067,8.405534317346142e-05,-0.288885592835429,-9.621297921338153,0.7490979026664156,0.7490979026664156,45,bowl,0.7490979026664156,77,teddy bear,teddy bear,False,-0.0002048302496619,1,-0.000288885592835429,-0.00020483024966196756
45,bowl,C:\Users\maxbe\Downloads\coco\train2017\000000222811.jpg,62,rbf,kernel_herding,direct,False,0.9199400282623212,-0.0002094158027474,0.001,0.9229079761890024,0.9297050133164512,-6.572866995568916e-05,-0.1436871327917668,-9.76498505412992,0.8661586983241001,0.8661586983241001,45,bowl,0.8661586983241001,13,bench,bench,False,-0.0002094158027474,1,-0.0001436871327917668,-0.00020941580274745595
45,bowl,C:\Users\maxbe\Downloads\coco\train2017\000000059683.jpg,63,rbf,kernel_herding,direct,False,0.9197310920474184,-0.0002089362149029,0.001,0.9229079761890024,0.9296833711025884,-2.164221386291576e-05,-0.1872940010399748,-9.952279055169894,0.8291999149069462,0.8291999149069462,45,bowl,0.8291999149069462,28,suitcase,cat|suitcase|bed,False,-0.0002089362149028,1,-0.0001872940010399748,-0.00020893621490289055
45,bowl,C:\Users\maxbe\Downloads\coco\train2017\000000121611.jpg,64,rbf,kernel_herding,direct,False,0.9195221355372862,-0.000208956510132,0.001,0.9229079761890024,0.9295414941398652,-0.0001418769627231,-0.0670795474089272,-10.01935860257882,0.9351208119394502,0.9351208119394502,45,bowl,0.9351208119394502,57,couch,chair|couch|dining table|remote|oven|refrigerator|book|vase,False,-0.000208956510132,1,-6.70795474089272e-05,-0.00020895651013202722
45,bowl,C:\Users\maxbe\Downloads\coco\train2017\000000364994.jpg,65,rbf,kernel_herding,direct,False,0.9193107766908414,-0.0002113588464448,0.001,0.9229079761890024,0.9295737008625408,3.220672267578717e-05,-0.2435655691206386,-10.26292417169946,0.7838280794283763,0.7838280794283763,45,bowl,0.7838280794283763,0,person,person|dog|pizza|chair,False,-0.0002113588464448,1,-0.00024356556912063859,-0.00021135884644485142
45,bowl,C:\Users\maxbe\Downloads\coco\train2017\000000519784.jpg,66,rbf,kernel_herding,direct,False,0.9190951170231147,-0.0002156596677266,0.001,0.9229079761890024,0.9297025208362368,0.0001288199736959,-0.3444796414226529,-10.607403813122112,0.7085889779025044,0.7085889779025044,45,bowl,0.7085889779025044,2,car,person|car|motorcycle|bus|truck|traffic light,False,-0.0002156596677267,1,-0.0003444796414226529,-0.00021565966772675292
45,bowl,C:\Users\maxbe\Downloads\coco\train2017\000000148170.jpg,67,rbf,kernel_herding,direct,False,0.9188773771744888,-0.000217739848626,0.001,0.9229079761890024,0.929556300229045,-0.0001462206071918,-0.0715192414342382,-10.678923054556352,0.930978364062552,0.930978364062552,45,bowl,0.930978364062552,0,person,person|toothbrush,False,-0.000217739848626,1,-7.151924143423819e-05,-0.0002177398486260382
45,bowl,C:\Users\maxbe\Downloads\coco\train2017\000000026768.jpg,68,rbf,kernel_herding,direct,False,0.918644354222312,-0.0002330229521766,0.001,0.9229079761890024,0.9295441867047336,-1.2113524311518908e-05,-0.2209094278650401,-10.899832482421392,0.8017892967690273,0.8017892967690273,45,bowl,0.8017892967690273,15,cat,cat|bottle|chair|bed|laptop|keyboard|book,False,-0.0002330229521765,1,-0.0002209094278650401,-0.000233022952176559
45,bowl,C:\Users\maxbe\Downloads\coco\train2017\000000465457.jpg,69,rbf,kernel_herding,direct,False,0.9184078360003806,-0.0002365182219314,0.001,0.9229079761890024,0.929402435437139,-0.0001417512675945,-0.0947669543369881,-10.99459943675838,0.9095848845817378,0.9095848845817378,45,bowl,0.9095848845817378,60,dining table,bottle|cup|knife|bowl|banana|dining table,True,-0.0002365182219314,1,-9.47669543369881e-05,-0.0002365182219314881
45,bowl,C:\Users\maxbe\Downloads\coco\train2017\000000557698.jpg,70,rbf,kernel_herding,direct,False,0.9181705640876168,-0.0002372719127637,0.001,0.9229079761890024,0.9295370157499288,0.0001345803127899,-0.3718522255536682,-11.366451662312048,0.6894561189919219,0.6894561189919219,45,bowl,0.6894561189919219,16,dog,dog|tie,False,-0.0002372719127637,1,-0.00037185222555366823,-0.00023727191276376824
45,bowl,C:\Users\maxbe\Downloads\coco\train2017\000000185276.jpg,71,rbf,kernel_herding,direct,False,0.9179290593426174,-0.0002415047449993,0.001,0.9229079761890024,0.9294281792913104,-0.0001088364586185,-0.1326682863809029,-11.499119948692952,0.875755543972624,0.875755543972624,45,bowl,0.875755543972624,61,toilet,bowl|toilet|sink,True,-0.0002415047449994,1,-0.0001326682863809029,-0.0002415047449994029
45,bowl,C:\Users\maxbe\Downloads\coco\train2017\000000013949.jpg,72,rbf,kernel_herding,direct,False,0.9176828733243332,-0.0002461860182843,0.001,0.9229079761890024,0.929374749284086,-5.343000722424218e-05,-0.192756011060027,-11.69187595975298,0.8246831631639557,0.8246831631639557,45,bowl,0.8246831631639557,45,bowl,cup|spoon|bowl|dining table,True,-0.0002461860182842,1,-0.00019275601106002698,-0.0002461860182842692
45,bowl,C:\Users\maxbe\Downloads\coco\train2017\000000173776.jpg,73,rbf,kernel_herding,direct,False,0.9174363696613776,-0.0002465036629555,0.001,0.9229079761890024,0.9291829606725596,-0.0001917886115263,-0.05471505142915,-11.74659101118213,0.9467548859716304,0.9467548859716304,45,bowl,0.9467548859716304,60,dining table,person|bottle|fork|spoon|dining table|microwave,False,-0.0002465036629554,1,-5.471505142915e-05,-0.00024650366295545
45,bowl,C:\Users\maxbe\Downloads\coco\train2017\000000140320.jpg,74,rbf,kernel_herding,direct,False,0.917189707864207,-0.0002466617971705,0.001,0.9229079761890024,0.9291435967150274,-3.936395753223465e-05,-0.2072978396383832,-11.953888850820512,0.8127775365652969,0.8127775365652969,45,bowl,0.8127775365652969,57,couch,bowl|couch,True,-0.0002466617971706,1,-0.00020729783963838319,-0.00024666179717061784
45,bowl,C:\Users\maxbe\Downloads\coco\train2017\000000153607.jpg,75,rbf,kernel_herding,direct,False,0.9169396754596296,-0.0002500324045773,0.001,0.9229079761890024,0.9291243222875376,-1.927442748972385e-05,-0.2307579770875368,-12.184646827908049,0.7939315924201055,0.7939315924201055,45,bowl,0.7939315924201055,75,vase,vase,False,-0.0002500324045772,1,-0.0002307579770875368,-0.00025003240457726066
45,bowl,C:\Users\maxbe\Downloads\coco\train2017\000000456656.jpg,76,rbf,kernel_herding,direct,False,0.916686944708314,-0.0002527307513154,0.001,0.9229079761890024,0.9292929708722008,0.0001686485846631,-0.4213793359787123,-12.60602616388676,0.6561411562465496,0.6561411562465496,45,bowl,0.6561411562465496,6,train,person|car|train,False,-0.0002527307513156,1,-0.0004213793359787123,-0.0002527307513156123
45,bowl,C:\Users\maxbe\Downloads\coco\train2017\000000000902.jpg,77,rbf,kernel_herding,direct,False,0.9164323273484594,-0.0002546173598547,0.001,0.9229079761890024,0.9291457165368182,-0.0001472543353826,-0.1073630244720781,-12.71338918835884,0.8981995453809526,0.8981995453809526,45,bowl,0.8981995453809526,60,dining table,bowl|banana|apple|dining table,True,-0.0002546173598546,1,-0.0001073630244720781,-0.0002546173598546781
45,bowl,C:\Users\maxbe\Downloads\coco\train2017\000000042413.jpg,78,rbf,kernel_herding,direct,False,0.9161768661236576,-0.0002554612248019,0.001,0.9229079761890024,0.9291523407888324,6.624252014142407e-06,-0.2620854768160994,-12.97547466517494,0.7694452511653697,0.7694452511653697,45,bowl,0.7694452511653697,0,person,person|tie,False,-0.0002554612248019,1,-0.0002620854768160994,-0.000255461224801957
45,bowl,C:\Users\maxbe\Downloads\coco\train2017\000000367959.jpg,79,rbf,kernel_herding,direct,False,0.9159194007110316,-0.0002574654126259,0.001,0.9229079761890024,0.9291089273624838,-4.34134263485042e-05,-0.2140519862774217,-13.18952665145236,0.8073064150755018,0.8073064150755018,45,bowl,0.8073064150755018,15,cat,cat|banana,False,-0.0002574654126259,1,-0.0002140519862774217,-0.0002574654126259259
45,bowl,C:\Users\maxbe\Downloads\coco\train2017\000000434412.jpg,80,rbf,kernel_herding,direct,False,0.91566307428365,-0.0002563264273814,0.001,0.9229079761890024,0.9288847379792472,-0.0002241893832366,-0.0321370441448141,-13.221663695597176,0.9683738630163026,0.9683738630163026,45,bowl,0.9683738630163026,28,suitcase,suitcase,False,-0.0002563264273814,1,-3.21370441448141e-05,-0.0002563264273814141
45,bowl,C:\Users\maxbe\Downloads\coco\train2017\000000403459.jpg,81,rbf,kernel_herding,direct,False,0.915408008969242,-0.0002550653144079,0.001,0.9229079761890024,0.9286665806298317,-0.0002181573494156,-0.0369079649923132,-13.258571660589489,0.9637648313700848,0.9637648313700848,45,bowl,0.9637648313700848,56,chair,bench|apple|chair|couch|dining table|tv,False,-0.0002550653144079,1,-3.69079649923132e-05,-0.0002550653144079132
45,bowl,C:\Users\maxbe\Downloads\coco\train2017\000000124182.jpg,82,rbf,kernel_herding,direct,False,0.9151543148533628,-0.0002536941158792,0.001,0.9229079761890024,0.9285281128794912,-0.0001384677503403,-0.1152263655390105,-13.3737980261285,0.8911643921638925,0.8911643921638925,45,bowl,0.8911643921638925,60,dining table,bottle|fork|knife|spoon|bowl|banana|sandwich|dining table,True,-0.0002536941158793,1,-0.0001152263655390105,-0.00025369411587931054
45,bowl,C:\Users\maxbe\Downloads\coco\train2017\000000362711.jpg,83,rbf,kernel_herding,direct,False,0.9149022985986338,-0.0002520162547289,0.001,0.9229079761890024,0.928427704437762,-0.0001004084417293,-0.1516078129996263,-13.525405839128126,0.8593252308467104,0.8593252308467104,45,bowl,0.8593252308467104,61,toilet,cup|toilet,False,-0.0002520162547289,1,-0.0001516078129996263,-0.0002520162547289263
45,bowl,C:\Users\maxbe\Downloads\coco\train2017\000000479440.jpg,84,rbf,kernel_herding,direct,False,0.9146461903685694,-0.0002561082300643,0.001,0.9229079761890024,0.928361512681374,-6.619175638800101e-05,-0.1899164736763841,-13.71532231280451,0.8270282096833824,0.8270282096833824,45,bowl,0.8270282096833824,15,cat,cat|bowl,True,-0.0002561082300643,1,-0.0001899164736763841,-0.0002561082300643851
45,bowl,C:\Users\maxbe\Downloads\coco\train2017\000000096082.jpg,85,rbf,kernel_herding,direct,False,0.9143906777902904,-0.000255512578279,0.001,0.9229079761890024,0.928261251038322,-0.0001002616430518,-0.1552509352271014,-13.870573248031612,0.8562002997068878,0.8562002997068878,45,bowl,0.8562002997068878,57,couch,chair|couch|tv|laptop|book,False,-0.0002555125782789,1,-0.00015525093522710142,-0.0002555125782789014
45,bowl,C:\Users\maxbe\Downloads\coco\train2017\000000026445.jpg,86,rbf,kernel_herding,direct,False,0.9141342972267484,-0.000256380563542,0.001,0.9229079761890024,0.9280789646605854,-0.0001822863777366,-0.0740941858054253,-13.944667433837036,0.9285842302678052,0.9285842302678052,45,bowl,0.9285842302678052,71,sink,cup|sink,False,-0.000256380563542,1,-7.40941858054253e-05,-0.0002563805635420253
45,bowl,C:\Users\maxbe\Downloads\coco\train2017\000000235792.jpg,87,rbf,kernel_herding,direct,False,0.9138732652070845,-0.0002610320196639,0.001,0.9229079761890024,0.9278598623973904,-0.0002191022631948,-0.0419297564690946,-13.986597190306131,0.9589371373362112,0.9589371373362112,45,bowl,0.9589371373362112,69,oven,bowl|oven,True,-0.0002610320196638,1,-4.1929756469094604e-05,-0.0002610320196638946
45,bowl,C:\Users\maxbe\Downloads\coco\train2017\000000284644.jpg,88,rbf,kernel_herding,direct,False,0.9136133169178668,-0.0002599482892176,0.001,0.9229079761890024,0.9278708571780832,1.0994780692774596e-05,-0.2709430699103485,-14.25754026021648,0.7626599134654323,0.7626599134654323,45,bowl,0.7626599134654323,59,bed,dog|couch|bed|tv|book|vase|teddy bear,False,-0.0002599482892175,1,-0.0002709430699103485,-0.0002599482892175739
45,bowl,C:\Users\maxbe\Downloads\coco\train2017\000000181468.jpg,89,rbf,kernel_herding,direct,False,0.9133536628835068,-0.00025965403436,0.001,0.9229079761890024,0.927753812487532,-0.0001170446905512,-0.1426093438087913,-14.400149604025271,0.8670927378850202,0.8670927378850202,45,bowl,0.8670927378850202,0,person,person|car|suitcase|bottle|banana|apple,False,-0.0002596540343599,1,-0.0001426093438087913,-0.0002596540343599913
45,bowl,C:\Users\maxbe\Downloads\coco\train2017\000000303247.jpg,90,rbf,kernel_herding,direct,False,0.9130957497177378,-0.0002579131657689,0.001,0.9229079761890024,0.9275133634284696,-0.0002404490590622,-0.0174641067066342,-14.417613710731906,0.9826875069220414,0.9826875069220414,45,bowl,0.9826875069220414,60,dining table,cup|bowl|banana|chair|dining table|cell phone|book|vase,True,-0.0002579131657688,1,-1.7464106706634198e-05,-0.00025791316576883423
45,bowl,C:\Users\maxbe\Downloads\coco\train2017\000000272741.jpg,91,rbf,kernel_herding,direct,False,0.9128362850532792,-0.0002594646644585,0.001,0.9229079761890024,0.9272988559939088,-0.0002145074345608,-0.0449572298977054,-14.462570940629613,0.956038370816598,0.956038370816598,45,bowl,0.956038370816598,0,person,person|bowl|potted plant|dining table|tv|sink|vase,True,-0.0002594646644585,1,-4.4957229897705395e-05,-0.0002594646644585054
45,bowl,C:\Users\maxbe\Downloads\coco\train2017\000000253665.jpg,92,rbf,kernel_herding,direct,False,0.9125782205867232,-0.0002580644665559,0.001,0.9229079761890024,0.9271576529271068,-0.0001412030668019,-0.1168613997540075,-14.57943234038362,0.8897084984338881,0.8897084984338881,45,bowl,0.8897084984338881,63,laptop,cat|couch|laptop|remote|keyboard,False,-0.0002580644665559,1,-0.0001168613997540075,-0.00025806446655590753
45,bowl,C:\Users\maxbe\Downloads\coco\train2017\000000150675.jpg,93,rbf,kernel_herding,direct,False,0.9123185357017808,-0.0002596848849424,0.001,0.9229079761890024,0.9271475485197984,-1.0104407308531016e-05,-0.2495804776338681,-14.829012818017487,0.7791275759613349,0.7791275759613349,45,bowl,0.7791275759613349,59,bed,chair|bed|book|clock,False,-0.0002596848849423,1,-0.0002495804776338681,-0.00025968488494239913
45,bowl,C:\Users\maxbe\Downloads\coco\train2017\000000181155.jpg,94,rbf,kernel_herding,direct,False,0.9120541423493144,-0.0002643933524665,0.001,0.9229079761890024,0.9269948463021302,-0.000152702217668,-0.1116911347985259,-14.940703952816015,0.8943204393083563,0.8943204393083563,45,bowl,0.8943204393083563,57,couch,chair|couch|potted plant|dining table,False,-0.0002643933524665,1,-0.0001116911347985259,-0.0002643933524665259
45,bowl,C:\Users\maxbe\Downloads\coco\train2017\000000025907.jpg,95,rbf,kernel_herding,direct,False,0.9117911276489552,-0.000263014700359,0.001,0.9229079761890024,0.9267790104744356,-0.0002158358276946,-0.0471788726643697,-14.987882825480384,0.9539167526968308,0.9539167526968308,45,bowl,0.9539167526968308,72,refrigerator,person|dog|bottle|tv|oven|sink|refrigerator,False,-0.0002630147003589,1,-4.71788726643697e-05,-0.0002630147003589697
45,bowl,C:\Users\maxbe\Downloads\coco\train2017\000000378416.jpg,96,rbf,kernel_herding,direct,False,0.9115267979576016,-0.0002643296913537,0.001,0.9229079761890024,0.9265515130214738,-0.0002274974529618,-0.0368322383918679,-15.024715063872254,0.9638378167678264,0.9638378167678264,45,bowl,0.9638378167678264,60,dining table,bowl|chair|dining table,True,-0.0002643296913536,1,-3.68322383918679e-05,-0.0002643296913536679
45,bowl,C:\Users\maxbe\Downloads\coco\train2017\000000321938.jpg,97,rbf,kernel_herding,direct,False,0.9112632533012932,-0.0002635446563084,0.001,0.9229079761890024,0.9263492559643244,-0.0002022570571492,-0.0612875991591649,-15.08600266303142,0.9405526987078838,0.9405526987078838,45,bowl,0.9405526987078838,45,bowl,person|bottle|bowl|sandwich,True,-0.0002635446563083,1,-6.128759915916491e-05,-0.0002635446563083649
45,bowl,C:\Users\maxbe\Downloads\coco\train2017\000000563029.jpg,98,rbf,kernel_herding,direct,False,0.9110010194514956,-0.0002622338497976,0.001,0.9229079761890024,0.9261612484356988,-0.0001880075286256,-0.0742263211719508,-15.16022898420337,0.9284615395562584,0.9284615395562584,45,bowl,0.9284615395562584,61,toilet,cup|toilet,False,-0.0002622338497975,1,-7.42263211719508e-05,-0.0002622338497975508
45,bowl,C:\Users\maxbe\Downloads\coco\train2017\000000322246.jpg,99,rbf,kernel_herding,direct,False,0.910737158397743,-0.0002638610537524,0.001,0.9229079761890024,0.9260462553755128,-0.0001149930601861,-0.1488679935662354,-15.309096977769604,0.8616828550713099,0.8616828550713099,45,bowl,0.8616828550713099,28,suitcase,cat|suitcase,False,-0.0002638610537523,1,-0.0001488679935662354,-0.0002638610537523354
45,bowl,C:\Users\maxbe\Downloads\coco\train2017\000000040187.jpg,100,rbf,kernel_herding,direct,False,0.9104717604763995,-0.0002653979213435,0.001,0.9229079761890024,0.9258071043141136,-0.0002391510613991,-0.0262468599443371,-15.33534383771394,0.9740945949872284,0.9740945949872284,45,bowl,0.9740945949872284,60,dining table,bottle|wine glass|couch|dining table|microwave|oven|sink|refrigerator,False,-0.0002653979213434,1,-2.62468599443371e-05,-0.0002653979213434371
45,bowl,C:\Users\maxbe\Downloads\coco\train2017\000000101690.jpg,101,rbf,kernel_herding,direct,False,0.9102069077941362,-0.0002648526822633,0.001,0.9229079761890024,0.925685111690828,-0.0001219926232856,-0.1428600589777578,-15.4782038966917,0.8668753718323534,0.8668753718323534,45,bowl,0.8668753718323534,60,dining table,knife|bowl|broccoli|dining table,True,-0.0002648526822633,1,-0.00014286005897775782,-0.00026485268226335783
45,bowl,C:\Users\maxbe\Downloads\coco\train2017\000000076349.jpg,102,rbf,kernel_herding,direct,False,0.9099404813157248,-0.0002664264784113,0.001,0.9229079761890024,0.9257016376502508,1.652595942303048e-05,-0.2829524378344136,-15.761156334526111,0.7535556277439446,0.7535556277439446,45,bowl,0.7535556277439446,49,orange,person|car|orange,False,-0.0002664264784113,1,-0.0002829524378344136,-0.0002664264784113831
45,bowl,C:\Users\maxbe\Downloads\coco\train2017\000000192295.jpg,103,rbf,kernel_herding,direct,False,0.9096732040654988,-0.0002672772502259,0.001,0.9229079761890024,0.925626487324916,-7.515032533489396e-05,-0.1921269248910602,-15.953283259417171,0.8252021231538437,0.8252021231538437,45,bowl,0.8252021231538437,60,dining table,spoon|bowl|broccoli|dining table,True,-0.0002672772502259,1,-0.0001921269248910602,-0.00026727725022595417
45,bowl,C:\Users\maxbe\Downloads\coco\train2017\000000229191.jpg,104,rbf,kernel_herding,direct,False,0.9094066995995836,-0.0002665044659153,0.001,0.9229079761890024,0.9254567739536648,-0.0001697133712512,-0.0967910946640276,-16.0500743540812,0.907745619229552,0.907745619229552,45,bowl,0.907745619229552,45,bowl,spoon|bowl|apple|sandwich,True,-0.0002665044659152,1,-9.679109466402761e-05,-0.0002665044659152276
45,bowl,C:\Users\maxbe\Downloads\coco\train2017\000000375503.jpg,105,rbf,kernel_herding,direct,False,0.9091384999822648,-0.0002681996173188,0.001,0.9229079761890024,0.9253821395391636,-7.463441450117347e-05,-0.1935652028176645,-16.243639556898867,0.8240161062705288,0.8240161062705288,45,bowl,0.8240161062705288,74,clock,chair|tv|clock,False,-0.0002681996173188,1,-0.00019356520281766453,-0.000268199617318838
45,bowl,C:\Users\maxbe\Downloads\coco\train2017\000000126610.jpg,106,rbf,kernel_herding,direct,False,0.9088699978641488,-0.000268502118116,0.001,0.9229079761890024,0.9251828623344998,-0.0001992772046638,-0.0692249134521946,-16.312864470351062,0.9331167859564506,0.9331167859564506,45,bowl,0.9331167859564506,72,refrigerator,bottle|refrigerator,False,-0.0002685021181159,1,-6.922491345219461e-05,-0.00026850211811599463
45,bowl,C:\Users\maxbe\Downloads\coco\train2017\000000479909.jpg,107,rbf,kernel_herding,direct,False,0.9086018051880566,-0.0002681926760921,0.001,0.9229079761890024,0.9249519756288048,-0.0002308867056949,-0.037305970397162,-16.350170440748226,0.9633813240822452,0.9633813240822452,45,bowl,0.9633813240822452,69,oven,oven|refrigerator,False,-0.000268192676092,1,-3.7305970397162e-05,-0.000268192676092062
45,bowl,C:\Users\maxbe\Downloads\coco\train2017\000000255322.jpg,108,rbf,kernel_herding,direct,False,0.908335631432042,-0.0002661737560144,0.001,0.9229079761890024,0.9248058110097084,-0.0001461646190964,-0.1200091369180092,-16.470179577666237,0.886912333033868,0.886912333033868,45,bowl,0.886912333033868,72,refrigerator,person|bowl|donut|chair|refrigerator,True,-0.0002661737560144,1,-0.00012000913691800921,-0.0002661737560144092
45,bowl,C:\Users\maxbe\Downloads\coco\train2017\000000221803.jpg,109,rbf,kernel_herding,direct,False,0.9080649530002378,-0.0002706784318042,0.001,0.9229079761890024,0.9249667013599576,0.0001608903502492,-0.4315687820536248,-16.90174835971986,0.6494893877868965,0.6494893877868965,45,bowl,0.6494893877868965,0,person,person|bench|umbrella|handbag|chair|potted plant|dining table|clock,False,-0.0002706784318044,1,-0.00043156878205362483,-0.00027067843180442484
45,bowl,C:\Users\maxbe\Downloads\coco\train2017\000000010303.jpg,110,rbf,kernel_herding,direct,False,0.9077930790383096,-0.000271873961928,0.001,0.9229079761890024,0.9247844804010478,-0.0001822209589098,-0.0896530030181709,-16.99140136273803,0.9142483716612944,0.9142483716612944,45,bowl,0.9142483716612944,60,dining table,banana|dining table,False,-0.0002718739619279,1,-8.965300301817091e-05,-0.00027187396192797093
45,bowl,C:\Users\maxbe\Downloads\coco\train2017\000000081868.jpg,111,rbf,kernel_herding,direct,False,0.9075229311030342,-0.0002701479352755,0.001,0.9229079761890024,0.924577578710344,-0.0002069016907038,-0.0632462445717121,-17.054647607309743,0.9387122924193272,0.9387122924193272,45,bowl,0.9387122924193272,57,couch,couch|remote|keyboard|cell phone|vase,False,-0.0002701479352755,1,-6.324624457171211e-05,-0.00027014793527551213
45,bowl,C:\Users\maxbe\Downloads\coco\train2017\000000317587.jpg,112,rbf,kernel_herding,direct,False,0.9072517606939452,-0.0002711704090888,0.001,0.9229079761890024,0.9245244423259916,-5.313638435244794e-05,-0.2180340247364781,-17.272681632046222,0.8040980819747674,0.8040980819747674,45,bowl,0.8040980819747674,0,person,person|cell phone,False,-0.0002711704090889,1,-0.0002180340247364781,-0.00027117040908892603
45,bowl,C:\Users\maxbe\Downloads\coco\train2017\000000168355.jpg,113,rbf,kernel_herding,direct,False,0.9069809153907556,-0.0002708453031897,0.001,0.9229079761890024,0.9242638977724792,-0.0002605445535122,-0.0103007496775079,-17.28298238172373,0.989752121350649,0.989752121350649,45,bowl,0.989752121350649,0,person,person|spoon|bowl,True,-0.0002708453031897,1,-1.03007496775079e-05,-0.00027084530318970785
45,bowl,C:\Users\maxbe\Downloads\coco\train2017\000000474803.jpg,114,rbf,kernel_herding,direct,False,0.9067055551625623,-0.0002753602281931,0.001,0.9229079761890024,0.924350946344348,8.704857186869752e-05,-0.3624088000619657,-17.645391181785698,0.6959977857382055,0.6959977857382055,45,bowl,0.6959977857382055,3,motorcycle,person|bicycle|motorcycle,False,-0.0002753602281932,1,-0.00036240880006196567,-0.00027536022819326815
45,bowl,C:\Users\maxbe\Downloads\coco\train2017\000000365934.jpg,115,rbf,kernel_herding,direct,False,0.906427623074376,-0.0002779320881863,0.001,0.9229079761890024,0.9241634718929264,-0.0001874744514215,-0.0904576367648338,-17.735848818550533,0.9135130324476702,0.9135130324476702,45,bowl,0.9135130324476702,0,person,person|bottle|vase|toothbrush,False,-0.0002779320881863,1,-9.04576367648338e-05,-0.0002779320881863338
45,bowl,C:\Users\maxbe\Downloads\coco\train2017\000000366061.jpg,116,rbf,kernel_herding,direct,False,0.9061509993924002,-0.0002766236819757,0.001,0.9229079761890024,0.9240428653551196,-0.0001206065378067,-0.1560171441689344,-17.891865962719468,0.8555445226444587,0.8555445226444587,45,bowl,0.8555445226444587,77,teddy bear,teddy bear,False,-0.0002766236819756,1,-0.0001560171441689344,-0.0002766236819756344
45,bowl,C:\Users\maxbe\Downloads\coco\train2017\000000365927.jpg,117,rbf,kernel_herding,direct,False,0.9058760185966772,-0.000274980795723,0.001,0.9229079761890024,0.9238250127821004,-0.0002178525730193,-0.0571282227038245,-17.94899418542329,0.9444729587246654,0.9444729587246654,45,bowl,0.9444729587246654,69,oven,microwave|oven|sink|refrigerator,False,-0.0002749807957231,1,-5.71282227038245e-05,-0.0002749807957231245
45,bowl,C:\Users\maxbe\Downloads\coco\train2017\000000172405.jpg,118,rbf,kernel_herding,direct,False,0.9055971245385032,-0.0002788940581738,0.001,0.9229079761890024,0.9237825613070072,-4.24514750930749e-05,-0.2364425830807208,-18.18543676850401,0.7894312077076633,0.7894312077076633,45,bowl,0.7894312077076633,15,cat,cat|book,False,-0.0002788940581737,1,-0.00023644258308072082,-0.0002788940581737957
45,bowl,C:\Users\maxbe\Downloads\coco\train2017\000000026764.jpg,119,rbf,kernel_herding,direct,False,0.9053188986389172,-0.0002782258995861,0.001,0.9229079761890024,0.9235765237279744,-0.0002060375790328,-0.0721883205533553,-18.257625089057367,0.930355674216424,0.930355674216424,45,bowl,0.930355674216424,60,dining table,bowl|orange|dining table,True,-0.0002782258995861,1,-7.218832055335531e-05,-0.00027822589958615535
45,bowl,C:\Users\maxbe\Downloads\coco\train2017\000000211476.jpg,120,rbf,kernel_herding,direct,False,0.9050400753245652,-0.0002788233143519,0.001,0.9229079761890024,0.9233496708885685,-0.0002268528394061,-0.0519704749457872,-18.30959556400316,0.9493568962419316,0.9493568962419316,45,bowl,0.9493568962419316,60,dining table,bowl|broccoli|dining table,True,-0.0002788233143518,1,-5.19704749457872e-05,-0.0002788233143518872
45,bowl,C:\Users\maxbe\Downloads\coco\train2017\000000498489.jpg,121,rbf,kernel_herding,direct,False,0.9047631509211096,-0.0002769244034557,0.001,0.9229079761890024,0.9231270147141316,-0.0002226561744368,-0.0542682290188987,-18.36386379302205,0.9471780117957084,0.9471780117957084,45,bowl,0.9471780117957084,57,couch,bench|dog|bottle|wine glass|chair|couch|book|vase,False,-0.0002769244034556,1,-5.4268229018898704e-05,-0.0002769244034556987
45,bowl,C:\Users\maxbe\Downloads\coco\train2017\000000419599.jpg,122,rbf,kernel_herding,direct,False,0.9044828558544964,-0.000280295066613,0.001,0.9229079761890024,0.923098277177844,-2.8737536287515297e-05,-0.2515575303254891,-18.61542132334754,0.7775887213896969,0.7775887213896969,45,bowl,0.7775887213896969,25,umbrella,person|umbrella|potted plant,False,-0.000280295066613,1,-0.0002515575303254891,-0.0002802950666130044
45,bowl,C:\Users\maxbe\Downloads\coco\train2017\000000164499.jpg,123,rbf,kernel_herding,direct,False,0.9042030054290476,-0.0002798504254488,0.001,0.9229079761890024,0.922850771522938,-0.000247505654906,-0.0323447705428602,-18.6477660938904,0.9681727270931196,0.9681727270931196,45,bowl,0.9681727270931196,60,dining table,cup|spoon|bowl|chair|dining table,True,-0.0002798504254488,1,-3.2344770542860204e-05,-0.0002798504254488602
45,bowl,C:\Users\maxbe\Downloads\coco\train2017\000000317227.jpg,124,rbf,kernel_herding,direct,False,0.9039243484993283,-0.0002786569297191,0.001,0.9229079761890024,0.9227078634518804,-0.0001429080710576,-0.1357488586615505,-18.78351495255195,0.8730618668829557,0.8730618668829557,45,bowl,0.8730618668829557,39,bottle,bottle|cup|knife|spoon|bowl|carrot|oven,True,-0.0002786569297191,1,-0.00013574885866155052,-0.0002786569297191505
45,bowl,C:\Users\maxbe\Downloads\coco\train2017\000000432297.jpg,125,rbf,kernel_herding,direct,False,0.9036467376376554,-0.0002776108616729,0.001,0.9229079761890024,0.9225131779222652,-0.0001946855296149,-0.0829253320579713,-18.86644028460992,0.9204198705109128,0.9204198705109128,45,bowl,0.9204198705109128,57,couch,chair|couch|potted plant|tv|remote|clock|vase,False,-0.0002776108616728,1,-8.29253320579713e-05,-0.0002776108616728713
45,bowl,C:\Users\maxbe\Downloads\coco\train2017\000000561842.jpg,126,rbf,kernel_herding,direct,False,0.9033686718499472,-0.000278065787708,0.001,0.9229079761890024,0.922318852146576,-0.0001943257756893,-0.0837400120186781,-18.9501802966286,0.9196703282469576,0.9196703282469576,45,bowl,0.9196703282469576,69,oven,person|oven,False,-0.0002780657877079,1,-8.374001201867811e-05,-0.00027806578770797814
45,bowl,C:\Users\maxbe\Downloads\coco\train2017\000000075183.jpg,127,rbf,kernel_herding,direct,False,0.903087773318993,-0.0002808985309542,0.001,0.9229079761890024,0.9221424721224298,-0.0001763800241461,-0.1045185068081509,-19.05469880343675,0.900758127093778,0.900758127093778,45,bowl,0.900758127093778,57,couch,person|bowl|couch|laptop,True,-0.0002808985309542,1,-0.00010451850680815091,-0.0002808985309542509
45,bowl,C:\Users\maxbe\Downloads\coco\train2017\000000050995.jpg,128,rbf,kernel_herding,direct,False,0.9028069203295838,-0.0002808529894092,0.001,0.9229079761890024,0.9222432904926344,0.0001008183702045,-0.3816713596138784,-19.43637016305063,0.6827193855025091,0.6827193855025091,45,bowl,0.6827193855025091,2,car,car|truck|bird,False,-0.0002808529894093,1,-0.0003816713596138784,-0.0002808529894093784
45,bowl,C:\Users\maxbe\Downloads\coco\train2017\000000277659.jpg,129,rbf,kernel_herding,direct,False,0.9025238963584428,-0.0002830239711409,0.001,0.9229079761890024,0.9221588778853824,-8.441260725200461e-05,-0.1986113638889697,-19.6349815269396,0.8198684619148837,0.8198684619148837,45,bowl,0.8198684619148837,75,vase,bowl|vase,True,-0.0002830239711409,1,-0.0001986113638889697,-0.0002830239711409743
45,bowl,C:\Users\maxbe\Downloads\coco\train2017\000000322911.jpg,130,rbf,kernel_herding,direct,False,0.9022395769841056,-0.0002843193743372,0.001,0.9229079761890024,0.9220239615056044,-0.0001349163797781,-0.149402994559145,-19.784384521498744,0.8612219771843296,0.8612219771843296,45,bowl,0.8612219771843296,53,pizza,broccoli|pizza,False,-0.0002843193743372,1,-0.000149402994559145,-0.000284319374337245
45,bowl,C:\Users\maxbe\Downloads\coco\train2017\000000315813.jpg,131,rbf,kernel_herding,direct,False,0.9019555822808673,-0.0002839947032383,0.001,0.9229079761890024,0.9219015369267766,-0.0001224245788277,-0.1615701244106697,-19.945954645909413,0.8508068670422865,0.8508068670422865,45,bowl,0.8508068670422865,51,carrot,bottle|bowl|carrot|book,True,-0.0002839947032383,1,-0.00016157012441066971,-0.00028399470323836975
45,bowl,C:\Users\maxbe\Downloads\coco\train2017\000000454690.jpg,132,rbf,kernel_herding,direct,False,0.9016719338727038,-0.0002836484081633,0.001,0.9229079761890024,0.9218507735798795,-5.076334689690931e-05,-0.2328850612664052,-20.17883970717582,0.7922446278846037,0.7922446278846037,45,bowl,0.7922446278846037,62,tv,tv|laptop|book,False,-0.0002836484081633,1,-0.0002328850612664052,-0.0002836484081633145
45,bowl,C:\Users\maxbe\Downloads\coco\train2017\000000005589.jpg,133,rbf,kernel_herding,direct,False,0.9013886831819876,-0.0002832506907161,0.001,0.9229079761890024,0.92177208533933,-7.868824054968471e-05,-0.2045624501664509,-20.38340215734227,0.8150038432015425,0.8150038432015425,45,bowl,0.8150038432015425,63,laptop,person|spoon|laptop|mouse|keyboard,False,-0.0002832506907161,1,-0.0002045624501664509,-0.00028325069071613563
45,bowl,C:\Users\maxbe\Downloads\coco\train2017\000000347884.jpg,134,rbf,kernel_herding,direct,False,0.9011061360736684,-0.0002825471083194,0.001,0.9229079761890024,0.9215531532572752,-0.0002189320820548,-0.0636150262645953,-20.447017183606867,0.9383661763355584,0.9383661763355584,45,bowl,0.9383661763355584,0,person,person|bottle|refrigerator,False,-0.0002825471083193,1,-6.36150262645953e-05,-0.0002825471083193953
45,bowl,C:\Users\maxbe\Downloads\coco\train2017\000000146645.jpg,135,rbf,kernel_herding,direct,False,0.9008235960572036,-0.0002825400164645,0.001,0.9229079761890024,0.9213480745493708,-0.0002050787079043,-0.0774613085601922,-20.52447849216706,0.9254628311923516,0.9254628311923516,45,bowl,0.9254628311923516,46,banana,person|bicycle|bottle|banana,False,-0.0002825400164644,1,-7.74613085601922e-05,-0.00028254001646449217
45,bowl,C:\Users\maxbe\Downloads\coco\train2017\000000470068.jpg,136,rbf,kernel_herding,direct,False,0.9005430053119404,-0.0002805907452633,0.001,0.9229079761890024,0.9211202632583556,-0.0002278112910153,-0.0527794542480082,-20.577257946415067,0.948589196730826,0.948589196730826,45,bowl,0.948589196730826,68,microwave,bottle|fork|knife|spoon|bowl|microwave|clock,True,-0.0002805907452633,1,-5.2779454248008204e-05,-0.0002805907452633082
45,bowl,C:\Users\maxbe\Downloads\coco\train2017\000000090526.jpg,137,rbf,kernel_herding,direct,False,0.9002620614251439,-0.0002809438867965,0.001,0.9229079761890024,0.9210233260230628,-9.69372352928044e-05,-0.1840066515037204,-20.761264597918785,0.8319302702199809,0.8319302702199809,45,bowl,0.8319302702199809,61,toilet,toilet,False,-0.0002809438867965,1,-0.0001840066515037204,-0.0002809438867965248
45,bowl,C:\Users\maxbe\Downloads\coco\train2017\000000068260.jpg,138,rbf,kernel_herding,direct,False,0.899979842575255,-0.0002822188498888,0.001,0.9229079761890024,0.9209258509226574,-9.74751004052532e-05,-0.1847437494836509,-20.94600834740244,0.8313172820422854,0.8313172820422854,45,bowl,0.8313172820422854,63,laptop,person|bottle|laptop|microwave|oven,False,-0.0002822188498889,1,-0.0001847437494836509,-0.00028221884988890414
45,bowl,C:\Users\maxbe\Downloads\coco\train2017\000000369516.jpg,139,rbf,kernel_herding,direct,False,0.8996977144804471,-0.0002821280948078,0.001,0.9229079761890024,0.9208838868178812,-4.196410477619317e-05,-0.2401639900316728,-21.186172337434108,0.7864988725144098,0.7864988725144098,45,bowl,0.7864988725144098,61,toilet,toilet,False,-0.0002821280948078,1,-0.0002401639900316728,-0.00028212809480786596
45,bowl,C:\Users\maxbe\Downloads\coco\train2017\000000517349.jpg,140,rbf,kernel_herding,direct,False,0.8994116155959788,-0.0002860988844682,0.001,0.9229079761890024,0.9206964678178052,-0.0001874190000761,-0.0986798843921839,-21.28485222182629,0.906032696812545,0.906032696812545,45,bowl,0.906032696812545,59,bed,person|cat|bed|book,False,-0.0002860988844682,1,-9.867988439218391e-05,-0.0002860988844682839
45,bowl,C:\Users\maxbe\Downloads\coco\train2017\000000379911.jpg,141,rbf,kernel_herding,direct,False,0.8991261480438274,-0.0002854675521514,0.001,0.9229079761890024,0.9204275791357522,-0.0002688886820528,-0.0165788700985638,-21.30143109192485,0.9835578030296168,0.9835578030296168,45,bowl,0.9835578030296168,72,refrigerator,person|bowl|oven|sink|refrigerator,True,-0.0002854675521513,1,-1.65788700985638e-05,-0.00028546755215136377
45,bowl,C:\Users\maxbe\Downloads\coco\train2017\000000075843.jpg,142,rbf,kernel_herding,direct,False,0.8988416816746295,-0.0002844663691978,0.001,0.9229079761890024,0.9202323887029892,-0.0001951904327629,-0.08927593643494,-21.390707028359795,0.914593169172746,0.914593169172746,45,bowl,0.914593169172746,57,couch,bowl|couch|tv|book|vase,True,-0.0002844663691978,1,-8.927593643494001e-05,-0.00028446636919784003
45,bowl,C:\Users\maxbe\Downloads\coco\train2017\000000328833.jpg,143,rbf,kernel_herding,direct,False,0.8985557733131024,-0.000285908361527,0.001,0.9229079761890024,0.9201207724324706,-0.0001116162705186,-0.1742920910084101,-21.564999119368206,0.840051490331612,0.840051490331612,45,bowl,0.840051490331612,56,chair,cup|bowl|chair|dining table|sink|vase,True,-0.000285908361527,1,-0.00017429209100841008,-0.00028590836152701007
45,bowl,C:\Users\maxbe\Downloads\coco\train2017\000000227558.jpg,144,rbf,kernel_herding,direct,False,0.8982701820571444,-0.000285591255958,0.001,0.9229079761890024,0.9200641941232032,-5.657830926730778e-05,-0.2290129466907415,-21.794012066058947,0.7953182366981877,0.7953182366981877,45,bowl,0.7953182366981877,58,potted plant,cup|potted plant|vase,False,-0.000285591255958,1,-0.0002290129466907415,-0.00028559125595804927
45,bowl,C:\Users\maxbe\Downloads\coco\train2017\000000545375.jpg,145,rbf,kernel_herding,direct,False,0.8979847773829751,-0.0002854046741692,0.001,0.9229079761890024,0.9198964491733834,-0.0001677449498198,-0.1176597243493666,-21.91167179040832,0.8889985056969276,0.8889985056969276,45,bowl,0.8889985056969276,0,person,person|bottle|spoon|bowl,True,-0.0002854046741691,1,-0.0001176597243493666,-0.0002854046741691666
45,bowl,C:\Users\maxbe\Downloads\coco\train2017\000000361145.jpg,146,rbf,kernel_herding,direct,False,0.8976975819917689,-0.0002871953912062,0.001,0.9229079761890024,0.9198101180430948,-8.63311302886638e-05,-0.2008642609176092,-22.11253605132592,0.818023461771194,0.818023461771194,45,bowl,0.818023461771194,7,truck,truck,False,-0.0002871953912062,1,-0.0002008642609176092,-0.00028719539120627296
45,bowl,C:\Users\maxbe\Downloads\coco\train2017\000000486313.jpg,147,rbf,kernel_herding,direct,False,0.8974103432004743,-0.0002872387912945,0.001,0.9229079761890024,0.9197430315373968,-6.70865056980885e-05,-0.2201522855964671,-22.332688336922388,0.8023965952127501,0.8023965952127501,45,bowl,0.8023965952127501,57,couch,couch|potted plant|vase,False,-0.0002872387912945,1,-0.00022015228559646712,-0.0002872387912945556
45,bowl,C:\Users\maxbe\Downloads\coco\train2017\000000008245.jpg,148,rbf,kernel_herding,direct,False,0.8971194077789448,-0.0002909354215294,0.001,0.9229079761890024,0.9196682486773028,-7.478286009399149e-05,-0.2161525614354787,-22.548840898357867,0.8056123871144744,0.8056123871144744,45,bowl,0.8056123871144744,75,vase,handbag|vase,False,-0.0002909354215294,1,-0.0002161525614354787,-0.00029093542152947016
45,bowl,C:\Users\maxbe\Downloads\coco\train2017\000000337354.jpg,149,rbf,kernel_herding,direct,False,0.8968269269082638,-0.000292480870681,0.001,0.9229079761890024,0.9194480780342184,-0.0002201706430843,-0.0723102275966401,-22.62115112595451,0.930242264219856,0.930242264219856,45,bowl,0.930242264219856,0,person,person|cat|bottle|cup|bowl|laptop|microwave|toaster|sink|refrigerator|clock,True,-0.0002924808706809,1,-7.23102275966401e-05,-0.0002924808706809401
45,bowl,C:\Users\maxbe\Downloads\coco\train2017\000000560161.jpg,150,rbf,kernel_herding,direct,False,0.8965347711227271,-0.0002921557855367,0.001,0.9229079761890024,0.9194642538734258,1.617583920743293e-05,-0.3083316247441822,-22.92948275069869,0.734671642310417,0.734671642310417,45,bowl,0.734671642310417,56,chair,cat|chair,False,-0.0002921557855367,1,-0.0003083316247441822,-0.00029215578553674925
45,bowl,C:\Users\maxbe\Downloads\coco\train2017\000000118563.jpg,151,rbf,kernel_herding,direct,False,0.8962423177400866,-0.0002924533826405,0.001,0.9229079761890024,0.9192789094415008,-0.000185344431925,-0.1071089507154587,-23.03659170141415,0.8984277833070475,0.8984277833070475,45,bowl,0.8984277833070475,0,person,person|dog|cup|knife|spoon|bowl|oven|sink,True,-0.0002924533826404,1,-0.0001071089507154587,-0.0002924533826404587
45,bowl,C:\Users\maxbe\Downloads\coco\train2017\000000472828.jpg,152,rbf,kernel_herding,direct,False,0.8959502882957414,-0.0002920294443451,0.001,0.9229079761890024,0.9191225533383128,-0.0001563561031879,-0.135673341157141,-23.17226504257129,0.87312780082589,0.87312780082589,45,bowl,0.87312780082589,0,person,person|handbag|bottle|cup|orange,False,-0.000292029444345,1,-0.000135673341157141,-0.000292029444345041
45,bowl,C:\Users\maxbe\Downloads\coco\train2017\000000414495.jpg,153,rbf,kernel_herding,direct,False,0.8956576824758187,-0.0002926058199227,0.001,0.9229079761890024,0.9189526179230516,-0.0001699354152612,-0.1226704046615889,-23.29493544723288,0.8845551597763502,0.8845551597763502,45,bowl,0.8845551597763502,71,sink,cat|toilet|sink,False,-0.0002926058199227,1,-0.0001226704046615889,-0.0002926058199227889
45,bowl,C:\Users\maxbe\Downloads\coco\train2017\000000093597.jpg,154,rbf,kernel_herding,direct,False,0.8953652459312058,-0.0002924365446128,0.001,0.9229079761890024,0.9188034209877513,-0.0001491969353002,-0.1432396093125486,-23.438175056545425,0.8665464114272172,0.8665464114272172,45,bowl,0.8665464114272172,63,laptop,bowl|tv|laptop,True,-0.0002924365446127,1,-0.00014323960931254858,-0.0002924365446127486
45,bowl,C:\Users\maxbe\Downloads\coco\train2017\000000095105.jpg,155,rbf,kernel_herding,direct,False,0.8950688522240773,-0.0002963937071285,0.001,0.9229079761890024,0.9187932582878898,-1.0162699861426816e-05,-0.2862310072670654,-23.72440606381249,0.7510890888659076,0.7510890888659076,45,bowl,0.7510890888659076,0,person,person|donut,False,-0.0002963937071284,1,-0.00028623100726706544,-0.00029639370712849226
45,bowl,C:\Users\maxbe\Downloads\coco\train2017\000000279831.jpg,156,rbf,kernel_herding,direct,False,0.8947684086147137,-0.0003004436093635,0.001,0.9229079761890024,0.9188910040278307,9.77457399410353e-05,-0.3981893493045866,-24.12259541311708,0.6715348609629976,0.6715348609629976,45,bowl,0.6715348609629976,2,car,car|dog,False,-0.0003004436093635,1,-0.00039818934930458663,-0.00030044360936355133
45,bowl,C:\Users\maxbe\Downloads\coco\train2017\000000455674.jpg,157,rbf,kernel_herding,direct,False,0.8944672904959636,-0.0003011181187501,0.001,0.9229079761890024,0.9187710482445234,-0.0001199557833074,-0.1811623354426129,-24.303757748559693,0.8342999112557612,0.8342999112557612,45,bowl,0.8342999112557612,77,teddy bear,teddy bear,False,-0.00030111811875,1,-0.0001811623354426129,-0.00030111811875001293
45,bowl,C:\Users\maxbe\Downloads\coco\train2017\000000324952.jpg,158,rbf,kernel_herding,direct,False,0.8941667758792975,-0.0003005146166661,0.001,0.9229079761890024,0.9186756030803536,-9.544516416970517e-05,-0.2050694524965128,-24.508827201056206,0.8145907390852533,0.8145907390852533,45,bowl,0.8145907390852533,0,person,person|knife|cake|chair|dining table,False,-0.0003005146166662,1,-0.0002050694524965128,-0.00030051461666621797
45,bowl,C:\Users\maxbe\Downloads\coco\train2017\000000432286.jpg,159,rbf,kernel_herding,direct,False,0.893865765622327,-0.0003010102569704,0.001,0.9229079761890024,0.9184925267920858,-0.0001830762882678,-0.1179339687025822,-24.62676116975879,0.8887547363044404,0.8887547363044404,45,bowl,0.8887547363044404,57,couch,chair|couch|dining table|remote|book,False,-0.0003010102569703,1,-0.0001179339687025822,-0.0003010102569703822
45,bowl,C:\Users\maxbe\Downloads\coco\train2017\000000079189.jpg,160,rbf,kernel_herding,direct,False,0.8935648419591516,-0.0003009236631753,0.001,0.9229079761890024,0.91831203905041,-0.0001804877416757,-0.1204359214996327,-24.747197091258425,0.8865338932867457,0.8865338932867457,45,bowl,0.8865338932867457,72,refrigerator,person|bottle|oven|refrigerator,False,-0.0003009236631753,1,-0.0001204359214996327,-0.0003009236631753327
17,horse,C:\Users\maxbe\Downloads\coco\train2017\000000316091.jpg,1,rbf,kernel_herding,direct,False,0.9029083377938736,0.0006599207289181,0.001,0.902248281327536,0.9029899052431016,0.0007414881781464,-0.0815674492283016,-0.0815674492283016,0.9216705417895248,0.9216705417895248,17,horse,0.9216705417895248,-1,unlabeled,,False,0.000659920728918,2,-8.15674492283016e-05,0.0006599207289180983
17,horse,C:\Users\maxbe\Downloads\coco\train2017\000000520986.jpg,2,rbf,kernel_herding,direct,False,0.903520744243362,0.0006124064494885,0.001,0.902248281327536,0.9037227158495428,0.0007328106064409,-0.1204041569523336,-0.2019716061806352,0.8865620540817865,0.8865620540817865,17,horse,0.8865620540817865,59,bed,bed,False,0.0006124064494885,2,-0.0001204041569523336,0.0006124064494885664
17,horse,C:\Users\maxbe\Downloads\coco\train2017\000000119636.jpg,3,rbf,kernel_herding,direct,False,0.9040913592660614,0.0005706150226993,0.001,0.902248281327536,0.9044479271260528,0.0007252112765101,-0.1545962538107015,-0.3565678599913368,0.856761021658916,0.856761021658916,17,horse,0.856761021658916,6,train,person|train,False,0.0005706150226993,2,-0.0001545962538107015,0.0005706150226993985
17,horse,C:\Users\maxbe\Downloads\coco\train2017\000000188667.jpg,4,rbf,kernel_herding,direct,False,0.904618219835642,0.0005268605695805,0.001,0.902248281327536,0.9052097578507824,0.0007618307247294,-0.2349701551490187,-0.5915380151403555,0.790594444449023,0.790594444449023,17,horse,0.790594444449023,15,cat,cat,False,0.0005268605695803,2,-0.0002349701551490187,0.0005268605695803813
17,horse,C:\Users\maxbe\Downloads\coco\train2017\000000130292.jpg,5,rbf,kernel_herding,direct,False,0.905104719692132,0.0004864998564899,0.001,0.902248281327536,0.9059419250126884,0.0007321671619061,-0.2456673054161841,-0.8372053205565397,0.7821824094922736,0.7821824094922736,17,horse,0.7821824094922736,74,clock,clock,False,0.0004864998564899,2,-0.0002456673054161841,0.00048649985648991593
17,horse,C:\Users\maxbe\Downloads\coco\train2017\000000523565.jpg,6,rbf,kernel_herding,direct,False,0.9055685872673374,0.0004638675752054,0.001,0.902248281327536,0.9065915090757626,0.0006495840630741,-0.1857164878686983,-1.022921808425238,0.8305090209888972,0.8305090209888972,17,horse,0.8305090209888972,75,vase,vase,False,0.0004638675752054,2,-0.0001857164878686983,0.0004638675752054017
17,horse,C:\Users\maxbe\Downloads\coco\train2017\000000472953.jpg,7,rbf,kernel_herding,direct,False,0.9060102403905068,0.0004416531231694,0.001,0.902248281327536,0.9072013224029102,0.0006098133271476,-0.1681602039781568,-1.191082012403395,0.8452184164839489,0.8452184164839489,17,horse,0.8452184164839489,10,fire hydrant,fire hydrant,False,0.0004416531231694,2,-0.0001681602039781568,0.00044165312316944315
17,horse,C:\Users\maxbe\Downloads\coco\train2017\000000148375.jpg,8,rbf,kernel_herding,direct,False,0.9064316392851496,0.0004213988946427,0.001,0.902248281327536,0.9077160644034962,0.0005147420005859,-0.0933431059431803,-1.2844251183465754,0.9108809180172868,0.9108809180172868,17,horse,0.9108809180172868,2,car,car|toilet,False,0.0004213988946427,2,-9.33431059431803e-05,0.00042139889464271974
17,horse,C:\Users\maxbe\Downloads\coco\train2017\000000063556.jpg,9,rbf,kernel_herding,direct,False,0.9068171974470368,0.0003855581618873,0.001,0.902248281327536,0.9082190170115244,0.0005029526080281,-0.1173944461407547,-1.40181956448733,0.8892343689112802,0.8892343689112802,17,horse,0.8892343689112802,2,car,person|car|motorcycle|bus|truck|traffic light|handbag|clock,False,0.0003855581618873,2,-0.0001173944461407547,0.00038555816188734526
17,horse,C:\Users\maxbe\Downloads\coco\train2017\000000262329.jpg,10,rbf,kernel_herding,direct,False,0.9071797122949882,0.0003625148479512,0.001,0.902248281327536,0.9087659088088622,0.0005468917973379,-0.1843769493866592,-1.5861965138739893,0.8316222652324822,0.8316222652324822,17,horse,0.8316222652324822,74,clock,clock,False,0.0003625148479512,2,-0.0001843769493866592,0.0003625148479512408
17,horse,C:\Users\maxbe\Downloads\coco\train2017\000000081135.jpg,11,rbf,kernel_herding,direct,False,0.907525792397533,0.0003460801025447,0.001,0.902248281327536,0.9093459326276548,0.0005800238187926,-0.2339437162478871,-1.8201402301218763,0.7914063579603469,0.7914063579603469,17,horse,0.7914063579603469,0,person,person|backpack|umbrella|handbag,False,0.0003460801025447,2,-0.0002339437162478871,0.00034608010254471287
17,horse,C:\Users\maxbe\Downloads\coco\train2017\000000065816.jpg,12,rbf,kernel_herding,direct,False,0.9078413093745494,0.0003155169770164,0.001,0.902248281327536,0.9098641006773468,0.0005181680496919,-0.2026510726755139,-2.0227913027973905,0.8165631129042581,0.8165631129042581,17,horse,0.8165631129042581,59,bed,bed,False,0.0003155169770163,2,-0.00020265107267551392,0.00031551697701638604
17,horse,C:\Users\maxbe\Downloads\coco\train2017\000000293081.jpg,13,rbf,kernel_herding,direct,False,0.908136686945682,0.0002953775711325,0.001,0.902248281327536,0.9103547886735844,0.0004906879962375,-0.1953104251049786,-2.218101727902369,0.8225792691615242,0.8225792691615242,17,horse,0.8225792691615242,8,boat,person|car|boat,False,0.0002953775711325,2,-0.0001953104251049786,0.0002953775711325214
17,horse,C:\Users\maxbe\Downloads\coco\train2017\000000338065.jpg,14,rbf,kernel_herding,direct,False,0.9084123842520494,0.0002756973063674,0.001,0.902248281327536,0.9109218550492402,0.0005670663756558,-0.2913690692883602,-2.5094707971907293,0.7472398438418592,0.7472398438418592,17,horse,0.7472398438418592,4,airplane,person|airplane,False,0.0002756973063674,2,-0.0002913690692883602,0.00027569730636743987
17,horse,C:\Users\maxbe\Downloads\coco\train2017\000000383956.jpg,15,rbf,kernel_herding,direct,False,0.9086719993826882,0.0002596151306387,0.001,0.902248281327536,0.9113693563508714,0.0004475013016311,-0.1878861709924554,-2.697356968183185,0.8287090329898437,0.8287090329898437,17,horse,0.8287090329898437,6,train,train|horse,True,0.0002596151306386,2,-0.0001878861709924554,0.0002596151306386446
17,horse,C:\Users\maxbe\Downloads\coco\train2017\000000100811.jpg,16,rbf,kernel_herding,direct,False,0.9089148733686362,0.000242873985948,0.001,0.902248281327536,0.9118124757988711,0.0004431194479997,-0.2002454620518118,-2.8976024302349965,0.8185298104093586,0.8185298104093586,17,horse,0.8185298104093586,8,boat,person|car|boat|bird,False,0.0002428739859478,2,-0.0002002454620518118,0.00024287398594788822
17,horse,C:\Users\maxbe\Downloads\coco\train2017\000000266031.jpg,17,rbf,kernel_herding,direct,False,0.9091316425215012,0.0002167691528649,0.001,0.902248281327536,0.9121074100920268,0.0002949342931557,-0.0781651402907356,-2.9757675705257323,0.924811690260024,0.924811690260024,17,horse,0.924811690260024,5,bus,bus,False,0.0002167691528649,2,-7.816514029073559e-05,0.00021676915286496443
17,horse,C:\Users\maxbe\Downloads\coco\train2017\000000515403.jpg,18,rbf,kernel_herding,direct,False,0.90932603263701,0.0001943901155088,0.001,0.902248281327536,0.9124322235455166,0.0003248134534896,-0.1304233379809068,-3.106190908506639,0.8777237784456463,0.8777237784456463,17,horse,0.8777237784456463,17,horse,person|horse,True,0.0001943901155086,2,-0.0001304233379809068,0.0001943901155086932
17,horse,C:\Users\maxbe\Downloads\coco\train2017\000000460962.jpg,19,rbf,kernel_herding,direct,False,0.9095041440691104,0.0001781114321005,0.001,0.902248281327536,0.912675932187385,0.0002437086418684,-0.065597209767837,-3.1717881182744763,0.9365080046079008,0.9365080046079008,17,horse,0.9365080046079008,7,truck,person|car|truck|stop sign|chair|dining table,False,0.0001781114321005,2,-6.559720976783701e-05,0.00017811143210056296
17,horse,C:\Users\maxbe\Downloads\coco\train2017\000000191615.jpg,20,rbf,kernel_herding,direct,False,0.9096691391581008,0.0001649950889902,0.001,0.902248281327536,0.9130476108456588,0.0003716786582738,-0.2066835692835068,-3.378471687557983,0.8132769550844109,0.8132769550844109,17,horse,0.8132769550844109,17,horse,horse,True,0.0001649950889902,2,-0.00020668356928350682,0.0001649950889902932
17,horse,C:\Users\maxbe\Downloads\coco\train2017\000000455916.jpg,21,rbf,kernel_herding,direct,False,0.9098185703729068,0.0001494312148061,0.001,0.902248281327536,0.9132750426098828,0.000227431764224,-0.0780005494178802,-3.456472236975864,0.9249639183506844,0.9249639183506844,17,horse,0.9249639183506844,7,truck,person|truck,False,0.0001494312148061,2,-7.800054941788021e-05,0.00014943121480611978
17,horse,C:\Users\maxbe\Downloads\coco\train2017\000000484007.jpg,22,rbf,kernel_herding,direct,False,0.9099590871407526,0.0001405167678456,0.001,0.902248281327536,0.9138186104699167,0.0005435678600339,-0.4030510921883111,-3.859523329164175,0.6682779546672011,0.6682779546672011,17,horse,0.6682779546672011,50,broccoli,broccoli,False,0.0001405167678455,2,-0.0004030510921883111,0.0001405167678455889
17,horse,C:\Users\maxbe\Downloads\coco\train2017\000000119760.jpg,23,rbf,kernel_herding,direct,False,0.9100898657828131,0.0001307786420605,0.001,0.902248281327536,0.9141706264942928,0.0003520160243761,-0.2212373823156407,-4.080760711479815,0.8015263895138662,0.8015263895138662,17,horse,0.8015263895138662,57,couch,cat|chair|couch|tv|remote|book,False,0.0001307786420604,2,-0.0002212373823156407,0.0001307786420604593
17,horse,C:\Users\maxbe\Downloads\coco\train2017\000000146722.jpg,24,rbf,kernel_herding,direct,False,0.910194991964078,0.0001051261812649,0.001,0.902248281327536,0.91449955226457,0.000328925770277,-0.2237995890121885,-4.304560300492004,0.7994753419571611,0.7994753419571611,17,horse,0.7994753419571611,13,bench,bench,False,0.0001051261812648,2,-0.0002237995890121885,0.00010512618126481149
17,horse,C:\Users\maxbe\Downloads\coco\train2017\000000540146.jpg,25,rbf,kernel_herding,direct,False,0.9102912181287236,9.622616464566304e-05,0.001,0.902248281327536,0.9148919595739112,0.000392407309341,-0.296181144695378,-4.600741445187382,0.7436527070744655,0.7436527070744655,17,horse,0.7436527070744655,6,train,train,False,9.622616464562204e-05,2,-0.000296181144695378,9.622616464562204e-05
17,horse,C:\Users\maxbe\Downloads\coco\train2017\000000082565.jpg,26,rbf,kernel_herding,direct,False,0.910374085222787,8.286709406324366e-05,0.001,0.902248281327536,0.9151433483743782,0.000251388800467,-0.1685217064037778,-4.76926315159116,0.844912923197819,0.844912923197819,17,horse,0.844912923197819,18,sheep,car|bus|truck|stop sign|sheep,False,8.286709406322217e-05,2,-0.00016852170640377782,8.286709406322217e-05
17,horse,C:\Users\maxbe\Downloads\coco\train2017\000000096512.jpg,27,rbf,kernel_herding,direct,False,0.910450270721629,7.618549884202963e-05,0.001,0.902248281327536,0.915450917441818,0.0003075690674397,-0.2313835685977923,-5.000646720188952,0.793435070882186,0.793435070882186,17,horse,0.793435070882186,5,bus,person|motorcycle|bus,False,7.618549884190769e-05,2,-0.0002313835685977923,7.618549884190769e-05
17,horse,C:\Users\maxbe\Downloads\coco\train2017\000000276408.jpg,28,rbf,kernel_herding,direct,False,0.9105183684111504,6.809768952142914e-05,0.001,0.902248281327536,0.9157415540218712,0.0002906365800533,-0.2225388905319689,-5.223185610720921,0.8004838749001382,0.8004838749001382,17,horse,0.8004838749001382,0,person,person|frisbee,False,6.809768952133107e-05,2,-0.0002225388905319689,6.809768952133107e-05
17,horse,C:\Users\maxbe\Downloads\coco\train2017\000000312479.jpg,29,rbf,kernel_herding,direct,False,0.9105770803135173,5.8711902366725965e-05,0.001,0.902248281327536,0.915800850894366,5.929687249472959e-05,-0.0005849701279125,-5.223770580848833,0.9994152009327558,0.9994152009327558,17,horse,0.9994152009327558,17,horse,horse,True,5.871190236681709e-05,2,-5.849701279125e-07,5.871190236681709e-05
17,horse,C:\Users\maxbe\Downloads\coco\train2017\000000470474.jpg,30,rbf,kernel_herding,direct,False,0.9106273659702528,5.02856567355936e-05,0.001,0.902248281327536,0.9158591702956228,5.83194012566679e-05,-0.0080337445211737,-5.231804325370007,0.9919984397589088,0.9919984397589088,17,horse,0.9919984397589088,17,horse,person|horse,True,5.028565673549421e-05,2,-8.0337445211737e-06,5.0285656735494204e-05
17,horse,C:\Users\maxbe\Downloads\coco\train2017\000000256470.jpg,31,rbf,kernel_herding,direct,False,0.9106681469783052,4.078100805249285e-05,0.001,0.902248281327536,0.9159317838590488,7.261356342613823e-05,-0.0318325553735611,-5.263636880743568,0.9686687668791452,0.9686687668791452,17,horse,0.9686687668791452,17,horse,horse,True,4.078100805257713e-05,2,-3.18325553735611e-05,4.078100805257713e-05
17,horse,C:\Users\maxbe\Downloads\coco\train2017\000000421469.jpg,32,rbf,kernel_herding,direct,False,0.9106962264401628,2.807946185745536e-05,0.001,0.902248281327536,0.9160602915389964,0.0001285076799475,-0.1004282180900826,-5.364065098833651,0.9044500332324826,0.9044500332324826,17,horse,0.9044500332324826,7,truck,car|truck|umbrella,False,2.807946185741741e-05,2,-0.0001004282180900826,2.807946185741741e-05
17,horse,C:\Users\maxbe\Downloads\coco\train2017\000000357272.jpg,33,rbf,kernel_herding,direct,False,0.9107056262020946,9.399761931927486e-06,0.001,0.902248281327536,0.9163283126393008,0.0002680211003043,-0.2586213383724318,-5.622686437206083,0.7721153381455673,0.7721153381455673,17,horse,0.7721153381455673,59,bed,person|bed,False,9.39976193186818e-06,2,-0.0002586213383724318,9.39976193186818e-06
17,horse,C:\Users\maxbe\Downloads\coco\train2017\000000402221.jpg,34,rbf,kernel_herding,direct,False,0.9107075123663472,1.8861642526735167e-06,0.001,0.902248281327536,0.9167722896180176,0.0004439769787167,-0.4420908144640714,-6.064777251670154,0.6426912671412389,0.6426912671412389,17,horse,0.6426912671412389,15,cat,cat|book,False,1.8861642526285763e-06,2,-0.0004420908144640714,1.8861642526285765e-06
17,horse,C:\Users\maxbe\Downloads\coco\train2017\000000202672.jpg,35,rbf,kernel_herding,direct,False,0.9107039239711168,-3.588395230624819e-06,0.001,0.902248281327536,0.9167700822958617,-2.20732215594488e-06,-0.0013810730747805,-6.066158324744935,0.9986198801667554,0.9986198801667554,17,horse,0.9986198801667554,17,horse,horse,True,-3.58839523072538e-06,2,-1.3810730747805e-06,-3.58839523072538e-06
17,horse,C:\Users\maxbe\Downloads\coco\train2017\000000047235.jpg,36,rbf,kernel_herding,direct,False,0.9106999015100083,-4.022461108199593e-06,0.001,0.902248281327536,0.916809697035648,3.961473978641994e-05,-0.0436372008945165,-6.109795525639451,0.9573012024980904,0.9573012024980904,17,horse,0.9573012024980904,0,person,person|horse|bowl,True,-4.02246110809656e-06,2,-4.36372008945165e-05,-4.02246110809656e-06
17,horse,C:\Users\maxbe\Downloads\coco\train2017\000000274376.jpg,37,rbf,kernel_herding,direct,False,0.9106853549527224,-1.4546557286054806e-05,0.001,0.902248281327536,0.9172159178084291,0.0004062207727812,-0.4207673300673922,-6.530562855706844,0.6565428414171453,0.6565428414171453,17,horse,0.6565428414171453,7,truck,person|truck,False,-1.4546557286192227e-05,2,-0.0004207673300673922,-1.4546557286192229e-05
17,horse,C:\Users\maxbe\Downloads\coco\train2017\000000143733.jpg,38,rbf,kernel_herding,direct,False,0.91066147219821,-2.388275451248312e-05,0.001,0.902248281327536,0.917313344599358,9.742679092872296e-05,-0.1213095454412001,-6.651872401148044,0.8857597342637249,0.8857597342637249,17,horse,0.8857597342637249,0,person,person|car|traffic light|handbag,False,-2.388275451247714e-05,2,-0.0001213095454412001,-2.388275451247714e-05
17,horse,C:\Users\maxbe\Downloads\coco\train2017\000000382148.jpg,39,rbf,kernel_herding,direct,False,0.9106339661483082,-2.7506049901759862e-05,0.001,0.902248281327536,0.9173371000388726,2.375543951460557e-05,-0.0512614894163554,-6.703133890564399,0.9500302152021296,0.9500302152021296,17,horse,0.9500302152021296,23,giraffe,giraffe,False,-2.750604990174983e-05,2,-5.12614894163554e-05,-2.750604990174983e-05
17,horse,C:\Users\maxbe\Downloads\coco\train2017\000000039971.jpg,40,rbf,kernel_herding,direct,False,0.9105994448064548,-3.452134185344402e-05,0.001,0.902248281327536,0.9176503751787112,0.0003132751398384,-0.3477964816919411,-7.050930372256341,0.7062425948861883,0.7062425948861883,17,horse,0.7062425948861883,6,train,train,False,-3.452134185354111e-05,2,-0.0003477964816919411,-3.452134185354111e-05
17,horse,C:\Users\maxbe\Downloads\coco\train2017\000000505501.jpg,41,rbf,kernel_herding,direct,False,0.9105598062758792,-3.963853057564748e-05,0.001,0.902248281327536,0.917707598496822,5.722331811097714e-05,-0.0968618486866428,-7.147792220942984,0.9076813948475736,0.9076813948475736,17,horse,0.9076813948475736,0,person,person|bicycle|car|motorcycle|backpack,False,-3.963853057566567e-05,2,-9.68618486866428e-05,-3.963853057566567e-05
17,horse,C:\Users\maxbe\Downloads\coco\train2017\000000244293.jpg,42,rbf,kernel_herding,direct,False,0.9105154985127188,-4.430776316022289e-05,0.001,0.902248281327536,0.9177140387748774,6.440278055408477e-06,-0.0507480412155906,-7.198540262158574,0.9505181317560172,0.9505181317560172,17,horse,0.9505181317560172,1,bicycle,person|bicycle|car|truck|traffic light|horse|backpack,True,-4.430776316018213e-05,2,-5.07480412155906e-05,-4.4307763160182125e-05
17,horse,C:\Users\maxbe\Downloads\coco\train2017\000000243564.jpg,43,rbf,kernel_herding,direct,False,0.9104623694702404,-5.312904247833927e-05,0.001,0.902248281327536,0.9179435628664536,0.0002295240915761,-0.2826531340545851,-7.481193396213159,0.7537812035478011,0.7537812035478011,17,horse,0.7537812035478011,0,person,person|skateboard,False,-5.31290424784851e-05,2,-0.0002826531340545851,-5.31290424784851e-05
17,horse,C:\Users\maxbe\Downloads\coco\train2017\000000315521.jpg,44,rbf,kernel_herding,direct,False,0.9103915405588252,-7.082891141541037e-05,0.001,0.902248281327536,0.9183120509787832,0.0003684881123294,-0.4393170237448777,-7.920510419958037,0.6444764329068854,0.6444764329068854,17,horse,0.6444764329068854,47,apple,apple,False,-7.08289114154777e-05,2,-0.0004393170237448777,-7.08289114154777e-05
17,horse,C:\Users\maxbe\Downloads\coco\train2017\000000272613.jpg,45,rbf,kernel_herding,direct,False,0.9103142054751676,-7.733508365748154e-05,0.001,0.902248281327536,0.918638460497216,0.0003264095184329,-0.4037446020904031,-8.32425502204844,0.6678146579572857,0.6678146579572857,17,horse,0.6678146579572857,63,laptop,laptop,False,-7.733508365750306e-05,2,-0.0004037446020904031,-7.733508365750306e-05
17,horse,C:\Users\maxbe\Downloads\coco\train2017\000000327766.jpg,46,rbf,kernel_herding,direct,False,0.910232560054958,-8.164542020960841e-05,0.001,0.902248281327536,0.9186102735980692,-2.8186899146964706e-05,-0.0534585210626755,-8.377713543111115,0.947945259949368,0.947945259949368,17,horse,0.947945259949368,7,truck,truck|horse,True,-8.16454202096402e-05,2,-5.34585210626755e-05,-8.16454202096402e-05
17,horse,C:\Users\maxbe\Downloads\coco\train2017\000000245326.jpg,47,rbf,kernel_herding,direct,False,0.9101509592905106,-8.160076444740927e-05,0.001,0.902248281327536,0.9185304638590204,-7.980973904875288e-05,-0.0017910253986355,-8.37950456850975,0.9982105775292488,0.9982105775292488,17,horse,0.9982105775292488,17,horse,person|horse,True,-8.160076444738838e-05,2,-1.7910253986355e-06,-8.160076444738838e-05
17,horse,C:\Users\maxbe\Downloads\coco\train2017\000000225617.jpg,48,rbf,kernel_herding,direct,False,0.9100599751172084,-9.09841733023331e-05,0.001,0.902248281327536,0.9187731539772735,0.0002426901182532,-0.3336742915556356,-8.713178860065385,0.7162870449754604,0.7162870449754604,17,horse,0.7162870449754604,59,bed,bed|clock,False,-9.09841733024356e-05,2,-0.0003336742915556356,-9.098417330243559e-05
17,horse,C:\Users\maxbe\Downloads\coco\train2017\000000344125.jpg,49,rbf,kernel_herding,direct,False,0.9099566140864396,-0.0001033610307686,0.001,0.902248281327536,0.9189056875118105,0.0001325335345367,-0.2358945653055106,-8.949073425370896,0.7898639486058152,0.7898639486058152,17,horse,0.7898639486058152,3,motorcycle,person|motorcycle|truck,False,-0.0001033610307688,2,-0.0002358945653055106,-0.0001033610307688106
17,horse,C:\Users\maxbe\Downloads\coco\train2017\000000226795.jpg,50,rbf,kernel_herding,direct,False,0.909842115303268,-0.0001144987831717,0.001,0.902248281327536,0.919166047530858,0.0002603600190475,-0.3748588022191837,-9.32393222759008,0.6873863293624178,0.6873863293624178,17,horse,0.6873863293624178,59,bed,chair|bed|dining table,False,-0.0001144987831716,2,-0.0003748588022191837,-0.00011449878317168369
17,horse,C:\Users\maxbe\Downloads\coco\train2017\000000427123.jpg,51,rbf,kernel_herding,direct,False,0.9097214910234568,-0.000120624279811,0.001,0.902248281327536,0.9194430743993656,0.0002770268685077,-0.3976511483188149,-9.721583375908894,0.6718963789630941,0.6718963789630941,17,horse,0.6718963789630941,0,person,person|tie,False,-0.0001206242798111,2,-0.00039765114831881486,-0.00012062427981111487
17,horse,C:\Users\maxbe\Downloads\coco\train2017\000000261918.jpg,52,rbf,kernel_herding,direct,False,0.9095853240365755,-0.0001361669868811,0.001,0.902248281327536,0.9193164121132928,-0.0001266622860728,-0.0095047008083343,-9.731088076717228,0.9905403260907358,0.9905403260907358,17,horse,0.9905403260907358,17,horse,horse,True,-0.0001361669868811,2,-9.5047008083343e-06,-0.0001361669868811343
17,horse,C:\Users\maxbe\Downloads\coco\train2017\000000207554.jpg,53,rbf,kernel_herding,direct,False,0.9094456976287374,-0.0001396264078382,0.001,0.902248281327536,0.9192087444341585,-0.0001076676791345,-0.0319587287037375,-9.763046805420965,0.9685465544251284,0.9685465544251284,17,horse,0.9685465544251284,17,horse,horse,True,-0.0001396264078382,2,-3.1958728703737496e-05,-0.0001396264078382375
17,horse,C:\Users\maxbe\Downloads\coco\train2017\000000420487.jpg,54,rbf,kernel_herding,direct,False,0.9093053511919438,-0.0001403464367936,0.001,0.902248281327536,0.9194155422308026,0.0002067977966442,-0.3471442334378819,-10.110191038858847,0.7067033906459244,0.7067033906459244,17,horse,0.7067033906459244,0,person,person|clock,False,-0.0001403464367936,2,-0.00034714423343788195,-0.00014034643679368194
17,horse,C:\Users\maxbe\Downloads\coco\train2017\000000214489.jpg,55,rbf,kernel_herding,direct,False,0.9091626308554088,-0.0001427203365349,0.001,0.902248281327536,0.91928747168692,-0.0001280705438825,-0.0146497926523985,-10.124840831511246,0.9854569934581928,0.9854569934581928,17,horse,0.9854569934581928,17,horse,horse,True,-0.0001427203365348,2,-1.4649792652398501e-05,-0.00014272033653489852
17,horse,C:\Users\maxbe\Downloads\coco\train2017\000000089208.jpg,56,rbf,kernel_herding,direct,False,0.909011409857856,-0.0001512209975529,0.001,0.902248281327536,0.9191742057585612,-0.0001132659283586,-0.037955069194199,-10.162795900705444,0.9627561973301548,0.9627561973301548,17,horse,0.9627561973301548,17,horse,person|horse,True,-0.0001512209975527,2,-3.7955069194199e-05,-0.000151220997552799
17,horse,C:\Users\maxbe\Downloads\coco\train2017\000000508247.jpg,57,rbf,kernel_herding,direct,False,0.9088571461580364,-0.0001542636998194,0.001,0.902248281327536,0.91929524230356,0.0001210365449986,-0.2753002448180116,-10.438096145523456,0.7593440998631933,0.7593440998631933,17,horse,0.7593440998631933,74,clock,person|car|bird|handbag|clock,False,-0.0001542636998194,2,-0.0002753002448180116,-0.0001542636998194116
17,horse,C:\Users\maxbe\Downloads\coco\train2017\000000300307.jpg,58,rbf,kernel_herding,direct,False,0.9086988572829376,-0.0001582888750989,0.001,0.902248281327536,0.9195356260457004,0.0002403837421404,-0.3986726172394319,-10.836768762762889,0.6712104081027094,0.6712104081027094,17,horse,0.6712104081027094,8,boat,person|boat|bird,False,-0.000158288875099,2,-0.0003986726172394319,-0.00015828887509903192
17,horse,C:\Users\maxbe\Downloads\coco\train2017\000000031470.jpg,59,rbf,kernel_herding,direct,False,0.9085382090519416,-0.000160648230996,0.001,0.902248281327536,0.919375770019518,-0.0001598560261822,-0.0007922048137347,-10.837560967576623,0.999208108896652,0.999208108896652,17,horse,0.999208108896652,17,horse,horse|umbrella,True,-0.0001606482309959,2,-7.922048137347e-07,-0.00016064823099593473
17,horse,C:\Users\maxbe\Downloads\coco\train2017\000000485082.jpg,60,rbf,kernel_herding,direct,False,0.908378307684947,-0.0001599013669945,0.001,0.902248281327536,0.9192225504839964,-0.0001532195355216,-0.0066818314729172,-10.84424279904954,0.9933404423244652,0.9933404423244652,17,horse,0.9933404423244652,17,horse,horse,True,-0.0001599013669945,2,-6.6818314729172e-06,-0.0001599013669945172
17,horse,C:\Users\maxbe\Downloads\coco\train2017\000000125735.jpg,61,rbf,kernel_herding,direct,False,0.9082155355869104,-0.0001627720980367,0.001,0.902248281327536,0.9190613752462814,-0.000161175237715,-0.0015968603215932,-10.845839659371132,0.9984044139804652,0.9984044139804652,17,horse,0.9984044139804652,2,car,person|car|horse,True,-0.0001627720980365,2,-1.5968603215932001e-06,-0.0001627720980365932
17,horse,C:\Users\maxbe\Downloads\coco\train2017\000000305404.jpg,62,rbf,kernel_herding,direct,False,0.9080544049894826,-0.0001611305974276,0.001,0.902248281327536,0.9189021834800308,-0.0001591917662506,-0.0019388311769938,-10.847778490548126,0.998063047141062,0.998063047141062,17,horse,0.998063047141062,17,horse,person|horse|backpack|handbag|clock,True,-0.0001611305974275,2,-1.9388311769938e-06,-0.0001611305974275938
17,horse,C:\Users\maxbe\Downloads\coco\train2017\000000254997.jpg,63,rbf,kernel_herding,direct,False,0.9078891667078992,-0.0001652382815833,0.001,0.902248281327536,0.9189867366328928,8.455315286204357e-05,-0.2497914344453421,-11.097569924993469,0.7789632310276294,0.7789632310276294,17,horse,0.7789632310276294,6,train,train,False,-0.0001652382815832,2,-0.0002497914344453421,-0.0001652382815832985
17,horse,C:\Users\maxbe\Downloads\coco\train2017\000000566785.jpg,64,rbf,kernel_herding,direct,False,0.9077207406886588,-0.0001684260192406,0.001,0.902248281327536,0.9192347220736048,0.0002479854407121,-0.4164114599527008,-11.513981384946169,0.6594088943045414,0.6594088943045414,17,horse,0.6594088943045414,60,dining table,cup|broccoli|carrot|dining table,False,-0.0001684260192406,2,-0.0004164114599527008,-0.00016842601924060082
17,horse,C:\Users\maxbe\Downloads\coco\train2017\000000272953.jpg,65,rbf,kernel_herding,direct,False,0.90755116452402,-0.0001695761646386,0.001,0.902248281327536,0.9190656521212764,-0.0001690699523285,-0.0005062123100406,-11.51448759725621,0.999493915792794,0.999493915792794,17,horse,0.999493915792794,17,horse,horse,True,-0.0001695761646385,2,-5.062123100406e-07,-0.00016957616463854062
17,horse,C:\Users\maxbe\Downloads\coco\train2017\000000201622.jpg,66,rbf,kernel_herding,direct,False,0.9073816276402538,-0.0001695368837663,0.001,0.902248281327536,0.918899591685762,-0.0001660604355143,-0.0034764482519807,-11.51796404550819,0.996529587596778,0.996529587596778,17,horse,0.996529587596778,17,horse,person|traffic light|horse,True,-0.0001695368837662,2,-3.4764482519807e-06,-0.0001695368837662807
17,horse,C:\Users\maxbe\Downloads\coco\train2017\000000189868.jpg,67,rbf,kernel_herding,direct,False,0.90721354301738,-0.0001680846228736,0.001,0.902248281327536,0.9187485580747836,-0.0001510336109783,-0.0170510118953563,-11.535015057403546,0.983093533890302,0.983093533890302,17,horse,0.983093533890302,17,horse,dog|horse,True,-0.0001680846228736,2,-1.7051011895356302e-05,-0.0001680846228736563
17,horse,C:\Users\maxbe\Downloads\coco\train2017\000000092675.jpg,68,rbf,kernel_herding,direct,False,0.9070443003182366,-0.0001692426991435,0.001,0.902248281327536,0.9187471078269064,-1.450247877121669e-06,-0.1677924512663339,-11.70280750866988,0.8455293050102395,0.8455293050102395,17,horse,0.8455293050102395,0,person,person|horse|backpack|umbrella,True,-0.0001692426991434,2,-0.00016779245126633392,-0.0001692426991434556
17,horse,C:\Users\maxbe\Downloads\coco\train2017\000000365565.jpg,69,rbf,kernel_herding,direct,False,0.906861332602782,-0.0001829677154546,0.001,0.902248281327536,0.9189425277225454,0.0001954198956388,-0.3783876110935414,-12.081195119763422,0.6849649491898528,0.6849649491898528,17,horse,0.6849649491898528,3,motorcycle,person|motorcycle,False,-0.0001829677154547,2,-0.00037838761109354143,-0.00018296771545474143
17,horse,C:\Users\maxbe\Downloads\coco\train2017\000000298160.jpg,70,rbf,kernel_herding,direct,False,0.9066675693340138,-0.000193763268768,0.001,0.902248281327536,0.918768099682447,-0.0001744280400983,-0.0193352286697381,-12.10053034843316,0.980850497914882,0.980850497914882,17,horse,0.980850497914882,0,person,person|bus|horse,True,-0.000193763268768,2,-1.93352286697381e-05,-0.0001937632687680381
17,horse,C:\Users\maxbe\Downloads\coco\train2017\000000507580.jpg,71,rbf,kernel_herding,direct,False,0.9064734967295348,-0.000194072604479,0.001,0.902248281327536,0.918634383806528,-0.0001337158759189,-0.0603567285601172,-12.160887076993278,0.941428639192337,0.941428639192337,17,horse,0.941428639192337,17,horse,person|bicycle|car|horse,True,-0.000194072604479,2,-6.03567285601172e-05,-0.0001940726044790172
17,horse,C:\Users\maxbe\Downloads\coco\train2017\000000250008.jpg,72,rbf,kernel_herding,direct,False,0.9062775437783672,-0.0001959529511676,0.001,0.902248281327536,0.9188408243756389,0.0002064405691106,-0.4023935202783941,-12.563280597271673,0.6687175399918487,0.6687175399918487,17,horse,0.6687175399918487,7,truck,person|car|truck,False,-0.0001959529511677,2,-0.0004023935202783941,-0.00019595295116779413
17,horse,C:\Users\maxbe\Downloads\coco\train2017\000000133114.jpg,73,rbf,kernel_herding,direct,False,0.9060760756289568,-0.0002014681494102,0.001,0.902248281327536,0.9190977228943318,0.000256898518693,-0.4583666681031925,-13.021647265374863,0.6323155837394668,0.6323155837394668,17,horse,0.6323155837394668,74,clock,person|handbag|chair|dining table|clock,False,-0.0002014681494101,2,-0.0004583666681031925,-0.0002014681494101925
17,horse,C:\Users\maxbe\Downloads\coco\train2017\000000296602.jpg,74,rbf,kernel_herding,direct,False,0.9058741175060588,-0.0002019581228981,0.001,0.902248281327536,0.9188992872309244,-0.0001984356634074,-0.0035224594907421,-13.025169724865608,0.9964837370908176,0.9964837370908176,17,horse,0.9964837370908176,17,horse,horse,True,-0.0002019581228981,2,-3.5224594907421003e-06,-0.00020195812289814212
17,horse,C:\Users\maxbe\Downloads\coco\train2017\000000079602.jpg,75,rbf,kernel_herding,direct,False,0.905671244907099,-0.0002028725989596,0.001,0.902248281327536,0.9188851087059426,-1.4178524981645069e-05,-0.1886940739780347,-13.213863798843642,0.8280397868672859,0.8280397868672859,17,horse,0.8280397868672859,17,horse,person|horse,True,-0.0002028725989596,2,-0.0001886940739780347,-0.00020287259895967978
17,horse,C:\Users\maxbe\Downloads\coco\train2017\000000283868.jpg,76,rbf,kernel_herding,direct,False,0.9054624769579028,-0.0002087679491961,0.001,0.902248281327536,0.9189545581357528,6.944942981024216e-05,-0.2782173790062787,-13.49208117784992,0.7571322189740332,0.7571322189740332,17,horse,0.7571322189740332,0,person,person|cup|knife|cake|dining table,False,-0.000208767949196,2,-0.0002782173790062787,-0.00020876794919603655
17,horse,C:\Users\maxbe\Downloads\coco\train2017\000000010430.jpg,77,rbf,kernel_herding,direct,False,0.9052405156680876,-0.0002219612898153,0.001,0.902248281327536,0.9191008343818003,0.0001462762460475,-0.3682375358629295,-13.86031871371285,0.6919527985599466,0.6919527985599466,17,horse,0.6919527985599466,6,train,train,False,-0.0002219612898154,2,-0.00036823753586292954,-0.00022196128981542953
17,horse,C:\Users\maxbe\Downloads\coco\train2017\000000122867.jpg,78,rbf,kernel_herding,direct,False,0.9050132914264764,-0.0002272242416111,0.001,0.902248281327536,0.9191700034958192,6.916911401866344e-05,-0.2963933556298018,-14.156712069342651,0.7434949125820608,0.7434949125820608,17,horse,0.7434949125820608,3,motorcycle,person|motorcycle,False,-0.0002272242416111,2,-0.0002963933556298018,-0.00022722424161113837
17,horse,C:\Users\maxbe\Downloads\coco\train2017\000000458079.jpg,79,rbf,kernel_herding,direct,False,0.9047836055414988,-0.0002296858849777,0.001,0.902248281327536,0.9192654435331076,9.544003728834129e-05,-0.3251259222661248,-14.481837991608776,0.7224363770874715,0.7224363770874715,17,horse,0.7224363770874715,28,suitcase,person|train|bench|suitcase|clock,False,-0.0002296858849777,2,-0.0003251259222661248,-0.00022968588497778353
17,horse,C:\Users\maxbe\Downloads\coco\train2017\000000316795.jpg,80,rbf,kernel_herding,direct,False,0.9045544662005564,-0.0002291393409422,0.001,0.902248281327536,0.9190367071358182,-0.0002287363972892,-0.0004029436529898,-14.482240935261766,0.9995971375169012,0.9995971375169012,17,horse,0.9995971375169012,17,horse,person|horse,True,-0.0002291393409421,2,-4.0294365298979997e-07,-0.0002291393409421898
19,cow,C:\Users\maxbe\Downloads\coco\train2017\000000084585.jpg,1,rbf,kernel_herding,direct,False,0.8781063149022932,0.000852397428518,0.001,0.8772539292986548,0.8783579483114896,0.0011040308377144,-0.2516334091964217,-0.2516334091964217,0.7775297210739349,0.7775297210739349,19,cow,0.7775297210739349,1,bicycle,person|bicycle|tie,False,0.0008523974285179,2,-0.00025163340919642167,0.0008523974285179783
19,cow,C:\Users\maxbe\Downloads\coco\train2017\000000561354.jpg,2,rbf,kernel_herding,direct,False,0.8789010604231273,0.0007947455208341,0.001,0.8772539292986548,0.8794723940842198,0.0011144457727302,-0.3197002518960876,-0.5713336610925093,0.7263667314948268,0.7263667314948268,19,cow,0.7263667314948268,5,bus,person|bus|backpack,False,0.0007947455208341,2,-0.0003197002518960876,0.0007947455208341125
19,cow,C:\Users\maxbe\Downloads\coco\train2017\000000473720.jpg,3,rbf,kernel_herding,direct,False,0.8796282451142085,0.0007271846910811,0.001,0.8772539292986548,0.8802383319089352,0.0007659378247153,-0.0387531336342363,-0.6100867947267457,0.961988162356104,0.961988162356104,19,cow,0.961988162356104,16,dog,dog|bottle|pizza,False,0.000727184691081,2,-3.87531336342363e-05,0.0007271846910810638
19,cow,C:\Users\maxbe\Downloads\coco\train2017\000000362831.jpg,4,rbf,kernel_herding,direct,False,0.8803076745334167,0.0006794294192082,0.001,0.8772539292986548,0.8811411761978739,0.0009028442889387,-0.2234148697304249,-0.8335016644571707,0.7997829747088382,0.7997829747088382,19,cow,0.7997829747088382,56,chair,fork|knife|spoon|bowl|chair|dining table,False,0.0006794294192082,2,-0.0002234148697304249,0.0006794294192082751
19,cow,C:\Users\maxbe\Downloads\coco\train2017\000000027879.jpg,5,rbf,kernel_herding,direct,False,0.8809691009136269,0.0006614263802101,0.001,0.8772539292986548,0.8818271553337667,0.0006859791358927,-0.024552755682624,-0.8580544201397947,0.9757462114021032,0.9757462114021032,19,cow,0.9757462114021032,23,giraffe,giraffe,False,0.00066142638021,2,-2.4552755682624e-05,0.000661426380210076
19,cow,C:\Users\maxbe\Downloads\coco\train2017\000000462737.jpg,6,rbf,kernel_herding,direct,False,0.8815674432406512,0.0005983423270242,0.001,0.8772539292986548,0.8829187592621741,0.0010916039284074,-0.4932616013831168,-1.3513160215229116,0.6106315061221155,0.6106315061221155,19,cow,0.6106315061221155,14,bird,bird,False,0.0005983423270242,2,-0.0004932616013831169,0.0005983423270242832
19,cow,C:\Users\maxbe\Downloads\coco\train2017\000000032236.jpg,7,rbf,kernel_herding,direct,False,0.8821424494511324,0.0005750062104812,0.001,0.8772539292986548,0.8838359656398381,0.000917206377664,-0.3422001671828379,-1.6935161887057495,0.7102060305389828,0.7102060305389828,19,cow,0.7102060305389828,7,truck,person|truck|traffic light,False,0.0005750062104811,2,-0.0003422001671828379,0.0005750062104811621
19,cow,C:\Users\maxbe\Downloads\coco\train2017\000000434028.jpg,8,rbf,kernel_herding,direct,False,0.8826870138112923,0.0005445643601599,0.001,0.8772539292986548,0.884410163679635,0.0005741980397968,-0.029633679636957,-1.7231498683427064,0.9708010926279608,0.9708010926279608,19,cow,0.9708010926279608,14,bird,person|bird|cow,True,0.0005445643601598,2,-2.9633679636957002e-05,0.000544564360159843
19,cow,C:\Users\maxbe\Downloads\coco\train2017\000000476276.jpg,9,rbf,kernel_herding,direct,False,0.8832127409768771,0.0005257271655847,0.001,0.8772539292986548,0.8849754337510697,0.0005652700714346,-0.0395429058498745,-1.762692774192581,0.9612287107700574,0.9612287107700574,19,cow,0.9612287107700574,15,cat,cat|bowl,False,0.0005257271655847,2,-3.95429058498745e-05,0.0005257271655847254
19,cow,C:\Users\maxbe\Downloads\coco\train2017\000000250155.jpg,10,rbf,kernel_herding,direct,False,0.8837161640990574,0.0005034231221803,0.001,0.8772539292986548,0.8855662858585274,0.0005908521074576,-0.0874289852774229,-1.850121759470004,0.91628393898921,0.91628393898921,19,cow,0.91628393898921,20,elephant,person|elephant,False,0.0005034231221801,2,-8.742898527742291e-05,0.0005034231221801771
19,cow,C:\Users\maxbe\Downloads\coco\train2017\000000132528.jpg,11,rbf,kernel_herding,direct,False,0.8842045998024984,0.000488435703441,0.001,0.8772539292986548,0.8860862817698741,0.0005199959113467,-0.0315602079057514,-1.881681967375756,0.9689326172928164,0.9689326172928164,19,cow,0.9689326172928164,19,cow,truck|cow,True,0.0004884357034409,2,-3.15602079057514e-05,0.0004884357034409487
19,cow,C:\Users\maxbe\Downloads\coco\train2017\000000421596.jpg,12,rbf,kernel_herding,direct,False,0.8846645016074506,0.0004599018049521,0.001,0.8772539292986548,0.8866252445749464,0.0005389628050722,-0.0790610001200365,-1.960742967495792,0.9239835596169252,0.9239835596169252,19,cow,0.9239835596169252,23,giraffe,bird|giraffe,False,0.0004599018049521,2,-7.90610001200365e-05,0.0004599018049521635
19,cow,C:\Users\maxbe\Downloads\coco\train2017\000000254082.jpg,13,rbf,kernel_herding,direct,False,0.8851063722957901,0.0004418706883395,0.001,0.8772539292986548,0.8871029945590636,0.0004777499841172,-0.0358792957776869,-1.996622263273479,0.9647567366660104,0.9647567366660104,19,cow,0.9647567366660104,19,cow,bird|cow,True,0.0004418706883395,2,-3.58792957776869e-05,0.0004418706883395131
19,cow,C:\Users\maxbe\Downloads\coco\train2017\000000332976.jpg,14,rbf,kernel_herding,direct,False,0.8855201796588411,0.0004138073630509,0.001,0.8772539292986548,0.8877609792451945,0.0006579846861308,-0.2441773230798537,-2.2407995863533325,0.7833487161385865,0.7833487161385865,19,cow,0.7833487161385865,15,cat,cat|book,False,0.0004138073630509,2,-0.0002441773230798537,0.00041380736305094627
19,cow,C:\Users\maxbe\Downloads\coco\train2017\000000013517.jpg,15,rbf,kernel_herding,direct,False,0.8859037608724825,0.0003835812136413,0.001,0.8772539292986548,0.8882142953559575,0.000453316110763,-0.0697348971217063,-2.3105344834750388,0.9326410329573066,0.9326410329573066,19,cow,0.9326410329573066,22,zebra,zebra,False,0.0003835812136412,2,-6.97348971217063e-05,0.0003835812136412937
19,cow,C:\Users\maxbe\Downloads\coco\train2017\000000347529.jpg,16,rbf,kernel_herding,direct,False,0.8862746072461251,0.0003708463736425,0.001,0.8772539292986548,0.8886220038044157,0.0004077084484581,-0.0368620748155997,-2.3473965582906384,0.9638090597233224,0.9638090597233224,19,cow,0.9638090597233224,21,bear,bear,False,0.0003708463736425,2,-3.68620748155997e-05,0.0003708463736425003
19,cow,C:\Users\maxbe\Downloads\coco\train2017\000000317851.jpg,17,rbf,kernel_herding,direct,False,0.8866250643261475,0.0003504570800224,0.001,0.8772539292986548,0.8891334219986232,0.0005114181942075,-0.1609611141850377,-2.508357672475676,0.8513251749357376,0.8513251749357376,19,cow,0.8513251749357376,2,car,person|bicycle|car|motorcycle|dog,False,0.0003504570800224,2,-0.0001609611141850377,0.0003504570800224624
19,cow,C:\Users\maxbe\Downloads\coco\train2017\000000128522.jpg,18,rbf,kernel_herding,direct,False,0.886958078047698,0.0003330137215504,0.001,0.8772539292986548,0.8898163216440351,0.0006828996454119,-0.3498859238614181,-2.8582435963370942,0.7047684823992494,0.7047684823992494,19,cow,0.7047684823992494,55,cake,cake,False,0.0003330137215504,2,-0.0003498859238614181,0.00033301372155048186
19,cow,C:\Users\maxbe\Downloads\coco\train2017\000000389138.jpg,19,rbf,kernel_herding,direct,False,0.887270157398166,0.0003120793504679,0.001,0.8772539292986548,0.8901345912884568,0.0003182696444217,-0.0061902939538271,-2.864433890290921,0.993828826440823,0.993828826440823,19,cow,0.993828826440823,19,cow,bicycle|bird|dog|cow,True,0.0003120793504678,2,-6.1902939538271e-06,0.0003120793504678729
19,cow,C:\Users\maxbe\Downloads\coco\train2017\000000161871.jpg,20,rbf,kernel_herding,direct,False,0.8875729243932035,0.0003027669950375,0.001,0.8772539292986548,0.8907104664562085,0.0005758751677517,-0.2731081727142007,-3.1375420630051223,0.7610104626080786,0.7610104626080786,19,cow,0.7610104626080786,20,elephant,person|elephant,False,0.0003027669950374,2,-0.0002731081727142007,0.00030276699503749933
19,cow,C:\Users\maxbe\Downloads\coco\train2017\000000137150.jpg,21,rbf,kernel_herding,direct,False,0.8878543933876137,0.0002814689944102,0.001,0.8772539292986548,0.8910929536965725,0.0003824872403639,-0.1010182459536411,-3.238560308958764,0.9039165399151168,0.9039165399151168,19,cow,0.9039165399151168,7,truck,person|car|truck|dog|cow|banana,True,0.0002814689944102,2,-0.00010101824595364111,0.0002814689944102589
19,cow,C:\Users\maxbe\Downloads\coco\train2017\000000485064.jpg,22,rbf,kernel_herding,direct,False,0.8881006317483442,0.0002462383607304,0.001,0.8772539292986548,0.8917465450746249,0.0006535913780524,-0.4073530173219837,-3.645913326280748,0.6654092478428855,0.6654092478428855,19,cow,0.6654092478428855,5,bus,person|car|bus|truck|traffic light|parking meter,False,0.0002462383607304,2,-0.0004073530173219837,0.00024623836073041626
19,cow,C:\Users\maxbe\Downloads\coco\train2017\000000158198.jpg,23,rbf,kernel_herding,direct,False,0.888332401347081,0.0002317695987368,0.001,0.8772539292986548,0.8924935250586307,0.0007469799840057,-0.5152103852689326,-4.16112371154968,0.5973749025162982,0.5973749025162982,19,cow,0.5973749025162982,5,bus,person|car|bus,False,0.0002317695987367,2,-0.0005152103852689326,0.00023176959873676736
19,cow,C:\Users\maxbe\Downloads\coco\train2017\000000111727.jpg,24,rbf,kernel_herding,direct,False,0.8885407670024936,0.0002083656554126,0.001,0.8772539292986548,0.8930918358174076,0.0005983107587769,-0.3899451033642984,-4.551068814913979,0.677094043661975,0.677094043661975,19,cow,0.677094043661975,71,sink,cat|toilet|sink|toothbrush,False,0.0002083656554126,2,-0.0003899451033642984,0.00020836565541260165
19,cow,C:\Users\maxbe\Downloads\coco\train2017\000000196371.jpg,25,rbf,kernel_herding,direct,False,0.8887207948496665,0.0001800278471728,0.001,0.8772539292986548,0.8933949135844311,0.0003030777670235,-0.123049919850664,-4.674118734764643,0.8842195213516086,0.8842195213516086,19,cow,0.8842195213516086,2,car,car|cat,False,0.0001800278471728,2,-0.000123049919850664,0.000180027847172836
19,cow,C:\Users\maxbe\Downloads\coco\train2017\000000313263.jpg,26,rbf,kernel_herding,direct,False,0.8888870677245668,0.0001662728749003,0.001,0.8772539292986548,0.8939752632323027,0.0005803496478715,-0.4140767729712711,-5.088195507735914,0.6609502062058201,0.6609502062058201,19,cow,0.6609502062058201,0,person,person|cat,False,0.0001662728749002,2,-0.0004140767729712711,0.0001662728749002289
19,cow,C:\Users\maxbe\Downloads\coco\train2017\000000489052.jpg,27,rbf,kernel_herding,direct,False,0.8890386741574818,0.000151606432915,0.001,0.8772539292986548,0.8944413897761325,0.0004661265438298,-0.3145201109147958,-5.40271561865071,0.7301391760295952,0.7301391760295952,19,cow,0.7301391760295952,33,kite,person|kite,False,0.000151606432915,2,-0.00031452011091479584,0.00015160643291500418
19,cow,C:\Users\maxbe\Downloads\coco\train2017\000000505845.jpg,28,rbf,kernel_herding,direct,False,0.8891764570159609,0.000137782858479,0.001,0.8772539292986548,0.894968666633537,0.0005272768574045,-0.3894939989254007,-5.792209617576111,0.6773995526936819,0.6773995526936819,19,cow,0.6773995526936819,5,bus,motorcycle|bus,False,0.000137782858479,2,-0.0003894939989254007,0.00013778285847909925
19,cow,C:\Users\maxbe\Downloads\coco\train2017\000000304214.jpg,29,rbf,kernel_herding,direct,False,0.8893045220939715,0.0001280650780105,0.001,0.8772539292986548,0.8955198851818178,0.0005512185482807,-0.4231534702701824,-6.215363087846294,0.6549781057301713,0.6549781057301713,19,cow,0.6549781057301713,21,bear,bear,False,0.0001280650780105,2,-0.0004231534702701824,0.00012806507801051766
19,cow,C:\Users\maxbe\Downloads\coco\train2017\000000331097.jpg,30,rbf,kernel_herding,direct,False,0.8894227995225505,0.000118277428579,0.001,0.8772539292986548,0.8957911618126339,0.000271276630816,-0.152999202236999,-6.368362290083293,0.858130406394809,0.858130406394809,19,cow,0.858130406394809,20,elephant,elephant,False,0.000118277428579,2,-0.000152999202236999,0.000118277428579001
19,cow,C:\Users\maxbe\Downloads\coco\train2017\000000058785.jpg,31,rbf,kernel_herding,direct,False,0.8895363683407662,0.0001135688182156,0.001,0.8772539292986548,0.8959131995711803,0.0001220377585464,-0.0084689403307973,-6.376831230414091,0.9915668201211132,0.9915668201211132,19,cow,0.9915668201211132,19,cow,bird|cow,True,0.0001135688182156,2,-8.4689403307973e-06,0.0001135688182156027
19,cow,C:\Users\maxbe\Downloads\coco\train2017\000000061635.jpg,32,rbf,kernel_herding,direct,False,0.8896307056368267,9.433729606045382e-05,0.001,0.8772539292986548,0.8960457537880266,0.0001325542168463,-0.0382169207858698,-6.415048151199961,0.962504131090906,0.962504131090906,19,cow,0.962504131090906,0,person,person|giraffe|handbag,False,9.433729606043022e-05,2,-3.82169207858698e-05,9.433729606043022e-05
19,cow,C:\Users\maxbe\Downloads\coco\train2017\000000202587.jpg,33,rbf,kernel_herding,direct,False,0.8897199685479501,8.926291112343332e-05,0.001,0.8772539292986548,0.8962969800848194,0.0002512262967927,-0.1619633856693271,-6.577011536869287,0.8504723434447755,0.8504723434447755,19,cow,0.8504723434447755,22,zebra,zebra,False,8.92629111233729e-05,2,-0.00016196338566932712,8.92629111233729e-05
19,cow,C:\Users\maxbe\Downloads\coco\train2017\000000292088.jpg,34,rbf,kernel_herding,direct,False,0.8897945319730212,7.45634250710614e-05,0.001,0.8772539292986548,0.8965882396034792,0.0002912595186598,-0.2166960935888138,-6.793707630458101,0.8051746298573015,0.8051746298573015,19,cow,0.8051746298573015,19,cow,cow,True,7.456342507098618e-05,2,-0.0002166960935888138,7.456342507098618e-05
19,cow,C:\Users\maxbe\Downloads\coco\train2017\000000351852.jpg,35,rbf,kernel_herding,direct,False,0.8898580836458323,6.355167281113516e-05,0.001,0.8772539292986548,0.8968036677915054,0.0002154281880262,-0.1518765152150357,-6.945584145673137,0.8590943592726652,0.8590943592726652,19,cow,0.8590943592726652,14,bird,bird|cow,True,6.35516728111643e-05,2,-0.0001518765152150357,6.35516728111643e-05
19,cow,C:\Users\maxbe\Downloads\coco\train2017\000000573570.jpg,36,rbf,kernel_herding,direct,False,0.8899152302653843,5.714661955202871e-05,0.001,0.8772539292986548,0.897189531206082,0.0003858634145765,-0.3287167950245127,-7.27430094069765,0.7198468520912225,0.7198468520912225,19,cow,0.7198468520912225,60,dining table,cup|dining table,False,5.7146619551987294e-05,2,-0.0003287167950245127,5.7146619551987294e-05
19,cow,C:\Users\maxbe\Downloads\coco\train2017\000000308080.jpg,37,rbf,kernel_herding,direct,False,0.8899662073687707,5.097710338641814e-05,0.001,0.8772539292986548,0.897438764192829,0.0002492329867469,-0.1982558833605837,-7.472556824058233,0.8201599609969868,0.8201599609969868,19,cow,0.8201599609969868,19,cow,cow,True,5.097710338631631e-05,2,-0.0001982558833605837,5.097710338631631e-05
19,cow,C:\Users\maxbe\Downloads\coco\train2017\000000140617.jpg,38,rbf,kernel_herding,direct,False,0.8900088379482516,4.263057948084015e-05,0.001,0.8772539292986548,0.8978755885133239,0.0004368243204949,-0.3941937410141215,-7.866750565072355,0.6742234188560294,0.6742234188560294,19,cow,0.6742234188560294,0,person,person|backpack|umbrella,False,4.2630579480778456e-05,2,-0.0003941937410141215,4.2630579480778456e-05
19,cow,C:\Users\maxbe\Downloads\coco\train2017\000000402359.jpg,39,rbf,kernel_herding,direct,False,0.8900414462861785,3.260833792695372e-05,0.001,0.8772539292986548,0.8980506699850297,0.0001750814717057,-0.1424731337787462,-8.009223698851102,0.8672108526569252,0.8672108526569252,19,cow,0.8672108526569252,23,giraffe,giraffe,False,3.260833792695378e-05,2,-0.00014247313377874622,3.260833792695378e-05
19,cow,C:\Users\maxbe\Downloads\coco\train2017\000000271359.jpg,40,rbf,kernel_herding,direct,False,0.8900708730202547,2.942673407613228e-05,0.001,0.8772539292986548,0.8981306656163043,7.999563127458753e-05,-0.0505688971985314,-8.059792596049633,0.9506884266456276,0.9506884266456276,19,cow,0.9506884266456276,19,cow,person|motorcycle|dog|cow|orange,True,2.9426734076056125e-05,2,-5.0568897198531405e-05,2.9426734076056125e-05
19,cow,C:\Users\maxbe\Downloads\coco\train2017\000000217131.jpg,41,rbf,kernel_herding,direct,False,0.8900837581592117,1.2885138957030584e-05,0.001,0.8772539292986548,0.898153700442753,2.3034826448720125e-05,-0.0101496874916833,-8.069942283541316,0.9899016467630584,0.9899016467630584,19,cow,0.9899016467630584,22,zebra,person|truck|zebra|chair,False,1.2885138957036823e-05,2,-1.01496874916833e-05,1.2885138957036825e-05
19,cow,C:\Users\maxbe\Downloads\coco\train2017\000000249666.jpg,42,rbf,kernel_herding,direct,False,0.8900871460987972,3.387939585541844e-06,0.001,0.8772539292986548,0.8985877642300532,0.0004340637873001,-0.4306758477145997,-8.500618131255916,0.6500695981704206,0.6500695981704206,19,cow,0.6500695981704206,1,bicycle,bicycle|car|boat,False,3.387939585500265e-06,2,-0.00043067584771459973,3.3879395855002646e-06
19,cow,C:\Users\maxbe\Downloads\coco\train2017\000000207486.jpg,43,rbf,kernel_herding,direct,False,0.8900863393210393,-8.067777579334745e-07,0.001,0.8772539292986548,0.8985930655560261,5.301325972983939e-06,-0.0061081037309464,-8.506726234986862,0.993910512810438,0.993910512810438,19,cow,0.993910512810438,19,cow,person|cow,True,-8.067777579624608e-07,2,-6.1081037309464e-06,-8.067777579624608e-07
19,cow,C:\Users\maxbe\Downloads\coco\train2017\000000550193.jpg,44,rbf,kernel_herding,direct,False,0.8900787304338286,-7.608887210741599e-06,0.001,0.8772539292986548,0.8986103980792982,1.7332523272073352e-05,-0.0249414104827619,-8.531667645469625,0.9753670566382572,0.9753670566382572,19,cow,0.9753670566382572,19,cow,bird|cow,True,-7.608887210688548e-06,2,-2.49414104827619e-05,-7.608887210688548e-06
19,cow,C:\Users\maxbe\Downloads\coco\train2017\000000065516.jpg,45,rbf,kernel_herding,direct,False,0.890063292306895,-1.543812693360902e-05,0.001,0.8772539292986548,0.8987772698109336,0.0001668717316354,-0.1823098585690425,-8.713977504038667,0.8333430819101139,0.8333430819101139,19,cow,0.8333430819101139,19,cow,cow,True,-1.5438126933642522e-05,2,-0.0001823098585690425,-1.5438126933642522e-05
19,cow,C:\Users\maxbe\Downloads\coco\train2017\000000260991.jpg,46,rbf,kernel_herding,direct,False,0.8900424610063608,-2.0831300534207564e-05,0.001,0.8772539292986548,0.8988644270511477,8.715724021401972e-05,-0.1079885407482506,-8.821966044786917,0.8976378826289755,0.8976378826289755,19,cow,0.8976378826289755,0,person,person|sheep,False,-2.0831300534230874e-05,2,-0.00010798854074825059,-2.0831300534230874e-05
19,cow,C:\Users\maxbe\Downloads\coco\train2017\000000258158.jpg,47,rbf,kernel_herding,direct,False,0.8900168767623354,-2.558424402532289e-05,0.001,0.8772539292986548,0.8988586763204168,-5.7507307308357625e-06,-0.0198335132944941,-8.84179955808141,0.980361876938856,0.980361876938856,19,cow,0.980361876938856,19,cow,person|cow|bottle,True,-2.558424402532986e-05,2,-1.98335132944941e-05,-2.558424402532986e-05
19,cow,C:\Users\maxbe\Downloads\coco\train2017\000000377361.jpg,48,rbf,kernel_herding,direct,False,0.8899847423501491,-3.2134412186302086e-05,0.001,0.8772539292986548,0.898895927878838,3.725155842115857e-05,-0.0693859706074082,-8.911185528688819,0.9329665129230208,0.9329665129230208,19,cow,0.9329665129230208,23,giraffe,person|giraffe|handbag,False,-3.2134412186249624e-05,2,-6.93859706074082e-05,-3.2134412186249624e-05
19,cow,C:\Users\maxbe\Downloads\coco\train2017\000000083656.jpg,49,rbf,kernel_herding,direct,False,0.8899481333944695,-3.660895567958456e-05,0.001,0.8772539292986548,0.8988681522396356,-2.777563920242088e-05,-0.0088333164771731,-8.920018845165991,0.9912055826414802,0.9912055826414802,19,cow,0.9912055826414802,19,cow,cow,True,-3.660895567959398e-05,2,-8.8333164771731e-06,-3.660895567959398e-05
19,cow,C:\Users\maxbe\Downloads\coco\train2017\000000254555.jpg,50,rbf,kernel_herding,direct,False,0.8898958086297992,-5.2324764670319546e-05,0.001,0.8772539292986548,0.8988229919612272,-4.516027840839598e-05,-0.0071644862619999,-8.92718333142799,0.9928611174863068,0.9928611174863068,19,cow,0.9928611174863068,19,cow,bird|cow,True,-5.232476467039588e-05,2,-7.1644862619999e-06,-5.232476467039588e-05
19,cow,C:\Users\maxbe\Downloads\coco\train2017\000000143974.jpg,51,rbf,kernel_herding,direct,False,0.8898339784403734,-6.183018942584884e-05,0.001,0.8772539292986548,0.8987942268769123,-2.8765084314819056e-05,-0.0330651051109655,-8.960248436538956,0.967475569933243,0.967475569933243,19,cow,0.967475569933243,8,boat,person|boat|cow,True,-6.183018942578456e-05,2,-3.30651051109655e-05,-6.183018942578456e-05
19,cow,C:\Users\maxbe\Downloads\coco\train2017\000000056312.jpg,52,rbf,kernel_herding,direct,False,0.889767675004382,-6.630343599134392e-05,0.001,0.8772539292986548,0.8988258324020422,3.1605525129818623e-05,-0.097908961121205,-9.05815739766016,0.9067314478098816,0.9067314478098816,19,cow,0.9067314478098816,22,zebra,zebra,False,-6.630343599138638e-05,2,-9.7908961121205e-05,-6.630343599138638e-05
19,cow,C:\Users\maxbe\Downloads\coco\train2017\000000255786.jpg,53,rbf,kernel_herding,direct,False,0.889699762429949,-6.791257443305998e-05,0.001,0.8772539292986548,0.8987946744952504,-3.115790679175667e-05,-0.0367546676412442,-9.094912065301404,0.9639125852906404,0.9639125852906404,19,cow,0.9639125852906404,2,car,car|cow,True,-6.791257443300088e-05,2,-3.6754667641244204e-05,-6.791257443300088e-05
19,cow,C:\Users\maxbe\Downloads\coco\train2017\000000523445.jpg,54,rbf,kernel_herding,direct,False,0.8896257087310724,-7.405369887658608e-05,0.001,0.8772539292986548,0.8987235274446596,-7.114705059085846e-05,-0.0029066482857795,-9.097818713587184,0.997097571925468,0.997097571925468,19,cow,0.997097571925468,20,elephant,elephant,False,-7.405369887663796e-05,2,-2.9066482857795e-06,-7.405369887663796e-05
19,cow,C:\Users\maxbe\Downloads\coco\train2017\000000286349.jpg,55,rbf,kernel_herding,direct,False,0.8895441448719336,-8.156385913882236e-05,0.001,0.8772539292986548,0.8989141715325644,0.0001906440879048,-0.2722079470436231,-9.370026660630808,0.7616958522184712,0.7616958522184712,19,cow,0.7616958522184712,23,giraffe,person|giraffe|cell phone,False,-8.156385913882312e-05,2,-0.0002722079470436231,-8.156385913882312e-05
19,cow,C:\Users\maxbe\Downloads\coco\train2017\000000321403.jpg,56,rbf,kernel_herding,direct,False,0.8894449526897616,-9.91921821719144e-05,0.001,0.8772539292986548,0.8989191743864255,5.0028538611801565e-06,-0.1041950360330554,-9.474221696663864,0.9010495431530712,0.9010495431530712,19,cow,0.9010495431530712,23,giraffe,bird|giraffe,False,-9.919218217187524e-05,2,-0.00010419503603305539,-9.919218217187524e-05
19,cow,C:\Users\maxbe\Downloads\coco\train2017\000000221771.jpg,57,rbf,kernel_herding,direct,False,0.8893457301743647,-9.922251539695726e-05,0.001,0.8772539292986548,0.8988206691930645,-9.850519336107588e-05,-0.0007173220358777,-9.47493901869974,0.9992829351770685,0.9992829351770685,19,cow,0.9992829351770685,0,person,person|cow|apple,True,-9.922251539695358e-05,2,-7.173220358777e-07,-9.922251539695358e-05
19,cow,C:\Users\maxbe\Downloads\coco\train2017\000000252213.jpg,58,rbf,kernel_herding,direct,False,0.8892419536070564,-0.0001037765673083,0.001,0.8772539292986548,0.8991429581511386,0.0003222889580741,-0.4260655253824877,-9.901004544082229,0.6530735478236208,0.6530735478236208,19,cow,0.6530735478236208,16,dog,dog,False,-0.0001037765673083,2,-0.0004260655253824877,-0.00010377656730838774
19,cow,C:\Users\maxbe\Downloads\coco\train2017\000000522454.jpg,59,rbf,kernel_herding,direct,False,0.8891330934340949,-0.0001088601729615,0.001,0.8772539292986548,0.8992250783136112,8.212016247255427e-05,-0.1909803354341542,-10.091984879516383,0.8261488338486027,0.8261488338486027,19,cow,0.8261488338486027,20,elephant,person|elephant,False,-0.0001088601729615,2,-0.0001909803354341542,-0.00010886017296159994
19,cow,C:\Users\maxbe\Downloads\coco\train2017\000000150902.jpg,60,rbf,kernel_herding,direct,False,0.8890147921805522,-0.0001183012535426,0.001,0.8772539292986548,0.8991111421209047,-0.0001139361927064,-0.0043650608361317,-10.096349940352516,0.9956444521942328,0.9956444521942328,19,cow,0.9956444521942328,19,cow,bird|cow,True,-0.0001183012535425,2,-4.3650608361317e-06,-0.0001183012535425317
19,cow,C:\Users\maxbe\Downloads\coco\train2017\000000337256.jpg,61,rbf,kernel_herding,direct,False,0.8888948480681205,-0.0001199441124317,0.001,0.8772539292986548,0.8990113372687258,-9.980485217886416e-05,-0.0201392602528893,-10.116489200605406,0.980062180094889,0.980062180094889,19,cow,0.980062180094889,18,sheep,bird|sheep|cow,True,-0.0001199441124317,2,-2.01392602528893e-05,-0.00011994411243175346
19,cow,C:\Users\maxbe\Downloads\coco\train2017\000000566592.jpg,62,rbf,kernel_herding,direct,False,0.8887751246466515,-0.0001197234214689,0.001,0.8772539292986548,0.898897669201328,-0.0001136680673978,-0.0060553540710096,-10.122544554676416,0.993962942634812,0.993962942634812,19,cow,0.993962942634812,19,cow,cow,True,-0.0001197234214688,2,-6.0553540710096e-06,-0.00011972342146880959
19,cow,C:\Users\maxbe\Downloads\coco\train2017\000000428301.jpg,63,rbf,kernel_herding,direct,False,0.8886438204875856,-0.0001313041590659,0.001,0.8772539292986548,0.8991587113872098,0.0002610421858818,-0.3923463449478132,-10.514890899624229,0.6754701277758445,0.6754701277758445,19,cow,0.6754701277758445,2,car,person|car|teddy bear,False,-0.000131304159066,2,-0.00039234634494781317,-0.00013130415906601318
19,cow,C:\Users\maxbe\Downloads\coco\train2017\000000566644.jpg,64,rbf,kernel_herding,direct,False,0.8885063479597073,-0.0001374725278783,0.001,0.8772539292986548,0.8993372891569226,0.0001785777697127,-0.3160502975910167,-10.830941197215244,0.7290227811547616,0.7290227811547616,19,cow,0.7290227811547616,60,dining table,cat|apple|orange|chair|dining table|laptop,False,-0.0001374725278783,2,-0.00031605029759101673,-0.00013747252787831672
19,cow,C:\Users\maxbe\Downloads\coco\train2017\000000522659.jpg,65,rbf,kernel_herding,direct,False,0.8883593526331461,-0.0001469953265611,0.001,0.8772539292986548,0.8992096393792942,-0.0001276497776283,-0.0193455489328774,-10.850286746148122,0.9808403753318772,0.9808403753318772,19,cow,0.9808403753318772,19,cow,cow,True,-0.0001469953265611,2,-1.93455489328774e-05,-0.0001469953265611774
19,cow,C:\Users\maxbe\Downloads\coco\train2017\000000202850.jpg,66,rbf,kernel_herding,direct,False,0.8882076980091089,-0.0001516546240372,0.001,0.8772539292986548,0.8991730257944378,-3.66135848564042e-05,-0.1150410391807516,-10.965327785328872,0.8913295637201513,0.8913295637201513,19,cow,0.8913295637201513,18,sheep,sheep,False,-0.0001516546240371,2,-0.0001150410391807516,-0.0001516546240371558
19,cow,C:\Users\maxbe\Downloads\coco\train2017\000000366115.jpg,67,rbf,kernel_herding,direct,False,0.8880555956364241,-0.0001521023726848,0.001,0.8772539292986548,0.8990874960988829,-8.552969555486456e-05,-0.0665726771299982,-11.031900462458871,0.9355949170309702,0.9355949170309702,19,cow,0.9355949170309702,23,giraffe,person|giraffe,False,-0.0001521023726848,2,-6.65726771299982e-05,-0.00015210237268486278
19,cow,C:\Users\maxbe\Downloads\coco\train2017\000000345848.jpg,68,rbf,kernel_herding,direct,False,0.8878887555840747,-0.0001668400523494,0.001,0.8772539292986548,0.8989569992891754,-0.0001304968097075,-0.0363432426418063,-11.068243705100675,0.9643092446176886,0.9643092446176886,19,cow,0.9643092446176886,3,motorcycle,person|bicycle|car|motorcycle|truck|cow,True,-0.0001668400523493,2,-3.63432426418063e-05,-0.00016684005234930628
19,cow,C:\Users\maxbe\Downloads\coco\train2017\000000022983.jpg,69,rbf,kernel_herding,direct,False,0.8877105668012704,-0.0001781887828042,0.001,0.8772539292986548,0.898793385736896,-0.0001636135522793,-0.0145752305250585,-11.082818935625737,0.9855304739674248,0.9855304739674248,19,cow,0.9855304739674248,19,cow,cow,True,-0.0001781887828043,2,-1.45752305250585e-05,-0.0001781887828043585
19,cow,C:\Users\maxbe\Downloads\coco\train2017\000000184731.jpg,70,rbf,kernel_herding,direct,False,0.8875330284869394,-0.0001775383143309,0.001,0.8772539292986548,0.8986208197640734,-0.0001725659728226,-0.0049723415082101,-11.087791277133949,0.9950400001167607,0.9950400001167607,19,cow,0.9950400001167607,19,cow,dog|cow,True,-0.0001775383143308,2,-4.9723415082101e-06,-0.00017753831433081009
19,cow,C:\Users\maxbe\Downloads\coco\train2017\000000325955.jpg,71,rbf,kernel_herding,direct,False,0.8873552008343668,-0.0001778276525725,0.001,0.8772539292986548,0.8984462640227645,-0.0001745557413088,-0.0032719112637468,-11.091063188397694,0.9967334356038292,0.9967334356038292,19,cow,0.9967334356038292,19,cow,person|motorcycle|cow|handbag,True,-0.0001778276525725,2,-3.2719112637468004e-06,-0.0001778276525725468
19,cow,C:\Users\maxbe\Downloads\coco\train2017\000000339171.jpg,72,rbf,kernel_herding,direct,False,0.8871757996337354,-0.0001794012006314,0.001,0.8772539292986548,0.8984696236545157,2.335963175115197e-05,-0.2027608323825616,-11.293824020780256,0.8164734920946666,0.8164734920946666,19,cow,0.8164734920946666,18,sheep,sheep,False,-0.0001794012006314,2,-0.0002027608323825616,-0.00017940120063140964
19,cow,C:\Users\maxbe\Downloads\coco\train2017\000000171235.jpg,73,rbf,kernel_herding,direct,False,0.8869883181890449,-0.0001874814446904,0.001,0.8772539292986548,0.8984854638257737,1.584017125799697e-05,-0.2033216159485338,-11.49714563672879,0.816015755535813,0.816015755535813,19,cow,0.816015755535813,23,giraffe,giraffe,False,-0.0001874814446905,2,-0.00020332161594853378,-0.0001874814446905368
19,cow,C:\Users\maxbe\Downloads\coco\train2017\000000335747.jpg,74,rbf,kernel_herding,direct,False,0.8867997848201759,-0.000188533368869,0.001,0.8772539292986548,0.8982970024671628,-0.0001884613586108,-7.201025820547128e-05,-11.497217646986996,0.999927992333471,0.999927992333471,19,cow,0.999927992333471,19,cow,person|motorcycle|cow|umbrella|handbag,True,-0.000188533368869,2,-7.201025820547128e-08,-0.00018853336886900547
19,cow,C:\Users\maxbe\Downloads\coco\train2017\000000296030.jpg,75,rbf,kernel_herding,direct,False,0.8866104084693497,-0.0001893763508261,0.001,0.8772539292986548,0.8981110452585028,-0.0001859572086599,-0.0034191421661856,-11.500636789153182,0.9965866964431488,0.9965866964431488,19,cow,0.9965866964431488,19,cow,person|cow,True,-0.000189376350826,2,-3.4191421661856e-06,-0.0001893763508260856
19,cow,C:\Users\maxbe\Downloads\coco\train2017\000000134594.jpg,76,rbf,kernel_herding,direct,False,0.88642360997715,-0.0001867984921997,0.001,0.8772539292986548,0.8979377412715566,-0.0001733039869462,-0.0134945052533868,-11.51413129440657,0.9865961373976234,0.9865961373976234,19,cow,0.9865961373976234,19,cow,cow,True,-0.0001867984921995,2,-1.34945052533868e-05,-0.00018679849219958682
19,cow,C:\Users\maxbe\Downloads\coco\train2017\000000427914.jpg,77,rbf,kernel_herding,direct,False,0.8862368399050912,-0.0001867700720588,0.001,0.8772539292986548,0.897752605215342,-0.0001851360562146,-0.001634015844168,-11.515765310250735,0.9983673184318792,0.9983673184318792,19,cow,0.9983673184318792,19,cow,cow,True,-0.0001867700720587,2,-1.6340158441680001e-06,-0.000186770072058768
19,cow,C:\Users\maxbe\Downloads\coco\train2017\000000119710.jpg,78,rbf,kernel_herding,direct,False,0.886047388754283,-0.0001894511508081,0.001,0.8772539292986548,0.8978085322802031,5.592706486112764e-05,-0.2453782156693019,-11.76114352592004,0.7824085630948185,0.7824085630948185,19,cow,0.7824085630948185,19,cow,person|cow,True,-0.0001894511508081,2,-0.0002453782156693019,-0.00018945115080817426
19,cow,C:\Users\maxbe\Downloads\coco\train2017\000000335866.jpg,79,rbf,kernel_herding,direct,False,0.8858523695813794,-0.0001950191729036,0.001,0.8772539292986548,0.8976136156844412,-0.0001949165957618,-0.0001025771417519,-11.76124610306179,0.9998974281181032,0.9998974281181032,19,cow,0.9998974281181032,19,cow,cow,True,-0.0001950191729035,2,-1.025771417519e-07,-0.0001950191729035519
19,cow,C:\Users\maxbe\Downloads\coco\train2017\000000449712.jpg,80,rbf,kernel_herding,direct,False,0.8856563272407764,-0.0001960423406029,0.001,0.8772539292986548,0.8979125278193918,0.0002989121349505,-0.4949544755536165,-12.256200578615406,0.6095986583050653,0.6095986583050653,19,cow,0.6095986583050653,5,bus,person|bus|truck|backpack|handbag|suitcase,False,-0.0001960423406031,2,-0.0004949544755536165,-0.00019604234060311646
53,pizza,C:\Users\maxbe\Downloads\coco\train2017\000000300123.jpg,1,rbf,kernel_herding,direct,False,0.8315390826074923,0.0016295377557578,0.0001,0.8299096322207699,0.8316564083484838,0.0017468634967492,-1.1732574099148207,-1.1732574099148207,0.3093575937345917,0.3093575937345917,53,pizza,0.3093575937345917,21,bear,bear,False,0.0016295377557577,3,-0.00011732574099148209,0.0016295377557577178
53,pizza,C:\Users\maxbe\Downloads\coco\train2017\000000175699.jpg,2,rbf,kernel_herding,direct,False,0.8331028673906784,0.001563784783186,0.0001,0.8299096322207699,0.8333580805114162,0.0017016721629324,-1.378873797463836,-2.5521312073786566,0.25186204106575,0.25186204106575,53,pizza,0.25186204106575,47,apple,apple|orange,False,0.001563784783186,3,-0.00013788737974638362,0.0015637847831860164
53,pizza,C:\Users\maxbe\Downloads\coco\train2017\000000011080.jpg,3,rbf,kernel_herding,direct,False,0.834600267210348,0.0014973998196695,0.0001,0.8299096322207699,0.8349560938340946,0.0015980133226783,-1.0061350300884104,-3.558266237467067,0.3656293988260543,0.3656293988260543,53,pizza,0.3656293988260543,16,dog,dog|frisbee,False,0.0014973998196694,3,-0.00010061350300884105,0.001497399819669459
53,pizza,C:\Users\maxbe\Downloads\coco\train2017\000000548562.jpg,4,rbf,kernel_herding,direct,False,0.8360558068933134,0.0014555396829654,0.0001,0.8299096322207699,0.83660305443711,0.0016469606030153,-1.9142092004993945,-5.4724754379664615,0.147458396516064,0.147458396516064,77,teddy bear,0.3013703371461668,14,bird,bird,False,0.0014555396829653,3,-0.00019142092004993945,0.0014555396829653605
53,pizza,C:\Users\maxbe\Downloads\coco\train2017\000000170588.jpg,5,rbf,kernel_herding,direct,False,0.8374655378409998,0.0014097309476863,0.0001,0.8299096322207699,0.8381939755851677,0.0015909211480577,-1.8119020037136864,-7.284377441680148,0.1633431618572438,0.1633431618572438,53,pizza,0.1633431618572438,58,potted plant,potted plant|clock,False,0.0014097309476863,3,-0.00018119020037136866,0.0014097309476863312
53,pizza,C:\Users\maxbe\Downloads\coco\train2017\000000308073.jpg,6,rbf,kernel_herding,direct,False,0.8388333932085468,0.001367855367547,0.0001,0.8299096322207699,0.8397821123311975,0.0015881367460297,-2.202813784826686,-9.487191226506834,0.1104918203401003,0.1104918203401003,53,pizza,0.1104918203401003,14,bird,bird,False,0.001367855367547,3,-0.00022028137848266864,0.0013678553675470313
53,pizza,C:\Users\maxbe\Downloads\coco\train2017\000000560186.jpg,7,rbf,kernel_herding,direct,False,0.8401625151285588,0.0013291219200119,0.0001,0.8299096322207699,0.8412304536987335,0.001448341367536,-1.1921944752410245,-10.679385701747858,0.30355439002083,0.30355439002083,53,pizza,0.30355439002083,50,broccoli,broccoli,False,0.0013291219200118,3,-0.00011921944752410245,0.0013291219200118976
53,pizza,C:\Users\maxbe\Downloads\coco\train2017\000000411184.jpg,8,rbf,kernel_herding,direct,False,0.8414588484653304,0.0012963333367715,0.0001,0.8299096322207699,0.8427000858695918,0.0014696321708582,-1.7329883408661546,-12.412374042614012,0.1767554145246534,0.1767554145246534,53,pizza,0.1767554145246534,2,car,car|truck,False,0.0012963333367715,3,-0.00017329883408661546,0.0012963333367715846
53,pizza,C:\Users\maxbe\Downloads\coco\train2017\000000444487.jpg,9,rbf,kernel_herding,direct,False,0.8427219553749663,0.0012631069096359,0.0001,0.8299096322207699,0.8442091532287086,0.0015090673591168,-2.459604494809086,-14.871978537423097,0.0854687476158489,0.0854687476158489,53,pizza,0.0854687476158489,14,bird,bird,False,0.0012631069096358,3,-0.0002459604494809086,0.0012631069096358915
53,pizza,C:\Users\maxbe\Downloads\coco\train2017\000000295325.jpg,10,rbf,kernel_herding,direct,False,0.8439498852952628,0.0012279299202965,0.0001,0.8299096322207699,0.8455357869797026,0.0013266337509939,-0.9870383069736652,-15.859016844396765,0.3726788183914472,0.3726788183914472,53,pizza,0.3726788183914472,60,dining table,person|donut|dining table,False,0.0012279299202965,3,-9.870383069736653e-05,0.0012279299202965334
53,pizza,C:\Users\maxbe\Downloads\coco\train2017\000000082003.jpg,11,rbf,kernel_herding,direct,False,0.8451468982665027,0.0011970129712398,0.0001,0.8299096322207699,0.8468825526990489,0.0013467657193463,-1.4975274810653638,-17.356544325462128,0.2236825362921179,0.2236825362921179,53,pizza,0.2236825362921179,45,bowl,cup|knife|bowl,False,0.0011970129712397,3,-0.0001497527481065364,0.0011970129712397636
53,pizza,C:\Users\maxbe\Downloads\coco\train2017\000000284329.jpg,12,rbf,kernel_herding,direct,False,0.8463079671718208,0.001161068905318,0.0001,0.8299096322207699,0.848270990387847,0.0013884376887981,-2.2736878348001177,-19.63023216026225,0.1029318834956134,0.1029318834956134,77,teddy bear,0.1226123624333037,14,bird,bird,False,0.001161068905318,3,-0.00022736878348001178,0.0011610689053180882
53,pizza,C:\Users\maxbe\Downloads\coco\train2017\000000242246.jpg,13,rbf,kernel_herding,direct,False,0.8474352757782706,0.0011273086064498,0.0001,0.8299096322207699,0.849416676993561,0.001145686605714,-0.1837799926424647,-19.81401215290471,0.8321188559591803,0.8321188559591803,53,pizza,0.8321188559591803,0,person,person|bowl|banana|apple|orange,False,0.0011273086064497,3,-1.837799926424647e-05,0.0011273086064497535
53,pizza,C:\Users\maxbe\Downloads\coco\train2017\000000540816.jpg,14,rbf,kernel_herding,direct,False,0.8485355897411155,0.0011003139628449,0.0001,0.8299096322207699,0.8507514892240978,0.0013348122305367,-2.3449826769184847,-22.1589948298232,0.0958488625127756,0.0958488625127756,53,pizza,0.0958488625127756,4,airplane,airplane,False,0.0011003139628448,3,-0.00023449826769184848,0.0011003139628448515
53,pizza,C:\Users\maxbe\Downloads\coco\train2017\000000515040.jpg,15,rbf,kernel_herding,direct,False,0.8496071540851952,0.0010715643440796,0.0001,0.8299096322207699,0.8519916909730602,0.0012402017489623,-1.6863740488271968,-23.84536887865039,0.1851897972310662,0.1851897972310662,53,pizza,0.1851897972310662,7,truck,car|truck|bird,False,0.0010715643440795,3,-0.00016863740488271968,0.0010715643440795803
53,pizza,C:\Users\maxbe\Downloads\coco\train2017\000000457337.jpg,16,rbf,kernel_herding,direct,False,0.8506519575761129,0.0010448034909177,0.0001,0.8299096322207699,0.8533227400306616,0.0013310490576013,-2.862455666836742,-26.70782454548713,0.0571282998017371,0.0571282998017371,77,teddy bear,0.2773843187667976,13,bench,bench|cat,False,0.0010448034909176,3,-0.00028624556668367424,0.0010448034909176257
53,pizza,C:\Users\maxbe\Downloads\coco\train2017\000000485705.jpg,17,rbf,kernel_herding,direct,False,0.8516694096339084,0.0010174520577954,0.0001,0.8299096322207699,0.8544380216163106,0.0011152815856489,-0.9782952785348414,-27.68611982402197,0.375951445387893,0.375951445387893,53,pizza,0.375951445387893,46,banana,banana,False,0.0010174520577954,3,-9.782952785348415e-05,0.0010174520577954157
53,pizza,C:\Users\maxbe\Downloads\coco\train2017\000000284144.jpg,18,rbf,kernel_herding,direct,False,0.8526594768278154,0.000990067193907,0.0001,0.8299096322207699,0.8555159728279574,0.0010779512116468,-0.8788401773986504,-28.564960001420623,0.415264265364685,0.415264265364685,53,pizza,0.415264265364685,62,tv,person|handbag|bottle|wine glass|chair|tv,False,0.0009900671939069,3,-8.788401773986504e-05,0.000990067193906935
53,pizza,C:\Users\maxbe\Downloads\coco\train2017\000000415768.jpg,19,rbf,kernel_herding,direct,False,0.8536276296998843,0.0009681528720688,0.0001,0.8299096322207699,0.8565070604755056,0.0009910876475481,-0.2293477547933023,-28.794307756213925,0.7950520022796337,0.7950520022796337,53,pizza,0.7950520022796337,69,oven,spoon|bowl|carrot|oven,False,0.0009681528720687,3,-2.293477547933023e-05,0.0009681528720687699
53,pizza,C:\Users\maxbe\Downloads\coco\train2017\000000378001.jpg,20,rbf,kernel_herding,direct,False,0.8545732090409379,0.0009455793410536,0.0001,0.8299096322207699,0.8575235570048321,0.0010164965293264,-0.7091718827277734,-29.5034796389417,0.4920515051376571,0.4920515051376571,53,pizza,0.4920515051376571,52,hot dog,hot dog,False,0.0009455793410536,3,-7.091718827277734e-05,0.0009455793410536226
53,pizza,C:\Users\maxbe\Downloads\coco\train2017\000000090778.jpg,21,rbf,kernel_herding,direct,False,0.8554956322495314,0.0009224232085934,0.0001,0.8299096322207699,0.8585223495254949,0.0009987925206628,-0.7636931206928006,-30.26717275963449,0.4659424638115174,0.4659424638115174,53,pizza,0.4659424638115174,0,person,person|tie,False,0.0009224232085935,3,-7.636931206928006e-05,0.00092242320859352
53,pizza,C:\Users\maxbe\Downloads\coco\train2017\000000528940.jpg,22,rbf,kernel_herding,direct,False,0.8563967416633868,0.0009011094138553,0.0001,0.8299096322207699,0.8596539818334311,0.0011316323079362,-2.305228940809393,-32.57240170044389,0.099735964406227,0.099735964406227,53,pizza,0.099735964406227,74,clock,clock,False,0.0009011094138552,3,-0.00023052289408093932,0.0009011094138552607
53,pizza,C:\Users\maxbe\Downloads\coco\train2017\000000036414.jpg,23,rbf,kernel_herding,direct,False,0.857273047310622,0.0008763056472352,0.0001,0.8299096322207699,0.8606736088139035,0.0010196269804724,-1.4332133323711247,-34.005615032815015,0.2385411773066504,0.2385411773066504,53,pizza,0.2385411773066504,14,bird,bird,False,0.0008763056472352,3,-0.00014332133323711248,0.0008763056472352875
53,pizza,C:\Users\maxbe\Downloads\coco\train2017\000000305557.jpg,24,rbf,kernel_herding,direct,False,0.8581255059288687,0.0008524586182466,0.0001,0.8299096322207699,0.8615831989465041,0.0009095901326006,-0.5713151435392222,-34.57693017635424,0.5647821804243527,0.5647821804243527,53,pizza,0.5647821804243527,0,person,person|toothbrush,False,0.0008524586182466,3,-5.713151435392222e-05,0.0008524586182466779
53,pizza,C:\Users\maxbe\Downloads\coco\train2017\000000311056.jpg,25,rbf,kernel_herding,direct,False,0.8589586582307726,0.0008331523019038,0.0001,0.8299096322207699,0.8626420009236301,0.0010588019771259,-2.2564967522210355,-36.83342692857527,0.1047166914395653,0.1047166914395653,77,teddy bear,0.2331662874584934,14,bird,bird,False,0.0008331523019037,3,-0.00022564967522210357,0.0008331523019037964
53,pizza,C:\Users\maxbe\Downloads\coco\train2017\000000043425.jpg,26,rbf,kernel_herding,direct,False,0.8597693507769626,0.00081069254619,0.0001,0.8299096322207699,0.8637240955134764,0.0010820945898463,-2.714020436562845,-39.54744736513812,0.0662698367310716,0.0662698367310716,77,teddy bear,0.2998803220741368,16,dog,dog,False,0.00081069254619,3,-0.00027140204365628455,0.0008106925461900155
53,pizza,C:\Users\maxbe\Downloads\coco\train2017\000000119751.jpg,27,rbf,kernel_herding,direct,False,0.8605597042680408,0.0007903534910782,0.0001,0.8299096322207699,0.8645514903979958,0.0008273948845194,-0.3704139344118815,-39.91786129955,0.6904484710950681,0.6904484710950681,53,pizza,0.6904484710950681,48,sandwich,sandwich|donut,False,0.0007903534910782,3,-3.704139344118815e-05,0.0007903534910782118
53,pizza,C:\Users\maxbe\Downloads\coco\train2017\000000047882.jpg,28,rbf,kernel_herding,direct,False,0.8613342757336744,0.0007745714656335,0.0001,0.8299096322207699,0.8654695503496531,0.0009180599516572,-1.4348848602374362,-41.35274615978744,0.2381427821385904,0.2381427821385904,53,pizza,0.2381427821385904,56,chair,bottle|wine glass|fork|spoon|bowl|chair|microwave|oven|sink|book,False,0.0007745714656334,3,-0.00014348848602374362,0.0007745714656334564
53,pizza,C:\Users\maxbe\Downloads\coco\train2017\000000212714.jpg,29,rbf,kernel_herding,direct,False,0.862091768798032,0.0007574930643575,0.0001,0.8299096322207699,0.8664076224381614,0.0009380720885082,-1.805790241506369,-43.15853640129381,0.164344533375944,0.164344533375944,77,teddy bear,0.5325942735030369,15,cat,cat|remote,False,0.0007574930643575,3,-0.0001805790241506369,0.000757493064357563
53,pizza,C:\Users\maxbe\Downloads\coco\train2017\000000422020.jpg,30,rbf,kernel_herding,direct,False,0.8628251595216117,0.0007333907235796,0.0001,0.8299096322207699,0.8672525677748678,0.0008449453367064,-1.115546131267818,-44.27408253256163,0.3277362430045861,0.3277362430045861,53,pizza,0.3277362430045861,0,person,person|clock,False,0.0007333907235796,3,-0.00011155461312678182,0.0007333907235796182
53,pizza,C:\Users\maxbe\Downloads\coco\train2017\000000536494.jpg,31,rbf,kernel_herding,direct,False,0.8635433035737314,0.0007181440521197,0.0001,0.8299096322207699,0.8681265727298622,0.0008740049549943,-1.5586090287455256,-45.83269156130716,0.2104285678143644,0.2104285678143644,53,pizza,0.2104285678143644,0,person,person|bench|skateboard|bottle,False,0.0007181440521197,3,-0.00015586090287455256,0.0007181440521197474
53,pizza,C:\Users\maxbe\Downloads\coco\train2017\000000210266.jpg,32,rbf,kernel_herding,direct,False,0.8642452294764343,0.0007019259027029,0.0001,0.8299096322207699,0.8689189715066356,0.0007923987767733,-0.9047287407054164,-46.73742030201257,0.4046516357331678,0.4046516357331678,53,pizza,0.4046516357331678,0,person,person|umbrella|tie,False,0.0007019259027027,3,-9.047287407054165e-05,0.0007019259027027584
53,pizza,C:\Users\maxbe\Downloads\coco\train2017\000000260172.jpg,33,rbf,kernel_herding,direct,False,0.8649301541595306,0.0006849246830962,0.0001,0.8299096322207699,0.8696732875270937,0.0007543160204581,-0.69391337361892,-47.43133367563149,0.4996170501949878,0.4996170501949878,53,pizza,0.4996170501949878,58,potted plant,cake|potted plant,False,0.0006849246830962,3,-6.9391337361892e-05,0.000684924683096208
53,pizza,C:\Users\maxbe\Downloads\coco\train2017\000000331076.jpg,34,rbf,kernel_herding,direct,False,0.8656003722845451,0.0006702181250145,0.0001,0.8299096322207699,0.8706021371394091,0.0009288496123154,-2.586314873008276,-50.01764854863977,0.0752970084773766,0.0752970084773766,53,pizza,0.0752970084773766,7,truck,truck,False,0.0006702181250145,3,-0.0002586314873008276,0.0006702181250145725
53,pizza,C:\Users\maxbe\Downloads\coco\train2017\000000016759.jpg,35,rbf,kernel_herding,direct,False,0.8662534080722608,0.0006530357877156,0.0001,0.8299096322207699,0.8714570259911634,0.0008548888517542,-2.0185306403858245,-52.0361791890256,0.1328505269350216,0.1328505269350216,77,teddy bear,0.3351081251065481,16,dog,cat|dog,False,0.0006530357877156,3,-0.00020185306403858245,0.0006530357877156175
53,pizza,C:\Users\maxbe\Downloads\coco\train2017\000000383888.jpg,36,rbf,kernel_herding,direct,False,0.8668927869091773,0.0006393788369164,0.0001,0.8299096322207699,0.8721732700710427,0.0007162440798793,-0.7686524296285483,-52.80483161865414,0.4636374315949268,0.4636374315949268,53,pizza,0.4636374315949268,45,bowl,bowl|broccoli|carrot,False,0.0006393788369164,3,-7.686524296285484e-05,0.0006393788369164451
53,pizza,C:\Users\maxbe\Downloads\coco\train2017\000000330357.jpg,37,rbf,kernel_herding,direct,False,0.8675168814023408,0.0006240944931635,0.0001,0.8299096322207699,0.8729143078931113,0.0007410378220685,-1.1694332890499726,-53.97426490770411,0.3105428794569681,0.3105428794569681,77,teddy bear,0.3164124237633605,55,cake,cake,False,0.0006240944931635,3,-0.00011694332890499727,0.0006240944931635027
53,pizza,C:\Users\maxbe\Downloads\coco\train2017\000000501110.jpg,38,rbf,kernel_herding,direct,False,0.8681219345073589,0.000605053105018,0.0001,0.8299096322207699,0.8735485591012185,0.0006342512081072,-0.291981030892347,-54.266245938596455,0.7467827016394625,0.7467827016394625,53,pizza,0.7467827016394625,51,carrot,person|truck|carrot,False,0.0006050531050179,3,-2.9198103089234703e-05,0.0006050531050179654
53,pizza,C:\Users\maxbe\Downloads\coco\train2017\000000376564.jpg,39,rbf,kernel_herding,direct,False,0.8687143335537725,0.0005923990464136,0.0001,0.8299096322207699,0.8742613536696201,0.0007127945684015,-1.2039552198796777,-55.47020115847613,0.3000052753792597,0.3000052753792597,53,pizza,0.3000052753792597,55,cake,bottle|cake|dining table,False,0.0005923990464135,3,-0.00012039552198796777,0.0005923990464135323
53,pizza,C:\Users\maxbe\Downloads\coco\train2017\000000322090.jpg,40,rbf,kernel_herding,direct,False,0.8692940277563657,0.0005796942025931,0.0001,0.8299096322207699,0.8750283879052312,0.000767034235611,-1.8734003301786328,-57.34360148865476,0.1536004804743651,0.1536004804743651,53,pizza,0.1536004804743651,0,person,person|baseball bat,False,0.0005796942025931,3,-0.0001873400330178633,0.0005796942025931367
53,pizza,C:\Users\maxbe\Downloads\coco\train2017\000000130949.jpg,41,rbf,kernel_herding,direct,False,0.8698594576767043,0.0005654299203385,0.0001,0.8299096322207699,0.8757102452431574,0.0006818573379262,-1.1642741758776265,-58.50787566453239,0.3121491452075983,0.3121491452075983,77,teddy bear,0.6653337614991189,0,person,person|handbag|chair|laptop|keyboard|book,False,0.0005654299203384,3,-0.00011642741758776266,0.0005654299203384373
53,pizza,C:\Users\maxbe\Downloads\coco\train2017\000000170929.jpg,42,rbf,kernel_herding,direct,False,0.8704111876879729,0.0005517300112686,0.0001,0.8299096322207699,0.8763469303840891,0.0006366851409316,-0.8495512966297187,-59.35742696116211,0.4276067575013684,0.4276067575013684,53,pizza,0.4276067575013684,61,toilet,bottle|toilet,False,0.0005517300112686,3,-8.495512966297188e-05,0.000551730011268628
53,pizza,C:\Users\maxbe\Downloads\coco\train2017\000000046775.jpg,43,rbf,kernel_herding,direct,False,0.8709523251408673,0.0005411374528944,0.0001,0.8299096322207699,0.8769147240797573,0.0005677936956682,-0.2665624277379534,-59.623989388900064,0.7660081820744501,0.7660081820744501,53,pizza,0.7660081820744501,60,dining table,bowl|dining table|sink|refrigerator,False,0.0005411374528944,3,-2.6656242773795343e-05,0.0005411374528944047
53,pizza,C:\Users\maxbe\Downloads\coco\train2017\000000132389.jpg,44,rbf,kernel_herding,direct,False,0.8714797756239395,0.0005274504830722,0.0001,0.8299096322207699,0.8776401099606683,0.0007253858809109,-1.9793539783879848,-61.60334336728805,0.1381584618385338,0.1381584618385338,77,teddy bear,0.2185117204521693,16,dog,dog,False,0.0005274504830721,3,-0.0001979353978387985,0.0005274504830721016
53,pizza,C:\Users\maxbe\Downloads\coco\train2017\000000360128.jpg,45,rbf,kernel_herding,direct,False,0.8719949868903263,0.0005152112663867,0.0001,0.8299096322207699,0.878345436213991,0.0007053262533226,-1.9011498693587408,-63.50449323664679,0.149396733691253,0.149396733691253,53,pizza,0.149396733691253,16,dog,dog|frisbee,False,0.0005152112663867,3,-0.00019011498693587408,0.000515211266386726
53,pizza,C:\Users\maxbe\Downloads\coco\train2017\000000350736.jpg,46,rbf,kernel_herding,direct,False,0.8724959866065916,0.0005009997162652,0.0001,0.8299096322207699,0.8790733532684532,0.0007279170544621,-2.2691733819695137,-65.7736666186163,0.1033976150991237,0.1033976150991237,53,pizza,0.1033976150991237,5,bus,person|car|bus|traffic light|clock,False,0.0005009997162651,3,-0.00022691733819695138,0.0005009997162651486
53,pizza,C:\Users\maxbe\Downloads\coco\train2017\000000269306.jpg,47,rbf,kernel_herding,direct,False,0.8729810607890633,0.0004850741824717,0.0001,0.8299096322207699,0.8798390531588386,0.0007656998903854,-2.806257079135928,-68.57992369775224,0.0604307571597812,0.0604307571597812,77,teddy bear,0.1705010810153868,14,bird,bird|pizza,True,0.0004850741824718,3,-0.0002806257079135928,0.00048507418247180714
53,pizza,C:\Users\maxbe\Downloads\coco\train2017\000000091276.jpg,48,rbf,kernel_herding,direct,False,0.8734546743375683,0.0004736135485049,0.0001,0.8299096322207699,0.8805212066906292,0.0006821535317905,-2.085399832856588,-70.66532353060882,0.1242574280287656,0.1242574280287656,53,pizza,0.1242574280287656,0,person,person|tennis racket,False,0.0004736135485048,3,-0.0002085399832856588,0.00047361354850484116
53,pizza,C:\Users\maxbe\Downloads\coco\train2017\000000337997.jpg,49,rbf,kernel_herding,direct,False,0.8739161706931151,0.0004614963555468,0.0001,0.8299096322207699,0.8811816708871594,0.0006604641965302,-1.989678409833332,-72.65500194044215,0.13673939241847,0.13673939241847,53,pizza,0.13673939241847,4,airplane,airplane,False,0.0004614963555468,3,-0.00019896784098333322,0.00046149635554686684
53,pizza,C:\Users\maxbe\Downloads\coco\train2017\000000208913.jpg,50,rbf,kernel_herding,direct,False,0.874367409964146,0.0004512392710308,0.0001,0.8299096322207699,0.8818048111741092,0.0006231402869498,-1.7190101591901552,-74.3740120996323,0.1792434826434564,0.1792434826434564,53,pizza,0.1792434826434564,16,dog,dog|frisbee,False,0.0004512392710307,3,-0.00017190101591901553,0.00045123927103078444
53,pizza,C:\Users\maxbe\Downloads\coco\train2017\000000365711.jpg,51,rbf,kernel_herding,direct,False,0.8748083343700533,0.0004409244059073,0.0001,0.8299096322207699,0.8824126691397831,0.0006078579656738,-1.6693355976656894,-76.04334769729799,0.1883721789857821,0.1883721789857821,53,pizza,0.1883721789857821,37,surfboard,person|surfboard|clock,False,0.0004409244059072,3,-0.00016693355976656895,0.00044092440590723104
53,pizza,C:\Users\maxbe\Downloads\coco\train2017\000000369179.jpg,52,rbf,kernel_herding,direct,False,0.8752389674040697,0.0004306330340163,0.0001,0.8299096322207699,0.8828862990742478,0.0004736299344646,-0.4299690044831119,-76.4733167017811,0.6505292579004304,0.6505292579004304,53,pizza,0.6505292579004304,48,sandwich,fork|sandwich|hot dog|donut,False,0.0004306330340162,3,-4.2996900448311196e-05,0.0004306330340162888
53,pizza,C:\Users\maxbe\Downloads\coco\train2017\000000145249.jpg,53,rbf,kernel_herding,direct,False,0.8756578429938796,0.0004188755898099,0.0001,0.8299096322207699,0.8835427384792791,0.0006564394050313,-2.375638152213936,-78.84895485399504,0.0929551507429463,0.0929551507429463,53,pizza,0.0929551507429463,4,airplane,airplane,False,0.0004188755898099,3,-0.0002375638152213936,0.0004188755898099064
53,pizza,C:\Users\maxbe\Downloads\coco\train2017\000000082874.jpg,54,rbf,kernel_herding,direct,False,0.876064699661962,0.0004068566680823,0.0001,0.8299096322207699,0.884051820697111,0.0005090822178318,-1.0222554974952427,-79.87121035149028,0.3597825357202339,0.3597825357202339,53,pizza,0.3597825357202339,0,person,person|sports ball|baseball bat|baseball glove,False,0.0004068566680822,3,-0.00010222554974952427,0.00040685666808227574
53,pizza,C:\Users\maxbe\Downloads\coco\train2017\000000498614.jpg,55,rbf,kernel_herding,direct,False,0.8764623369608499,0.0003976372988878,0.0001,0.8299096322207699,0.8845073264283021,0.0004555057311911,-0.5786843230322614,-80.44989467452254,0.5606354967558428,0.5606354967558428,53,pizza,0.5606354967558428,0,person,person|knife|broccoli|tv|refrigerator,False,0.0003976372988878,3,-5.786843230322614e-05,0.00039763729888787387
53,pizza,C:\Users\maxbe\Downloads\coco\train2017\000000535692.jpg,56,rbf,kernel_herding,direct,False,0.8768512058264194,0.0003888688655695,0.0001,0.8299096322207699,0.8851080241340804,0.0006006977057783,-2.118288402088065,-82.56818307661061,0.120237250315911,0.120237250315911,53,pizza,0.120237250315911,0,person,person|surfboard,False,0.0003888688655694,3,-0.00021182884020880648,0.0003888688655694936
53,pizza,C:\Users\maxbe\Downloads\coco\train2017\000000106621.jpg,57,rbf,kernel_herding,direct,False,0.8772295223714627,0.0003783165450432,0.0001,0.8299096322207699,0.8857889941975867,0.0006809700635063,-3.0265351846296453,-85.59471826124026,0.0484833332392158,0.0484833332392158,77,teddy bear,0.7543846729668005,16,dog,dog,False,0.0003783165450433,3,-0.00030265351846296457,0.0003783165450433354
53,pizza,C:\Users\maxbe\Downloads\coco\train2017\000000061207.jpg,58,rbf,kernel_herding,direct,False,0.877598702576542,0.0003691802050793,0.0001,0.8299096322207699,0.8862899948497092,0.0005010006521224,-1.3182044704304072,-86.91292273167066,0.2676153821687345,0.2676153821687345,53,pizza,0.2676153821687345,4,airplane,airplane,False,0.0003691802050793,3,-0.00013182044704304074,0.0003691802050793592
53,pizza,C:\Users\maxbe\Downloads\coco\train2017\000000436302.jpg,59,rbf,kernel_herding,direct,False,0.8779602700522962,0.0003615674757541,0.0001,0.8299096322207699,0.886740110991564,0.0004501161418548,-0.8854866610081228,-87.79840939267878,0.4125133702478809,0.4125133702478809,53,pizza,0.4125133702478809,0,person,person|chair|laptop,False,0.0003615674757539,3,-8.854866610081228e-05,0.0003615674757539877
53,pizza,C:\Users\maxbe\Downloads\coco\train2017\000000133225.jpg,60,rbf,kernel_herding,direct,False,0.8783143765317888,0.0003541064794926,0.0001,0.8299096322207699,0.8872814922337234,0.0005413812421594,-1.8727476266679488,-89.67115701934672,0.153700768772916,0.153700768772916,53,pizza,0.153700768772916,60,dining table,spoon|hot dog|dining table,False,0.0003541064794926,3,-0.0001872747626667949,0.0003541064794926051
53,pizza,C:\Users\maxbe\Downloads\coco\train2017\000000227958.jpg,61,rbf,kernel_herding,direct,False,0.8786612360196091,0.0003468594878203,0.0001,0.8299096322207699,0.8877240050713877,0.0004425128376642,-0.9565334984389612,-90.62769051778568,0.3842224879632963,0.3842224879632963,53,pizza,0.3842224879632963,46,banana,person|backpack|banana|apple|orange,False,0.0003468594878203,3,-9.565334984389612e-05,0.0003468594878203039
53,pizza,C:\Users\maxbe\Downloads\coco\train2017\000000363191.jpg,62,rbf,kernel_herding,direct,False,0.8789998705395528,0.0003386345199436,0.0001,0.8299096322207699,0.8881772646823732,0.0004532596109855,-1.146250910419046,-91.77394142820472,0.3178260970459969,0.3178260970459969,53,pizza,0.3178260970459969,72,refrigerator,bottle|wine glass|cup|tv|refrigerator,False,0.0003386345199435,3,-0.0001146250910419046,0.00033863451994359543
53,pizza,C:\Users\maxbe\Downloads\coco\train2017\000000435328.jpg,63,rbf,kernel_herding,direct,False,0.8793302259187279,0.0003303553791751,0.0001,0.8299096322207699,0.8885403816649319,0.0003631169825586,-0.3276160338356703,-92.1015574620404,0.7206396678382652,0.7206396678382652,53,pizza,0.7206396678382652,45,bowl,cup|spoon|bowl|orange|carrot|dining table,False,0.000330355379175,3,-3.276160338356703e-05,0.00033035537917503296
53,pizza,C:\Users\maxbe\Downloads\coco\train2017\000000049315.jpg,64,rbf,kernel_herding,direct,False,0.8796526841978167,0.0003224582790888,0.0001,0.8299096322207699,0.8890620223645466,0.0005216406996146,-1.991824205258405,-94.0933816672988,0.1364462922347691,0.1364462922347691,53,pizza,0.1364462922347691,60,dining table,bench|dining table,False,0.0003224582790887,3,-0.0001991824205258405,0.00032245827908875945
53,pizza,C:\Users\maxbe\Downloads\coco\train2017\000000055665.jpg,65,rbf,kernel_herding,direct,False,0.8799672362727751,0.0003145520749583,0.0001,0.8299096322207699,0.8895204852664014,0.0004584629018548,-1.4391082689646373,-95.53248993626345,0.2371391287452941,0.2371391287452941,53,pizza,0.2371391287452941,0,person,person|cell phone,False,0.0003145520749583,3,-0.00014391082689646373,0.00031455207495833626
53,pizza,C:\Users\maxbe\Downloads\coco\train2017\000000239445.jpg,66,rbf,kernel_herding,direct,False,0.8802733489139724,0.0003061126411972,0.0001,0.8299096322207699,0.8899157427741881,0.0003952575077866,-0.8914486658939434,-96.42393860215738,0.4100612804680073,0.4100612804680073,53,pizza,0.4100612804680073,0,person,person|frisbee,False,0.0003061126411972,3,-8.914486658939435e-05,0.00030611264119720567
53,pizza,C:\Users\maxbe\Downloads\coco\train2017\000000116625.jpg,67,rbf,kernel_herding,direct,False,0.8805723612616935,0.0002990123477211,0.0001,0.8299096322207699,0.8902744223254472,0.0003586795512591,-0.5966720353796869,-97.02061063753706,0.550641104315423,0.550641104315423,53,pizza,0.550641104315423,60,dining table,cup|fork|bowl|broccoli|dining table,False,0.0002990123477211,3,-5.9667203537968696e-05,0.00029901234772113127
53,pizza,C:\Users\maxbe\Downloads\coco\train2017\000000272599.jpg,68,rbf,kernel_herding,direct,False,0.8808645038410808,0.0002921425793873,0.0001,0.8299096322207699,0.8906946406006504,0.0004202182752032,-1.2807569581583165,-98.30136759569538,0.2778269174848971,0.2778269174848971,53,pizza,0.2778269174848971,0,person,person|surfboard,False,0.0002921425793873,3,-0.00012807569581583167,0.00029214257938736833
53,pizza,C:\Users\maxbe\Downloads\coco\train2017\000000034689.jpg,69,rbf,kernel_herding,direct,False,0.8811484436708914,0.0002839398298105,0.0001,0.8299096322207699,0.8911760798919035,0.0004814392912531,-1.9749946144255248,-100.27636221012092,0.138762059553349,0.138762059553349,53,pizza,0.138762059553349,75,vase,vase|toothbrush,False,0.0002839398298105,3,-0.0001974994614425525,0.0002839398298105475
53,pizza,C:\Users\maxbe\Downloads\coco\train2017\000000343543.jpg,70,rbf,kernel_herding,direct,False,0.8814226575686691,0.0002742138977777,0.0001,0.8299096322207699,0.8914777095984735,0.0003016297065699,-0.2741580879228065,-100.55052029804372,0.7602118854419906,0.7602118854419906,53,pizza,0.7602118854419906,0,person,person|donut,False,0.0002742138977776,3,-2.741580879228065e-05,0.0002742138977776194
53,pizza,C:\Users\maxbe\Downloads\coco\train2017\000000473124.jpg,71,rbf,kernel_herding,direct,False,0.8816914557572937,0.0002687981886245,0.0001,0.8299096322207699,0.8919050020983713,0.0004272924998978,-1.5849431127326767,-102.13546341077638,0.20495945236732,0.20495945236732,53,pizza,0.20495945236732,49,orange,orange,False,0.0002687981886245,3,-0.00015849431127326768,0.00026879818862453233
53,pizza,C:\Users\maxbe\Downloads\coco\train2017\000000463837.jpg,72,rbf,kernel_herding,direct,False,0.8819547731504004,0.0002633173931066,0.0001,0.8299096322207699,0.8921969888090551,0.0002919867106837,-0.2866931757704287,-102.4221565865468,0.7507420393496688,0.7507420393496688,53,pizza,0.7507420393496688,40,wine glass,person|handbag|bottle|wine glass|sink,False,0.0002633173931066,3,-2.866931757704287e-05,0.0002633173931066571
53,pizza,C:\Users\maxbe\Downloads\coco\train2017\000000029323.jpg,73,rbf,kernel_herding,direct,False,0.8822136710494526,0.0002588978990522,0.0001,0.8299096322207699,0.8924997160605597,0.0003027272515045,-0.4382935245240816,-102.86045011107088,0.6451363917098366,0.6451363917098366,53,pizza,0.6451363917098366,60,dining table,bowl|broccoli|dining table,False,0.000258897899052,3,-4.3829352452408164e-05,0.0002588978990520918
53,pizza,C:\Users\maxbe\Downloads\coco\train2017\000000413941.jpg,74,rbf,kernel_herding,direct,False,0.8824676297066509,0.0002539586571983,0.0001,0.8299096322207699,0.8927675563279284,0.0002678402673687,-0.1388161017031456,-102.99926621277405,0.8703880766254017,0.8703880766254017,53,pizza,0.8703880766254017,46,banana,person|motorcycle|banana|chair,False,0.0002539586571983,3,-1.388161017031456e-05,0.0002539586571983855
53,pizza,C:\Users\maxbe\Downloads\coco\train2017\000000492785.jpg,75,rbf,kernel_herding,direct,False,0.8827154509840481,0.0002478212773971,0.0001,0.8299096322207699,0.8930326204758487,0.0002650641479203,-0.1724287052323315,-103.17169491800637,0.8416182896523012,0.8416182896523012,53,pizza,0.8416182896523012,48,sandwich,sandwich,False,0.000247821277397,3,-1.724287052323315e-05,0.00024782127739706686
53,pizza,C:\Users\maxbe\Downloads\coco\train2017\000000329014.jpg,76,rbf,kernel_herding,direct,False,0.8829577262722889,0.0002422752882407,0.0001,0.8299096322207699,0.8932958548389771,0.0002632343631283,-0.2095907488762469,-103.38128566688262,0.81091604637296,0.81091604637296,53,pizza,0.81091604637296,47,apple,knife|apple,False,0.0002422752882406,3,-2.095907488762469e-05,0.0002422752882406753
53,pizza,C:\Users\maxbe\Downloads\coco\train2017\000000047189.jpg,77,rbf,kernel_herding,direct,False,0.8831952180467671,0.0002374917744782,0.0001,0.8299096322207699,0.8936930945754905,0.0003972397365133,-1.5974796203508028,-104.9787652872334,0.202406015662924,0.202406015662924,53,pizza,0.202406015662924,0,person,person|truck|frisbee,False,0.0002374917744782,3,-0.0001597479620350803,0.00023749177447821972
53,pizza,C:\Users\maxbe\Downloads\coco\train2017\000000471824.jpg,78,rbf,kernel_herding,direct,False,0.883426990198872,0.0002317721521049,0.0001,0.8299096322207699,0.8940249488766662,0.0003318543011756,-1.0008214907076367,-105.97958677794104,0.367577355725171,0.367577355725171,53,pizza,0.367577355725171,0,person,person|tie|bottle,False,0.0002317721521048,3,-0.00010008214907076368,0.0002317721521048363
53,pizza,C:\Users\maxbe\Downloads\coco\train2017\000000271929.jpg,79,rbf,kernel_herding,direct,False,0.8836518935221487,0.0002249033232766,0.0001,0.8299096322207699,0.8943318335260553,0.0003068846493891,-0.8198132611243709,-106.79940003906542,0.4405139078966671,0.4405139078966671,53,pizza,0.4405139078966671,0,person,person|handbag|cell phone,False,0.0002249033232766,3,-8.198132611243709e-05,0.0002249033232766629
53,pizza,C:\Users\maxbe\Downloads\coco\train2017\000000309175.jpg,80,rbf,kernel_herding,direct,False,0.8838702684965637,0.000218374974415,0.0001,0.8299096322207699,0.8947183143994524,0.000386480873397,-1.6810589898216324,-108.48045902888704,0.1861767123633144,0.1861767123633144,53,pizza,0.1861767123633144,61,toilet,toilet,False,0.0002183749744148,3,-0.00016810589898216325,0.00021837497441483673
53,pizza,C:\Users\maxbe\Downloads\coco\train2017\000000378049.jpg,81,rbf,kernel_herding,direct,False,0.8840829414874707,0.0002126729909069,0.0001,0.8299096322207699,0.8951752054998089,0.0004568911003565,-2.442181094495165,-110.92264012338222,0.0869709525766511,0.0869709525766511,77,teddy bear,0.4258047137771175,16,dog,dog|frisbee,False,0.0002126729909069,3,-0.00024421810944951655,0.00021267299090698343
53,pizza,C:\Users\maxbe\Downloads\coco\train2017\000000549580.jpg,82,rbf,kernel_herding,direct,False,0.8842888041730522,0.0002058626855815,0.0001,0.8299096322207699,0.8956424304435268,0.0004672249437178,-2.6136225813629146,-113.53626270474514,0.0732686408126142,0.0732686408126142,77,teddy bear,0.4815704353371964,15,cat,cat|sandwich|cake|bed,False,0.0002058626855815,3,-0.0002613622581362915,0.00020586268558150852
53,pizza,C:\Users\maxbe\Downloads\coco\train2017\000000062231.jpg,83,rbf,kernel_herding,direct,False,0.8844880488218594,0.0001992446488071,0.0001,0.8299096322207699,0.8960114446169909,0.0003690141734641,-1.6976952465698492,-115.233957951315,0.1831050501006392,0.1831050501006392,77,teddy bear,0.4198068999335058,15,cat,bird|cat,False,0.0001992446488071,3,-0.0001697695246569849,0.00019924464880711508
53,pizza,C:\Users\maxbe\Downloads\coco\train2017\000000475336.jpg,84,rbf,kernel_herding,direct,False,0.8846827362479176,0.0001946874260582,0.0001,0.8299096322207699,0.8962223253351433,0.0002108807181524,-0.1619329209420653,-115.39589087225706,0.8504982532474278,0.8504982532474278,53,pizza,0.8504982532474278,60,dining table,knife|spoon|broccoli|dining table,False,0.0001946874260581,3,-1.619329209420653e-05,0.00019468742605819347
53,pizza,C:\Users\maxbe\Downloads\coco\train2017\000000049891.jpg,85,rbf,kernel_herding,direct,False,0.8848744734386305,0.0001917371907128,0.0001,0.8299096322207699,0.896445424014578,0.0002230986794347,-0.3136148872189628,-115.70950575947602,0.7308004145522305,0.7308004145522305,53,pizza,0.7308004145522305,0,person,person|pizza,True,0.0001917371907128,3,-3.136148872189628e-05,0.00019173719071280371
53,pizza,C:\Users\maxbe\Downloads\coco\train2017\000000132816.jpg,86,rbf,kernel_herding,direct,False,0.8850628152163424,0.0001883417777119,0.0001,0.8299096322207699,0.8966561593862268,0.0002107353716487,-0.2239359393669759,-115.933441698843,0.7993663406419942,0.7993663406419942,53,pizza,0.7993663406419942,0,person,person|donut|dining table,False,0.000188341777712,3,-2.239359393669759e-05,0.0001883417777120024
53,pizza,C:\Users\maxbe\Downloads\coco\train2017\000000223146.jpg,87,rbf,kernel_herding,direct,False,0.8852437414408514,0.0001809262245089,0.0001,0.8299096322207699,0.8970675666836755,0.0004114072974487,-2.3048107293976474,-118.23825242824064,0.0997776838478688,0.0997776838478688,53,pizza,0.0997776838478688,18,sheep,person|car|truck|horse|sheep|cow,False,0.0001809262245089,3,-0.00023048107293976476,0.00018092622450893521
53,pizza,C:\Users\maxbe\Downloads\coco\train2017\000000573764.jpg,88,rbf,kernel_herding,direct,False,0.8854199114986345,0.0001761700577831,0.0001,0.8299096322207699,0.8973065334840761,0.0002389668004005,-0.627967426174334,-118.86621985441498,0.5336754340694161,0.5336754340694161,53,pizza,0.5336754340694161,60,dining table,person|backpack|bottle|cup|pizza|chair|dining table|clock,True,0.000176170057783,3,-6.279674261743341e-05,0.0001761700577830666
53,pizza,C:\Users\maxbe\Downloads\coco\train2017\000000154585.jpg,89,rbf,kernel_herding,direct,False,0.885592431409104,0.0001725199104695,0.0001,0.8299096322207699,0.8974957204191486,0.0001891869350725,-0.1666702460310033,-119.03289010044598,0.8464786950285389,0.8464786950285389,53,pizza,0.8464786950285389,40,wine glass,wine glass|spoon|bowl,False,0.0001725199104693,3,-1.666702460310033e-05,0.00017251991046939965
53,pizza,C:\Users\maxbe\Downloads\coco\train2017\000000391132.jpg,90,rbf,kernel_herding,direct,False,0.8857621404679513,0.0001697090588472,0.0001,0.8299096322207699,0.8976692111267855,0.0001734907076369,-0.0378164878961603,-119.07070658834216,0.9628896265788616,0.9628896265788616,53,pizza,0.9628896265788616,69,oven,person|bottle|fork|knife|spoon|bowl|orange|oven|sink,False,0.0001697090588472,3,-3.7816487896160303e-06,0.00016970905884728396
53,pizza,C:\Users\maxbe\Downloads\coco\train2017\000000173391.jpg,91,rbf,kernel_herding,direct,False,0.8859271854374815,0.0001650449695301,0.0001,0.8299096322207699,0.8979268959251906,0.000257684798405,-0.9263982887483818,-119.99710487709054,0.395977341123081,0.395977341123081,53,pizza,0.395977341123081,68,microwave,person|microwave|clock,False,0.0001650449695301,3,-9.263982887483818e-05,0.00016504496953016182
53,pizza,C:\Users\maxbe\Downloads\coco\train2017\000000412136.jpg,92,rbf,kernel_herding,direct,False,0.8860880026777811,0.0001608172402995,0.0001,0.8299096322207699,0.898174116054732,0.0002472201295413,-0.8640288924182377,-120.86113376950875,0.4214606375819924,0.4214606375819924,53,pizza,0.4214606375819924,60,dining table,person|bottle|cup|spoon|bowl|sandwich|orange|dining table,False,0.0001608172402994,3,-8.640288924182378e-05,0.0001608172402994762
53,pizza,C:\Users\maxbe\Downloads\coco\train2017\000000479867.jpg,93,rbf,kernel_herding,direct,False,0.8862440410966559,0.0001560384188747,0.0001,0.8299096322207699,0.8984565112459229,0.0002823951911908,-1.2635677231607794,-122.12470149266954,0.2826438305800025,0.2826438305800025,77,teddy bear,0.518005714595193,55,cake,horse|cake|dining table,False,0.0001560384188747,3,-0.00012635677231607795,0.00015603841887472207
53,pizza,C:\Users\maxbe\Downloads\coco\train2017\000000108429.jpg,94,rbf,kernel_herding,direct,False,0.8863948806953399,0.000150839598684,0.0001,0.8299096322207699,0.8986534574913756,0.0001969462454527,-0.4610664676875118,-122.58576796035706,0.6306107607650306,0.6306107607650306,53,pizza,0.6306107607650306,60,dining table,cup|knife|bowl|dining table,False,0.0001508395986839,3,-4.610664676875118e-05,0.00015083959868394882
53,pizza,C:\Users\maxbe\Downloads\coco\train2017\000000365657.jpg,95,rbf,kernel_herding,direct,False,0.8865415824902493,0.0001467017949093,0.0001,0.8299096322207699,0.8988412006477796,0.000187743156404,-0.4104136149460505,-122.99618157530313,0.6633758112328413,0.6633758112328413,53,pizza,0.6633758112328413,0,person,person|handbag|cup|donut,False,0.0001467017949093,3,-4.104136149460505e-05,0.00014670179490939496
53,pizza,C:\Users\maxbe\Downloads\coco\train2017\000000060737.jpg,96,rbf,kernel_herding,direct,False,0.8866843183443418,0.0001427358540925,0.0001,0.8299096322207699,0.8991460084845706,0.0003048078367909,-1.6207198269847074,-124.61690140228782,0.1977562975171693,0.1977562975171693,53,pizza,0.1977562975171693,0,person,person|fork|knife|cake|dining table|clock,False,0.0001427358540924,3,-0.00016207198269847076,0.00014273585409242925
53,pizza,C:\Users\maxbe\Downloads\coco\train2017\000000456425.jpg,97,rbf,kernel_herding,direct,False,0.8868227920876909,0.000138473743349,0.0001,0.8299096322207699,0.899504182970793,0.0003581744862224,-2.197007428733602,-126.81390883102142,0.1111352413524535,0.1111352413524535,53,pizza,0.1111352413524535,37,surfboard,person|surfboard,False,0.000138473743349,3,-0.0002197007428733602,0.0001384737433490398
53,pizza,C:\Users\maxbe\Downloads\coco\train2017\000000421105.jpg,98,rbf,kernel_herding,direct,False,0.8869555594691108,0.0001327673814198,0.0001,0.8299096322207699,0.8998578458561448,0.0003536628853517,-2.208955039319354,-129.0228638703408,0.109815341293137,0.109815341293137,77,teddy bear,0.2705321493399754,4,airplane,person|airplane,False,0.0001327673814197,3,-0.0002208955039319354,0.0001327673814197646
53,pizza,C:\Users\maxbe\Downloads\coco\train2017\000000016823.jpg,99,rbf,kernel_herding,direct,False,0.8870833650569276,0.0001278055878168,0.0001,0.8299096322207699,0.9000514799293386,0.0001936340731938,-0.6582848537688722,-129.68114872410965,0.5177385707615786,0.5177385707615786,53,pizza,0.5177385707615786,0,person,person|cat|cup|knife|bowl|chair|dining table,False,0.0001278055878169,3,-6.582848537688722e-05,0.00012780558781691275
53,pizza,C:\Users\maxbe\Downloads\coco\train2017\000000353602.jpg,100,rbf,kernel_herding,direct,False,0.8872082696996927,0.000124904642765,0.0001,0.8299096322207699,0.9001785005767582,0.0001270206474195,-0.0211600465449201,-129.70230877065455,0.9790622564970872,0.9790622564970872,53,pizza,0.9790622564970872,69,oven,bottle|oven,False,0.000124904642765,3,-2.11600465449201e-06,0.00012490464276500798
53,pizza,C:\Users\maxbe\Downloads\coco\train2017\000000214577.jpg,101,rbf,kernel_herding,direct,False,0.8873300617532042,0.0001217920535114,0.0001,0.8299096322207699,0.9004373965166488,0.0002588959398905,-1.3710388637918536,-131.0733476344464,0.2538431141057325,0.2538431141057325,77,teddy bear,0.2625020910901816,0,person,person|handbag|wine glass|cup,False,0.0001217920535113,3,-0.00013710388637918537,0.00012179205351131462
53,pizza,C:\Users\maxbe\Downloads\coco\train2017\000000435037.jpg,102,rbf,kernel_herding,direct,False,0.8874476850090323,0.000117623255828,0.0001,0.8299096322207699,0.9006030967358822,0.0001657002192334,-0.4807696340531859,-131.5541172684996,0.6183073382522724,0.6183073382522724,53,pizza,0.6183073382522724,54,donut,cup|donut,False,0.000117623255828,3,-4.8076963405318594e-05,0.00011762325582808141
53,pizza,C:\Users\maxbe\Downloads\coco\train2017\000000227441.jpg,103,rbf,kernel_herding,direct,False,0.8875625037900671,0.0001148187810348,0.0001,0.8299096322207699,0.9007782274164534,0.0001751306805711,-0.6031189953635635,-132.15723626386315,0.5471025618274428,0.5471025618274428,53,pizza,0.5471025618274428,60,dining table,person|truck|umbrella|apple|chair|dining table,False,0.0001148187810347,3,-6.031189953635635e-05,0.00011481878103474365
53,pizza,C:\Users\maxbe\Downloads\coco\train2017\000000358239.jpg,104,rbf,kernel_herding,direct,False,0.88767422005065,0.0001117162605829,0.0001,0.8299096322207699,0.900994761300998,0.0002165338845446,-1.0481762396180214,-133.20541250348117,0.3505765340314037,0.3505765340314037,53,pizza,0.3505765340314037,48,sandwich,fork|sandwich,False,0.0001117162605827,3,-0.00010481762396180214,0.00011171626058279787
53,pizza,C:\Users\maxbe\Downloads\coco\train2017\000000209868.jpg,105,rbf,kernel_herding,direct,False,0.88778277164983,0.0001085515991799,0.0001,0.8299096322207699,0.9011177718097396,0.0001230105087415,-0.144589095615295,-133.35000159909646,0.8653778075990771,0.8653778075990771,53,pizza,0.8653778075990771,0,person,person|toothbrush,False,0.0001085515991799,3,-1.4458909561529502e-05,0.00010855159917997049
53,pizza,C:\Users\maxbe\Downloads\coco\train2017\000000293891.jpg,106,rbf,kernel_herding,direct,False,0.8878873781057269,0.0001046064558969,0.0001,0.8299096322207699,0.9013759068582524,0.0002581350485129,-1.53528592615939,-134.88528752525585,0.2153940955567652,0.2153940955567652,77,teddy bear,0.2314078847111784,0,person,person|frisbee|chair,False,0.0001046064558969,3,-0.000153528592615939,0.000104606455896961
53,pizza,C:\Users\maxbe\Downloads\coco\train2017\000000285254.jpg,107,rbf,kernel_herding,direct,False,0.8879883032102777,0.0001009251045507,0.0001,0.8299096322207699,0.9015289985698208,0.0001530917115681,-0.5216660701744577,-135.4069535954303,0.5935308596901114,0.5935308596901114,53,pizza,0.5935308596901114,60,dining table,spoon|chair|dining table,False,0.0001009251045506,3,-5.216660701744577e-05,0.00010092510455065421
53,pizza,C:\Users\maxbe\Downloads\coco\train2017\000000295074.jpg,108,rbf,kernel_herding,direct,False,0.8880853202424582,9.701703218056856e-05,0.0001,0.8299096322207699,0.9018216288901488,0.0002926303203281,-1.956132881475538,-137.36308647690583,0.1414041917289691,0.1414041917289691,53,pizza,0.1414041917289691,5,bus,car|bus|traffic light|stop sign,False,9.701703218054616e-05,3,-0.00019561328814755383,9.701703218054615e-05
53,pizza,C:\Users\maxbe\Downloads\coco\train2017\000000298151.jpg,109,rbf,kernel_herding,direct,False,0.8881775294985679,9.220925610964326e-05,0.0001,0.8299096322207699,0.9020400236743392,0.0002183947841905,-1.2618552808088837,-138.6249417577147,0.2831282565033453,0.2831282565033453,77,teddy bear,0.3096474910637997,45,bowl,bowl|orange|cake,False,9.220925610961162e-05,3,-0.00012618552808088838,9.220925610961162e-05
53,pizza,C:\Users\maxbe\Downloads\coco\train2017\000000314558.jpg,110,rbf,kernel_herding,direct,False,0.888266398219709,8.8868721141111e-05,0.0001,0.8299096322207699,0.9022648318011772,0.000224808126838,-1.3593940569686052,-139.9843358146833,0.2568163458899801,0.2568163458899801,53,pizza,0.2568163458899801,0,person,person|bench|backpack|handbag|tie|bottle|bowl|chair|dining table|vase|teddy bear,False,8.886872114113946e-05,3,-0.00013593940569686053,8.886872114113946e-05
53,pizza,C:\Users\maxbe\Downloads\coco\train2017\000000557497.jpg,111,rbf,kernel_herding,direct,False,0.8883521430919507,8.574487224166649e-05,0.0001,0.8299096322207699,0.9025790693975956,0.0003142375964182,-2.284927241766172,-142.2692630564495,0.1017814672756824,0.1017814672756824,53,pizza,0.1017814672756824,20,elephant,elephant,False,8.574487224158279e-05,3,-0.00022849272417661723,8.574487224158279e-05
53,pizza,C:\Users\maxbe\Downloads\coco\train2017\000000494218.jpg,112,rbf,kernel_herding,direct,False,0.8884347124910423,8.256939909168093e-05,0.0001,0.8299096322207699,0.9026775125809944,9.844318339879976e-05,-0.1587378430704613,-142.42800089951996,0.8532200071886911,0.8532200071886911,53,pizza,0.8532200071886911,60,dining table,person|cup|knife|orange|chair|dining table|remote,False,8.256939909175362e-05,3,-1.587378430704613e-05,8.256939909175362e-05
53,pizza,C:\Users\maxbe\Downloads\coco\train2017\000000049591.jpg,113,rbf,kernel_herding,direct,False,0.8885127605017166,7.80480106742365e-05,0.0001,0.8299096322207699,0.9028089288687424,0.0001314162877481,-0.5336827707396715,-142.96168367025962,0.5864412591881352,0.5864412591881352,53,pizza,0.5864412591881352,50,broccoli,broccoli,False,7.804801067413285e-05,3,-5.336827707396715e-05,7.804801067413285e-05
53,pizza,C:\Users\maxbe\Downloads\coco\train2017\000000287387.jpg,114,rbf,kernel_herding,direct,False,0.888588696583743,7.593608202638436e-05,0.0001,0.8299096322207699,0.9030579367488004,0.0002490078800578,-1.7307179803147137,-144.69240165057434,0.1771571689361582,0.1771571689361582,77,teddy bear,0.2206832757170068,60,dining table,person|cup|chair|dining table|teddy bear,False,7.593608202632863e-05,3,-0.00017307179803147137,7.593608202632863e-05
53,pizza,C:\Users\maxbe\Downloads\coco\train2017\000000556838.jpg,115,rbf,kernel_herding,direct,False,0.8886612644341512,7.256785040821168e-05,0.0001,0.8299096322207699,0.9032292995863695,0.0001713628375691,-0.987949871609698,-145.68035152218405,0.3723392523517124,0.3723392523517124,53,pizza,0.3723392523517124,0,person,person|handbag|bowl|chair|cell phone|oven|sink|refrigerator,False,7.25678504081302e-05,3,-9.87949871609698e-05,7.25678504081302e-05
53,pizza,C:\Users\maxbe\Downloads\coco\train2017\000000016757.jpg,116,rbf,kernel_herding,direct,False,0.8887310718403676,6.980740621642667e-05,0.0001,0.8299096322207699,0.9033283645262528,9.906493988320886e-05,-0.292575336667099,-145.97292685885114,0.7463390162228544,0.7463390162228544,53,pizza,0.7463390162228544,60,dining table,cup|bowl|orange|chair|dining table,False,6.980740621649896e-05,3,-2.92575336667099e-05,6.980740621649896e-05
53,pizza,C:\Users\maxbe\Downloads\coco\train2017\000000393306.jpg,117,rbf,kernel_herding,direct,False,0.8887976729907153,6.660115034773373e-05,0.0001,0.8299096322207699,0.9035706370919117,0.0002422725656587,-1.7567141531107302,-147.72964101196186,0.1726111066868693,0.1726111066868693,77,teddy bear,0.2264433097301239,0,person,person|couch|vase,False,6.660115034762696e-05,3,-0.00017567141531107304,6.660115034762696e-05
53,pizza,C:\Users\maxbe\Downloads\coco\train2017\000000285649.jpg,118,rbf,kernel_herding,direct,False,0.8888605703408627,6.289735014741726e-05,0.0001,0.8299096322207699,0.9039226064861456,0.000351969394234,-2.890720440866611,-150.62036145282846,0.0555361876552442,0.0555361876552442,53,pizza,0.0555361876552442,7,truck,car|truck,False,6.289735014733888e-05,3,-0.0002890720440866611,6.289735014733888e-05
53,pizza,C:\Users\maxbe\Downloads\coco\train2017\000000261940.jpg,119,rbf,kernel_herding,direct,False,0.8889200976517458,5.9527310883100704e-05,0.0001,0.8299096322207699,0.9039973627439464,7.475625780073436e-05,-0.1522894691768382,-150.7726509220053,0.8587396660944581,0.8587396660944581,53,pizza,0.8587396660944581,0,person,person|sandwich,False,5.952731088305054e-05,3,-1.522894691768382e-05,5.952731088305054e-05
53,pizza,C:\Users\maxbe\Downloads\coco\train2017\000000316481.jpg,120,rbf,kernel_herding,direct,False,0.8889778931858504,5.779553410456551e-05,0.0001,0.8299096322207699,0.9041576387585996,0.0001602760146531,-1.0248048054862284,-151.79745572749155,0.358866507342238,0.358866507342238,53,pizza,0.358866507342238,37,surfboard,person|bench|handbag|surfboard|chair|dining table,False,5.779553410447714e-05,3,-0.00010248048054862285,5.779553410447714e-05
77,teddy bear,C:\Users\maxbe\Downloads\coco\train2017\000000511014.jpg,1,rbf,kernel_herding,direct,False,0.9010862624225628,0.0008661659637497,0.0001,0.9002201674814629,0.9011819519108456,0.0009618554520325,-0.956894882827096,-0.956894882827096,0.3840836610410277,0.3840836610410277,77,teddy bear,0.3840836610410277,14,bird,bird,False,0.0008661659637497,3,-9.56894882827096e-05,0.0008661659637497904
77,teddy bear,C:\Users\maxbe\Downloads\coco\train2017\000000106621.jpg,2,rbf,kernel_herding,direct,False,0.9019194775283048,0.0008332151057418,0.0001,0.9002201674814629,0.9020433523030594,0.0008614003922138,-0.2818528647200211,-1.2387477475471171,0.7543846729668005,0.7543846729668005,77,teddy bear,0.7543846729668005,16,dog,dog,False,0.0008332151057417,3,-2.8185286472002108e-05,0.0008332151057417979
77,teddy bear,C:\Users\maxbe\Downloads\coco\train2017\000000461498.jpg,3,rbf,kernel_herding,direct,False,0.9027149822890944,0.0007955047607898,0.0001,0.9002201674814629,0.9028875678898928,0.0008442155868332,-0.4871082604341887,-1.725856007981306,0.6144005140765952,0.6144005140765952,77,teddy bear,0.6144005140765952,14,bird,bird,False,0.0007955047607897,3,-4.8710826043418874e-05,0.0007955047607897812
77,teddy bear,C:\Users\maxbe\Downloads\coco\train2017\000000570423.jpg,4,rbf,kernel_herding,direct,False,0.9034812469843596,0.0007662646952651,0.0001,0.9002201674814629,0.903682998308461,0.0007954304185683,-0.2916572330313432,-2.017513241012649,0.7470245474333507,0.7470245474333507,77,teddy bear,0.7470245474333507,13,bench,bench|cat,False,0.0007662646952651,3,-2.9165723303134322e-05,0.0007662646952651657
77,teddy bear,C:\Users\maxbe\Downloads\coco\train2017\000000542407.jpg,5,rbf,kernel_herding,direct,False,0.9042296432860272,0.0007483963016673,0.0001,0.9002201674814629,0.9044580797685612,0.0007750814601,-0.2668515843278963,-2.2843648253405453,0.7657867177811258,0.7657867177811258,77,teddy bear,0.7657867177811258,16,dog,dog,False,0.0007483963016672,3,-2.668515843278963e-05,0.0007483963016672104
77,teddy bear,C:\Users\maxbe\Downloads\coco\train2017\000000380983.jpg,6,rbf,kernel_herding,direct,False,0.9049381407001676,0.0007084974141405,0.0001,0.9002201674814629,0.9052042353852432,0.0007461556166821,-0.3765820254153946,-2.66094685075594,0.686202829305143,0.686202829305143,77,teddy bear,0.686202829305143,21,bear,bear,False,0.0007084974141405,3,-3.765820254153946e-05,0.0007084974141405606
77,teddy bear,C:\Users\maxbe\Downloads\coco\train2017\000000198255.jpg,7,rbf,kernel_herding,direct,False,0.9056232508002632,0.0006851101000954,0.0001,0.9002201674814629,0.9058969394135872,0.000692704028344,-0.0759392824858351,-2.736886133241775,0.9268724822429748,0.9268724822429748,77,teddy bear,0.9268724822429748,75,vase,vase,False,0.0006851101000954,3,-7.593928248583511e-06,0.0006851101000954165
77,teddy bear,C:\Users\maxbe\Downloads\coco\train2017\000000111820.jpg,8,rbf,kernel_herding,direct,False,0.9062936891493086,0.0006704383490455,0.0001,0.9002201674814629,0.9065742836037496,0.0006773441901621,-0.0690584111670134,-2.8059445444087885,0.9332721649687749,0.9332721649687749,77,teddy bear,0.9332721649687749,57,couch,dog|chair|couch,False,0.0006704383490453,3,-6.90584111670134e-06,0.0006704383490453987
77,teddy bear,C:\Users\maxbe\Downloads\coco\train2017\000000475988.jpg,9,rbf,kernel_herding,direct,False,0.9069441564619568,0.0006504673126481,0.0001,0.9002201674814629,0.9072392658551636,0.0006649822514142,-0.1451493876599845,-2.951093932068773,0.8648930791052682,0.8648930791052682,77,teddy bear,0.8648930791052682,3,motorcycle,person|motorcycle|handbag,False,0.0006504673126482,3,-1.4514938765998452e-05,0.0006504673126482015
77,teddy bear,C:\Users\maxbe\Downloads\coco\train2017\000000270918.jpg,10,rbf,kernel_herding,direct,False,0.9075767691646056,0.0006326127026489,0.0001,0.9002201674814629,0.9079798493522654,0.0007405834971017,-1.0797079445278934,-4.030801876596667,0.3396947208600544,0.3396947208600544,77,teddy bear,0.3396947208600544,2,car,person|car,False,0.0006326127026489,3,-0.00010797079445278935,0.0006326127026489107
77,teddy bear,C:\Users\maxbe\Downloads\coco\train2017\000000194701.jpg,11,rbf,kernel_herding,direct,False,0.9081845656985396,0.0006077965339338,0.0001,0.9002201674814629,0.9086788675418622,0.0006990181895968,-0.9122165566301388,-4.943018433226806,0.4016329943904423,0.4016329943904423,77,teddy bear,0.4016329943904423,75,vase,dining table|vase,False,0.0006077965339337,3,-9.122165566301389e-05,0.0006077965339337861
77,teddy bear,C:\Users\maxbe\Downloads\coco\train2017\000000457337.jpg,12,rbf,kernel_herding,direct,False,0.9087763029879063,0.0005917372893667,0.0001,0.9002201674814629,0.9093988399614306,0.0007199724195683,-1.282351302015046,-6.225369735241852,0.2773843187667976,0.2773843187667976,77,teddy bear,0.2773843187667976,13,bench,bench|cat,False,0.0005917372893667,3,-0.00012823513020150462,0.0005917372893667953
77,teddy bear,C:\Users\maxbe\Downloads\coco\train2017\000000399183.jpg,13,rbf,kernel_herding,direct,False,0.9093527076778783,0.0005764046899719,0.0001,0.9002201674814629,0.9100719879080896,0.000673147946659,-0.9674325668706264,-7.192802302112479,0.3800575589264202,0.3800575589264202,77,teddy bear,0.3800575589264202,20,elephant,elephant,False,0.0005764046899719,3,-9.674325668706264e-05,0.0005764046899719374
77,teddy bear,C:\Users\maxbe\Downloads\coco\train2017\000000296825.jpg,14,rbf,kernel_herding,direct,False,0.9099136596254688,0.0005609519475905,0.0001,0.9002201674814629,0.9106601516598016,0.0005881637517121,-0.2721180412158265,-7.464920343328305,0.7617643361931024,0.7617643361931024,77,teddy bear,0.7617643361931024,7,truck,person|truck,False,0.0005609519475905,3,-2.7211804121582652e-05,0.0005609519475905173
77,teddy bear,C:\Users\maxbe\Downloads\coco\train2017\000000043425.jpg,15,rbf,kernel_herding,direct,False,0.9104582217163508,0.000544562090882,0.0001,0.9002201674814629,0.9113251509317172,0.0006649992719154,-1.2043718103344578,-8.669292153662763,0.2998803220741368,0.2998803220741368,77,teddy bear,0.2998803220741368,16,dog,dog,False,0.0005445620908819,3,-0.00012043718103344579,0.0005445620908819543
77,teddy bear,C:\Users\maxbe\Downloads\coco\train2017\000000191693.jpg,16,rbf,kernel_herding,direct,False,0.9109884588232776,0.0005302371069266,0.0001,0.9002201674814629,0.91191120261189,0.0005860516801728,-0.5581457324616284,-9.227437886124392,0.5722692208761528,0.5722692208761528,77,teddy bear,0.5722692208761528,0,person,person|tie|chair,False,0.0005302371069266,3,-5.581457324616284e-05,0.0005302371069266372
77,teddy bear,C:\Users\maxbe\Downloads\coco\train2017\000000132099.jpg,17,rbf,kernel_herding,direct,False,0.9115042371172064,0.0005157782939289,0.0001,0.9002201674814629,0.912467439872606,0.0005562372607159,-0.4045896678712565,-9.632027553995648,0.6672505490300392,0.6672505490300392,77,teddy bear,0.6672505490300392,15,cat,person|cat|tie|couch|book,False,0.0005157782939287,3,-4.0458966787125655e-05,0.0005157782939287744
77,teddy bear,C:\Users\maxbe\Downloads\coco\train2017\000000490284.jpg,18,rbf,kernel_herding,direct,False,0.9120077303704373,0.0005034932532306,0.0001,0.9002201674814629,0.9130204550628755,0.0005530151902695,-0.495219370388815,-10.127246924384464,0.6094372001545953,0.6094372001545953,77,teddy bear,0.6094372001545953,16,dog,person|dog|couch,False,0.0005034932532306,3,-4.95219370388815e-05,0.0005034932532306186
77,teddy bear,C:\Users\maxbe\Downloads\coco\train2017\000000296012.jpg,19,rbf,kernel_herding,direct,False,0.9124984553153808,0.0004907249449435,0.0001,0.9002201674814629,0.913527543751786,0.0005070886889104,-0.1636374396688775,-10.29088436405334,0.8490497978580062,0.8490497978580062,77,teddy bear,0.8490497978580062,2,car,bicycle|car|motorcycle|bus|train,False,0.0004907249449435,3,-1.636374396688775e-05,0.0004907249449435122
77,teddy bear,C:\Users\maxbe\Downloads\coco\train2017\000000376128.jpg,20,rbf,kernel_herding,direct,False,0.9129726016621438,0.0004741463467631,0.0001,0.9002201674814629,0.9141225786678044,0.0005950349160183,-1.2088856925521778,-11.499770056605518,0.2985297480800218,0.2985297480800218,77,teddy bear,0.2985297480800218,4,airplane,airplane,False,0.000474146346763,3,-0.00012088856925521779,0.00047414634676308217
77,teddy bear,C:\Users\maxbe\Downloads\coco\train2017\000000573584.jpg,21,rbf,kernel_herding,direct,False,0.913430390237199,0.0004577885750551,0.0001,0.9002201674814629,0.914596086201859,0.0004735075340546,-0.1571895899945453,-11.656959646600065,0.854542030838763,0.854542030838763,77,teddy bear,0.854542030838763,71,sink,cup|potted plant|sink,False,0.0004577885750551,3,-1.5718958999454532e-05,0.00045778857505514547
77,teddy bear,C:\Users\maxbe\Downloads\coco\train2017\000000029747.jpg,22,rbf,kernel_herding,direct,False,0.9138788038790592,0.0004484136418601,0.0001,0.9002201674814629,0.9150498575865648,0.0004537713847057,-0.0535774284559934,-11.710537075056056,0.9478325489507176,0.9478325489507176,77,teddy bear,0.9478325489507176,57,couch,dog|couch,False,0.0004484136418601,3,-5.35774284559934e-06,0.0004484136418601007
77,teddy bear,C:\Users\maxbe\Downloads\coco\train2017\000000181649.jpg,23,rbf,kernel_herding,direct,False,0.9143147337765934,0.0004359298975343,0.0001,0.9002201674814629,0.9155249819709256,0.0004751243843608,-0.3919448682645751,-12.102481943320631,0.6757413677269855,0.6757413677269855,77,teddy bear,0.6757413677269855,57,couch,dog|couch|teddy bear,True,0.0004359298975343,3,-3.919448682645751e-05,0.0004359298975343425
77,teddy bear,C:\Users\maxbe\Downloads\coco\train2017\000000106438.jpg,24,rbf,kernel_herding,direct,False,0.9147377479067732,0.0004230141301798,0.0001,0.9002201674814629,0.9159758104950384,0.0004508285241128,-0.2781439393293906,-12.380625882650024,0.7571878245613595,0.7571878245613595,77,teddy bear,0.7571878245613595,67,cell phone,person|cell phone,False,0.0004230141301798,3,-2.781439393293906e-05,0.0004230141301798609
77,teddy bear,C:\Users\maxbe\Downloads\coco\train2017\000000245265.jpg,25,rbf,kernel_herding,direct,False,0.915151914930708,0.0004141670239345,0.0001,0.9002201674814629,0.916469135010202,0.0004933245151635,-0.7915749122893099,-13.172200794939332,0.4531305920871429,0.4531305920871429,77,teddy bear,0.4531305920871429,2,car,person|car|traffic light|handbag|tie,False,0.0004141670239345,3,-7.915749122893099e-05,0.00041416702393456907
77,teddy bear,C:\Users\maxbe\Downloads\coco\train2017\000000216528.jpg,26,rbf,kernel_herding,direct,False,0.9155525615452428,0.0004006466145347,0.0001,0.9002201674814629,0.9169846573421576,0.0005155223319557,-1.148757174210553,-14.320957969149886,0.3170305383633646,0.3170305383633646,77,teddy bear,0.3170305383633646,17,horse,person|dog|horse,False,0.0004006466145346,3,-0.00011487571742105529,0.00040064661453464474
77,teddy bear,C:\Users\maxbe\Downloads\coco\train2017\000000153154.jpg,27,rbf,kernel_herding,direct,False,0.9159427003466718,0.0003901388014291,0.0001,0.9002201674814629,0.9173919253320028,0.0004072679898452,-0.171291884161192,-14.492249853311078,0.8425756031017864,0.8425756031017864,77,teddy bear,0.8425756031017864,62,tv,cat|potted plant|tv,False,0.000390138801429,3,-1.7129188416119202e-05,0.0003901388014290808
77,teddy bear,C:\Users\maxbe\Downloads\coco\train2017\000000318491.jpg,28,rbf,kernel_herding,direct,False,0.916323188782479,0.0003804884358071,0.0001,0.9002201674814629,0.917892737247224,0.0005008119152211,-1.2032347941385069,-15.695484647449584,0.3002214847741862,0.3002214847741862,77,teddy bear,0.3002214847741862,4,airplane,airplane,False,0.0003804884358072,3,-0.00012032347941385069,0.00038048843580724924
77,teddy bear,C:\Users\maxbe\Downloads\coco\train2017\000000024149.jpg,29,rbf,kernel_herding,direct,False,0.9166938983969004,0.0003707096144215,0.0001,0.9002201674814629,0.9182754934706396,0.0003827562234156,-0.1204660899410947,-15.81595073739068,0.8865071483443107,0.8865071483443107,77,teddy bear,0.8865071483443107,63,laptop,wine glass|chair|dining table|laptop|cell phone,False,0.0003707096144214,3,-1.204660899410947e-05,0.0003707096144214905
77,teddy bear,C:\Users\maxbe\Downloads\coco\train2017\000000201190.jpg,30,rbf,kernel_herding,direct,False,0.9170568888147717,0.000362990417871,0.0001,0.9002201674814629,0.9186661879078224,0.0003906944371827,-0.2770401931179899,-16.09299093050867,0.7580240291479685,0.7580240291479685,77,teddy bear,0.7580240291479685,16,dog,person|bench|dog,False,0.0003629904178709,3,-2.770401931179899e-05,0.000362990417870901
77,teddy bear,C:\Users\maxbe\Downloads\coco\train2017\000000113806.jpg,31,rbf,kernel_herding,direct,False,0.9174095528076648,0.0003526639928931,0.0001,0.9002201674814629,0.9191225842412134,0.000456396333391,-1.037323404978417,-17.130314335487085,0.3544020042333455,0.3544020042333455,77,teddy bear,0.3544020042333455,6,train,train,False,0.0003526639928931,3,-0.0001037323404978417,0.0003526639928931583
77,teddy bear,C:\Users\maxbe\Downloads\coco\train2017\000000330164.jpg,32,rbf,kernel_herding,direct,False,0.9177530533040148,0.0003435004963502,0.0001,0.9002201674814629,0.9195264073756012,0.0004038231343876,-0.6032263803750089,-17.733540715862095,0.5470438143669338,0.5470438143669338,77,teddy bear,0.5470438143669338,0,person,person|dog|sink|vase,False,0.00034350049635,3,-6.032263803750089e-05,0.0003435004963500991
77,teddy bear,C:\Users\maxbe\Downloads\coco\train2017\000000568237.jpg,33,rbf,kernel_herding,direct,False,0.91808786157926,0.0003348082752451,0.0001,0.9002201674814629,0.9199608783503664,0.0004344709747653,-0.9966269952021708,-18.730167711064265,0.3691223953573136,0.3691223953573136,77,teddy bear,0.3691223953573136,23,giraffe,giraffe,False,0.000334808275245,3,-9.966269952021708e-05,0.00033480827524508293
77,teddy bear,C:\Users\maxbe\Downloads\coco\train2017\000000557329.jpg,34,rbf,kernel_herding,direct,False,0.9184119398438122,0.0003240782645521,0.0001,0.9002201674814629,0.9203575342357644,0.0003966558853978,-0.7257762084567722,-19.45594391952104,0.4839487779930457,0.4839487779930457,77,teddy bear,0.4839487779930457,14,bird,bird,False,0.0003240782645521,3,-7.257762084567722e-05,0.00032407826455212277
77,teddy bear,C:\Users\maxbe\Downloads\coco\train2017\000000323056.jpg,35,rbf,kernel_herding,direct,False,0.9187291567069402,0.000317216863128,0.0001,0.9002201674814629,0.920734284981686,0.0003767507459218,-0.5953388279380396,-20.05128274745908,0.5513757127172583,0.5513757127172583,77,teddy bear,0.5513757127172583,14,bird,bird|teddy bear,True,0.0003172168631279,3,-5.953388279380396e-05,0.00031721686312799604
77,teddy bear,C:\Users\maxbe\Downloads\coco\train2017\000000233932.jpg,36,rbf,kernel_herding,direct,False,0.919039121584541,0.0003099648776008,0.0001,0.9002201674814629,0.9210492073916788,0.0003149224099927,-0.0495753239186755,-20.10085807137775,0.9516334746733012,0.9516334746733012,77,teddy bear,0.9516334746733012,16,dog,dog|bowl,False,0.0003099648776008,3,-4.9575323918675505e-06,0.0003099648776008324
77,teddy bear,C:\Users\maxbe\Downloads\coco\train2017\000000367699.jpg,37,rbf,kernel_herding,direct,False,0.91934370894483,0.0003045873602888,0.0001,0.9002201674814629,0.9213607050780426,0.0003114976863637,-0.0691032607495916,-20.169961332127343,0.9332303090403616,0.9332303090403616,77,teddy bear,0.9332303090403616,16,dog,bird|dog,False,0.0003045873602887,3,-6.91032607495916e-06,0.0003045873602887409
77,teddy bear,C:\Users\maxbe\Downloads\coco\train2017\000000135690.jpg,38,rbf,kernel_herding,direct,False,0.9196404948240484,0.0002967858792185,0.0001,0.9002201674814629,0.9217688271259864,0.0004081220479438,-1.1133616872523389,-21.283323019379683,0.3284529469941486,0.3284529469941486,77,teddy bear,0.3284529469941486,3,motorcycle,person|motorcycle,False,0.0002967858792185,3,-0.00011133616872523389,0.0002967858792185661
77,teddy bear,C:\Users\maxbe\Downloads\coco\train2017\000000522909.jpg,39,rbf,kernel_herding,direct,False,0.9199288352794166,0.0002883404553681,0.0001,0.9002201674814629,0.9221241843691862,0.0003553572431997,-0.6701678783163912,-21.953490897696074,0.5116226802213917,0.5116226802213917,77,teddy bear,0.5116226802213917,15,cat,cat|suitcase,False,0.000288340455368,3,-6.701678783163913e-05,0.00028834045536806085
77,teddy bear,C:\Users\maxbe\Downloads\coco\train2017\000000557402.jpg,40,rbf,kernel_herding,direct,False,0.9202101675568424,0.0002813322774257,0.0001,0.9002201674814629,0.9225422547711004,0.0004180704019141,-1.3673812448833436,-23.32087214257941,0.254773275530704,0.254773275530704,77,teddy bear,0.254773275530704,75,vase,vase,False,0.0002813322774257,3,-0.00013673812448833437,0.00028133227742576565
77,teddy bear,C:\Users\maxbe\Downloads\coco\train2017\000000081811.jpg,41,rbf,kernel_herding,direct,False,0.920483388220721,0.0002732206638785,0.0001,0.9002201674814629,0.9228595444328198,0.0003172896617195,-0.440689978409234,-23.761562120988653,0.6435922031248567,0.6435922031248567,77,teddy bear,0.6435922031248567,33,kite,person|backpack|kite,False,0.0002732206638785,3,-4.4068997840923407e-05,0.0002732206638785766
77,teddy bear,C:\Users\maxbe\Downloads\coco\train2017\000000525087.jpg,42,rbf,kernel_herding,direct,False,0.9207496118430832,0.0002662236223621,0.0001,0.9002201674814629,0.923205631287987,0.0003460868551672,-0.798632328050719,-24.56019444903937,0.4499439191689746,0.4499439191689746,77,teddy bear,0.4499439191689746,17,horse,person|horse|handbag|tie|potted plant,False,0.0002662236223621,3,-7.986323280507191e-05,0.0002662236223621281
77,teddy bear,C:\Users\maxbe\Downloads\coco\train2017\000000548562.jpg,43,rbf,kernel_herding,direct,False,0.9210083020488412,0.0002586902057579,0.0001,0.9002201674814629,0.923584263035198,0.0003786317472109,-1.1994154145302596,-25.75960986356964,0.3013703371461668,0.3013703371461668,77,teddy bear,0.3013703371461668,14,bird,bird,False,0.0002586902057578,3,-0.00011994154145302597,0.00025869020575787407
77,teddy bear,C:\Users\maxbe\Downloads\coco\train2017\000000426205.jpg,44,rbf,kernel_herding,direct,False,0.9212607733401416,0.0002524712913004,0.0001,0.9002201674814629,0.9238435183936748,0.0002592553584768,-0.0678406717630806,-25.827450535332712,0.9344093395092504,0.9344093395092504,77,teddy bear,0.9344093395092504,62,tv,tv|laptop|mouse|keyboard|cell phone|teddy bear,True,0.0002524712913004,3,-6.78406717630806e-06,0.00025247129130049196
77,teddy bear,C:\Users\maxbe\Downloads\coco\train2017\000000231630.jpg,45,rbf,kernel_herding,direct,False,0.9215071119939948,0.0002463386538531,0.0001,0.9002201674814629,0.9242014491618818,0.000357930768207,-1.115921143539031,-26.943371678871745,0.32761336093432,0.32761336093432,77,teddy bear,0.32761336093432,21,bear,person|bear,False,0.000246338653853,3,-0.00011159211435390311,0.00024633865385309685
77,teddy bear,C:\Users\maxbe\Downloads\coco\train2017\000000356923.jpg,46,rbf,kernel_herding,direct,False,0.9217443432600868,0.0002372312660922,0.0001,0.9002201674814629,0.9245000162412708,0.0002985670793889,-0.6133581329669319,-27.556729811838675,0.5415292848802574,0.5415292848802574,77,teddy bear,0.5415292848802574,8,boat,car|boat,False,0.0002372312660922,3,-6.133581329669318e-05,0.0002372312660922068
77,teddy bear,C:\Users\maxbe\Downloads\coco\train2017\000000549580.jpg,47,rbf,kernel_herding,direct,False,0.9219765207004348,0.0002321774403479,0.0001,0.9002201674814629,0.9248052639591476,0.0003052477178768,-0.7307027752892381,-28.28743258712792,0.4815704353371964,0.4815704353371964,77,teddy bear,0.4815704353371964,15,cat,cat|sandwich|cake|bed,False,0.0002321774403478,3,-7.307027752892381e-05,0.00023217744034787621
77,teddy bear,C:\Users\maxbe\Downloads\coco\train2017\000000298784.jpg,48,rbf,kernel_herding,direct,False,0.9222022745095422,0.0002257538091072,0.0001,0.9002201674814629,0.9250473049623268,0.0002420410031792,-0.1628719407192902,-28.450304527847205,0.8496999934166726,0.8496999934166726,77,teddy bear,0.8496999934166726,8,boat,person|bicycle|boat|backpack|handbag,False,0.0002257538091072,3,-1.628719407192902e-05,0.000225753809107271
77,teddy bear,C:\Users\maxbe\Downloads\coco\train2017\000000485613.jpg,49,rbf,kernel_herding,direct,False,0.922422595626515,0.0002203211169727,0.0001,0.9002201674814629,0.9253608610169716,0.0003135560546447,-0.9323493767204244,-29.38265390456763,0.3936278430998688,0.3936278430998688,77,teddy bear,0.3936278430998688,15,cat,person|cat|bottle,False,0.0002203211169726,3,-9.323493767204244e-05,0.00022032111697265757
77,teddy bear,C:\Users\maxbe\Downloads\coco\train2017\000000074103.jpg,50,rbf,kernel_herding,direct,False,0.9226370446128048,0.0002144489862898,0.0001,0.9002201674814629,0.9256275996326576,0.0002667386156859,-0.5228962939597961,-29.905550198527425,0.5928011328648695,0.5928011328648695,77,teddy bear,0.5928011328648695,0,person,person|snowboard,False,0.0002144489862899,3,-5.228962939597961e-05,0.00021444898628992037
77,teddy bear,C:\Users\maxbe\Downloads\coco\train2017\000000207074.jpg,51,rbf,kernel_herding,direct,False,0.922845923479836,0.0002088788670311,0.0001,0.9002201674814629,0.925949884556854,0.0003222849241963,-1.1340605716525218,-31.039610770179948,0.3217242162617319,0.3217242162617319,77,teddy bear,0.3217242162617319,9,traffic light,person|bicycle|car|traffic light|backpack|tie,False,0.000208878867031,3,-0.00011340605716525219,0.0002088788670310478
77,teddy bear,C:\Users\maxbe\Downloads\coco\train2017\000000080404.jpg,52,rbf,kernel_herding,direct,False,0.9230497376232998,0.0002038141434638,0.0001,0.9002201674814629,0.926177573046617,0.0002276884897629,-0.2387434629922328,-31.27835423317218,0.7876169093420724,0.7876169093420724,77,teddy bear,0.7876169093420724,14,bird,person|bird,False,0.0002038141434636,3,-2.387434629922328e-05,0.00020381414346367673
77,teddy bear,C:\Users\maxbe\Downloads\coco\train2017\000000208976.jpg,53,rbf,kernel_herding,direct,False,0.9232479919778778,0.0001982543545779,0.0001,0.9002201674814629,0.9264589596269028,0.0002813865802858,-0.8313222570780429,-32.10967649025022,0.4354730980837575,0.4354730980837575,77,teddy bear,0.4354730980837575,58,potted plant,chair|potted plant|dining table|vase,False,0.0001982543545779,3,-8.313222570780428e-05,0.0001982543545779957
77,teddy bear,C:\Users\maxbe\Downloads\coco\train2017\000000196065.jpg,54,rbf,kernel_herding,direct,False,0.9234399111478367,0.0001919191699589,0.0001,0.9002201674814629,0.9266769358711994,0.0002179762442965,-0.2605707433764797,-32.3702472336267,0.7706116387774127,0.7706116387774127,77,teddy bear,0.7706116387774127,16,dog,dog|frisbee,False,0.0001919191699588,3,-2.6057074337647967e-05,0.00019191916995885204
77,teddy bear,C:\Users\maxbe\Downloads\coco\train2017\000000374375.jpg,55,rbf,kernel_herding,direct,False,0.9236230904372068,0.0001831792893699,0.0001,0.9002201674814629,0.9268660711284072,0.0001891352572078,-0.0595596783785509,-32.42980691200525,0.942179304179229,0.942179304179229,77,teddy bear,0.942179304179229,28,suitcase,dog|suitcase,False,0.0001831792893699,3,-5.95596783785509e-06,0.00018317928936994492
77,teddy bear,C:\Users\maxbe\Downloads\coco\train2017\000000022907.jpg,56,rbf,kernel_herding,direct,False,0.9238013327236068,0.0001782422864001,0.0001,0.9002201674814629,0.927167353027585,0.0003012818991777,-1.2303961277758169,-33.66020303978107,0.2921768154010157,0.2921768154010157,77,teddy bear,0.2921768154010157,15,cat,bird|cat,False,0.0001782422864001,3,-0.0001230396127775817,0.0001782422864001183
77,teddy bear,C:\Users\maxbe\Downloads\coco\train2017\000000268745.jpg,57,rbf,kernel_herding,direct,False,0.923974814396484,0.0001734816728772,0.0001,0.9002201674814629,0.9274516374191436,0.0002842843915585,-1.1080271868136429,-34.76823022659471,0.3302097610806219,0.3302097610806219,77,teddy bear,0.3302097610806219,6,train,person|train|handbag|book,False,0.0001734816728771,3,-0.0001108027186813643,0.00017348167287713573
77,teddy bear,C:\Users\maxbe\Downloads\coco\train2017\000000389054.jpg,58,rbf,kernel_herding,direct,False,0.9241442680709906,0.0001694536745064,0.0001,0.9002201674814629,0.927640176389158,0.0001885389700142,-0.1908529550776265,-34.959083181672334,0.8262540756843324,0.8262540756843324,77,teddy bear,0.8262540756843324,17,horse,person|car|truck|horse,False,0.0001694536745064,3,-1.9085295507762653e-05,0.00016945367450643732
77,teddy bear,C:\Users\maxbe\Downloads\coco\train2017\000000079528.jpg,59,rbf,kernel_herding,direct,False,0.9243095195711504,0.0001652515001596,0.0001,0.9002201674814629,0.927873455346355,0.0002332789571971,-0.6802745703756485,-35.639357752047985,0.5064779094415849,0.5064779094415849,77,teddy bear,0.5064779094415849,74,clock,clock,False,0.0001652515001595,3,-6.802745703756486e-05,0.00016525150015953515
77,teddy bear,C:\Users\maxbe\Downloads\coco\train2017\000000354661.jpg,60,rbf,kernel_herding,direct,False,0.924470077031522,0.0001605574603718,0.0001,0.9002201674814629,0.92804551719795,0.000172061851595,-0.115043912231727,-35.75440166427971,0.8913270028885575,0.8913270028885575,77,teddy bear,0.8913270028885575,28,suitcase,suitcase|bottle,False,0.0001605574603718,3,-1.15043912231727e-05,0.0001605574603718273
77,teddy bear,C:\Users\maxbe\Downloads\coco\train2017\000000484341.jpg,61,rbf,kernel_herding,direct,False,0.9246273427497428,0.0001572657182208,0.0001,0.9002201674814629,0.9282437189662144,0.0001982017682644,-0.4093605004363447,-36.16376216471605,0.6640747899127342,0.6640747899127342,77,teddy bear,0.6640747899127342,19,cow,car|truck|cow,False,0.0001572657182207,3,-4.0936050043634475e-05,0.00015726571822076551
77,teddy bear,C:\Users\maxbe\Downloads\coco\train2017\000000170393.jpg,62,rbf,kernel_herding,direct,False,0.9247806092798306,0.0001532665300877,0.0001,0.9002201674814629,0.9284332871298396,0.0001895681636251,-0.3630163353736915,-36.52677850008975,0.6955750709265753,0.6955750709265753,77,teddy bear,0.6955750709265753,2,car,person|car|parking meter,False,0.0001532665300877,3,-3.630163353736915e-05,0.00015326653008773086
77,teddy bear,C:\Users\maxbe\Downloads\coco\train2017\000000230741.jpg,63,rbf,kernel_herding,direct,False,0.9249298631140512,0.0001492538342207,0.0001,0.9002201674814629,0.9285980463529684,0.0001647592231287,-0.1550538890802041,-36.68183238916996,0.8563690272999327,0.8563690272999327,77,teddy bear,0.8563690272999327,7,truck,person|truck|backpack,False,0.0001492538342206,3,-1.550538890802041e-05,0.00014925383422067958
77,teddy bear,C:\Users\maxbe\Downloads\coco\train2017\000000512206.jpg,64,rbf,kernel_herding,direct,False,0.9250746400034752,0.0001447768894238,0.0001,0.9002201674814629,0.928778059137525,0.0001800127845565,-0.3523589513282283,-37.03419134049818,0.7030277239434554,0.7030277239434554,77,teddy bear,0.7030277239434554,45,bowl,bowl|orange,False,0.0001447768894236,3,-3.5235895132822836e-05,0.00014477688942367715
77,teddy bear,C:\Users\maxbe\Downloads\coco\train2017\000000418479.jpg,65,rbf,kernel_herding,direct,False,0.9252155375416536,0.0001408975381783,0.0001,0.9002201674814629,0.929011110713233,0.0002330515757079,-0.921540375295544,-37.955731715793725,0.3979056447493901,0.3979056447493901,77,teddy bear,0.3979056447493901,14,bird,bird,False,0.0001408975381783,3,-9.21540375295544e-05,0.0001408975381783456
77,teddy bear,C:\Users\maxbe\Downloads\coco\train2017\000000208135.jpg,66,rbf,kernel_herding,direct,False,0.9253516467752422,0.0001361092335886,0.0001,0.9002201674814629,0.9292000534324664,0.0001889427192335,-0.5283348564498268,-38.48406657224355,0.5895858979127253,0.5895858979127253,77,teddy bear,0.5895858979127253,0,person,person|skis,False,0.0001361092335885,3,-5.2833485644982684e-05,0.00013610923358851732
77,teddy bear,C:\Users\maxbe\Downloads\coco\train2017\000000187866.jpg,67,rbf,kernel_herding,direct,False,0.9254847543708252,0.000133107595583,0.0001,0.9002201674814629,0.9293425810061064,0.0001425275736398,-0.0941997805679126,-38.57826635281146,0.9101009235970838,0.9101009235970838,77,teddy bear,0.9101009235970838,0,person,person|bird|backpack|book,False,0.000133107595583,3,-9.419978056791261e-06,0.00013310759558300876
77,teddy bear,C:\Users\maxbe\Downloads\coco\train2017\000000453369.jpg,68,rbf,kernel_herding,direct,False,0.9256156124076734,0.0001308580368482,0.0001,0.9002201674814629,0.9294770096414132,0.0001344286353067,-0.0357059845850153,-38.61397233739648,0.964923954296605,0.964923954296605,77,teddy bear,0.964923954296605,15,cat,person|cat|tie,False,0.0001308580368481,3,-3.5705984585015306e-06,0.00013085803684819848
77,teddy bear,C:\Users\maxbe\Downloads\coco\train2017\000000109851.jpg,69,rbf,kernel_herding,direct,False,0.9257391114192124,0.0001234990115388,0.0001,0.9002201674814629,0.9296455775194852,0.000168567878072,-0.4506886653321312,-39.064661002728606,0.6371891903840019,0.6371891903840019,77,teddy bear,0.6371891903840019,0,person,person|tv,False,0.0001234990115387,3,-4.506886653321312e-05,0.00012349901153878688
77,teddy bear,C:\Users\maxbe\Downloads\coco\train2017\000000177619.jpg,70,rbf,kernel_herding,direct,False,0.9258594129415876,0.0001203015223752,0.0001,0.9002201674814629,0.9297793020818136,0.0001337245623284,-0.1342303995317913,-39.1988914022604,0.8743885826725025,0.8743885826725025,77,teddy bear,0.8743885826725025,67,cell phone,cell phone,False,0.0001203015223752,3,-1.3423039953179132e-05,0.00012030152237522088
77,teddy bear,C:\Users\maxbe\Downloads\coco\train2017\000000386564.jpg,71,rbf,kernel_herding,direct,False,0.925976304235657,0.0001168912940694,0.0001,0.9002201674814629,0.929917390933274,0.0001380888514602,-0.211975573907564,-39.410866976167966,0.80898445765331,0.80898445765331,77,teddy bear,0.80898445765331,3,motorcycle,person|motorcycle,False,0.0001168912940694,3,-2.11975573907564e-05,0.0001168912940694436
77,teddy bear,C:\Users\maxbe\Downloads\coco\train2017\000000407037.jpg,72,rbf,kernel_herding,direct,False,0.9260904084123164,0.0001141041766594,0.0001,0.9002201674814629,0.930060850154675,0.0001434592214011,-0.2935504474174878,-39.704417423585454,0.7456116077342559,0.7456116077342559,77,teddy bear,0.7456116077342559,73,book,chair|tv|book,False,0.0001141041766593,3,-2.9355044741748784e-05,0.00011410417665935123
77,teddy bear,C:\Users\maxbe\Downloads\coco\train2017\000000392715.jpg,73,rbf,kernel_herding,direct,False,0.9262000480292076,0.0001096396168911,0.0001,0.9002201674814629,0.9301897644350472,0.000128914280372,-0.1927466348092985,-39.89716405839475,0.8246908956363159,0.8246908956363159,77,teddy bear,0.8246908956363159,16,dog,dog|chair|couch|potted plant|teddy bear,True,0.000109639616891,3,-1.927466348092985e-05,0.00010963961689107015
77,teddy bear,C:\Users\maxbe\Downloads\coco\train2017\000000454406.jpg,74,rbf,kernel_herding,direct,False,0.9263071465772812,0.0001070985480734,0.0001,0.9002201674814629,0.9303256893809264,0.0001359249458792,-0.2882639780573956,-40.185428036452144,0.7495636977504626,0.7495636977504626,77,teddy bear,0.7495636977504626,51,carrot,person|broccoli|carrot,False,0.0001070985480734,3,-2.8826397805739563e-05,0.00010709854807346043
77,teddy bear,C:\Users\maxbe\Downloads\coco\train2017\000000016759.jpg,75,rbf,kernel_herding,direct,False,0.9264121224481748,0.0001049758708937,0.0001,0.9002201674814629,0.930539995455592,0.0002143060746655,-1.0933020377182945,-41.27873007417044,0.3351081251065481,0.3351081251065481,77,teddy bear,0.3351081251065481,16,dog,cat|dog,False,0.0001049758708936,3,-0.00010933020377182946,0.00010497587089367055
77,teddy bear,C:\Users\maxbe\Downloads\coco\train2017\000000575079.jpg,76,rbf,kernel_herding,direct,False,0.92651474559738,0.000102623149205,0.0001,0.9002201674814629,0.930670286089464,0.000130290633872,-0.276674846670071,-41.55540492084051,0.7583010211303927,0.7583010211303927,77,teddy bear,0.7583010211303927,59,bed,bed,False,0.0001026231492049,3,-2.7667484667007097e-05,0.00010262314920499291
77,teddy bear,C:\Users\maxbe\Downloads\coco\train2017\000000270148.jpg,77,rbf,kernel_herding,direct,False,0.926612939329268,9.819373188801885e-05,0.0001,0.9002201674814629,0.9307737476004724,0.0001034615110083,-0.0526777912025121,-41.60808271204302,0.948685638099669,0.948685638099669,77,teddy bear,0.948685638099669,15,cat,cat|teddy bear,True,9.819373188804878e-05,3,-5.26777912025121e-06,9.819373188804878e-05
77,teddy bear,C:\Users\maxbe\Downloads\coco\train2017\000000101011.jpg,78,rbf,kernel_herding,direct,False,0.9267096691122342,9.6729782966265e-05,0.0001,0.9002201674814629,0.9309112584195104,0.0001375108190381,-0.4078103607191521,-42.015893072762175,0.6651049968958533,0.6651049968958533,77,teddy bear,0.6651049968958533,-1,unlabeled,,False,9.67297829661848e-05,3,-4.078103607191521e-05,9.67297829661848e-05
77,teddy bear,C:\Users\maxbe\Downloads\coco\train2017\000000268897.jpg,79,rbf,kernel_herding,direct,False,0.9268036762545132,9.400714227913998e-05,0.0001,0.9002201674814629,0.931100057029566,0.0001887986100556,-0.9479146777644352,-42.96380775052661,0.3875483445789054,0.3875483445789054,77,teddy bear,0.3875483445789054,23,giraffe,person|giraffe,False,9.400714227915648e-05,3,-9.479146777644352e-05,9.400714227915648e-05
77,teddy bear,C:\Users\maxbe\Downloads\coco\train2017\000000469457.jpg,80,rbf,kernel_herding,direct,False,0.9268922765287032,8.860027418977623e-05,0.0001,0.9002201674814629,0.9312505010208731,0.0001504439913071,-0.6184371711740432,-43.58224492170066,0.5387858099567521,0.5387858099567521,77,teddy bear,0.5387858099567521,7,truck,truck,False,8.860027418969567e-05,3,-6.184371711740431e-05,8.860027418969567e-05
77,teddy bear,C:\Users\maxbe\Downloads\coco\train2017\000000449963.jpg,81,rbf,kernel_herding,direct,False,0.9269783549579989,8.607842929564402e-05,0.0001,0.9002201674814629,0.9314014201323472,0.0001509191114741,-0.6484068217849901,-44.230651743485645,0.522878151603461,0.522878151603461,77,teddy bear,0.522878151603461,60,dining table,chair|dining table|tv|laptop|mouse|keyboard,False,8.607842929560099e-05,3,-6.484068217849902e-05,8.607842929560099e-05
77,teddy bear,C:\Users\maxbe\Downloads\coco\train2017\000000268065.jpg,82,rbf,kernel_herding,direct,False,0.9270603961929312,8.204123493260607e-05,0.0001,0.9002201674814629,0.9315130079285155,0.0001115877961682,-0.2954656123565239,-44.52611735584217,0.7441850050507516,0.7441850050507516,77,teddy bear,0.7441850050507516,3,motorcycle,person|motorcycle,False,8.20412349325476e-05,3,-2.9546561235652392e-05,8.20412349325476e-05
77,teddy bear,C:\Users\maxbe\Downloads\coco\train2017\000000581704.jpg,83,rbf,kernel_herding,direct,False,0.9271394239172246,7.902772429324578e-05,0.0001,0.9002201674814629,0.931668952421902,0.0001559444933864,-0.7691676909317955,-45.29528504677396,0.463398598703646,0.463398598703646,77,teddy bear,0.463398598703646,28,suitcase,dog|suitcase,False,7.902772429322044e-05,3,-7.691676909317956e-05,7.902772429322044e-05
77,teddy bear,C:\Users\maxbe\Downloads\coco\train2017\000000150827.jpg,84,rbf,kernel_herding,direct,False,0.9272157586715988,7.633475437418547e-05,0.0001,0.9002201674814629,0.9318328691722764,0.0001639167503745,-0.8758199600033443,-46.17110500677731,0.4165203495915042,0.4165203495915042,77,teddy bear,0.4165203495915042,49,orange,orange,False,7.633475437416558e-05,3,-8.758199600033443e-05,7.633475437416558e-05
77,teddy bear,C:\Users\maxbe\Downloads\coco\train2017\000000046306.jpg,85,rbf,kernel_herding,direct,False,0.9272898883642224,7.412969262354796e-05,0.0001,0.9002201674814629,0.931912511410972,7.964223869560971e-05,-0.0551254607200212,-46.22623046749733,0.9463664086930444,0.9463664086930444,77,teddy bear,0.9463664086930444,2,car,person|car|bed|book,False,7.412969262360759e-05,3,-5.51254607200212e-06,7.412969262360759e-05
77,teddy bear,C:\Users\maxbe\Downloads\coco\train2017\000000388507.jpg,86,rbf,kernel_herding,direct,False,0.92736210707222,7.221870799756225e-05,0.0001,0.9002201674814629,0.9320814803816776,0.0001689689707053,-0.9675026270783474,-47.19373309457568,0.3800309329476174,0.3800309329476174,77,teddy bear,0.3800309329476174,74,clock,clock,False,7.221870799746524e-05,3,-9.675026270783475e-05,7.221870799746524e-05
77,teddy bear,C:\Users\maxbe\Downloads\coco\train2017\000000126514.jpg,87,rbf,kernel_herding,direct,False,0.9274314859355915,6.937886337177179e-05,0.0001,0.9002201674814629,0.9321599382197496,7.845783807225448e-05,-0.0907897470053984,-47.28452284158107,0.9132096957880984,0.9132096957880984,77,teddy bear,0.9132096957880984,55,cake,cake|teddy bear,True,6.937886337171464e-05,3,-9.07897470053984e-06,6.937886337171464e-05
77,teddy bear,C:\Users\maxbe\Downloads\coco\train2017\000000518807.jpg,88,rbf,kernel_herding,direct,False,0.9274987016308924,6.721569530065974e-05,0.0001,0.9002201674814629,0.9323518232250222,0.0001918850052724,-1.2466930997171888,-48.53121594129826,0.2874538079306113,0.2874538079306113,77,teddy bear,0.2874538079306113,47,apple,bowl|banana|apple,False,6.721569530068112e-05,3,-0.0001246693099717189,6.721569530068112e-05
77,teddy bear,C:\Users\maxbe\Downloads\coco\train2017\000000454818.jpg,89,rbf,kernel_herding,direct,False,0.9275640013035522,6.52996726598909e-05,0.0001,0.9002201674814629,0.9324414867968526,8.966357183037843e-05,-0.243638991704828,-48.77485493300309,0.7837705308579326,0.7837705308579326,77,teddy bear,0.7837705308579326,2,car,car|dog,False,6.529967265989562e-05,3,-2.4363899170482802e-05,6.529967265989562e-05
77,teddy bear,C:\Users\maxbe\Downloads\coco\train2017\000000150088.jpg,90,rbf,kernel_herding,direct,False,0.927626921455452,6.292015189968136e-05,0.0001,0.9002201674814629,0.932591936438134,0.0001504496412815,-0.875294893818508,-49.6501498268216,0.4167391077686063,0.4167391077686063,77,teddy bear,0.4167391077686063,0,person,person|toilet|sink,False,6.292015189964919e-05,3,-8.752948938185081e-05,6.292015189964919e-05
77,teddy bear,C:\Users\maxbe\Downloads\coco\train2017\000000385317.jpg,91,rbf,kernel_herding,direct,False,0.9276875870313056,6.066557585382437e-05,0.0001,0.9002201674814629,0.932694818236272,0.0001028817981378,-0.4221622228416258,-50.072312049663225,0.6556276729809846,0.6556276729809846,77,teddy bear,0.6556276729809846,21,bear,bear,False,6.0665575853637415e-05,3,-4.2216222284162584e-05,6.0665575853637415e-05
77,teddy bear,C:\Users\maxbe\Downloads\coco\train2017\000000546597.jpg,92,rbf,kernel_herding,direct,False,0.9277463449269656,5.875789565978895e-05,0.0001,0.9002201674814629,0.9328866789520648,0.0001918607157926,-1.331028201328741,-51.40334025099197,0.2642054651818433,0.2642054651818433,77,teddy bear,0.2642054651818433,2,car,person|car|motorcycle|bus|traffic light,False,5.8757895659725904e-05,3,-0.0001331028201328741,5.8757895659725904e-05
77,teddy bear,C:\Users\maxbe\Downloads\coco\train2017\000000378049.jpg,93,rbf,kernel_herding,direct,False,0.9278014849513972,5.514002443163246e-05,0.0001,0.9002201674814629,0.9330271964221144,0.0001405174700496,-0.8537744561798131,-52.25711470717178,0.4258047137771175,0.4258047137771175,77,teddy bear,0.4258047137771175,16,dog,dog|frisbee,False,5.514002443161868e-05,3,-8.537744561798131e-05,5.514002443161868e-05
77,teddy bear,C:\Users\maxbe\Downloads\coco\train2017\000000217407.jpg,94,rbf,kernel_herding,direct,False,0.927853970621366,5.24856699689602e-05,0.0001,0.9002201674814629,0.9331454712707788,0.0001182748486644,-0.6578917869543479,-52.915006494126125,0.5179421166132837,0.5179421166132837,77,teddy bear,0.5179421166132837,75,vase,vase,False,5.24856699689652e-05,3,-6.57891786954348e-05,5.24856699689652e-05
77,teddy bear,C:\Users\maxbe\Downloads\coco\train2017\000000023786.jpg,95,rbf,kernel_herding,direct,False,0.927904446692462,5.0476071095983954e-05,0.0001,0.9002201674814629,0.9333564370343228,0.0002109657635441,-1.604896924482344,-54.51990341860847,0.2009102627713146,0.2009102627713146,77,teddy bear,0.2009102627713146,0,person,person|tie,False,5.047607109586559e-05,3,-0.0001604896924482344,5.0476071095865586e-05
77,teddy bear,C:\Users\maxbe\Downloads\coco\train2017\000000388070.jpg,96,rbf,kernel_herding,direct,False,0.9279523876204993,4.79409280371712e-05,0.0001,0.9002201674814629,0.9334660456176546,0.0001096085833316,-0.6166765529450434,-55.13657997155352,0.5397352416233877,0.5397352416233877,77,teddy bear,0.5397352416233877,0,person,person|cell phone,False,4.794092803709565e-05,3,-6.166765529450435e-05,4.794092803709565e-05
77,teddy bear,C:\Users\maxbe\Downloads\coco\train2017\000000057381.jpg,97,rbf,kernel_herding,direct,False,0.9279990993205162,4.671170001691039e-05,0.0001,0.9002201674814629,0.9335389885840504,7.294296639570597e-05,-0.2623126637870064,-55.39889263534052,0.7692704630850175,0.7692704630850175,77,teddy bear,0.7692704630850175,3,motorcycle,car|motorcycle|truck|fire hydrant,False,4.671170001700532e-05,3,-2.6231266378700642e-05,4.671170001700532e-05
77,teddy bear,C:\Users\maxbe\Downloads\coco\train2017\000000311683.jpg,98,rbf,kernel_herding,direct,False,0.9280444223151832,4.5322994667085226e-05,0.0001,0.9002201674814629,0.9336271354180744,8.814683402402768e-05,-0.4282383935697912,-55.82713102891032,0.651656045667964,0.651656045667964,77,teddy bear,0.651656045667964,16,dog,person|dog|couch|tv,False,4.532299466704855e-05,3,-4.2823839356979123e-05,4.532299466704855e-05
77,teddy bear,C:\Users\maxbe\Downloads\coco\train2017\000000000514.jpg,99,rbf,kernel_herding,direct,False,0.9280871154913504,4.269317616700796e-05,0.0001,0.9002201674814629,0.9336959968331294,6.886141505513255e-05,-0.2616823888810728,-56.088813417791386,0.7697554677808655,0.7697554677808655,77,teddy bear,0.7697554677808655,59,bed,bed,False,4.269317616702527e-05,3,-2.616823888810728e-05,4.269317616702527e-05
77,teddy bear,C:\Users\maxbe\Downloads\coco\train2017\000000510172.jpg,100,rbf,kernel_herding,direct,False,0.9281271076203516,3.999212900129834e-05,0.0001,0.9002201674814629,0.933736783792844,4.0786959714544935e-05,-0.0079483071322395,-56.09676172492362,0.9920831971361016,0.9920831971361016,77,teddy bear,0.9920831971361016,77,teddy bear,bottle|teddy bear,True,3.999212900132098e-05,3,-7.948307132239501e-07,3.9992129001320984e-05
77,teddy bear,C:\Users\maxbe\Downloads\coco\train2017\000000500543.jpg,101,rbf,kernel_herding,direct,False,0.9281662582039112,3.915058355952184e-05,0.0001,0.9002201674814629,0.9338497677824508,0.0001129839896066,-0.7383340604726741,-56.8350957853963,0.4779094208988814,0.4779094208988814,77,teddy bear,0.4779094208988814,25,umbrella,person|umbrella,False,3.915058355933257e-05,3,-7.383340604726742e-05,3.915058355933257e-05
77,teddy bear,C:\Users\maxbe\Downloads\coco\train2017\000000057930.jpg,102,rbf,kernel_herding,direct,False,0.9282037008439236,3.744264001237507e-05,0.0001,0.9002201674814629,0.9339214765484516,7.170876600104403e-05,-0.3426612598860928,-57.17775704528239,0.7098786352060933,0.7098786352060933,77,teddy bear,0.7098786352060933,59,bed,cat|bed,False,3.744264001243475e-05,3,-3.426612598860928e-05,3.744264001243475e-05
77,teddy bear,C:\Users\maxbe\Downloads\coco\train2017\000000084638.jpg,103,rbf,kernel_herding,direct,False,0.9282392385928044,3.553774888098715e-05,0.0001,0.9002201674814629,0.933973961729272,5.248518082023868e-05,-0.1694743193927287,-57.34723136467512,0.8441084314181445,0.8441084314181445,77,teddy bear,0.8441084314181445,-1,unlabeled,,False,3.553774888096581e-05,3,-1.694743193927287e-05,3.553774888096581e-05
77,teddy bear,C:\Users\maxbe\Downloads\coco\train2017\000000560004.jpg,104,rbf,kernel_herding,direct,False,0.9282736919001136,3.445330730922347e-05,0.0001,0.9002201674814629,0.93406701363002,9.30519007481534e-05,-0.5859859343895684,-57.93321729906469,0.5565568626664235,0.5565568626664235,77,teddy bear,0.5565568626664235,77,teddy bear,bottle|teddy bear,True,3.4453307309196553e-05,3,-5.859859343895684e-05,3.4453307309196553e-05
77,teddy bear,C:\Users\maxbe\Downloads\coco\train2017\000000299468.jpg,105,rbf,kernel_herding,direct,False,0.9283067187874396,3.3026887325871e-05,0.0001,0.9002201674814629,0.9341596178563472,9.260422632717535e-05,-0.595773390013093,-58.52899068907778,0.5511361577979167,0.5511361577979167,77,teddy bear,0.5511361577979167,0,person,person|tie,False,3.302688732586605e-05,3,-5.9577339001309306e-05,3.302688732586605e-05
77,teddy bear,C:\Users\maxbe\Downloads\coco\train2017\000000413295.jpg,106,rbf,kernel_herding,direct,False,0.9283378036197132,3.108483227376446e-05,0.0001,0.9002201674814629,0.9342508428548246,9.12249984773572e-05,-0.601401662035649,-59.13039235111343,0.5480429265193582,0.5480429265193582,77,teddy bear,0.5480429265193582,0,person,person|banana,False,3.108483227379229e-05,3,-6.0140166203564905e-05,3.108483227379229e-05
77,teddy bear,C:\Users\maxbe\Downloads\coco\train2017\000000277888.jpg,107,rbf,kernel_herding,direct,False,0.9283677066629988,2.990304328553961e-05,0.0001,0.9002201674814629,0.9342885290261296,3.768617130506247e-05,-0.0778312801956225,-59.20822363130905,0.9251204995255732,0.9251204995255732,77,teddy bear,0.9251204995255732,59,bed,bed|teddy bear,True,2.9903043285500223e-05,3,-7.78312801956225e-06,2.9903043285500223e-05
77,teddy bear,C:\Users\maxbe\Downloads\coco\train2017\000000433021.jpg,108,rbf,kernel_herding,direct,False,0.9283957993463892,2.809268339043492e-05,0.0001,0.9002201674814629,0.9343744080626666,8.587903653689555e-05,-0.5778635314635227,-59.786087162772574,0.5610958505461263,0.5610958505461263,77,teddy bear,0.5610958505461263,11,stop sign,stop sign,False,2.809268339054328e-05,3,-5.778635314635227e-05,2.809268339054328e-05
77,teddy bear,C:\Users\maxbe\Downloads\coco\train2017\000000131612.jpg,109,rbf,kernel_herding,direct,False,0.9284228725950532,2.7073248663911365e-05,0.0001,0.9002201674814629,0.9344840088190304,0.0001096007563636,-0.8252750769982728,-60.61136223977085,0.4381144606762051,0.4381144606762051,77,teddy bear,0.4381144606762051,17,horse,person|horse,False,2.707324866377271e-05,3,-8.252750769982729e-05,2.707324866377271e-05
77,teddy bear,C:\Users\maxbe\Downloads\coco\train2017\000000493883.jpg,110,rbf,kernel_herding,direct,False,0.9284481571144622,2.5284519408974585e-05,0.0001,0.9002201674814629,0.9345514724551228,6.746363609244632e-05,-0.4217911668346575,-61.03315340660551,0.6558709927072105,0.6558709927072105,77,teddy bear,0.6558709927072105,10,fire hydrant,fire hydrant,False,2.528451940898057e-05,3,-4.217911668346575e-05,2.5284519408980572e-05
77,teddy bear,C:\Users\maxbe\Downloads\coco\train2017\000000200031.jpg,111,rbf,kernel_herding,direct,False,0.9284711344600348,2.297734557255016e-05,0.0001,0.9002201674814629,0.9345888251692804,3.7352714157723454e-05,-0.1437536858513332,-61.17690709245684,0.8661010547308565,0.8661010547308565,77,teddy bear,0.8661010547308565,15,cat,cat,False,2.2977345572590136e-05,3,-1.437536858513332e-05,2.2977345572590136e-05
77,teddy bear,C:\Users\maxbe\Downloads\coco\train2017\000000179470.jpg,112,rbf,kernel_herding,direct,False,0.9284929890753982,2.185461536352573e-05,0.0001,0.9002201674814629,0.9347334877878828,0.0001446626186023,-1.2280800323891814,-62.404987124846016,0.2928543090423423,0.2928543090423423,77,teddy bear,0.2928543090423423,14,bird,person|bird,False,2.1854615363381858e-05,3,-0.00012280800323891813,2.1854615363381858e-05
77,teddy bear,C:\Users\maxbe\Downloads\coco\train2017\000000058001.jpg,113,rbf,kernel_herding,direct,False,0.928513020318258,2.0031242859874787e-05,0.0001,0.9002201674814629,0.934758198754718,2.471096683520635e-05,-0.0467972397524295,-62.451784364598446,0.954280868199722,0.954280868199722,77,teddy bear,0.954280868199722,57,couch,dog|backpack|couch|remote,False,2.00312428599634e-05,3,-4.67972397524295e-06,2.00312428599634e-05
77,teddy bear,C:\Users\maxbe\Downloads\coco\train2017\000000348186.jpg,114,rbf,kernel_herding,direct,False,0.9285327162897752,1.969597151707525e-05,0.0001,0.9002201674814629,0.9347875701784244,2.9371423706403554e-05,-0.0967545218931941,-62.54853888649164,0.9077788186091522,0.9077788186091522,77,teddy bear,0.9077788186091522,77,teddy bear,car|truck|boat|teddy bear,True,1.9695971517084144e-05,3,-9.67545218931941e-06,1.9695971517084144e-05
77,teddy bear,C:\Users\maxbe\Downloads\coco\train2017\000000261948.jpg,115,rbf,kernel_herding,direct,False,0.9285510476000516,1.833131027650925e-05,0.0001,0.9002201674814629,0.9348233032372888,3.573305886428457e-05,-0.1740174858786371,-62.72255637237028,0.840282204456322,0.840282204456322,77,teddy bear,0.840282204456322,28,suitcase,suitcase,False,1.833131027642086e-05,3,-1.7401748587863713e-05,1.833131027642086e-05
77,teddy bear,C:\Users\maxbe\Downloads\coco\train2017\000000461018.jpg,116,rbf,kernel_herding,direct,False,0.928568089702356,1.70421023042433e-05,0.0001,0.9002201674814629,0.9348543341982762,3.103096098755476e-05,-0.1398885868323809,-62.86244495920266,0.8694550987484335,0.8694550987484335,77,teddy bear,0.8694550987484335,66,keyboard,person|tv|mouse|keyboard|book|clock,False,1.7042102304316674e-05,3,-1.3988858683238091e-05,1.7042102304316674e-05
77,teddy bear,C:\Users\maxbe\Downloads\coco\train2017\000000402668.jpg,117,rbf,kernel_herding,direct,False,0.928583644313142,1.5554610786061573e-05,0.0001,0.9002201674814629,0.9349491804421404,9.484624386413289e-05,-0.7929163307805195,-63.65536128998318,0.4525231618321555,0.4525231618321555,77,teddy bear,0.4525231618321555,50,broccoli,broccoli|carrot,False,1.555461078608094e-05,3,-7.929163307805195e-05,1.555461078608094e-05
77,teddy bear,C:\Users\maxbe\Downloads\coco\train2017\000000344271.jpg,118,rbf,kernel_herding,direct,False,0.9285973094994484,1.366518630641078e-05,0.0001,0.9002201674814629,0.9350376649549113,8.84845127708811e-05,-0.748193264645017,-64.4035545546282,0.4732207655272183,0.4732207655272183,77,teddy bear,0.4732207655272183,6,train,person|bicycle|train|suitcase|bottle|apple|chair|couch,False,1.3665186306379394e-05,3,-7.48193264645017e-05,1.3665186306379394e-05
77,teddy bear,C:\Users\maxbe\Downloads\coco\train2017\000000479378.jpg,119,rbf,kernel_herding,direct,False,0.928609730239038,1.242073958951373e-05,0.0001,0.9002201674814629,0.9350774922787172,3.98273238059188e-05,-0.2740658421639247,-64.67762039679212,0.7602820149988015,0.7602820149988015,77,teddy bear,0.7602820149988015,3,motorcycle,motorcycle,False,1.242073958952633e-05,3,-2.740658421639247e-05,1.242073958952633e-05
77,teddy bear,C:\Users\maxbe\Downloads\coco\train2017\000000160811.jpg,120,rbf,kernel_herding,direct,False,0.9286208665402992,1.113630126126086e-05,0.0001,0.9002201674814629,0.9351252639839402,4.777170522307639e-05,-0.3663540396186789,-65.0439744364108,0.6932573171995594,0.6932573171995594,77,teddy bear,0.6932573171995594,56,chair,chair|laptop|mouse,False,1.1136301261208494e-05,3,-3.6635403961867894e-05,1.1136301261208494e-05
13,bench,C:\Users\maxbe\Downloads\coco\train2017\000000299641.jpg,1,rbf,kernel_herding,direct,False,0.915778414083191,-0.0003660764108439,0.01,0.916144490385894,0.9160702778153552,-7.421267867968595e-05,-0.0291863732164229,-0.0291863732164229,0.9712354353246516,0.9712354353246516,13,bench,0.9712354353246516,8,boat,car|truck|boat,False,-0.0003660764108439,4,-0.000291863732164229,-0.00036607641084391494
13,bench,C:\Users\maxbe\Downloads\coco\train2017\000000065080.jpg,2,rbf,kernel_herding,direct,False,0.9153639967890128,-0.0004144172941781,0.01,0.916144490385894,0.915807655976813,-0.0002626218385423,-0.0151795455635874,-0.0443659187800104,0.984935083001054,0.984935083001054,13,bench,0.984935083001054,13,bench,bench,True,-0.0004144172941781,4,-0.000151795455635874,-0.000414417294178174
13,bench,C:\Users\maxbe\Downloads\coco\train2017\000000107941.jpg,3,rbf,kernel_herding,direct,False,0.9149375099117932,-0.0004264868772196,0.01,0.916144490385894,0.91593674003654,0.000129084059727,-0.0555570936946634,-0.0999230124746739,0.9459580138896309,0.9459580138896309,13,bench,0.9459580138896309,-1,unlabeled,,False,-0.0004264868772196,4,-0.000555570936946634,-0.000426486877219634
13,bench,C:\Users\maxbe\Downloads\coco\train2017\000000390154.jpg,4,rbf,kernel_herding,direct,False,0.9144721500729148,-0.0004653598388785,0.01,0.916144490385894,0.9158160608971574,-0.0001206791393826,-0.0344680699495954,-0.1343910824242694,0.9661191874273554,0.9661191874273554,13,bench,0.9661191874273554,13,bench,bench,True,-0.0004653598388785,4,-0.000344680699495954,-0.000465359838878554
13,bench,C:\Users\maxbe\Downloads\coco\train2017\000000516812.jpg,5,rbf,kernel_herding,direct,False,0.9139595040540416,-0.0005126460188732,0.01,0.916144490385894,0.91571961007127,-9.645082588738418e-05,-0.0416195192985806,-0.17601060172285,0.9592346814326324,0.9592346814326324,13,bench,0.9592346814326324,10,fire hydrant,fire hydrant|chair,False,-0.0005126460188731,4,-0.000416195192985806,-0.0005126460188731902
13,bench,C:\Users\maxbe\Downloads\coco\train2017\000000447476.jpg,6,rbf,kernel_herding,direct,False,0.9133921495992232,-0.0005673544548182,0.01,0.916144490385894,0.9157587712570396,3.91611857697427e-05,-0.0606515640588039,-0.236662165781654,0.9411511135242422,0.9411511135242422,13,bench,0.9411511135242422,58,potted plant,potted plant,False,-0.0005673544548182,4,-0.000606515640588039,-0.0005673544548182963
13,bench,C:\Users\maxbe\Downloads\coco\train2017\000000138200.jpg,7,rbf,kernel_herding,direct,False,0.9128023780078772,-0.000589771591346,0.01,0.916144490385894,0.9152930373865406,-0.0004657338704991,-0.0124037720846885,-0.2490659378663425,0.9876728376183698,0.9876728376183698,13,bench,0.9876728376183698,13,bench,person|bench|umbrella,True,-0.0005897715913459,4,-0.000124037720846885,-0.000589771591345985
13,bench,C:\Users\maxbe\Downloads\coco\train2017\000000152614.jpg,8,rbf,kernel_herding,direct,False,0.912208383658514,-0.0005939943493631,0.01,0.916144490385894,0.9152315435256204,-6.149386092002551e-05,-0.0532500488443089,-0.3023159867106514,0.9481429008011976,0.9481429008011976,13,bench,0.9481429008011976,0,person,person|cell phone,False,-0.0005939943493631,4,-0.000532500488443089,-0.0005939943493631145
13,bench,C:\Users\maxbe\Downloads\coco\train2017\000000273710.jpg,9,rbf,kernel_herding,direct,False,0.9115992526400613,-0.0006091310184527,0.01,0.916144490385894,0.9153021655590404,7.062203341989814e-05,-0.0679753051872665,-0.370291291897918,0.934283545248527,0.934283545248527,13,bench,0.934283545248527,14,bird,bird,False,-0.0006091310184527,4,-0.000679753051872665,-0.0006091310184527668
13,bench,C:\Users\maxbe\Downloads\coco\train2017\000000038726.jpg,10,rbf,kernel_herding,direct,False,0.9109791706289329,-0.0006200820111285,0.01,0.916144490385894,0.9151961356037794,-0.0001060299552609,-0.051405205586752,-0.42169649748467,0.949893690308492,0.949893690308492,13,bench,0.949893690308492,0,person,person|bench,True,-0.0006200820111284,4,-0.00051405205586752,-0.00062008201112842
13,bench,C:\Users\maxbe\Downloads\coco\train2017\000000323019.jpg,11,rbf,kernel_herding,direct,False,0.9103534150428272,-0.0006257555861054,0.01,0.916144490385894,0.9148301143773716,-0.0003660212264078,-0.0259734359697642,-0.4476699334544342,0.9743609722183012,0.9743609722183012,13,bench,0.9743609722183012,13,bench,bench|bird,True,-0.0006257555861054,4,-0.00025973435969764197,-0.0006257555861054419
13,bench,C:\Users\maxbe\Downloads\coco\train2017\000000149232.jpg,12,rbf,kernel_herding,direct,False,0.9097259077678266,-0.0006275072750007,0.01,0.916144490385894,0.9148857055408202,5.559116344855397e-05,-0.068309843844928,-0.5159797772993622,0.9339710435602862,0.9339710435602862,13,bench,0.9339710435602862,20,elephant,elephant,False,-0.0006275072750007,4,-0.00068309843844928,-0.000627507275000726
13,bench,C:\Users\maxbe\Downloads\coco\train2017\000000279477.jpg,13,rbf,kernel_herding,direct,False,0.9090966719156086,-0.0006292358522179,0.01,0.916144490385894,0.9145187043626334,-0.0003670011781867,-0.0262234674031183,-0.5422032447024806,0.9741173818017124,0.9741173818017124,13,bench,0.9741173818017124,58,potted plant,bench|chair|potted plant|dining table,True,-0.0006292358522178,4,-0.000262234674031183,-0.000629235852217883
13,bench,C:\Users\maxbe\Downloads\coco\train2017\000000405660.jpg,14,rbf,kernel_herding,direct,False,0.9084690607625896,-0.0006276111530189,0.01,0.916144490385894,0.9140401225029546,-0.0004785818596787,-0.0149029293340158,-0.5571061740364964,0.9852075697154732,0.9852075697154732,13,bench,0.9852075697154732,13,bench,bench,True,-0.0006276111530188,4,-0.000149029293340158,-0.0006276111530188579
13,bench,C:\Users\maxbe\Downloads\coco\train2017\000000013302.jpg,15,rbf,kernel_herding,direct,False,0.907792451790472,-0.0006766089721176,0.01,0.916144490385894,0.9137424810169014,-0.0002976414860532,-0.0378967486064282,-0.5950029226429246,0.962812347474802,0.962812347474802,13,bench,0.962812347474802,13,bench,person|bench|kite|chair,True,-0.0006766089721174,4,-0.000378967486064282,-0.000676608972117482
13,bench,C:\Users\maxbe\Downloads\coco\train2017\000000463019.jpg,16,rbf,kernel_herding,direct,False,0.9071235731440396,-0.0006688786464323,0.01,0.916144490385894,0.913162503186032,-0.0005799778308694,-0.0088900815562943,-0.603893004199219,0.991149318375094,0.991149318375094,13,bench,0.991149318375094,13,bench,bench,True,-0.0006688786464323,4,-8.8900815562943e-05,-0.000668878646432343
13,bench,C:\Users\maxbe\Downloads\coco\train2017\000000197941.jpg,17,rbf,kernel_herding,direct,False,0.9064502623904516,-0.0006733107535882,0.01,0.916144490385894,0.9128442593960652,-0.0003182437899668,-0.0355066963621365,-0.6393997005613555,0.9651162714393045,0.9651162714393045,13,bench,0.9651162714393045,13,bench,bench,True,-0.0006733107535881,4,-0.000355066963621365,-0.0006733107535881651
13,bench,C:\Users\maxbe\Downloads\coco\train2017\000000388391.jpg,18,rbf,kernel_herding,direct,False,0.9057709627442508,-0.0006792996462006,0.01,0.916144490385894,0.9126622940765486,-0.0001819653195164,-0.0497334326684207,-0.6891331332297762,0.951483024988424,0.951483024988424,13,bench,0.951483024988424,13,bench,bench|bird,True,-0.0006792996462006,4,-0.000497334326684207,-0.000679299646200607
13,bench,C:\Users\maxbe\Downloads\coco\train2017\000000208718.jpg,19,rbf,kernel_herding,direct,False,0.9050790429252682,-0.0006919198189826,0.01,0.916144490385894,0.9124865145809782,-0.0001757794955704,-0.0516140323412178,-0.7407471655709941,0.9496953478023888,0.9496953478023888,13,bench,0.9496953478023888,74,clock,bench|clock,True,-0.0006919198189825,4,-0.000516140323412178,-0.000691919818982578
13,bench,C:\Users\maxbe\Downloads\coco\train2017\000000061498.jpg,20,rbf,kernel_herding,direct,False,0.9043770102222592,-0.000702032703009,0.01,0.916144490385894,0.9122668592845534,-0.0002196552964247,-0.04823774065843,-0.7889849062294241,0.9529072153561152,0.9529072153561152,13,bench,0.9529072153561152,0,person,person|sports ball|tennis racket,False,-0.000702032703009,4,-0.0004823774065843,-0.000702032703009
13,bench,C:\Users\maxbe\Downloads\coco\train2017\000000534459.jpg,21,rbf,kernel_herding,direct,False,0.9036792260457264,-0.0006977841765327,0.01,0.916144490385894,0.9116339614498772,-0.0006328978346761,-0.0064886341856641,-0.7954735404150882,0.9935323715427464,0.9935323715427464,13,bench,0.9935323715427464,13,bench,person|bench,True,-0.0006977841765327,4,-6.488634185664099e-05,-0.000697784176532741
13,bench,C:\Users\maxbe\Downloads\coco\train2017\000000509485.jpg,22,rbf,kernel_herding,direct,False,0.9029834137084582,-0.0006958123372681,0.01,0.916144490385894,0.9113782017799196,-0.0002557596699576,-0.0440052667310578,-0.8394788071461461,0.9569489174661902,0.9569489174661902,13,bench,0.9569489174661902,13,bench,person|bench,True,-0.0006958123372681,4,-0.000440052667310578,-0.0006958123372681781
13,bench,C:\Users\maxbe\Downloads\coco\train2017\000000406500.jpg,23,rbf,kernel_herding,direct,False,0.90227266038301,-0.0007107533254482,0.01,0.916144490385894,0.9107894921520608,-0.0005887096278589,-0.012204369758927,-0.8516831769050731,0.9878698015161596,0.9878698015161596,13,bench,0.9878698015161596,13,bench,person|bench|handbag|book,True,-0.0007107533254481,4,-0.00012204369758927001,-0.0007107533254481701
13,bench,C:\Users\maxbe\Downloads\coco\train2017\000000239417.jpg,24,rbf,kernel_herding,direct,False,0.9015643879786178,-0.0007082724043921,0.01,0.916144490385894,0.910684249173392,-0.0001052429786686,-0.0603029425723531,-0.9119861194774262,0.9414792762233746,0.9414792762233746,13,bench,0.9414792762233746,6,train,person|train|bench|handbag|suitcase|bottle,True,-0.0007082724043921,4,-0.000603029425723531,-0.000708272404392131
13,bench,C:\Users\maxbe\Downloads\coco\train2017\000000131099.jpg,25,rbf,kernel_herding,direct,False,0.9008282506640964,-0.0007361373145214,0.01,0.916144490385894,0.910099205330306,-0.0005850438430859,-0.0151093471435519,-0.9270954666209782,0.9850042263145656,0.9850042263145656,13,bench,0.9850042263145656,13,bench,bench,True,-0.0007361373145214,4,-0.000151093471435519,-0.000736137314521419
13,bench,C:\Users\maxbe\Downloads\coco\train2017\000000047857.jpg,26,rbf,kernel_herding,direct,False,0.9000752467804131,-0.0007530038836832,0.01,0.916144490385894,0.9099288045836244,-0.0001704007466817,-0.0582603137001517,-0.98535578032113,0.9434043343959398,0.9434043343959398,13,bench,0.9434043343959398,14,bird,bird,False,-0.0007530038836832,4,-0.000582603137001517,-0.000753003883683217
13,bench,C:\Users\maxbe\Downloads\coco\train2017\000000576855.jpg,27,rbf,kernel_herding,direct,False,0.8993106678428634,-0.0007645789375496,0.01,0.916144490385894,0.9096667556756178,-0.0002620489080065,-0.0502530029543111,-1.035608783275441,0.9509887910868534,0.9509887910868534,13,bench,0.9509887910868534,13,bench,person|bench|dog|cup,True,-0.0007645789375496,4,-0.000502530029543111,-0.000764578937549611
13,bench,C:\Users\maxbe\Downloads\coco\train2017\000000078117.jpg,28,rbf,kernel_herding,direct,False,0.8985462498975619,-0.0007644179453014,0.01,0.916144490385894,0.9089282809760928,-0.000738474699525,-0.0025943245776485,-1.0382031078530896,0.9974090377730528,0.9974090377730528,13,bench,0.9974090377730528,13,bench,bench,True,-0.0007644179453014,4,-2.5943245776485002e-05,-0.0007644179453014851
13,bench,C:\Users\maxbe\Downloads\coco\train2017\000000514541.jpg,29,rbf,kernel_herding,direct,False,0.8977822224582191,-0.0007640274393427,0.01,0.916144490385894,0.9090038319525136,7.555097642075737e-05,-0.0839578415763511,-1.122160949429441,0.9194700186836142,0.9194700186836142,13,bench,0.9194700186836142,1,bicycle,bicycle|car|bench,True,-0.0007640274393427,4,-0.000839578415763511,-0.0007640274393427536
13,bench,C:\Users\maxbe\Downloads\coco\train2017\000000315939.jpg,30,rbf,kernel_herding,direct,False,0.897005803261277,-0.0007764191969421,0.01,0.916144490385894,0.908306831817361,-0.0006970001351525,-0.0079419061789693,-1.13010285560841,0.9920895474346106,0.9920895474346106,13,bench,0.9920895474346106,13,bench,person|bench|handbag,True,-0.0007764191969421,4,-7.9419061789693e-05,-0.000776419196942193
13,bench,C:\Users\maxbe\Downloads\coco\train2017\000000198176.jpg,31,rbf,kernel_herding,direct,False,0.8962315295321752,-0.0007742737291017,0.01,0.916144490385894,0.907702464109792,-0.0006043677075689,-0.016990602153277,-1.1470934577616871,0.98315292411098,0.98315292411098,13,bench,0.98315292411098,13,bench,person|bicycle|truck|traffic light|stop sign|bench|dog|umbrella,True,-0.0007742737291016,4,-0.00016990602153277,-0.00077427372910167
13,bench,C:\Users\maxbe\Downloads\coco\train2017\000000399956.jpg,32,rbf,kernel_herding,direct,False,0.8954550123985209,-0.0007765171336543,0.01,0.916144490385894,0.9069629396251234,-0.0007395244846686,-0.003699264898572,-1.1507927226602592,0.996307568951484,0.996307568951484,13,bench,0.996307568951484,13,bench,person|bench,True,-0.0007765171336543,4,-3.699264898572e-05,-0.00077651713365432
13,bench,C:\Users\maxbe\Downloads\coco\train2017\000000473573.jpg,33,rbf,kernel_herding,direct,False,0.894661426323156,-0.0007935860753648,0.01,0.916144490385894,0.9067836411289876,-0.0001792984961359,-0.0614287579228842,-1.2122214805831435,0.9404199408219112,0.9404199408219112,13,bench,0.9404199408219112,25,umbrella,umbrella|chair|dining table,False,-0.0007935860753647,4,-0.000614287579228842,-0.000793586075364742
13,bench,C:\Users\maxbe\Downloads\coco\train2017\000000211281.jpg,34,rbf,kernel_herding,direct,False,0.8938634632673569,-0.0007979630557991,0.01,0.916144490385894,0.9065093856288358,-0.0002742555001516,-0.0523707555647456,-1.2645922361478892,0.9489769631208964,0.9489769631208964,13,bench,0.9489769631208964,0,person,person|backpack|sports ball|tennis racket,False,-0.000797963055799,4,-0.000523707555647456,-0.000797963055799056
13,bench,C:\Users\maxbe\Downloads\coco\train2017\000000186338.jpg,35,rbf,kernel_herding,direct,False,0.8930585859884658,-0.0008048772788911,0.01,0.916144490385894,0.905950602506198,-0.0005587831226377,-0.0246094156253256,-1.2892016517732148,0.9756909272438872,0.9756909272438872,13,bench,0.9756909272438872,0,person,person|bench|skateboard,True,-0.0008048772788909,4,-0.00024609415625325597,-0.000804877278890956
13,bench,C:\Users\maxbe\Downloads\coco\train2017\000000581180.jpg,36,rbf,kernel_herding,direct,False,0.8922556003206772,-0.0008029856677885,0.01,0.916144490385894,0.9052961739618848,-0.0006544285443133,-0.0148557123475283,-1.3040573641207431,0.9852540893462296,0.9852540893462296,13,bench,0.9852540893462296,13,bench,bench,True,-0.0008029856677885,4,-0.000148557123475283,-0.0008029856677885831
13,bench,C:\Users\maxbe\Downloads\coco\train2017\000000158737.jpg,37,rbf,kernel_herding,direct,False,0.8914535731990485,-0.0008020271216286,0.01,0.916144490385894,0.9047671332275248,-0.0005290407343597,-0.0272986387268905,-1.3313560028476337,0.9730706015616976,0.9730706015616976,13,bench,0.9730706015616976,0,person,person|bench|frisbee,True,-0.0008020271216286,4,-0.000272986387268905,-0.000802027121628605
13,bench,C:\Users\maxbe\Downloads\coco\train2017\000000375245.jpg,38,rbf,kernel_herding,direct,False,0.8906445238579949,-0.0008090493410536,0.01,0.916144490385894,0.9048687133841428,0.0001015801566179,-0.0910629497671631,-1.4224189526147968,0.9129602384549064,0.9129602384549064,13,bench,0.9129602384549064,0,person,person|tie|bottle,False,-0.0008090493410537,4,-0.000910629497671631,-0.0008090493410537311
13,bench,C:\Users\maxbe\Downloads\coco\train2017\000000318706.jpg,39,rbf,kernel_herding,direct,False,0.889828065731494,-0.0008164581265008,0.01,0.916144490385894,0.904484246342261,-0.0003844670418818,-0.0431991084619018,-1.465618061076699,0.9577206807890616,0.9577206807890616,13,bench,0.9577206807890616,0,person,person|bench,True,-0.0008164581265008,4,-0.000431991084619018,-0.000816458126500818
13,bench,C:\Users\maxbe\Downloads\coco\train2017\000000126833.jpg,40,rbf,kernel_herding,direct,False,0.889011400081789,-0.0008166656497049,0.01,0.916144490385894,0.9040155239797272,-0.0004687223625339,-0.0347943287171041,-1.5004123897938029,0.9658040339855808,0.9658040339855808,13,bench,0.9658040339855808,0,person,person|bench|chair|dining table,True,-0.0008166656497049,4,-0.000347943287171041,-0.0008166656497049409
13,bench,C:\Users\maxbe\Downloads\coco\train2017\000000549599.jpg,41,rbf,kernel_herding,direct,False,0.8881974929827464,-0.0008139070990426,0.01,0.916144490385894,0.9035228066816688,-0.0004927172980582,-0.0321189800984398,-1.5325313698922427,0.9683913559246676,0.9683913559246676,13,bench,0.9683913559246676,0,person,person|bench|handbag|cell phone,True,-0.0008139070990425,4,-0.00032118980098439805,-0.0008139070990425981
13,bench,C:\Users\maxbe\Downloads\coco\train2017\000000256403.jpg,42,rbf,kernel_herding,direct,False,0.8873551332344727,-0.0008423597482737,0.01,0.916144490385894,0.9035219991128682,-8.075688006092818e-07,-0.0841552179473154,-1.6166865878395582,0.9192885549370328,0.9192885549370328,13,bench,0.9192885549370328,13,bench,bench|chair,True,-0.0008423597482737,4,-0.000841552179473154,-0.0008423597482737633
13,bench,C:\Users\maxbe\Downloads\coco\train2017\000000041770.jpg,43,rbf,kernel_herding,direct,False,0.8865156850726283,-0.0008394481618443,0.01,0.916144490385894,0.9027499326266952,-0.0007720664861728,-0.0067381675671462,-1.6234247554067045,0.9932844829799852,0.9932844829799852,13,bench,0.9932844829799852,13,bench,person|bicycle|bench,True,-0.0008394481618442,4,-6.7381675671462e-05,-0.000839448161844262
13,bench,C:\Users\maxbe\Downloads\coco\train2017\000000039911.jpg,44,rbf,kernel_herding,direct,False,0.8856745623120265,-0.0008411227606018,0.01,0.916144490385894,0.902076136383218,-0.0006737962434772,-0.0167326517124531,-1.6401574071191576,0.9834065615526906,0.9834065615526906,13,bench,0.9834065615526906,0,person,person|car|bus|sports ball|baseball glove|chair,False,-0.0008411227606017,4,-0.00016732651712453103,-0.000841122760601731
13,bench,C:\Users\maxbe\Downloads\coco\train2017\000000556485.jpg,45,rbf,kernel_herding,direct,False,0.8848452349548912,-0.0008293273571352,0.01,0.916144490385894,0.9013856458359276,-0.0006904905472905,-0.013883680984478,-1.6540410881036356,0.9862122528286836,0.9862122528286836,13,bench,0.9862122528286836,13,bench,bench,True,-0.0008293273571352,4,-0.00013883680984478,-0.00082932735713528
13,bench,C:\Users\maxbe\Downloads\coco\train2017\000000305624.jpg,46,rbf,kernel_herding,direct,False,0.8840097032403564,-0.0008355317145347,0.01,0.916144490385894,0.9007706319052384,-0.0006150139306891,-0.0220517783845474,-1.6760928664881831,0.9781895846624488,0.9781895846624488,13,bench,0.9781895846624488,13,bench,person|boat|bench|handbag,True,-0.0008355317145345,4,-0.00022051778384547398,-0.0008355317145345739
13,bench,C:\Users\maxbe\Downloads\coco\train2017\000000138299.jpg,47,rbf,kernel_herding,direct,False,0.8831587726165133,-0.0008509306238431,0.01,0.916144490385894,0.9005894626765205,-0.0001811692287178,-0.0669761395125368,-1.74306900600072,0.9352175158153698,0.9352175158153698,13,bench,0.9352175158153698,15,cat,cat|sports ball|tennis racket|chair,False,-0.0008509306238431,4,-0.0006697613951253679,-0.000850930623843168
13,bench,C:\Users\maxbe\Downloads\coco\train2017\000000156405.jpg,48,rbf,kernel_herding,direct,False,0.8823093377348484,-0.0008494348816648,0.01,0.916144490385894,0.9001853289214734,-0.0004041337550471,-0.0445301126617733,-1.787599118662493,0.9564467985000292,0.9564467985000292,13,bench,0.9564467985000292,13,bench,bench,True,-0.0008494348816648,4,-0.000445301126617733,-0.000849434881664833
13,bench,C:\Users\maxbe\Downloads\coco\train2017\000000158861.jpg,49,rbf,kernel_herding,direct,False,0.8814508772856452,-0.0008584604492032,0.01,0.916144490385894,0.8998782116518393,-0.000307117269634,-0.055134317956922,-1.8427334366194152,0.9463580265386892,0.9463580265386892,13,bench,0.9463580265386892,56,chair,person|car|bench|chair,True,-0.0008584604492032,4,-0.00055134317956922,-0.00085846044920322
13,bench,C:\Users\maxbe\Downloads\coco\train2017\000000559721.jpg,50,rbf,kernel_herding,direct,False,0.8805761050320442,-0.0008747722536009,0.01,0.916144490385894,0.8997571601847775,-0.0001210514670618,-0.0753720786539105,-1.9181055152733253,0.9273983569915966,0.9273983569915966,13,bench,0.9273983569915966,75,vase,bench|vase,True,-0.0008747722536009,4,-0.000753720786539105,-0.000874772253600905
13,bench,C:\Users\maxbe\Downloads\coco\train2017\000000412001.jpg,51,rbf,kernel_herding,direct,False,0.8797032877090506,-0.0008728173229936,0.01,0.916144490385894,0.8993655441649444,-0.000391616019833,-0.0481201303160573,-1.9662256455893832,0.9530192936906192,0.9530192936906192,13,bench,0.9530192936906192,0,person,person|frisbee,False,-0.0008728173229935,4,-0.00048120130316057304,-0.000872817322993573
13,bench,C:\Users\maxbe\Downloads\coco\train2017\000000452694.jpg,52,rbf,kernel_herding,direct,False,0.8788031784644085,-0.0009001092446421,0.01,0.916144490385894,0.899249559376415,-0.0001159847885293,-0.0784124456112726,-2.044638091200656,0.9245830076869016,0.9245830076869016,13,bench,0.9245830076869016,13,bench,bench|dining table,True,-0.000900109244642,4,-0.000784124456112726,-0.000900109244642026
13,bench,C:\Users\maxbe\Downloads\coco\train2017\000000028858.jpg,53,rbf,kernel_herding,direct,False,0.8778993729070543,-0.0009038055573541,0.01,0.916144490385894,0.8983567528495083,-0.0008928065269067,-0.0010999030447478,-2.045737994245404,0.9989007016258924,0.9989007016258924,13,bench,0.9989007016258924,13,bench,person|car|truck|bench|chair|potted plant,True,-0.0009038055573541,4,-1.0999030447478e-05,-0.000903805557354178
13,bench,C:\Users\maxbe\Downloads\coco\train2017\000000503660.jpg,54,rbf,kernel_herding,direct,False,0.8769867504418776,-0.0009126224651767,0.01,0.916144490385894,0.8983900824766379,3.332962712954135e-05,-0.0945952092306226,-2.1403332034760263,0.9097411147499884,0.9097411147499884,13,bench,0.9097411147499884,13,bench,bench|bird|bottle,True,-0.0009126224651766,4,-0.000945952092306226,-0.0009126224651766847
13,bench,C:\Users\maxbe\Downloads\coco\train2017\000000144582.jpg,55,rbf,kernel_herding,direct,False,0.8760734745005061,-0.0009132759413714,0.01,0.916144490385894,0.8979683549790102,-0.0004217274976276,-0.0491548443743842,-2.18948804785041,0.952033701220706,0.952033701220706,13,bench,0.952033701220706,13,bench,person|bench|handbag|cup|book,True,-0.0009132759413714,4,-0.000491548443743842,-0.000913275941371442
13,bench,C:\Users\maxbe\Downloads\coco\train2017\000000106199.jpg,56,rbf,kernel_herding,direct,False,0.8751130095948234,-0.0009604649056826,0.01,0.916144490385894,0.8982166392450054,0.0002482842659952,-0.1208749171677841,-2.3103629650181947,0.8861447941605873,0.8861447941605873,13,bench,0.8861447941605873,0,person,person|tie,False,-0.0009604649056826,4,-0.001208749171677841,-0.000960464905682641
13,bench,C:\Users\maxbe\Downloads\coco\train2017\000000218776.jpg,57,rbf,kernel_herding,direct,False,0.8741529569887635,-0.0009600526060599,0.01,0.916144490385894,0.8977961160710749,-0.0004205231739304,-0.053952943212945,-2.36431590823114,0.9474766906606684,0.9474766906606684,13,bench,0.9474766906606684,0,person,person|baseball bat|baseball glove,False,-0.0009600526060598,4,-0.00053952943212945,-0.00096005260605985
13,bench,C:\Users\maxbe\Downloads\coco\train2017\000000327896.jpg,58,rbf,kernel_herding,direct,False,0.8731873888087985,-0.0009655681799649,0.01,0.916144490385894,0.8968750165671782,-0.0009210995038967,-0.004446867606825,-2.368762775837965,0.9955630050683486,0.9955630050683486,13,bench,0.9955630050683486,13,bench,bench,True,-0.0009655681799649,4,-4.446867606825e-05,-0.0009655681799649499
13,bench,C:\Users\maxbe\Downloads\coco\train2017\000000485595.jpg,59,rbf,kernel_herding,direct,False,0.872211766997559,-0.0009756218112395,0.01,0.916144490385894,0.8967640862370236,-0.0001109303301545,-0.0864691481085,-2.455231923946465,0.9171638445866348,0.9171638445866348,13,bench,0.9171638445866348,0,person,person|bench|tie|chair,True,-0.0009756218112394,4,-0.000864691481085,-0.0009756218112394999
13,bench,C:\Users\maxbe\Downloads\coco\train2017\000000346062.jpg,60,rbf,kernel_herding,direct,False,0.8712361776266382,-0.0009755893709207,0.01,0.916144490385894,0.8964103233743834,-0.0003537628626402,-0.0621826508280615,-2.5174145747745267,0.9397112320794504,0.9397112320794504,13,bench,0.9397112320794504,0,person,person|tennis racket,False,-0.0009755893709208,4,-0.000621826508280615,-0.0009755893709208149
13,bench,C:\Users\maxbe\Downloads\coco\train2017\000000260099.jpg,61,rbf,kernel_herding,direct,False,0.8702437997496977,-0.0009923778769405,0.01,0.916144490385894,0.8966823953314026,0.0002720719570191,-0.1264449833959689,-2.643859558170496,0.8812226300853886,0.8812226300853886,13,bench,0.8812226300853886,56,chair,bench|chair|potted plant,True,-0.0009923778769405,4,-0.001264449833959689,-0.000992377876940589
13,bench,C:\Users\maxbe\Downloads\coco\train2017\000000199381.jpg,62,rbf,kernel_herding,direct,False,0.869250157360919,-0.0009936423887786,0.01,0.916144490385894,0.8958626762415383,-0.0008197190898643,-0.0173923298914293,-2.661251888061925,0.98275804363305,0.98275804363305,13,bench,0.98275804363305,56,chair,person|sports ball|baseball glove|chair,False,-0.0009936423887785,4,-0.000173923298914293,-0.000993642388778593
13,bench,C:\Users\maxbe\Downloads\coco\train2017\000000071346.jpg,63,rbf,kernel_herding,direct,False,0.8682631076742436,-0.0009870496866754,0.01,0.916144490385894,0.8955669186103845,-0.0002957576311537,-0.0691292055521666,-2.7303810936140915,0.9332060968783278,0.9332060968783278,13,bench,0.9332060968783278,0,person,person|skateboard,False,-0.0009870496866753,4,-0.0006912920555216661,-0.0009870496866753661
13,bench,C:\Users\maxbe\Downloads\coco\train2017\000000509030.jpg,64,rbf,kernel_herding,direct,False,0.8672683736963107,-0.0009947339779329,0.01,0.916144490385894,0.8948957823806677,-0.0006711362297168,-0.0323597748216076,-2.7627408684357,0.9681582004686278,0.9681582004686278,13,bench,0.9681582004686278,0,person,person|car|sports ball|baseball bat,False,-0.0009947339779328,4,-0.000323597748216076,-0.000994733977932876
13,bench,C:\Users\maxbe\Downloads\coco\train2017\000000404759.jpg,65,rbf,kernel_herding,direct,False,0.8662736316919804,-0.0009947420043303,0.01,0.916144490385894,0.8948678682858041,-2.791409486357921e-05,-0.0966827909466811,-2.8594236593823803,0.9078439367785016,0.9078439367785016,13,bench,0.9078439367785016,13,bench,person|car|boat|bench,True,-0.0009947420043303,4,-0.000966827909466811,-0.00099474200433039
13,bench,C:\Users\maxbe\Downloads\coco\train2017\000000402143.jpg,66,rbf,kernel_herding,direct,False,0.86527995120912,-0.0009936804828603,0.01,0.916144490385894,0.8939239341854642,-0.0009439341003398,-0.0049746382520326,-2.864398297634413,0.9950377147674118,0.9950377147674118,13,bench,0.9950377147674118,13,bench,person|bench|cat,True,-0.0009936804828601,4,-4.9746382520325996e-05,-0.0009936804828601258
13,bench,C:\Users\maxbe\Downloads\coco\train2017\000000174356.jpg,67,rbf,kernel_herding,direct,False,0.864260738891534,-0.001019212317586,0.01,0.916144490385894,0.8931854945422388,-0.0007384396432253,-0.0280772674360691,-2.892475565070482,0.97231323574691,0.97231323574691,13,bench,0.97231323574691,13,bench,person|bench|skateboard,True,-0.0010192123175859,4,-0.00028077267436069103,-0.001019212317585991
13,bench,C:\Users\maxbe\Downloads\coco\train2017\000000458229.jpg,68,rbf,kernel_herding,direct,False,0.8632012365991142,-0.0010595022924198,0.01,0.916144490385894,0.8932167372921723,3.124274993349108e-05,-0.1090745042353309,-3.001550069305813,0.8966636097719419,0.8966636097719419,13,bench,0.8966636097719419,10,fire hydrant,fire hydrant,False,-0.0010595022924198,4,-0.001090745042353309,-0.0010595022924198179
13,bench,C:\Users\maxbe\Downloads\coco\train2017\000000034354.jpg,69,rbf,kernel_herding,direct,False,0.8621370618565093,-0.0010641747426048,0.01,0.916144490385894,0.892832013496413,-0.0003847237957593,-0.0679450946845517,-3.0694951639903647,0.9343117708504598,0.9343117708504598,13,bench,0.9343117708504598,0,person,person|baseball bat,False,-0.0010641747426048,4,-0.0006794509468455171,-0.001064174742604817
13,bench,C:\Users\maxbe\Downloads\coco\train2017\000000122105.jpg,70,rbf,kernel_herding,direct,False,0.861079664276258,-0.0010573975802512,0.01,0.916144490385894,0.8918092670984836,-0.0010227463979293,-0.0034651182321979,-3.072960282222563,0.9965408783606818,0.9965408783606818,13,bench,0.9965408783606818,13,bench,person|bench|potted plant,True,-0.0010573975802512,4,-3.4651182321979e-05,-0.001057397580251279
13,bench,C:\Users\maxbe\Downloads\coco\train2017\000000479477.jpg,71,rbf,kernel_herding,direct,False,0.8600241023623904,-0.0010555619138676,0.01,0.916144490385894,0.8914826388737801,-0.0003266282247035,-0.0728933689164158,-3.1458536511389785,0.929699959653655,0.929699959653655,13,bench,0.929699959653655,0,person,person|sports ball|baseball bat|baseball glove,False,-0.0010555619138676,4,-0.0007289336891641581,-0.0010555619138676582
13,bench,C:\Users\maxbe\Downloads\coco\train2017\000000292410.jpg,72,rbf,kernel_herding,direct,False,0.8589499465528183,-0.001074155809572,0.01,0.916144490385894,0.891826614833724,0.0003439759599439,-0.1418131769515962,-3.2876668280905745,0.8677833632750815,0.8677833632750815,13,bench,0.8677833632750815,16,dog,dog,False,-0.001074155809572,4,-0.001418131769515962,-0.001074155809572062
13,bench,C:\Users\maxbe\Downloads\coco\train2017\000000540863.jpg,73,rbf,kernel_herding,direct,False,0.857878681396117,-0.0010712651567013,0.01,0.916144490385894,0.8907649182801893,-0.0010616965535347,-0.0009568603166566,-3.288623688407231,0.9990435973271972,0.9990435973271972,13,bench,0.9990435973271972,13,bench,bench,True,-0.0010712651567012,4,-9.568603166566e-06,-0.001071265156701266
13,bench,C:\Users\maxbe\Downloads\coco\train2017\000000201993.jpg,74,rbf,kernel_herding,direct,False,0.8568078000313523,-0.0010708813647647,0.01,0.916144490385894,0.8905651324910532,-0.0001997857891361,-0.0871095575628611,-3.375733245970092,0.9165766722247964,0.9165766722247964,13,bench,0.9165766722247964,13,bench,bench,True,-0.0010708813647647,4,-0.000871095575628611,-0.001070881364764711
13,bench,C:\Users\maxbe\Downloads\coco\train2017\000000571721.jpg,75,rbf,kernel_herding,direct,False,0.8557301681595527,-0.0010776318717995,0.01,0.916144490385894,0.8906530588231192,8.792633206600176e-05,-0.1165558203865512,-3.492289066356644,0.8899804165382256,0.8899804165382256,13,bench,0.8899804165382256,13,bench,bench|cup|hot dog|donut|book,True,-0.0010776318717995,4,-0.001165558203865512,-0.0010776318717995103
13,bench,C:\Users\maxbe\Downloads\coco\train2017\000000441412.jpg,76,rbf,kernel_herding,direct,False,0.8546490428895401,-0.0010811252700125,0.01,0.916144490385894,0.8900731507511663,-0.0005799080719528,-0.0501217198059802,-3.542410786162624,0.9511136480850054,0.9511136480850054,13,bench,0.9511136480850054,0,person,person|bench|handbag|cell phone,True,-0.0010811252700126,4,-0.000501217198059802,-0.0010811252700126022
13,bench,C:\Users\maxbe\Downloads\coco\train2017\000000282176.jpg,77,rbf,kernel_herding,direct,False,0.8535576315741229,-0.0010914113154172,0.01,0.916144490385894,0.8901800844760467,0.0001069337248803,-0.1198345040297543,-3.6622452901923777,0.8870672306209275,0.8870672306209275,13,bench,0.8870672306209275,13,bench,bench,True,-0.0010914113154172,4,-0.001198345040297543,-0.0010914113154172431
13,bench,C:\Users\maxbe\Downloads\coco\train2017\000000489409.jpg,78,rbf,kernel_herding,direct,False,0.8524186343776273,-0.0011389971964955,0.01,0.916144490385894,0.8895394968435103,-0.0006405876325363,-0.0498409563959241,-3.712086246588302,0.9513807234869388,0.9513807234869388,13,bench,0.9513807234869388,0,person,person|baseball bat|baseball glove,False,-0.0011389971964955,4,-0.000498409563959241,-0.0011389971964955409
13,bench,C:\Users\maxbe\Downloads\coco\train2017\000000039080.jpg,79,rbf,kernel_herding,direct,False,0.8512765228684592,-0.001142111509168,0.01,0.916144490385894,0.8893228030383854,-0.0002166938051249,-0.0925417704043167,-3.804628016992619,0.9116111318026212,0.9116111318026212,13,bench,0.9116111318026212,60,dining table,person|bottle|cup|fork|knife|spoon|bowl|banana|apple|orange|chair|dining table,False,-0.001142111509168,4,-0.0009254177040431671,-0.001142111509168067
13,bench,C:\Users\maxbe\Downloads\coco\train2017\000000101913.jpg,80,rbf,kernel_herding,direct,False,0.850124022330136,-0.0011525005383232,0.01,0.916144490385894,0.889221738018052,-0.0001010650203333,-0.1051435517989909,-3.90977156879161,0.9001952886564761,0.9001952886564761,13,bench,0.9001952886564761,6,train,person|train|bench|bottle,True,-0.0011525005383232,4,-0.001051435517989909,-0.001152500538323209
13,bench,C:\Users\maxbe\Downloads\coco\train2017\000000196773.jpg,81,rbf,kernel_herding,direct,False,0.8489656554347044,-0.0011583668954315,0.01,0.916144490385894,0.8891009444638467,-0.0001207935542053,-0.1037573341226253,-4.013528902914235,0.9014440205849668,0.9014440205849668,13,bench,0.9014440205849668,0,person,person|car|backpack|bottle|cup|cell phone,False,-0.0011583668954315,4,-0.0010375733412262532,-0.0011583668954315532
13,bench,C:\Users\maxbe\Downloads\coco\train2017\000000377450.jpg,82,rbf,kernel_herding,direct,False,0.8478058055812367,-0.0011598498534676,0.01,0.916144490385894,0.8890428773196449,-5.806714420175663e-05,-0.1101782709265778,-4.123707173840812,0.8956744483483619,0.8956744483483619,13,bench,0.8956744483483619,0,person,person|tennis racket,False,-0.0011598498534675,4,-0.001101782709265778,-0.0011598498534675346
13,bench,C:\Users\maxbe\Downloads\coco\train2017\000000521874.jpg,83,rbf,kernel_herding,direct,False,0.8466400587903108,-0.0011657467909259,0.01,0.916144490385894,0.8892912362592728,0.0002483589396278,-0.1414105730553833,-4.265117746896196,0.8681328065771026,0.8681328065771026,13,bench,0.8681328065771026,6,train,person|train|bench,True,-0.001165746790926,4,-0.001414105730553833,-0.001165746790926033
13,bench,C:\Users\maxbe\Downloads\coco\train2017\000000466941.jpg,84,rbf,kernel_herding,direct,False,0.8454632291452362,-0.0011768296450745,0.01,0.916144490385894,0.8891101499023301,-0.0001810863569426,-0.0995743288131961,-4.364692075709391,0.9052226632406344,0.9052226632406344,13,bench,0.9052226632406344,60,dining table,apple|orange|dining table,False,-0.0011768296450745,4,-0.0009957432881319609,-0.001176829645074561
13,bench,C:\Users\maxbe\Downloads\coco\train2017\000000045049.jpg,85,rbf,kernel_herding,direct,False,0.8442888142637917,-0.0011744148814445,0.01,0.916144490385894,0.8887855578517034,-0.0003245920506266,-0.0849822830817888,-4.449674358791181,0.9185285577516324,0.9185285577516324,13,bench,0.9185285577516324,0,person,person|sports ball|tennis racket,False,-0.0011744148814444,4,-0.0008498228308178881,-0.001174414881444488
13,bench,C:\Users\maxbe\Downloads\coco\train2017\000000125390.jpg,86,rbf,kernel_herding,direct,False,0.8431053237132321,-0.0011834905505595,0.01,0.916144490385894,0.8886245314341465,-0.0001610264175568,-0.1022464133002603,-4.5519207720914405,0.9028070605893238,0.9028070605893238,13,bench,0.9028070605893238,0,person,person|frisbee,False,-0.0011834905505594,4,-0.001022464133002603,-0.001183490550559403
13,bench,C:\Users\maxbe\Downloads\coco\train2017\000000107542.jpg,87,rbf,kernel_herding,direct,False,0.8419241563213709,-0.0011811673918612,0.01,0.916144490385894,0.8874522237484788,-0.0011723076856677,-0.000885970619351,-4.552806742710792,0.9991144217357376,0.9991144217357376,13,bench,0.9991144217357376,13,bench,bench|dog,True,-0.0011811673918612,4,-8.85970619351e-06,-0.00118116739186121
13,bench,C:\Users\maxbe\Downloads\coco\train2017\000000207943.jpg,88,rbf,kernel_herding,direct,False,0.8407412738868629,-0.0011828824345079,0.01,0.916144490385894,0.886654006046103,-0.0007982177023757,-0.0384664732132138,-4.591273215924006,0.9622639658168234,0.9622639658168234,13,bench,0.9622639658168234,0,person,person|sports ball|baseball glove,False,-0.0011828824345078,4,-0.000384664732132138,-0.001182882434507838
13,bench,C:\Users\maxbe\Downloads\coco\train2017\000000406055.jpg,89,rbf,kernel_herding,direct,False,0.839536479954382,-0.0012047939324809,0.01,0.916144490385894,0.8859815756546624,-0.0006724303914406,-0.0532363541040408,-4.644509570028047,0.9481558854608716,0.9481558854608716,13,bench,0.9481558854608716,0,person,person|bench|baseball bat,True,-0.001204793932481,4,-0.000532363541040408,-0.001204793932481008
13,bench,C:\Users\maxbe\Downloads\coco\train2017\000000049648.jpg,90,rbf,kernel_herding,direct,False,0.8383342508837472,-0.0012022290706347,0.01,0.916144490385894,0.8860964900775403,0.0001149144228779,-0.1317143493512594,-4.776223919379307,0.8765913582086285,0.8765913582086285,13,bench,0.8765913582086285,0,person,person|sports ball,False,-0.0012022290706346,4,-0.0013171434935125939,-0.0012022290706346938
13,bench,C:\Users\maxbe\Downloads\coco\train2017\000000056638.jpg,91,rbf,kernel_herding,direct,False,0.8371204400010805,-0.0012138108826666,0.01,0.916144490385894,0.8860952291877052,-1.260889835097423e-06,-0.1212549992831584,-4.897478918662465,0.8858080503718941,0.8858080503718941,13,bench,0.8858080503718941,13,bench,traffic light|bench|chair,True,-0.0012138108826666,4,-0.0012125499928315841,-0.0012138108826666816
13,bench,C:\Users\maxbe\Downloads\coco\train2017\000000383390.jpg,92,rbf,kernel_herding,direct,False,0.8358990305411184,-0.0012214094599621,0.01,0.916144490385894,0.8852915275816542,-0.000803701606051,-0.0417707853911223,-4.939249704053587,0.959089592724319,0.959089592724319,13,bench,0.959089592724319,0,person,person|bench|sports ball|baseball bat|baseball glove,True,-0.0012214094599622,4,-0.000417707853911223,-0.001221409459962223
13,bench,C:\Users\maxbe\Downloads\coco\train2017\000000468789.jpg,93,rbf,kernel_herding,direct,False,0.8346804288901334,-0.0012186016509849,0.01,0.916144490385894,0.8849667746021115,-0.0003247529795427,-0.0893848671442217,-5.028634571197809,0.914493547316162,0.914493547316162,13,bench,0.914493547316162,0,person,person|sports ball|tennis racket,False,-0.0012186016509849,4,-0.000893848671442217,-0.001218601650984917
13,bench,C:\Users\maxbe\Downloads\coco\train2017\000000391371.jpg,94,rbf,kernel_herding,direct,False,0.8334585450192193,-0.001221883870914,0.01,0.916144490385894,0.8851452567333336,0.000178482131222,-0.1400366002136147,-5.168671171411424,0.869326417282961,0.869326417282961,13,bench,0.869326417282961,13,bench,bench,True,-0.0012218838709141,4,-0.001400366002136147,-0.001221883870914147
13,bench,C:\Users\maxbe\Downloads\coco\train2017\000000392967.jpg,95,rbf,kernel_herding,direct,False,0.8322331052732039,-0.0012254397460154,0.01,0.916144490385894,0.8842312649458002,-0.0009139917875333,-0.0311447958481957,-5.19981596725962,0.9693352071995606,0.9693352071995606,13,bench,0.9693352071995606,0,person,person|sports ball|baseball bat|baseball glove,False,-0.0012254397460152,4,-0.000311447958481957,-0.001225439746015257
13,bench,C:\Users\maxbe\Downloads\coco\train2017\000000270254.jpg,96,rbf,kernel_herding,direct,False,0.8309487969619646,-0.0012843083112393,0.01,0.916144490385894,0.884463146616314,0.0002318816705138,-0.1516189981753228,-5.351434965434943,0.859315619196777,0.859315619196777,13,bench,0.859315619196777,8,boat,boat,False,-0.0012843083112394,4,-0.001516189981753228,-0.001284308311239428
13,bench,C:\Users\maxbe\Downloads\coco\train2017\000000411443.jpg,97,rbf,kernel_herding,direct,False,0.82966250375125,-0.0012862932107146,0.01,0.916144490385894,0.8843979212612025,-6.522535511144234e-05,-0.122106785560314,-5.473541750995257,0.8850538524836983,0.8850538524836983,13,bench,0.8850538524836983,0,person,person|sports ball|tennis racket,False,-0.0012862932107145,4,-0.00122106785560314,-0.0012862932107145823
13,bench,C:\Users\maxbe\Downloads\coco\train2017\000000412658.jpg,98,rbf,kernel_herding,direct,False,0.8283687292548605,-0.0012937744963894,0.01,0.916144490385894,0.88367360738889,-0.0007243138723125,-0.0569460624076958,-5.530487813402953,0.9446450198693912,0.9446450198693912,13,bench,0.9446450198693912,0,person,person|baseball bat,False,-0.0012937744963894,4,-0.000569460624076958,-0.0012937744963894579
13,bench,C:\Users\maxbe\Downloads\coco\train2017\000000032577.jpg,99,rbf,kernel_herding,direct,False,0.8270641575017218,-0.0013045717531386,0.01,0.916144490385894,0.8831208415768039,-0.000552765812086,-0.0751805941052596,-5.605668407508213,0.9275759564506384,0.9275759564506384,13,bench,0.9275759564506384,2,car,person|car|tennis racket,False,-0.0013045717531385,4,-0.000751805941052596,-0.001304571753138596
13,bench,C:\Users\maxbe\Downloads\coco\train2017\000000498630.jpg,100,rbf,kernel_herding,direct,False,0.8257354495917067,-0.001328707910015,0.01,0.916144490385894,0.8821089358642142,-0.0010119057125896,-0.0316802197425395,-5.637348627250752,0.9688163408871032,0.9688163408871032,13,bench,0.9688163408871032,0,person,person|bench|tie|baseball bat,True,-0.0013287079100149,4,-0.00031680219742539497,-0.001328707910014995
13,bench,C:\Users\maxbe\Downloads\coco\train2017\000000254711.jpg,101,rbf,kernel_herding,direct,False,0.8244129655057846,-0.0013224840859221,0.01,0.916144490385894,0.8815401017992234,-0.0005688340649908,-0.0753650020931232,-5.712713629343876,0.927404919805665,0.927404919805665,13,bench,0.927404919805665,0,person,person|bench|baseball bat|baseball glove,True,-0.001322484085922,4,-0.000753650020931232,-0.0013224840859220321
13,bench,C:\Users\maxbe\Downloads\coco\train2017\000000569075.jpg,102,rbf,kernel_herding,direct,False,0.8230919885610102,-0.0013209769447743,0.01,0.916144490385894,0.8814960791193394,-4.402267988401487e-05,-0.1276954264890412,-5.840409055832917,0.8801213999904121,0.8801213999904121,13,bench,0.8801213999904121,1,bicycle,person|bicycle|bench,True,-0.0013209769447744,4,-0.001276954264890412,-0.0013209769447744268
13,bench,C:\Users\maxbe\Downloads\coco\train2017\000000166489.jpg,103,rbf,kernel_herding,direct,False,0.8217573670506187,-0.0013346215103914,0.01,0.916144490385894,0.8805510257940048,-0.0009450533253345,-0.0389568185056862,-5.879365874338603,0.961792239874818,0.961792239874818,13,bench,0.961792239874818,0,person,person|baseball bat|baseball glove,False,-0.0013346215103913,4,-0.000389568185056862,-0.001334621510391362
13,bench,C:\Users\maxbe\Downloads\coco\train2017\000000311784.jpg,104,rbf,kernel_herding,direct,False,0.8203974883806193,-0.0013598786699994,0.01,0.916144490385894,0.8800955110380446,-0.0004555147559601,-0.0904363914039249,-5.969802265742528,0.9135324405679052,0.9135324405679052,13,bench,0.9135324405679052,0,person,person|sports ball|baseball bat|baseball glove,False,-0.0013598786699993,4,-0.000904363914039249,-0.0013598786699993489
13,bench,C:\Users\maxbe\Downloads\coco\train2017\000000404526.jpg,105,rbf,kernel_herding,direct,False,0.8190276216535253,-0.001369866727094,0.01,0.916144490385894,0.8801465165657867,5.1005527742065127e-05,-0.1420872254836119,-6.11188949122614,0.867545581101684,0.867545581101684,13,bench,0.867545581101684,39,bottle,person|boat|bench|umbrella|bottle|chair|dining table,True,-0.001369866727094,4,-0.0014208722548361191,-0.001369866727094054
13,bench,C:\Users\maxbe\Downloads\coco\train2017\000000580374.jpg,106,rbf,kernel_herding,direct,False,0.8176382456466212,-0.001389376006904,0.01,0.916144490385894,0.8799577824285216,-0.000188734137265,-0.1200641869638979,-6.231953678190038,0.8868635098131077,0.8868635098131077,13,bench,0.8868635098131077,0,person,person|bicycle|cup|dining table|cell phone,False,-0.0013893760069039,4,-0.001200641869638979,-0.001389376006903979
13,bench,C:\Users\maxbe\Downloads\coco\train2017\000000151896.jpg,107,rbf,kernel_herding,direct,False,0.8162469109526681,-0.0013913346939531,0.01,0.916144490385894,0.8800137943023957,5.601187387405116e-05,-0.1447346567827171,-6.376688334972755,0.8652518513625325,0.8652518513625325,13,bench,0.8652518513625325,58,potted plant,person|umbrella|potted plant,False,-0.0013913346939531,4,-0.001447346567827171,-0.00139133469395312
13,bench,C:\Users\maxbe\Downloads\coco\train2017\000000177954.jpg,108,rbf,kernel_herding,direct,False,0.8148535202391805,-0.0013933907134876,0.01,0.916144490385894,0.8799525304182054,-6.126388419025464e-05,-0.1332126829297375,-6.509901017902493,0.8752789154261014,0.8752789154261014,13,bench,0.8752789154261014,0,person,person|boat|bench|backpack|dining table|book,True,-0.0013933907134876,4,-0.001332126829297375,-0.0013933907134876296
13,bench,C:\Users\maxbe\Downloads\coco\train2017\000000504531.jpg,109,rbf,kernel_herding,direct,False,0.8134574455897168,-0.0013960746494636,0.01,0.916144490385894,0.8799096267330229,-4.290368518256038e-05,-0.1353170964281152,-6.645218114330608,0.8734389034137389,0.8734389034137389,13,bench,0.8734389034137389,6,train,person|train,False,-0.0013960746494637,4,-0.001353170964281152,-0.0013960746494637124
13,bench,C:\Users\maxbe\Downloads\coco\train2017\000000516088.jpg,110,rbf,kernel_herding,direct,False,0.8120595779105876,-0.0013978676791291,0.01,0.916144490385894,0.8798704911983002,-3.91355347226785e-05,-0.1358732144406503,-6.781091328771258,0.8729533033446887,0.8729533033446887,13,bench,0.8729533033446887,75,vase,bench|potted plant|vase,True,-0.0013978676791291,4,-0.001358732144406503,-0.0013978676791291814
13,bench,C:\Users\maxbe\Downloads\coco\train2017\000000450903.jpg,111,rbf,kernel_herding,direct,False,0.8106557832830444,-0.0014037946275431,0.01,0.916144490385894,0.8789128040658496,-0.0009576871324505,-0.0446107495092526,-6.825702078280511,0.9563696767548854,0.9563696767548854,13,bench,0.9563696767548854,0,person,person|sports ball|baseball glove,False,-0.001403794627543,4,-0.00044610749509252595,-0.001403794627543026
13,bench,C:\Users\maxbe\Downloads\coco\train2017\000000099112.jpg,112,rbf,kernel_herding,direct,False,0.8092438311315335,-0.0014119521515109,0.01,0.916144490385894,0.8786290033856474,-0.0002838006802021,-0.1128151471308733,-6.938517225411384,0.8933157768377802,0.8933157768377802,13,bench,0.8933157768377802,0,person,person|tennis racket|chair,False,-0.0014119521515108,4,-0.0011281514713087331,-0.0014119521515108331
13,bench,C:\Users\maxbe\Downloads\coco\train2017\000000443689.jpg,113,rbf,kernel_herding,direct,False,0.8078175886036219,-0.0014262425279116,0.01,0.916144490385894,0.8788218761258482,0.0001928727402007,-0.1619115268112512,-7.100428752222635,0.8505164491129567,0.8505164491129567,13,bench,0.8505164491129567,0,person,person|tie,False,-0.0014262425279118,4,-0.0016191152681125122,-0.0014262425279118122
13,bench,C:\Users\maxbe\Downloads\coco\train2017\000000333855.jpg,114,rbf,kernel_herding,direct,False,0.8063796322240188,-0.001437956379603,0.01,0.916144490385894,0.8782146676790467,-0.0006072084468015,-0.0830747932801573,-7.183503545502792,0.9202823137121016,0.9202823137121016,13,bench,0.9202823137121016,0,person,person|baseball bat,False,-0.001437956379603,4,-0.0008307479328015729,-0.001437956379603073
13,bench,C:\Users\maxbe\Downloads\coco\train2017\000000117040.jpg,115,rbf,kernel_herding,direct,False,0.8049448259031775,-0.0014348063208412,0.01,0.916144490385894,0.8780435565022202,-0.0001711111768264,-0.1263695144014809,-7.309873059904273,0.8812891375807966,0.8812891375807966,13,bench,0.8812891375807966,0,person,person|sports ball|tennis racket,False,-0.0014348063208412,4,-0.001263695144014809,-0.001434806320841209
13,bench,C:\Users\maxbe\Downloads\coco\train2017\000000183973.jpg,116,rbf,kernel_herding,direct,False,0.8035092009522726,-0.0014356249509048,0.01,0.916144490385894,0.8768986906814492,-0.001144865820771,-0.0290759130133843,-7.338948972917658,0.9713427241134976,0.9713427241134976,13,bench,0.9713427241134976,0,person,person|bench|backpack|sports ball|baseball bat|baseball glove,True,-0.0014356249509048,4,-0.000290759130133843,-0.0014356249509048429
13,bench,C:\Users\maxbe\Downloads\coco\train2017\000000272735.jpg,117,rbf,kernel_herding,direct,False,0.8020646258310866,-0.001444575121186,0.01,0.916144490385894,0.8765372233492755,-0.0003614673321736,-0.10831077890123,-7.447259751818888,0.8973486760548312,0.8973486760548312,13,bench,0.8973486760548312,0,person,person|car|handbag|sports ball|tennis racket,False,-0.0014445751211858,4,-0.0010831077890123,-0.0014445751211858999
13,bench,C:\Users\maxbe\Downloads\coco\train2017\000000336675.jpg,118,rbf,kernel_herding,direct,False,0.8006167231719711,-0.0014479026591155,0.01,0.916144490385894,0.8765296814831552,-7.5418661202864e-06,-0.1440360792995274,-7.591295831118415,0.8658565079983488,0.8658565079983488,13,bench,0.8658565079983488,13,bench,person|boat|bench|handbag,True,-0.0014479026591155,4,-0.001440360792995274,-0.0014479026591155604
13,bench,C:\Users\maxbe\Downloads\coco\train2017\000000127268.jpg,119,rbf,kernel_herding,direct,False,0.799168438336923,-0.0014482848350481,0.01,0.916144490385894,0.8757639245100822,-0.000765756973073,-0.0682527861975081,-7.659548617315924,0.9340243352711254,0.9340243352711254,13,bench,0.9340243352711254,0,person,person|bench|sports ball|baseball glove,True,-0.001448284835048,4,-0.0006825278619750811,-0.0014482848350480812
13,bench,C:\Users\maxbe\Downloads\coco\train2017\000000312686.jpg,120,rbf,kernel_herding,direct,False,0.7977085531510317,-0.0014598851858912,0.01,0.916144490385894,0.8760643392781067,0.0003004147680244,-0.1760299953915695,-7.835578612707494,0.8385928290385449,0.8385928290385449,13,bench,0.8385928290385449,7,truck,person|car|truck|clock,False,-0.0014598851858912,4,-0.001760299953915695,-0.0014598851858912952
13,bench,C:\Users\maxbe\Downloads\coco\train2017\000000491900.jpg,121,rbf,kernel_herding,direct,False,0.7962426171081922,-0.0014659360428395,0.01,0.916144490385894,0.8751036440584555,-0.0009606952196511,-0.0505240823188433,-7.886102695026337,0.9507310325877716,0.9507310325877716,13,bench,0.9507310325877716,0,person,person|sports ball|baseball bat|baseball glove,False,-0.0014659360428395,4,-0.000505240823188433,-0.0014659360428395329
13,bench,C:\Users\maxbe\Downloads\coco\train2017\000000253072.jpg,122,rbf,kernel_herding,direct,False,0.7947716007696671,-0.001471016338525,0.01,0.916144490385894,0.8748452963355579,-0.0002583477228976,-0.1212668615627395,-8.007369556589076,0.8857975427314678,0.8857975427314678,13,bench,0.8857975427314678,0,person,person|sports ball|tennis racket,False,-0.0014710163385249,4,-0.001212668615627395,-0.001471016338524995
13,bench,C:\Users\maxbe\Downloads\coco\train2017\000000189153.jpg,123,rbf,kernel_herding,direct,False,0.7932976705086536,-0.0014739302610135,0.01,0.916144490385894,0.873945440969405,-0.0008998553661528,-0.0574074894860503,-8.064777046075127,0.9442092356268472,0.9442092356268472,13,bench,0.9442092356268472,0,person,person|baseball bat,False,-0.0014739302610133,4,-0.000574074894860503,-0.001473930261013303
13,bench,C:\Users\maxbe\Downloads\coco\train2017\000000051777.jpg,124,rbf,kernel_herding,direct,False,0.7918021861900959,-0.0014954843185577,0.01,0.916144490385894,0.8739670512315956,2.16102621906078e-05,-0.1517094580748397,-8.216486504149966,0.8592378891079921,0.8592378891079921,13,bench,0.8592378891079921,13,bench,person|bench|dog,True,-0.0014954843185577,4,-0.0015170945807483972,-0.0014954843185577894
13,bench,C:\Users\maxbe\Downloads\coco\train2017\000000359403.jpg,125,rbf,kernel_herding,direct,False,0.7903118908616628,-0.0014902953284331,0.01,0.916144490385894,0.8729733386479025,-0.000993712583693,-0.0496582744740075,-8.266144778623973,0.9515545394220112,0.9515545394220112,13,bench,0.9515545394220112,0,person,person|baseball bat|baseball glove,False,-0.001490295328433,4,-0.000496582744740075,-0.001490295328433075
13,bench,C:\Users\maxbe\Downloads\coco\train2017\000000081761.jpg,126,rbf,kernel_herding,direct,False,0.7888120468562254,-0.0014998440054373,0.01,0.916144490385894,0.872982927160848,9.588512945524208e-06,-0.1509432518382907,-8.417088030462264,0.8598964948189874,0.8598964948189874,13,bench,0.8598964948189874,0,person,person|sports ball|tennis racket,False,-0.0014998440054373,4,-0.001509432518382907,-0.0014998440054373827
13,bench,C:\Users\maxbe\Downloads\coco\train2017\000000367260.jpg,127,rbf,kernel_herding,direct,False,0.7873091456820207,-0.0015029011742047,0.01,0.916144490385894,0.8731896394131303,0.0002067122522823,-0.1709613426486975,-8.58804937311096,0.8428541553500315,0.8428541553500315,13,bench,0.8428541553500315,0,person,person|bird|giraffe,False,-0.0015029011742046,4,-0.001709613426486975,-0.001502901174204675
13,bench,C:\Users\maxbe\Downloads\coco\train2017\000000390692.jpg,128,rbf,kernel_herding,direct,False,0.7857965601789001,-0.0015125855031206,0.01,0.916144490385894,0.8728526649996066,-0.0003369744135237,-0.1175611089596832,-8.705610482070643,0.8890861789538901,0.8890861789538901,13,bench,0.8890861789538901,0,person,person|bench|skateboard,True,-0.0015125855031205,4,-0.0011756110895968321,-0.001512585503120532
13,bench,C:\Users\maxbe\Downloads\coco\train2017\000000260500.jpg,129,rbf,kernel_herding,direct,False,0.7842877909315257,-0.0015087692473744,0.01,0.916144490385894,0.8720218321495429,-0.0008308328500636,-0.0677936397310798,-8.773404121801724,0.9344532877126868,0.9344532877126868,13,bench,0.9344532877126868,0,person,person|bench|baseball bat,True,-0.0015087692473743,4,-0.0006779363973107979,-0.001508769247374398
13,bench,C:\Users\maxbe\Downloads\coco\train2017\000000321390.jpg,130,rbf,kernel_herding,direct,False,0.7827795888936272,-0.0015082020378984,0.01,0.916144490385894,0.8721052631276495,8.343097810659117e-05,-0.159163301600507,-8.932567423402231,0.8528570746704691,0.8528570746704691,13,bench,0.8528570746704691,0,person,person|bench|fork|cake,True,-0.0015082020378984,4,-0.0015916330160050702,-0.001508202037898479
13,bench,C:\Users\maxbe\Downloads\coco\train2017\000000198550.jpg,131,rbf,kernel_herding,direct,False,0.7812684814453854,-0.0015111074482417,0.01,0.916144490385894,0.8720782625872593,-2.7000540390176297e-05,-0.1484106907851583,-9.08097811418739,0.8620769951511495,0.8620769951511495,13,bench,0.8620769951511495,6,train,train|bench,True,-0.0015111074482417,4,-0.0014841069078515832,-0.0015111074482417595
13,bench,C:\Users\maxbe\Downloads\coco\train2017\000000473607.jpg,132,rbf,kernel_herding,direct,False,0.7797384390811488,-0.0015300423642365,0.01,0.916144490385894,0.8711765863195888,-0.0009016762676704,-0.0628366096566113,-9.143814723844002,0.9390969005186118,0.9390969005186118,13,bench,0.9390969005186118,0,person,person|sports ball,False,-0.0015300423642365,4,-0.000628366096566113,-0.001530042364236513
13,bench,C:\Users\maxbe\Downloads\coco\train2017\000000362545.jpg,133,rbf,kernel_herding,direct,False,0.7782096544396961,-0.0015287846414526,0.01,0.916144490385894,0.8708324092041432,-0.0003441771154456,-0.1184607526006996,-9.2622754764447,0.8882866779136148,0.8882866779136148,13,bench,0.8882866779136148,0,person,person|sports ball|tennis racket,False,-0.0015287846414525,4,-0.001184607526006996,-0.001528784641452596
13,bench,C:\Users\maxbe\Downloads\coco\train2017\000000442630.jpg,134,rbf,kernel_herding,direct,False,0.7766818928985747,-0.0015277615411214,0.01,0.916144490385894,0.8708614957119395,2.9086507796316496e-05,-0.1556848048917823,-9.417960281336484,0.8558289009451081,0.8558289009451081,13,bench,0.8558289009451081,13,bench,person|car|bench,True,-0.0015277615411215,4,-0.001556848048917823,-0.0015277615411215064
13,bench,C:\Users\maxbe\Downloads\coco\train2017\000000112493.jpg,135,rbf,kernel_herding,direct,False,0.7751510184164316,-0.001530874482143,0.01,0.916144490385894,0.8704071923320937,-0.0004543033798457,-0.1076571102297231,-9.525617391566207,0.8979354365243627,0.8979354365243627,13,bench,0.8979354365243627,0,person,person|tennis racket,False,-0.0015308744821429,4,-0.0010765711022972311,-0.0015308744821429313
13,bench,C:\Users\maxbe\Downloads\coco\train2017\000000476198.jpg,136,rbf,kernel_herding,direct,False,0.7736162144443958,-0.0015348039720358,0.01,0.916144490385894,0.8696924430506846,-0.0007147492814091,-0.0820054690626751,-9.607622860628885,0.9212669202150436,0.9212669202150436,13,bench,0.9212669202150436,0,person,person|baseball bat|baseball glove|chair,False,-0.0015348039720358,4,-0.000820054690626751,-0.001534803972035851
13,bench,C:\Users\maxbe\Downloads\coco\train2017\000000040894.jpg,137,rbf,kernel_herding,direct,False,0.7720827401068486,-0.0015334743375471,0.01,0.916144490385894,0.869993316980973,0.0003008739302884,-0.183434826783559,-9.791057687412442,0.832406124553613,0.832406124553613,13,bench,0.832406124553613,8,boat,person|boat|bench,True,-0.0015334743375471,4,-0.00183434826783559,-0.00153347433754719
13,bench,C:\Users\maxbe\Downloads\coco\train2017\000000029894.jpg,138,rbf,kernel_herding,direct,False,0.7705439783491111,-0.0015387617577374,0.01,0.916144490385894,0.8698912334485657,-0.0001020835324073,-0.1436678225330057,-9.934725509945448,0.8661754242341833,0.8661754242341833,13,bench,0.8661754242341833,0,person,person|sports ball|tennis racket,False,-0.0015387617577373,4,-0.001436678225330057,-0.001538761757737357
13,bench,C:\Users\maxbe\Downloads\coco\train2017\000000247216.jpg,139,rbf,kernel_herding,direct,False,0.769009009964776,-0.0015349683843352,0.01,0.916144490385894,0.868849528304014,-0.0010417051445517,-0.0493263239783594,-9.984051833923807,0.951870460855246,0.951870460855246,13,bench,0.951870460855246,0,person,person|car|sports ball|baseball glove,False,-0.0015349683843352,4,-0.000493263239783594,-0.001534968384335294
13,bench,C:\Users\maxbe\Downloads\coco\train2017\000000416596.jpg,140,rbf,kernel_herding,direct,False,0.7674676601245534,-0.0015413498402225,0.01,0.916144490385894,0.8678792491211498,-0.0009702791828641,-0.057107065735827,-10.041158899659637,0.9444929411202104,0.9444929411202104,13,bench,0.9444929411202104,5,bus,person|bus|bench|baseball bat|baseball glove,True,-0.0015413498402223,4,-0.00057107065735827,-0.00154134984022237
24,backpack,C:\Users\maxbe\Downloads\coco\train2017\000000196777.jpg,1,rbf,kernel_herding,direct,False,0.9201131011735056,-0.0003048051844291,0.01,0.9204178495803228,0.920322361341338,-9.55450165968097e-05,-0.0209260167832281,-0.0209260167832281,0.979291413017334,0.979291413017334,24,backpack,0.979291413017334,3,motorcycle,person|motorcycle,False,-0.000304805184429,4,-0.000209260167832281,-0.0003048051844290907
24,backpack,C:\Users\maxbe\Downloads\coco\train2017\000000045089.jpg,2,rbf,kernel_herding,direct,False,0.9197210855179276,-0.0003920156555781,0.01,0.9204178495803228,0.920489741370806,0.0001673800294679,-0.0559395685046038,-0.076865585287832,0.9455962779599068,0.9455962779599068,24,backpack,0.9455962779599068,5,bus,person|car|bus|traffic light|horse|tie|cell phone,False,-0.0003920156555781,4,-0.000559395685046038,-0.000392015655578138
24,backpack,C:\Users\maxbe\Downloads\coco\train2017\000000120360.jpg,3,rbf,kernel_herding,direct,False,0.9193290612973408,-0.0003920242205865,0.01,0.9204178495803228,0.9201774691483178,-0.000312272222488,-0.007975199809856,-0.084840785097688,0.9920565177212544,0.9920565177212544,24,backpack,0.9920565177212544,0,person,person|handbag|cell phone,False,-0.0003920242205865,4,-7.975199809856001e-05,-0.00039202422058656
24,backpack,C:\Users\maxbe\Downloads\coco\train2017\000000541643.jpg,4,rbf,kernel_herding,direct,False,0.9188936568946908,-0.0004354044026502,0.01,0.9204178495803228,0.9202097696067382,3.230045842039786e-05,-0.0467704861070611,-0.1316112712047492,0.9543063990331716,0.9543063990331716,24,backpack,0.9543063990331716,0,person,person|backpack|kite,True,-0.0004354044026502,4,-0.000467704861070611,-0.00043540440265021316
24,backpack,C:\Users\maxbe\Downloads\coco\train2017\000000525376.jpg,5,rbf,kernel_herding,direct,False,0.9184528793046272,-0.0004407775900635,0.01,0.9204178495803228,0.9199455734671764,-0.0002641961395618,-0.0176581450501651,-0.1492694162549143,0.9824968463643172,0.9824968463643172,24,backpack,0.9824968463643172,24,backpack,backpack|suitcase|bottle,True,-0.0004407775900634,4,-0.00017658145050165102,-0.00044077759006345106
24,backpack,C:\Users\maxbe\Downloads\coco\train2017\000000179672.jpg,6,rbf,kernel_herding,direct,False,0.9180007356113314,-0.0004521436932957,0.01,0.9204178495803228,0.9195448780872502,-0.0004006953799261,-0.0051448313369626,-0.154414247591877,0.9948683806392712,0.9948683806392712,24,backpack,0.9948683806392712,0,person,person|bicycle|backpack,True,-0.0004521436932957,4,-5.1448313369626004e-05,-0.00045214369329572596
24,backpack,C:\Users\maxbe\Downloads\coco\train2017\000000154095.jpg,7,rbf,kernel_herding,direct,False,0.9175154218874634,-0.000485313723868,0.01,0.9204178495803228,0.919149384496809,-0.0003954935904411,-0.0089820133426914,-0.1633962609345684,0.9910582044358672,0.9910582044358672,24,backpack,0.9910582044358672,59,bed,person|backpack|bottle|banana|bed|tv|book,True,-0.000485313723868,4,-8.9820133426914e-05,-0.000485313723868014
24,backpack,C:\Users\maxbe\Downloads\coco\train2017\000000526401.jpg,8,rbf,kernel_herding,direct,False,0.9170248049653416,-0.0004906169221217,0.01,0.9204178495803228,0.919147806373096,-1.57812371304189e-06,-0.0489038798408681,-0.2123001407754365,0.952272657897996,0.952272657897996,24,backpack,0.952272657897996,0,person,person|car|motorcycle|cow|backpack,True,-0.0004906169221217,4,-0.000489038798408681,-0.0004906169221217229
24,backpack,C:\Users\maxbe\Downloads\coco\train2017\000000013364.jpg,9,rbf,kernel_herding,direct,False,0.916511805042003,-0.0005129999233386,0.01,0.9204178495803228,0.9191666261463918,1.881977329576401e-05,-0.0531819696634424,-0.265482110438879,0.9482074517904928,0.9482074517904928,24,backpack,0.9482074517904928,0,person,person|motorcycle|umbrella|handbag|potted plant,False,-0.0005129999233386,4,-0.000531819696634424,-0.00051299992333866
24,backpack,C:\Users\maxbe\Downloads\coco\train2017\000000195955.jpg,10,rbf,kernel_herding,direct,False,0.9159929385039718,-0.0005188665380312,0.01,0.9204178495803228,0.918973356354527,-0.0001932697918647,-0.0325596746166475,-0.2980417850555266,0.9679646851852648,0.9679646851852648,24,backpack,0.9679646851852648,0,person,person|backpack|suitcase|bottle|chair|cell phone,True,-0.0005188665380311,4,-0.000325596746166475,-0.0005188665380311749
24,backpack,C:\Users\maxbe\Downloads\coco\train2017\000000273951.jpg,11,rbf,kernel_herding,direct,False,0.915466027663976,-0.0005269108399956,0.01,0.9204178495803228,0.9186162227318064,-0.0003571336227206,-0.0169777217275043,-0.315019506783031,0.9831655876207978,0.9831655876207978,24,backpack,0.9831655876207978,0,person,person|backpack|skis,True,-0.0005269108399956,4,-0.000169777217275043,-0.000526910839995643
24,backpack,C:\Users\maxbe\Downloads\coco\train2017\000000300758.jpg,12,rbf,kernel_herding,direct,False,0.9149405327529024,-0.0005254949110737,0.01,0.9204178495803228,0.9185190920133918,-9.713071841466192e-05,-0.0428364192659162,-0.3578559260489473,0.9580680987313148,0.9580680987313148,24,backpack,0.9580680987313148,17,horse,person|truck|horse,False,-0.0005254949110738,4,-0.000428364192659162,-0.0005254949110738239
24,backpack,C:\Users\maxbe\Downloads\coco\train2017\000000068866.jpg,13,rbf,kernel_herding,direct,False,0.9144112478588612,-0.0005292848940412,0.01,0.9204178495803228,0.918435436434438,-8.365557895384512e-05,-0.044562931508742,-0.4024188575576893,0.9564154095339932,0.9564154095339932,24,backpack,0.9564154095339932,28,suitcase,handbag|suitcase,False,-0.0005292848940412,4,-0.00044562931508742003,-0.0005292848940412652
24,backpack,C:\Users\maxbe\Downloads\coco\train2017\000000004069.jpg,14,rbf,kernel_herding,direct,False,0.9138620781999112,-0.0005491696589499,0.01,0.9204178495803228,0.9183877741969714,-4.7662237466550295e-05,-0.0501507421483302,-0.4525695997060196,0.9510860449396528,0.9510860449396528,24,backpack,0.9510860449396528,0,person,person|bicycle|backpack|handbag,True,-0.0005491696589498,4,-0.000501507421483302,-0.0005491696589498523
24,backpack,C:\Users\maxbe\Downloads\coco\train2017\000000182710.jpg,15,rbf,kernel_herding,direct,False,0.9132886142126898,-0.0005734639872213,0.01,0.9204178495803228,0.9182570324920374,-0.0001307417049339,-0.0442722282287387,-0.4968418279347583,0.9566934830470736,0.9566934830470736,24,backpack,0.9566934830470736,0,person,person|handbag|cell phone,False,-0.0005734639872212,4,-0.000442722282287387,-0.000573463987221287
24,backpack,C:\Users\maxbe\Downloads\coco\train2017\000000566043.jpg,16,rbf,kernel_herding,direct,False,0.912635052865218,-0.0006535613474717,0.01,0.9204178495803228,0.9180807242437636,-0.0001763082482738,-0.047725309919791,-0.5445671378545494,0.9533956394354032,0.9533956394354032,24,backpack,0.9533956394354032,3,motorcycle,person|car|motorcycle,False,-0.0006535613474717,4,-0.00047725309919791,-0.00065356134747171
24,backpack,C:\Users\maxbe\Downloads\coco\train2017\000000513145.jpg,17,rbf,kernel_herding,direct,False,0.9119824865103476,-0.0006525663548704,0.01,0.9204178495803228,0.9179079066604756,-0.0001728175832879,-0.0479748771582437,-0.5925420150127931,0.9531577328066012,0.9531577328066012,24,backpack,0.9531577328066012,0,person,person|backpack|umbrella,True,-0.0006525663548703,4,-0.00047974877158243705,-0.000652566354870337
24,backpack,C:\Users\maxbe\Downloads\coco\train2017\000000543202.jpg,18,rbf,kernel_herding,direct,False,0.9113075005370516,-0.0006749859732961,0.01,0.9204178495803228,0.9174231013178052,-0.0004848053426703,-0.019018063062581,-0.6115600780753742,0.9811616392976484,0.9811616392976484,24,backpack,0.9811616392976484,0,person,person|skis,False,-0.0006749859732961,4,-0.00019018063062581,-0.0006749859732961101
24,backpack,C:\Users\maxbe\Downloads\coco\train2017\000000375450.jpg,19,rbf,kernel_herding,direct,False,0.910629178059244,-0.0006783224778075,0.01,0.9204178495803228,0.917184157527278,-0.0002389437905273,-0.0439378687280167,-0.6554979468033909,0.9570134160857544,0.9570134160857544,24,backpack,0.9570134160857544,58,potted plant,person|car|motorcycle|stop sign|dog|backpack|chair|potted plant|cell phone,True,-0.0006783224778074,4,-0.000439378687280167,-0.0006783224778074671
24,backpack,C:\Users\maxbe\Downloads\coco\train2017\000000393553.jpg,20,rbf,kernel_herding,direct,False,0.9099236284541196,-0.0007055496051243,0.01,0.9204178495803228,0.91685369620244,-0.0003304613248378,-0.0375088280286559,-0.6930067748320469,0.9631859146494336,0.9631859146494336,24,backpack,0.9631859146494336,7,truck,person|car|truck|backpack|suitcase,True,-0.0007055496051243,4,-0.000375088280286559,-0.000705549605124359
24,backpack,C:\Users\maxbe\Downloads\coco\train2017\000000431627.jpg,21,rbf,kernel_herding,direct,False,0.9092129289152638,-0.0007106995388557,0.01,0.9204178495803228,0.916485292597644,-0.0003684036047959,-0.0342295934059784,-0.7272363682380253,0.9663496116661914,0.9663496116661914,24,backpack,0.9663496116661914,0,person,person|snowboard|remote,False,-0.0007106995388556,4,-0.000342295934059784,-0.000710699538855684
24,backpack,C:\Users\maxbe\Downloads\coco\train2017\000000171435.jpg,22,rbf,kernel_herding,direct,False,0.908490728473266,-0.0007222004419977,0.01,0.9204178495803228,0.916248365124518,-0.0002369274731259,-0.0485272968871769,-0.7757636651252022,0.9526313350798444,0.9526313350798444,24,backpack,0.9526313350798444,59,bed,dog|bed|laptop,False,-0.0007222004419976,4,-0.000485272968871769,-0.000722200441997669
24,backpack,C:\Users\maxbe\Downloads\coco\train2017\000000345172.jpg,23,rbf,kernel_herding,direct,False,0.9077684834211408,-0.0007222450521252,0.01,0.9204178495803228,0.915862654414974,-0.0003857107095441,-0.0336534342581098,-0.8094170993833121,0.9669065432602024,0.9669065432602024,24,backpack,0.9669065432602024,3,motorcycle,person|motorcycle|backpack,True,-0.0007222450521251,4,-0.000336534342581098,-0.0007222450521251981
24,backpack,C:\Users\maxbe\Downloads\coco\train2017\000000027616.jpg,24,rbf,kernel_herding,direct,False,0.9070386036338984,-0.0007298797872422,0.01,0.9204178495803228,0.9157321607426336,-0.0001304936723404,-0.0599386114901897,-0.8693557108735018,0.9418223488791369,0.9418223488791369,24,backpack,0.9418223488791369,3,motorcycle,car|motorcycle|backpack|suitcase|bottle,True,-0.0007298797872422,4,-0.000599386114901897,-0.000729879787242297
24,backpack,C:\Users\maxbe\Downloads\coco\train2017\000000479573.jpg,25,rbf,kernel_herding,direct,False,0.906302331120904,-0.0007362725129946,0.01,0.9204178495803228,0.9153052390895344,-0.0004269216530992,-0.0309350859895459,-0.9002907968630478,0.9695385076651578,0.9695385076651578,24,backpack,0.9695385076651578,0,person,person|cell phone,False,-0.0007362725129946,4,-0.000309350859895459,-0.000736272512994659
24,backpack,C:\Users\maxbe\Downloads\coco\train2017\000000303264.jpg,26,rbf,kernel_herding,direct,False,0.9055598673688634,-0.0007424637520404,0.01,0.9204178495803228,0.9147682487568112,-0.0005369903327232,-0.0205473419317179,-0.9208381387947656,0.9796623162691788,0.9796623162691788,24,backpack,0.9796623162691788,0,person,person|backpack|handbag|suitcase|cell phone,True,-0.0007424637520403,4,-0.000205473419317179,-0.000742463752040379
24,backpack,C:\Users\maxbe\Downloads\coco\train2017\000000022222.jpg,27,rbf,kernel_herding,direct,False,0.9048161407528746,-0.0007437266159887,0.01,0.9204178495803228,0.9143258746327768,-0.0004423741240342,-0.0301352491954518,-0.9509733879902176,0.970314290445328,0.970314290445328,24,backpack,0.970314290445328,2,car,person|car|backpack|umbrella|handbag|tie,True,-0.0007437266159887,4,-0.000301352491954518,-0.000743726615988718
24,backpack,C:\Users\maxbe\Downloads\coco\train2017\000000246265.jpg,28,rbf,kernel_herding,direct,False,0.904071351450388,-0.0007447893024867,0.01,0.9204178495803228,0.9139972921901603,-0.0003285824426163,-0.0416206859870428,-0.9925940739772604,0.9592335623052498,0.9592335623052498,24,backpack,0.9592335623052498,3,motorcycle,person|motorcycle|chair,False,-0.0007447893024867,4,-0.000416206859870428,-0.000744789302486728
24,backpack,C:\Users\maxbe\Downloads\coco\train2017\000000136979.jpg,29,rbf,kernel_herding,direct,False,0.9033164014800256,-0.0007549499703622,0.01,0.9204178495803228,0.9136518444233828,-0.0003454477667775,-0.0409502203584692,-1.0335442943357296,0.9598769110860726,0.9598769110860726,24,backpack,0.9598769110860726,5,bus,person|bicycle|car|bus|backpack|handbag,True,-0.0007549499703621,4,-0.00040950220358469203,-0.0007549499703621921
24,backpack,C:\Users\maxbe\Downloads\coco\train2017\000000205904.jpg,30,rbf,kernel_herding,direct,False,0.9025657434020588,-0.0007506580779668,0.01,0.9204178495803228,0.9131566107693204,-0.0004952336540623,-0.0255424423904435,-1.0590867367261732,0.9747810060507088,0.9747810060507088,24,backpack,0.9747810060507088,0,person,person|handbag|tie|suitcase|cell phone,False,-0.0007506580779667,4,-0.000255424423904435,-0.000750658077966735
24,backpack,C:\Users\maxbe\Downloads\coco\train2017\000000510782.jpg,31,rbf,kernel_herding,direct,False,0.9018161386952802,-0.0007496047067785,0.01,0.9204178495803228,0.9127788276526436,-0.000377783116677,-0.0371821590101513,-1.0962688957363245,0.963500609044466,0.963500609044466,24,backpack,0.963500609044466,2,car,car|handbag|suitcase,False,-0.0007496047067785,4,-0.00037182159010151305,-0.0007496047067785131
24,backpack,C:\Users\maxbe\Downloads\coco\train2017\000000226587.jpg,32,rbf,kernel_herding,direct,False,0.9010707994445912,-0.0007453392506889,0.01,0.9204178495803228,0.9124936208252232,-0.0002852068274201,-0.0460132423268819,-1.1422821380632064,0.9550293152956026,0.9550293152956026,24,backpack,0.9550293152956026,57,couch,person|chair|couch|potted plant|keyboard,False,-0.0007453392506889,4,-0.000460132423268819,-0.0007453392506889191
24,backpack,C:\Users\maxbe\Downloads\coco\train2017\000000042493.jpg,33,rbf,kernel_herding,direct,False,0.9003287281384862,-0.000742071306105,0.01,0.9204178495803228,0.912241039071546,-0.0002525817536773,-0.048948955242776,-1.1912310933059824,0.9522297347926106,0.9522297347926106,24,backpack,0.9522297347926106,0,person,person|bicycle|backpack,True,-0.000742071306105,4,-0.0004894895524277601,-0.0007420713061050601
24,backpack,C:\Users\maxbe\Downloads\coco\train2017\000000352180.jpg,34,rbf,kernel_herding,direct,False,0.8995888411020971,-0.000739887036389,0.01,0.9204178495803228,0.9117631310481176,-0.0004779080234283,-0.0261979012960629,-1.2174289946020451,0.974142286509337,0.974142286509337,24,backpack,0.974142286509337,0,person,person|traffic light|backpack|cell phone,True,-0.0007398870363889,4,-0.000261979012960629,-0.000739887036388929
24,backpack,C:\Users\maxbe\Downloads\coco\train2017\000000573125.jpg,35,rbf,kernel_herding,direct,False,0.8988501308616329,-0.0007387102404642,0.01,0.9204178495803228,0.9113198519793724,-0.0004432790687453,-0.0295431171718925,-1.246972111773938,0.9708890147491585,0.9708890147491585,24,backpack,0.9708890147491585,0,person,person|bicycle|car|motorcycle|truck|traffic light|cell phone|scissors,False,-0.0007387102404642,4,-0.000295431171718925,-0.000738710240464225
24,backpack,C:\Users\maxbe\Downloads\coco\train2017\000000270515.jpg,36,rbf,kernel_herding,direct,False,0.898116072952905,-0.0007340579087279,0.01,0.9204178495803228,0.910827095659552,-0.0004927563198203,-0.0241301588907523,-1.2711022706646902,0.9761586457613036,0.9761586457613036,24,backpack,0.9761586457613036,28,suitcase,person|suitcase|chair|couch|laptop,False,-0.0007340579087278,4,-0.000241301588907523,-0.000734057908727823
24,backpack,C:\Users\maxbe\Downloads\coco\train2017\000000499810.jpg,37,rbf,kernel_herding,direct,False,0.8973718963304328,-0.0007441766224721,0.01,0.9204178495803228,0.910416754155648,-0.0004103415039039,-0.0333835118568214,-1.3044857825215117,0.9671675682228386,0.9671675682228386,24,backpack,0.9671675682228386,0,person,person|backpack|suitcase,True,-0.0007441766224721,4,-0.00033383511856821405,-0.000744176622472114
24,backpack,C:\Users\maxbe\Downloads\coco\train2017\000000356394.jpg,38,rbf,kernel_herding,direct,False,0.8966266029139175,-0.0007452934165153,0.01,0.9204178495803228,0.9099156465781296,-0.0005011075775182,-0.0244185838997161,-1.3289043664212277,0.97587713779407,0.97587713779407,24,backpack,0.97587713779407,0,person,person|bicycle|car|truck|traffic light|backpack,True,-0.0007452934165153,4,-0.00024418583899716103,-0.000745293416515361
24,backpack,C:\Users\maxbe\Downloads\coco\train2017\000000390269.jpg,39,rbf,kernel_herding,direct,False,0.8958661083014896,-0.0007604946124278,0.01,0.9204178495803228,0.9094015239953184,-0.0005141225828114,-0.0246372029616373,-1.353541569382865,0.9756638157686351,0.9756638157686351,24,backpack,0.9756638157686351,0,person,person|backpack|skis,True,-0.0007604946124277,4,-0.000246372029616373,-0.000760494612427773
24,backpack,C:\Users\maxbe\Downloads\coco\train2017\000000170950.jpg,40,rbf,kernel_herding,direct,False,0.8950790755190088,-0.0007870327824808,0.01,0.9204178495803228,0.9091365827702736,-0.0002649412250446,-0.0522091557436203,-1.4057507251264854,0.9491303300200868,0.9491303300200868,24,backpack,0.9491303300200868,0,person,person|car|backpack|handbag|suitcase,True,-0.0007870327824808,4,-0.000522091557436203,-0.000787032782480803
24,backpack,C:\Users\maxbe\Downloads\coco\train2017\000000133210.jpg,41,rbf,kernel_herding,direct,False,0.8942867445374346,-0.0007923309815741,0.01,0.9204178495803228,0.9086369302052,-0.0004996525650736,-0.0292678416500536,-1.435018566776539,0.9711563135180576,0.9711563135180576,24,backpack,0.9711563135180576,0,person,person|backpack|handbag|suitcase|chair|cell phone,True,-0.0007923309815741,4,-0.00029267841650053604,-0.0007923309815741359
24,backpack,C:\Users\maxbe\Downloads\coco\train2017\000000433156.jpg,42,rbf,kernel_herding,direct,False,0.893492552544487,-0.0007941919929476,0.01,0.9204178495803228,0.9085931764622756,-4.375374292431289e-05,-0.0750438250023242,-1.5100623917788631,0.9277028288580216,0.9277028288580216,24,backpack,0.9277028288580216,25,umbrella,umbrella|tv,False,-0.0007941919929475,4,-0.0007504382500232421,-0.000794191992947555
24,backpack,C:\Users\maxbe\Downloads\coco\train2017\000000259028.jpg,43,rbf,kernel_herding,direct,False,0.8927010792909814,-0.0007914732535055,0.01,0.9204178495803228,0.9078768036325964,-0.0007163728296792,-0.0075100423826339,-1.5175724341614971,0.9925180875216848,0.9925180875216848,24,backpack,0.9925180875216848,0,person,person|backpack|skis,True,-0.0007914732535055,4,-7.5100423826339e-05,-0.0007914732535055389
24,backpack,C:\Users\maxbe\Downloads\coco\train2017\000000314092.jpg,44,rbf,kernel_herding,direct,False,0.8918806897621142,-0.0008203895288672,0.01,0.9204178495803228,0.9071384925520516,-0.0007383110805446,-0.0082078448322566,-1.5257802789937538,0.9918257475552722,0.9918257475552722,24,backpack,0.9918257475552722,0,person,person|backpack|handbag|skateboard|cell phone,True,-0.0008203895288671,4,-8.2078448322566e-05,-0.000820389528867166
24,backpack,C:\Users\maxbe\Downloads\coco\train2017\000000139518.jpg,45,rbf,kernel_herding,direct,False,0.8910579198966101,-0.0008227698655041,0.01,0.9204178495803228,0.9068357875910222,-0.0003027049610294,-0.0520064904474582,-1.577786769441212,0.9493227052927544,0.9493227052927544,24,backpack,0.9493227052927544,2,car,person|car|handbag|surfboard|cup|chair,False,-0.0008227698655039,4,-0.000520064904474582,-0.000822769865503982
24,backpack,C:\Users\maxbe\Downloads\coco\train2017\000000174871.jpg,46,rbf,kernel_herding,direct,False,0.8902327609366578,-0.0008251589599522,0.01,0.9204178495803228,0.906986859844783,0.0001510722537607,-0.0976231213713064,-1.6754098908125183,0.9069906647456362,0.9069906647456362,24,backpack,0.9069906647456362,16,dog,person|motorcycle|cat|dog,False,-0.0008251589599523,4,-0.000976231213713064,-0.000825158959952364
24,backpack,C:\Users\maxbe\Downloads\coco\train2017\000000027364.jpg,47,rbf,kernel_herding,direct,False,0.8894076546026181,-0.0008251063340397,0.01,0.9204178495803228,0.906567956977612,-0.000418902867171,-0.0406203466868686,-1.716030237499387,0.9601936014380504,0.9601936014380504,24,backpack,0.9601936014380504,0,person,person|skis,False,-0.0008251063340396,4,-0.000406203466868686,-0.000825106334039686
24,backpack,C:\Users\maxbe\Downloads\coco\train2017\000000331426.jpg,48,rbf,kernel_herding,direct,False,0.8885732845213155,-0.0008343700813026,0.01,0.9204178495803228,0.905910886728988,-0.000657070248624,-0.0177299832678524,-1.7337602207672396,0.9824262680771304,0.9824262680771304,24,backpack,0.9824262680771304,28,suitcase,person|backpack|suitcase,True,-0.0008343700813025,4,-0.00017729983267852402,-0.000834370081302524
24,backpack,C:\Users\maxbe\Downloads\coco\train2017\000000045396.jpg,49,rbf,kernel_herding,direct,False,0.8877394153907138,-0.0008338691306016,0.01,0.9204178495803228,0.90570214965599,-0.0002087370729979,-0.0625132057603768,-1.7962734265276163,0.9394006572305862,0.9394006572305862,24,backpack,0.9394006572305862,59,bed,chair|couch|bed,False,-0.0008338691306016,4,-0.000625132057603768,-0.000833869130601668
24,backpack,C:\Users\maxbe\Downloads\coco\train2017\000000131299.jpg,50,rbf,kernel_herding,direct,False,0.8869078274195437,-0.0008315879711701,0.01,0.9204178495803228,0.9053982462546396,-0.0003039034013502,-0.0527684569819841,-1.8490418835096003,0.9485996286759314,0.9485996286759314,24,backpack,0.9485996286759314,2,car,person|car|truck|backpack|skis,True,-0.00083158797117,4,-0.000527684569819841,-0.000831587971170041
24,backpack,C:\Users\maxbe\Downloads\coco\train2017\000000538517.jpg,51,rbf,kernel_herding,direct,False,0.8860474182472651,-0.0008604091722785,0.01,0.9204178495803228,0.9053165286528444,-8.171760179542797e-05,-0.0778691570483229,-1.9269110405579235,0.925085459536289,0.925085459536289,24,backpack,0.925085459536289,0,person,person|backpack|handbag|cell phone,True,-0.0008604091722786,4,-0.000778691570483229,-0.000860409172278657
24,backpack,C:\Users\maxbe\Downloads\coco\train2017\000000559470.jpg,52,rbf,kernel_herding,direct,False,0.8851852295904884,-0.0008621886567766,0.01,0.9204178495803228,0.9050912480902764,-0.0002252805625679,-0.0636908094208634,-1.990601849978787,0.9382950666794716,0.9382950666794716,24,backpack,0.9382950666794716,0,person,person|backpack|handbag|suitcase,True,-0.0008621886567765,4,-0.000636908094208634,-0.000862188656776534
24,backpack,C:\Users\maxbe\Downloads\coco\train2017\000000292146.jpg,53,rbf,kernel_herding,direct,False,0.884312995821441,-0.0008722337690474,0.01,0.9204178495803228,0.9047254165357278,-0.0003658315545485,-0.0506402214498973,-2.0412420714286843,0.950620621923404,0.950620621923404,24,backpack,0.950620621923404,1,bicycle,person|bicycle|car|stop sign|backpack,True,-0.0008722337690474,4,-0.000506402214498973,-0.0008722337690474731
24,backpack,C:\Users\maxbe\Downloads\coco\train2017\000000254167.jpg,54,rbf,kernel_herding,direct,False,0.8834325750273365,-0.0008804207941044,0.01,0.9204178495803228,0.904629528978768,-9.588755695988382e-05,-0.0784533237144608,-2.119695395143145,0.9245452132597948,0.9245452132597948,24,backpack,0.9245452132597948,0,person,person|backpack|handbag|scissors,True,-0.0008804207941044,4,-0.000784533237144608,-0.0008804207941044918
24,backpack,C:\Users\maxbe\Downloads\coco\train2017\000000062995.jpg,55,rbf,kernel_herding,direct,False,0.8825493921199369,-0.0008831829073996,0.01,0.9204178495803228,0.9044774553517648,-0.000152073627003,-0.0731109280396479,-2.192806323182793,0.9294977169462344,0.9294977169462344,24,backpack,0.9294977169462344,7,truck,person|truck|traffic light|backpack,True,-0.0008831829073994,4,-0.000731109280396479,-0.0008831829073994791
24,backpack,C:\Users\maxbe\Downloads\coco\train2017\000000205963.jpg,56,rbf,kernel_herding,direct,False,0.8816636116815104,-0.0008857804384264,0.01,0.9204178495803228,0.9036877008384916,-0.0007897545132731,-0.0096025925153361,-2.202408915698129,0.9904433651532738,0.9904433651532738,24,backpack,0.9904433651532738,0,person,person|train|suitcase,False,-0.0008857804384264,4,-9.6025925153361e-05,-0.000885780438426461
24,backpack,C:\Users\maxbe\Downloads\coco\train2017\000000375492.jpg,57,rbf,kernel_herding,direct,False,0.8807668399914927,-0.0008967716900176,0.01,0.9204178495803228,0.9035274760524412,-0.0001602247860504,-0.0736546903967208,-2.27606360609485,0.9289924284676506,0.9289924284676506,24,backpack,0.9289924284676506,0,person,person|skis|snowboard,False,-0.0008967716900176,4,-0.0007365469039672081,-0.0008967716900176081
24,backpack,C:\Users\maxbe\Downloads\coco\train2017\000000072567.jpg,58,rbf,kernel_herding,direct,False,0.8798694348026604,-0.0008974051888323,0.01,0.9204178495803228,0.9035534269141616,2.5950861720414053e-05,-0.0923356050552719,-2.368399211150122,0.9117990938047628,0.9117990938047628,24,backpack,0.9117990938047628,0,person,person|backpack|tie,True,-0.0008974051888323,4,-0.000923356050552719,-0.0008974051888323049
24,backpack,C:\Users\maxbe\Downloads\coco\train2017\000000578225.jpg,59,rbf,kernel_herding,direct,False,0.8789640454147032,-0.0009053893879572,0.01,0.9204178495803228,0.9035206328704825,-3.279404367928507e-05,-0.0872595344277983,-2.4556587455779204,0.9164392172368132,0.9164392172368132,24,backpack,0.9164392172368132,57,couch,backpack|handbag|couch|tv,True,-0.0009053893879572,4,-0.000872595344277983,-0.000905389387957268
24,backpack,C:\Users\maxbe\Downloads\coco\train2017\000000514930.jpg,60,rbf,kernel_herding,direct,False,0.87805847617955,-0.0009055692351531,0.01,0.9204178495803228,0.903332827803342,-0.0001878050671404,-0.0717764168012633,-2.5274351623791835,0.9307389701445103,0.9307389701445103,24,backpack,0.9307389701445103,0,person,person|remote,False,-0.000905569235153,4,-0.0007177641680126331,-0.0009055692351530331
24,backpack,C:\Users\maxbe\Downloads\coco\train2017\000000464725.jpg,61,rbf,kernel_herding,direct,False,0.8771431838835606,-0.0009152922959894,0.01,0.9204178495803228,0.9033853567348158,5.252893147389415e-05,-0.0967821227463362,-2.62421728512552,0.9077537634850672,0.9077537634850672,24,backpack,0.9077537634850672,0,person,person|backpack|cell phone,True,-0.0009152922959894,4,-0.0009678212274633621,-0.0009152922959894679
24,backpack,C:\Users\maxbe\Downloads\coco\train2017\000000332221.jpg,62,rbf,kernel_herding,direct,False,0.8762194834353744,-0.0009237004481862,0.01,0.9204178495803228,0.903139814930107,-0.0002455418047088,-0.0678158643477396,-2.6920331494732594,0.934432520077358,0.934432520077358,24,backpack,0.934432520077358,3,motorcycle,person|motorcycle|traffic light|umbrella|handbag,False,-0.0009237004481861,4,-0.000678158643477396,-0.000923700448186196
24,backpack,C:\Users\maxbe\Downloads\coco\train2017\000000015663.jpg,63,rbf,kernel_herding,direct,False,0.8752871631166774,-0.0009323203186969,0.01,0.9204178495803228,0.9026333021730936,-0.0005065127570134,-0.0425807561683596,-2.734613905641619,0.9583130727031748,0.9583130727031748,24,backpack,0.9583130727031748,5,bus,person|bicycle|car|bus|traffic light|backpack,True,-0.0009323203186969,4,-0.000425807561683596,-0.000932320318696996
24,backpack,C:\Users\maxbe\Downloads\coco\train2017\000000551906.jpg,64,rbf,kernel_herding,direct,False,0.8743256576265291,-0.0009615054901482,0.01,0.9204178495803228,0.9025316281168716,-0.0001016740562218,-0.0859831433926376,-2.8205970490342565,0.9176096988751904,0.9176096988751904,24,backpack,0.9176096988751904,0,person,person|bicycle|traffic light|dog|surfboard,False,-0.0009615054901481,4,-0.000859831433926376,-0.000961505490148176
24,backpack,C:\Users\maxbe\Downloads\coco\train2017\000000526172.jpg,65,rbf,kernel_herding,direct,False,0.8733581255313159,-0.0009675320952132,0.01,0.9204178495803228,0.902413801247796,-0.0001178268690757,-0.0849705226137425,-2.905567571647999,0.918539360140906,0.918539360140906,24,backpack,0.918539360140906,3,motorcycle,person|car|motorcycle|bus|handbag,False,-0.0009675320952131,4,-0.0008497052261374249,-0.0009675320952131249
24,backpack,C:\Users\maxbe\Downloads\coco\train2017\000000420769.jpg,66,rbf,kernel_herding,direct,False,0.8723833821221391,-0.0009747434091768,0.01,0.9204178495803228,0.9016036009985764,-0.0008102002492194,-0.0164543159957493,-2.9220218876437487,0.9836803168189786,0.9836803168189786,24,backpack,0.9836803168189786,0,person,person|backpack,True,-0.0009747434091768,4,-0.000164543159957493,-0.000974743409176893
24,backpack,C:\Users\maxbe\Downloads\coco\train2017\000000370602.jpg,67,rbf,kernel_herding,direct,False,0.8714142608632096,-0.0009691212589294,0.01,0.9204178495803228,0.9015125915856302,-9.100941294626352e-05,-0.0878111845983144,-3.009833072242063,0.9159338028051522,0.9159338028051522,24,backpack,0.9159338028051522,5,bus,person|car|bus|handbag,False,-0.0009691212589294,4,-0.000878111845983144,-0.0009691212589294075
24,backpack,C:\Users\maxbe\Downloads\coco\train2017\000000379261.jpg,68,rbf,kernel_herding,direct,False,0.8704345802130522,-0.0009796806501574,0.01,0.9204178495803228,0.9010604525982632,-0.0004521389873669,-0.0527541662790463,-3.0625872385211093,0.9486131849282956,0.9486131849282956,24,backpack,0.9486131849282956,0,person,person|backpack|cell phone,True,-0.0009796806501573,4,-0.000527541662790463,-0.000979680650157363
24,backpack,C:\Users\maxbe\Downloads\coco\train2017\000000074354.jpg,69,rbf,kernel_herding,direct,False,0.8694504387356264,-0.0009841414774257,0.01,0.9204178495803228,0.9009452119315396,-0.0001152406667236,-0.0868900810702163,-3.149477319591325,0.9167778613353892,0.9167778613353892,24,backpack,0.9167778613353892,0,person,person|backpack|snowboard,True,-0.0009841414774257,4,-0.000868900810702163,-0.000984141477425763
24,backpack,C:\Users\maxbe\Downloads\coco\train2017\000000554373.jpg,70,rbf,kernel_herding,direct,False,0.8684642756641475,-0.0009861630714789,0.01,0.9204178495803228,0.9002430199723145,-0.0007021919592251,-0.0283971112253662,-3.177874430816692,0.9720022971257488,0.9720022971257488,24,backpack,0.9720022971257488,0,person,person|snowboard,False,-0.0009861630714787,4,-0.00028397111225366204,-0.0009861630714787621
24,backpack,C:\Users\maxbe\Downloads\coco\train2017\000000385098.jpg,71,rbf,kernel_herding,direct,False,0.8674726480306728,-0.0009916276334747,0.01,0.9204178495803228,0.8998857089785341,-0.0003573109937803,-0.0634316639694463,-3.2413060947861383,0.9385382530870536,0.9385382530870536,24,backpack,0.9385382530870536,28,suitcase,person|backpack|handbag|suitcase,True,-0.0009916276334747,4,-0.000634316639694463,-0.000991627633474763
24,backpack,C:\Users\maxbe\Downloads\coco\train2017\000000338086.jpg,72,rbf,kernel_herding,direct,False,0.8664708129763168,-0.001001835054356,0.01,0.9204178495803228,0.8997602469737509,-0.0001254620047832,-0.0876373049572705,-3.328943399743409,0.9160930788930374,0.9160930788930374,24,backpack,0.9160930788930374,17,horse,person|car|bus|horse,False,-0.0010018350543559,4,-0.000876373049572705,-0.0010018350543559052
24,backpack,C:\Users\maxbe\Downloads\coco\train2017\000000230454.jpg,73,rbf,kernel_herding,direct,False,0.86545537781886,-0.0010154351574568,0.01,0.9204178495803228,0.899729713998585,-3.0532975165864507e-05,-0.0984902182290996,-3.4274336179725085,0.9062045568552808,0.9062045568552808,24,backpack,0.9062045568552808,25,umbrella,person|umbrella|suitcase,False,-0.0010154351574568,4,-0.000984902182290996,-0.0010154351574568606
24,backpack,C:\Users\maxbe\Downloads\coco\train2017\000000150559.jpg,74,rbf,kernel_herding,direct,False,0.8644287919821079,-0.001026585836752,0.01,0.9204178495803228,0.8995309807778789,-0.0001987332207061,-0.0827852616045958,-3.510218879577104,0.9205488031690884,0.9205488031690884,24,backpack,0.9205488031690884,0,person,person|bicycle|car|truck|handbag|cell phone,False,-0.001026585836752,4,-0.0008278526160459581,-0.001026585836752058
24,backpack,C:\Users\maxbe\Downloads\coco\train2017\000000007253.jpg,75,rbf,kernel_herding,direct,False,0.8633999173122,-0.0010288746699078,0.01,0.9204178495803228,0.8995638481789433,3.286740106445141e-05,-0.1061742070972245,-3.616393086674329,0.8992679755649384,0.8992679755649384,24,backpack,0.8992679755649384,3,motorcycle,person|motorcycle,False,-0.0010288746699077,4,-0.001061742070972245,-0.0010288746699077937
24,backpack,C:\Users\maxbe\Downloads\coco\train2017\000000401868.jpg,76,rbf,kernel_herding,direct,False,0.8623645274499699,-0.00103538986223,0.01,0.9204178495803228,0.899119486033249,-0.0004443621456943,-0.059102771653574,-3.675495858327903,0.942609890600868,0.942609890600868,24,backpack,0.942609890600868,59,bed,backpack|handbag|potted plant|bed|toothbrush,True,-0.00103538986223,4,-0.00059102771653574,-0.00103538986223004
24,backpack,C:\Users\maxbe\Downloads\coco\train2017\000000483462.jpg,77,rbf,kernel_herding,direct,False,0.8613276373741421,-0.0010368900758278,0.01,0.9204178495803228,0.8984372664920072,-0.0006822195412418,-0.0354670534586005,-3.710962911786503,0.9651545322089332,0.9651545322089332,24,backpack,0.9651545322089332,0,person,person|snowboard,False,-0.0010368900758278,4,-0.00035467053458600504,-0.0010368900758278051
24,backpack,C:\Users\maxbe\Downloads\coco\train2017\000000393258.jpg,78,rbf,kernel_herding,direct,False,0.8602776902391994,-0.0010499471349426,0.01,0.9204178495803228,0.8981937432830076,-0.0002435232089995,-0.0806423925943118,-3.791605304380815,0.9225235337106512,0.9225235337106512,24,backpack,0.9225235337106512,28,suitcase,suitcase,False,-0.0010499471349426,4,-0.000806423925943118,-0.001049947134942618
24,backpack,C:\Users\maxbe\Downloads\coco\train2017\000000287084.jpg,79,rbf,kernel_herding,direct,False,0.8592256308463715,-0.0010520593928279,0.01,0.9204178495803228,0.8981844351714687,-9.308111538874895e-06,-0.1042751281289098,-3.895880432509725,0.9009773790966152,0.9009773790966152,24,backpack,0.9009773790966152,37,surfboard,person|surfboard,False,-0.0010520593928279,4,-0.0010427512812890979,-0.0010520593928279728
24,backpack,C:\Users\maxbe\Downloads\coco\train2017\000000270109.jpg,80,rbf,kernel_herding,direct,False,0.8581551494666956,-0.0010704813796759,0.01,0.9204178495803228,0.8980453936426608,-0.0001390415288079,-0.0931439850867926,-3.989024417596517,0.9110623114647598,0.9110623114647598,24,backpack,0.9110623114647598,0,person,person|car|traffic light|handbag|snowboard,False,-0.0010704813796758,4,-0.000931439850867926,-0.001070481379675826
24,backpack,C:\Users\maxbe\Downloads\coco\train2017\000000117683.jpg,81,rbf,kernel_herding,direct,False,0.8570820547089286,-0.0010730947577669,0.01,0.9204178495803228,0.8978607555466175,-0.0001846380960432,-0.0888456661723741,-4.077870083768891,0.9149867760883904,0.9149867760883904,24,backpack,0.9149867760883904,28,suitcase,handbag|suitcase|cup,False,-0.0010730947577669,4,-0.000888456661723741,-0.0010730947577669411
24,backpack,C:\Users\maxbe\Downloads\coco\train2017\000000109182.jpg,82,rbf,kernel_herding,direct,False,0.8560083633658209,-0.0010736913431077,0.01,0.9204178495803228,0.8975364091985902,-0.0003243463480272,-0.0749344995080492,-4.15280458327694,0.9278042559725106,0.9278042559725106,24,backpack,0.9278042559725106,0,person,person|backpack|skis,True,-0.0010736913431076,4,-0.0007493449950804921,-0.001073691343107692
24,backpack,C:\Users\maxbe\Downloads\coco\train2017\000000207074.jpg,83,rbf,kernel_herding,direct,False,0.8549215219046893,-0.0010868414611315,0.01,0.9204178495803228,0.8978238957055352,0.0002874865069449,-0.1374327968076582,-4.290237380084599,0.8715929218547991,0.8715929218547991,24,backpack,0.8715929218547991,9,traffic light,person|bicycle|car|traffic light|backpack|tie,True,-0.0010868414611316,4,-0.0013743279680765818,-0.0010868414611316817
24,backpack,C:\Users\maxbe\Downloads\coco\train2017\000000117849.jpg,84,rbf,kernel_herding,direct,False,0.8538329179973009,-0.0010886039073884,0.01,0.9204178495803228,0.8969517374248367,-0.0008721582806985,-0.0216445626689858,-4.311881942753584,0.9785879999490998,0.9785879999490998,24,backpack,0.9785879999490998,0,person,person|skis,False,-0.0010886039073883,4,-0.000216445626689858,-0.001088603907388358
24,backpack,C:\Users\maxbe\Downloads\coco\train2017\000000468456.jpg,85,rbf,kernel_herding,direct,False,0.8527330405360397,-0.0010998774612611,0.01,0.9204178495803228,0.8968251081423776,-0.0001266292824591,-0.0973248178802063,-4.409206760633791,0.907261263585608,0.907261263585608,24,backpack,0.907261263585608,0,person,person|umbrella|handbag,False,-0.0010998774612611,4,-0.000973248178802063,-0.001099877461261163
24,backpack,C:\Users\maxbe\Downloads\coco\train2017\000000121929.jpg,86,rbf,kernel_herding,direct,False,0.8516259062376567,-0.001107134298383,0.01,0.9204178495803228,0.8966687084108201,-0.0001563997315574,-0.0950734566825602,-4.504280217316351,0.9093061374016308,0.9093061374016308,24,backpack,0.9093061374016308,0,person,person|bicycle|traffic light|stop sign|backpack,True,-0.001107134298383,4,-0.000950734566825602,-0.001107134298383002
24,backpack,C:\Users\maxbe\Downloads\coco\train2017\000000437759.jpg,87,rbf,kernel_herding,direct,False,0.8505181322771105,-0.0011077739605461,0.01,0.9204178495803228,0.8956636405344702,-0.0010050678763499,-0.0102706084196274,-4.514550825735979,0.9897819541741736,0.9897819541741736,24,backpack,0.9897819541741736,0,person,person|backpack|skis,True,-0.0011077739605461,4,-0.00010270608419627399,-0.0011077739605461741
24,backpack,C:\Users\maxbe\Downloads\coco\train2017\000000519193.jpg,88,rbf,kernel_herding,direct,False,0.8494119008101882,-0.0011062314669222,0.01,0.9204178495803228,0.8953191590654174,-0.0003444814690528,-0.0761749997869305,-4.5907258255229095,0.9266540281107214,0.9266540281107214,24,backpack,0.9266540281107214,0,person,person|tv|remote|cell phone,False,-0.0011062314669221,4,-0.000761749997869305,-0.001106231466922105
24,backpack,C:\Users\maxbe\Downloads\coco\train2017\000000208963.jpg,89,rbf,kernel_herding,direct,False,0.8483014197378063,-0.0011104810723819,0.01,0.9204178495803228,0.8952295904290285,-8.956863638887036e-05,-0.1020912435993144,-4.692817069122224,0.9029471597602196,0.9029471597602196,24,backpack,0.9029471597602196,0,person,person|umbrella|suitcase|cell phone,False,-0.001110481072382,4,-0.001020912435993144,-0.0011104810723820144
24,backpack,C:\Users\maxbe\Downloads\coco\train2017\000000423588.jpg,90,rbf,kernel_herding,direct,False,0.847191460230939,-0.0011099595068672,0.01,0.9204178495803228,0.8949136436906873,-0.0003159467383412,-0.0794012768525932,-4.772218345974817,0.9236692029974772,0.9236692029974772,24,backpack,0.9236692029974772,0,person,person|backpack|skis|snowboard,True,-0.0011099595068671,4,-0.000794012768525932,-0.001109959506867132
24,backpack,C:\Users\maxbe\Downloads\coco\train2017\000000376628.jpg,91,rbf,kernel_herding,direct,False,0.8460788806660756,-0.0011125795648634,0.01,0.9204178495803228,0.8947997370410733,-0.0001139066496139,-0.099867291524949,-4.872085637499766,0.9049575055970186,0.9049575055970186,24,backpack,0.9049575055970186,3,motorcycle,person|car|motorcycle,False,-0.0011125795648633,4,-0.00099867291524949,-0.00111257956486339
24,backpack,C:\Users\maxbe\Downloads\coco\train2017\000000134703.jpg,92,rbf,kernel_herding,direct,False,0.8449712623995862,-0.0011076182664894,0.01,0.9204178495803228,0.8938059797097645,-0.0009937573313087,-0.0113860935180629,-4.883471731017829,0.9886784827209936,0.9886784827209936,24,backpack,0.9886784827209936,0,person,person|backpack|skis|snowboard,True,-0.0011076182664893,4,-0.000113860935180629,-0.001107618266489329
24,backpack,C:\Users\maxbe\Downloads\coco\train2017\000000183847.jpg,93,rbf,kernel_herding,direct,False,0.8438486901135691,-0.001122572286017,0.01,0.9204178495803228,0.8929542389769214,-0.0008517407328431,-0.027083155317402,-4.91055488633523,0.9732803047255602,0.9732803047255602,24,backpack,0.9732803047255602,0,person,person|skis,False,-0.0011225722860171,4,-0.00027083155317402,-0.00112257228601712
24,backpack,C:\Users\maxbe\Downloads\coco\train2017\000000561203.jpg,94,rbf,kernel_herding,direct,False,0.842728322400034,-0.001120367713535,0.01,0.9204178495803228,0.8927281505529937,-0.0002260884239276,-0.089427928960739,-4.9999828152959696,0.9144541684106908,0.9144541684106908,24,backpack,0.9144541684106908,0,person,person|skis,False,-0.0011203677135349,4,-0.00089427928960739,-0.00112036771353499
24,backpack,C:\Users\maxbe\Downloads\coco\train2017\000000146700.jpg,95,rbf,kernel_herding,direct,False,0.8416035109867478,-0.0011248114132862,0.01,0.9204178495803228,0.8925878523383717,-0.000140298214622,-0.098451319866417,-5.098434135162386,0.906239807414388,0.906239807414388,24,backpack,0.906239807414388,28,suitcase,backpack|suitcase,True,-0.0011248114132861,4,-0.00098451319866417,-0.00112481141328617
24,backpack,C:\Users\maxbe\Downloads\coco\train2017\000000414706.jpg,96,rbf,kernel_herding,direct,False,0.8404665976954431,-0.0011369132913047,0.01,0.9204178495803228,0.891925092760997,-0.0006627595773747,-0.0474153713930005,-5.145849506555387,0.9536911792725636,0.9536911792725636,24,backpack,0.9536911792725636,0,person,person|backpack|skis|snowboard|teddy bear,True,-0.0011369132913047,4,-0.000474153713930005,-0.001136913291304705
24,backpack,C:\Users\maxbe\Downloads\coco\train2017\000000547962.jpg,97,rbf,kernel_herding,direct,False,0.8393349602992451,-0.0011316373961979,0.01,0.9204178495803228,0.8915748560394118,-0.0003502367215851,-0.078140067461276,-5.223989574016663,0.9248348781965084,0.9248348781965084,24,backpack,0.9248348781965084,25,umbrella,person|backpack|umbrella|handbag,True,-0.0011316373961978,4,-0.00078140067461276,-0.0011316373961978601
24,backpack,C:\Users\maxbe\Downloads\coco\train2017\000000273665.jpg,98,rbf,kernel_herding,direct,False,0.8382034358853693,-0.0011315244138758,0.01,0.9204178495803228,0.8913338157926965,-0.0002410402467152,-0.0890484167160608,-5.313037990732724,0.91480128082734,0.91480128082734,24,backpack,0.91480128082734,0,person,person|bicycle|chair,False,-0.0011315244138758,4,-0.000890484167160608,-0.001131524413875808
24,backpack,C:\Users\maxbe\Downloads\coco\train2017\000000013802.jpg,99,rbf,kernel_herding,direct,False,0.8370570393755332,-0.001146396509836,0.01,0.9204178495803228,0.89076134948557,-0.0005724663071265,-0.0573930202709473,-5.370431011003671,0.9442228976922192,0.9442228976922192,24,backpack,0.9442228976922192,0,person,person|skis,False,-0.0011463965098359,4,-0.0005739302027094731,-0.001146396509835973
24,backpack,C:\Users\maxbe\Downloads\coco\train2017\000000577206.jpg,100,rbf,kernel_herding,direct,False,0.8359124596950784,-0.0011445796804547,0.01,0.9204178495803228,0.8897384032562727,-0.0010229462292972,-0.012163345115759,-5.38259435611943,0.9879103293535776,0.9879103293535776,24,backpack,0.9879103293535776,0,person,person|backpack|skis,True,-0.0011445796804547,4,-0.00012163345115759001,-0.00114457968045479
24,backpack,C:\Users\maxbe\Downloads\coco\train2017\000000514693.jpg,101,rbf,kernel_herding,direct,False,0.8347567476385431,-0.0011557120565353,0.01,0.9204178495803228,0.8895649633769048,-0.0001734398793679,-0.0982272177167405,-5.48082157383617,0.9064429204615374,0.9064429204615374,24,backpack,0.9064429204615374,0,person,person|bicycle|car|fire hydrant|backpack,True,-0.0011557120565353,4,-0.000982272177167405,-0.001155712056535305
24,backpack,C:\Users\maxbe\Downloads\coco\train2017\000000546959.jpg,102,rbf,kernel_herding,direct,False,0.8335979707698548,-0.0011587768686883,0.01,0.9204178495803228,0.8893180195721275,-0.0002469438047772,-0.0911833063911056,-5.572004880227276,0.9128503642549886,0.9128503642549886,24,backpack,0.9128503642549886,31,snowboard,person|snowboard,False,-0.0011587768686882,4,-0.000911833063911056,-0.0011587768686882561
24,backpack,C:\Users\maxbe\Downloads\coco\train2017\000000043872.jpg,103,rbf,kernel_herding,direct,False,0.83243337903902,-0.0011645917308347,0.01,0.9204178495803228,0.8884000398701689,-0.0009179797019586,-0.0246612028876145,-5.59666608311489,0.9756404001902652,0.9756404001902652,24,backpack,0.9756404001902652,0,person,person|backpack|snowboard,True,-0.0011645917308347,4,-0.000246612028876145,-0.0011645917308347451
24,backpack,C:\Users\maxbe\Downloads\coco\train2017\000000403520.jpg,104,rbf,kernel_herding,direct,False,0.8312660413443084,-0.0011673376947116,0.01,0.9204178495803228,0.8881809726691474,-0.0002190672010214,-0.094827049369015,-5.691493132483905,0.909530224691378,0.909530224691378,24,backpack,0.909530224691378,0,person,person|snowboard,False,-0.0011673376947115,4,-0.0009482704936901499,-0.0011673376947115499
24,backpack,C:\Users\maxbe\Downloads\coco\train2017\000000440204.jpg,105,rbf,kernel_herding,direct,False,0.8300959675638245,-0.0011700737804838,0.01,0.9204178495803228,0.887581579290976,-0.0005993933781713,-0.0570680402312435,-5.748561172715148,0.9445298011530492,0.9445298011530492,24,backpack,0.9445298011530492,0,person,person|backpack|skis,True,-0.0011700737804837,4,-0.0005706804023124349,-0.001170073780483735
24,backpack,C:\Users\maxbe\Downloads\coco\train2017\000000426040.jpg,106,rbf,kernel_herding,direct,False,0.8289292910120147,-0.0011666765518097,0.01,0.9204178495803228,0.887334855811477,-0.000246723479499,-0.091995307231076,-5.840556479946224,0.9121094298528348,0.9121094298528348,24,backpack,0.9121094298528348,24,backpack,backpack|handbag|cell phone|book|toothbrush,True,-0.0011666765518097,4,-0.0009199530723107601,-0.00116667655180976
24,backpack,C:\Users\maxbe\Downloads\coco\train2017\000000095034.jpg,107,rbf,kernel_herding,direct,False,0.8277543691381544,-0.0011749218738603,0.01,0.9204178495803228,0.8875113978145973,0.0001765420031203,-0.1351463876980742,-5.975702867644299,0.8735880197870804,0.8735880197870804,24,backpack,0.8735880197870804,37,surfboard,person|surfboard,False,-0.0011749218738604,4,-0.001351463876980742,-0.001174921873860442
24,backpack,C:\Users\maxbe\Downloads\coco\train2017\000000336427.jpg,108,rbf,kernel_herding,direct,False,0.8265735196379206,-0.0011808495002337,0.01,0.9204178495803228,0.8869363242693746,-0.0005750735452226,-0.0605775955011056,-6.036280463145404,0.9412207316894318,0.9412207316894318,24,backpack,0.9412207316894318,0,person,person|skis,False,-0.0011808495002336,4,-0.000605775955011056,-0.001180849500233656
24,backpack,C:\Users\maxbe\Downloads\coco\train2017\000000469010.jpg,109,rbf,kernel_herding,direct,False,0.8253951458221719,-0.0011783738157487,0.01,0.9204178495803228,0.886868678323585,-6.764594578967387e-05,-0.1110727869959058,-6.14735325014131,0.8948736113955882,0.8948736113955882,24,backpack,0.8948736113955882,0,person,person|bicycle|bus|backpack|umbrella|handbag,True,-0.0011783738157487,4,-0.001110727869959058,-0.001178373815748732
24,backpack,C:\Users\maxbe\Downloads\coco\train2017\000000500896.jpg,110,rbf,kernel_herding,direct,False,0.824191859719124,-0.0012032861030478,0.01,0.9204178495803228,0.8865137488764697,-0.0003549294471152,-0.0848356655932582,-6.232188915734568,0.9186632399750572,0.9186632399750572,24,backpack,0.9186632399750572,0,person,person|backpack|skis,True,-0.0012032861030477,4,-0.000848356655932582,-0.001203286103047782
24,backpack,C:\Users\maxbe\Downloads\coco\train2017\000000289005.jpg,111,rbf,kernel_herding,direct,False,0.8229817344998189,-0.001210125219305,0.01,0.9204178495803228,0.8863894133281551,-0.0001243355483145,-0.1085789670990476,-6.340767882833616,0.8971080499985622,0.8971080499985622,24,backpack,0.8971080499985622,3,motorcycle,car|motorcycle|traffic light,False,-0.0012101252193049,4,-0.001085789670990476,-0.0012101252193049761
24,backpack,C:\Users\maxbe\Downloads\coco\train2017\000000081961.jpg,112,rbf,kernel_herding,direct,False,0.8217626188381806,-0.0012191156616383,0.01,0.9204178495803228,0.8853485338952338,-0.0010408794329213,-0.0178236228717029,-6.358591505705318,0.982334278377582,0.982334278377582,24,backpack,0.982334278377582,0,person,person|backpack|skis,True,-0.0012191156616383,4,-0.00017823622871702903,-0.001219115661638329
24,backpack,C:\Users\maxbe\Downloads\coco\train2017\000000416978.jpg,113,rbf,kernel_herding,direct,False,0.820542397848167,-0.0012202209900136,0.01,0.9204178495803228,0.8852336852686455,-0.0001148486265882,-0.1105372363425414,-6.469128742047859,0.8953529898971273,0.8953529898971273,24,backpack,0.8953529898971273,0,person,person|bicycle|umbrella|handbag|tie|carrot|chair,False,-0.0012202209900136,4,-0.001105372363425414,-0.001220220990013614
24,backpack,C:\Users\maxbe\Downloads\coco\train2017\000000103747.jpg,114,rbf,kernel_herding,direct,False,0.819319240541514,-0.001223157306653,0.01,0.9204178495803228,0.8844322960147695,-0.000801389253876,-0.0421768052776915,-6.51130554732555,0.9587002623199627,0.9587002623199627,24,backpack,0.9587002623199627,0,person,person|skis,False,-0.0012231573066529,4,-0.000421768052776915,-0.001223157306652915
24,backpack,C:\Users\maxbe\Downloads\coco\train2017\000000457400.jpg,115,rbf,kernel_herding,direct,False,0.8180622267161847,-0.0012570138253292,0.01,0.9204178495803228,0.884599807477732,0.0001675114629625,-0.1424525288291869,-6.6537580761547375,0.867228721676896,0.867228721676896,24,backpack,0.867228721676896,59,bed,person|backpack|bed|laptop|cell phone|book,True,-0.0012570138253293,4,-0.0014245252882918692,-0.001257013825329369
24,backpack,C:\Users\maxbe\Downloads\coco\train2017\000000487435.jpg,116,rbf,kernel_herding,direct,False,0.8168049310656734,-0.0012572956505112,0.01,0.9204178495803228,0.8844173024991185,-0.0001825049786134,-0.1074790671897782,-6.761237143344516,0.8980953219119737,0.8980953219119737,24,backpack,0.8980953219119737,0,person,person|skis,False,-0.0012572956505111,4,-0.0010747906718977822,-0.001257295650511182
24,backpack,C:\Users\maxbe\Downloads\coco\train2017\000000189368.jpg,117,rbf,kernel_herding,direct,False,0.8155484467325349,-0.0012564843331385,0.01,0.9204178495803228,0.8836765373989369,-0.0007407651001816,-0.0515719232956909,-6.812809066640207,0.9497353394090244,0.9497353394090244,24,backpack,0.9497353394090244,0,person,person|backpack|skis,True,-0.0012564843331385,4,-0.0005157192329569091,-0.001256484333138509
24,backpack,C:\Users\maxbe\Downloads\coco\train2017\000000559773.jpg,118,rbf,kernel_herding,direct,False,0.8142920244435502,-0.0012564222889847,0.01,0.9204178495803228,0.8836460920403225,-3.0445358614406004e-05,-0.1225976930370253,-6.935406759677232,0.8846194795574033,0.8846194795574033,24,backpack,0.8846194795574033,0,person,person|skis|chair,False,-0.0012564222889846,4,-0.001225976930370253,-0.001256422288984659
24,backpack,C:\Users\maxbe\Downloads\coco\train2017\000000352767.jpg,119,rbf,kernel_herding,direct,False,0.8130174879650682,-0.0012745364784819,0.01,0.9204178495803228,0.8835734086461187,-7.268339420385406e-05,-0.120185308427817,-7.055592068105049,0.8867560981115652,0.8867560981115652,24,backpack,0.8867560981115652,0,person,person|bench|skateboard|bottle,False,-0.001274536478482,4,-0.00120185308427817,-0.0012745364784820241
24,backpack,C:\Users\maxbe\Downloads\coco\train2017\000000161963.jpg,120,rbf,kernel_herding,direct,False,0.8117421171305014,-0.0012753708345668,0.01,0.9204178495803228,0.8825820395366167,-0.0009913691095019,-0.0284001725064846,-7.083992240611534,0.9719993215580242,0.9719993215580242,24,backpack,0.9719993215580242,0,person,person|backpack|skis,True,-0.0012753708345667,4,-0.000284001725064846,-0.0012753708345667459
24,backpack,C:\Users\maxbe\Downloads\coco\train2017\000000529661.jpg,121,rbf,kernel_herding,direct,False,0.8104698103966642,-0.0012723067338371,0.01,0.9204178495803228,0.8827720795830096,0.0001900400463928,-0.1462346780230081,-7.230226918634542,0.863954928156644,0.863954928156644,24,backpack,0.863954928156644,0,person,person|bottle|chair|dining table|laptop|cell phone,False,-0.0012723067338372,4,-0.001462346780230081,-0.001272306733837281
24,backpack,C:\Users\maxbe\Downloads\coco\train2017\000000160968.jpg,122,rbf,kernel_herding,direct,False,0.8091944549693743,-0.0012753554272899,0.01,0.9204178495803228,0.8828692278287698,9.714824576012582e-05,-0.137250367305006,-7.367477285939548,0.8717519406224647,0.8717519406224647,24,backpack,0.8717519406224647,0,person,person|horse|tie|cell phone,False,-0.0012753554272899,4,-0.00137250367305006,-0.0012753554272899343
24,backpack,C:\Users\maxbe\Downloads\coco\train2017\000000158747.jpg,123,rbf,kernel_herding,direct,False,0.8079193942280696,-0.0012750607413046,0.01,0.9204178495803228,0.8820611469304174,-0.0008080808983523,-0.0466979842952311,-7.414175270234779,0.954375590484365,0.954375590484365,24,backpack,0.954375590484365,0,person,person|backpack|skis,True,-0.0012750607413046,4,-0.000466979842952311,-0.001275060741304611
24,backpack,C:\Users\maxbe\Downloads\coco\train2017\000000436078.jpg,124,rbf,kernel_herding,direct,False,0.8066462585858233,-0.0012731356422462,0.01,0.9204178495803228,0.8819980162026287,-6.313072778862949e-05,-0.1210004914457682,-7.535175761680547,0.8860335241543427,0.8860335241543427,24,backpack,0.8860335241543427,17,horse,person|dog|horse|chair|dining table,False,-0.0012731356422463,4,-0.001210004914457682,-0.0012731356422463116
24,backpack,C:\Users\maxbe\Downloads\coco\train2017\000000244032.jpg,125,rbf,kernel_herding,direct,False,0.8053660582576155,-0.0012802003282077,0.01,0.9204178495803228,0.8818470157778616,-0.0001510004247671,-0.1129199903440631,-7.64809575202461,0.8932221236508795,0.8932221236508795,24,backpack,0.8932221236508795,0,person,person|bicycle|car|handbag,False,-0.0012802003282077,4,-0.001129199903440631,-0.001280200328207731
24,backpack,C:\Users\maxbe\Downloads\coco\train2017\000000054130.jpg,126,rbf,kernel_herding,direct,False,0.8040819432796007,-0.0012841149780148,0.01,0.9204178495803228,0.881428859785163,-0.0004181559926985,-0.0865958985316316,-7.7346916505562415,0.9170476010483668,0.9170476010483668,24,backpack,0.9170476010483668,0,person,person|backpack|skis,True,-0.0012841149780148,4,-0.0008659589853163161,-0.001284114978014816
24,backpack,C:\Users\maxbe\Downloads\coco\train2017\000000199142.jpg,127,rbf,kernel_herding,direct,False,0.8027939391690009,-0.0012880041105998,0.01,0.9204178495803228,0.881452023857119,2.316407195590564e-05,-0.1311168182555633,-7.865808468811805,0.8771153053251353,0.8771153053251353,24,backpack,0.8771153053251353,0,person,person|kite,False,-0.0012880041105997,4,-0.0013111681825556329,-0.0012880041105997272
24,backpack,C:\Users\maxbe\Downloads\coco\train2017\000000089355.jpg,128,rbf,kernel_herding,direct,False,0.8015024499326666,-0.0012914892363342,0.01,0.9204178495803228,0.8814974234852698,4.539962815086618e-05,-0.1336888864485127,-7.999497355260318,0.8748622037543222,0.8748622037543222,24,backpack,0.8748622037543222,0,person,person|surfboard,False,-0.0012914892363342,4,-0.001336888864485127,-0.0012914892363342608
24,backpack,C:\Users\maxbe\Downloads\coco\train2017\000000417264.jpg,129,rbf,kernel_herding,direct,False,0.8002111142480957,-0.0012913356845709,0.01,0.9204178495803228,0.8808447577221643,-0.0006526657631055,-0.0638669921465401,-8.063364347406859,0.9381297698587846,0.9381297698587846,24,backpack,0.9381297698587846,0,person,person|backpack|skis,True,-0.0012913356845709,4,-0.000638669921465401,-0.001291335684570901
24,backpack,C:\Users\maxbe\Downloads\coco\train2017\000000111998.jpg,130,rbf,kernel_herding,direct,False,0.7989206947145011,-0.0012904195335945,0.01,0.9204178495803228,0.8810023743300072,0.0001576166078428,-0.1448036141437421,-8.2081679615506,0.8651921879353803,0.8651921879353803,24,backpack,0.8651921879353803,5,bus,person|bus|backpack|handbag,True,-0.0012904195335946,4,-0.001448036141437421,-0.001290419533594621
24,backpack,C:\Users\maxbe\Downloads\coco\train2017\000000506315.jpg,131,rbf,kernel_herding,direct,False,0.7976293896969171,-0.001291305017584,0.01,0.9204178495803228,0.8809104819288832,-9.18924011239497e-05,-0.1199412616460132,-8.328109223196615,0.8869725344927814,0.8869725344927814,24,backpack,0.8869725344927814,0,person,person|bicycle|backpack|handbag|cell phone,True,-0.001291305017584,4,-0.001199412616460132,-0.0012913050175840817
24,backpack,C:\Users\maxbe\Downloads\coco\train2017\000000458208.jpg,132,rbf,kernel_herding,direct,False,0.79632720924514,-0.0013021804517771,0.01,0.9204178495803228,0.8809042754880104,-6.206440872791319e-06,-0.1295974010904228,-8.457706624287038,0.8784490223555419,0.8784490223555419,24,backpack,0.8784490223555419,33,kite,kite,False,-0.001302180451777,4,-0.0012959740109042281,-0.0013021804517770194
24,backpack,C:\Users\maxbe\Downloads\coco\train2017\000000265796.jpg,133,rbf,kernel_herding,direct,False,0.7950246103990727,-0.0013025988460673,0.01,0.9204178495803228,0.8801831720862133,-0.000721103401797,-0.0581495444270283,-8.515856168714066,0.9435088403962424,0.9435088403962424,24,backpack,0.9435088403962424,0,person,person|skis,False,-0.0013025988460672,4,-0.000581495444270283,-0.001302598846067283
24,backpack,C:\Users\maxbe\Downloads\coco\train2017\000000145129.jpg,134,rbf,kernel_herding,direct,False,0.7937195310485025,-0.0013050793505702,0.01,0.9204178495803228,0.8800728535159954,-0.0001103185702179,-0.1194760780352258,-8.635332246749291,0.887385235562491,0.887385235562491,24,backpack,0.887385235562491,1,bicycle,bicycle|book,False,-0.0013050793505701,4,-0.0011947607803522579,-0.0013050793505701578
24,backpack,C:\Users\maxbe\Downloads\coco\train2017\000000067988.jpg,135,rbf,kernel_herding,direct,False,0.792414495929646,-0.0013050351188564,0.01,0.9204178495803228,0.8800708290403655,-2.0244756299137023e-06,-0.1303010643226618,-8.765633311071953,0.8778311075045903,0.8778311075045903,24,backpack,0.8778311075045903,0,person,person|chair|couch|remote|book,False,-0.0013050351188565,4,-0.001303010643226618,-0.0013050351188565318
24,backpack,C:\Users\maxbe\Downloads\coco\train2017\000000308107.jpg,136,rbf,kernel_herding,direct,False,0.7911112661377153,-0.0013032297919306,0.01,0.9204178495803228,0.8792949019034428,-0.0007759271369226,-0.0527302655007939,-8.818363576572747,0.9486358577926244,0.9486358577926244,24,backpack,0.9486358577926244,0,person,person|skis,False,-0.0013032297919305,4,-0.000527302655007939,-0.0013032297919305389
24,backpack,C:\Users\maxbe\Downloads\coco\train2017\000000524736.jpg,137,rbf,kernel_herding,direct,False,0.7898006598948758,-0.0013106062428395,0.01,0.9204178495803228,0.8791688692909412,-0.0001260326125016,-0.1184573630337869,-8.936820939606534,0.8882896888258501,0.8882896888258501,24,backpack,0.8882896888258501,37,surfboard,person|backpack|surfboard,True,-0.0013106062428394,4,-0.001184573630337869,-0.0013106062428394692
24,backpack,C:\Users\maxbe\Downloads\coco\train2017\000000218749.jpg,138,rbf,kernel_herding,direct,False,0.7884724047044203,-0.0013282551904555,0.01,0.9204178495803228,0.8785477036408655,-0.0006211656500756,-0.0707089540379925,-9.007529893644527,0.9317330298039088,0.9317330298039088,24,backpack,0.9317330298039088,0,person,person|skis,False,-0.0013282551904555,4,-0.000707089540379925,-0.001328255190455525
24,backpack,C:\Users\maxbe\Downloads\coco\train2017\000000471647.jpg,139,rbf,kernel_herding,direct,False,0.787141827064043,-0.0013305776403772,0.01,0.9204178495803228,0.8785975579690146,4.985432814907931e-05,-0.1380431968526351,-9.145573090497162,0.8710610638356898,0.8710610638356898,24,backpack,0.8710610638356898,57,couch,person|handbag|bottle|couch|tv|remote|sink|book|vase,False,-0.0013305776403772,4,-0.001380431968526351,-0.0013305776403772717
24,backpack,C:\Users\maxbe\Downloads\coco\train2017\000000455717.jpg,140,rbf,kernel_herding,direct,False,0.785812454141526,-0.001329372922517,0.01,0.9204178495803228,0.8778594329051956,-0.0007381250638189,-0.0591247858698006,-9.204697876366962,0.9425891400113238,0.9425891400113238,24,backpack,0.9425891400113238,0,person,person|skis,False,-0.0013293729225169,4,-0.000591247858698006,-0.0013293729225169059
28,suitcase,C:\Users\maxbe\Downloads\coco\train2017\000000077318.jpg,1,rbf,kernel_herding,direct,False,0.9204613919308454,0.0005978111146626,0.0001,0.9198636827704906,0.9204710717762457,0.0006074909600628,-0.0967984540017979,-0.0967984540017979,0.9077389388475122,0.9077389388475122,28,suitcase,0.9077389388475122,-1,unlabeled,,False,0.0005978111146626,5,-9.67984540017979e-06,0.0005978111146626202
28,suitcase,C:\Users\maxbe\Downloads\coco\train2017\000000109516.jpg,2,rbf,kernel_herding,direct,False,0.9210035576292752,0.0005421656984296,0.0001,0.9198636827704906,0.9210611671289426,0.0005900953526969,-0.4792965426729271,-0.5760949966747251,0.6192188326550495,0.6192188326550495,28,suitcase,0.6192188326550495,14,bird,bird,False,0.0005421656984296,5,-4.792965426729271e-05,0.0005421656984296073
28,suitcase,C:\Users\maxbe\Downloads\coco\train2017\000000327176.jpg,3,rbf,kernel_herding,direct,False,0.9215139289918296,0.0005103713625544,0.0001,0.9198636827704906,0.921620235060506,0.0005590679315634,-0.486965690090002,-1.063060686764727,0.614488115613898,0.614488115613898,28,suitcase,0.614488115613898,14,bird,bird,False,0.0005103713625543,5,-4.8696569009000205e-05,0.0005103713625543998
28,suitcase,C:\Users\maxbe\Downloads\coco\train2017\000000442813.jpg,4,rbf,kernel_herding,direct,False,0.9219872293336184,0.0004733003417887,0.0001,0.9198636827704906,0.92215029198363,0.0005300569231238,-0.5675658133511409,-1.6306265001158675,0.5669037099752281,0.5669037099752281,28,suitcase,0.5669037099752281,18,sheep,sheep,False,0.0004733003417886,5,-5.675658133511409e-05,0.00047330034178868596
28,suitcase,C:\Users\maxbe\Downloads\coco\train2017\000000108761.jpg,5,rbf,kernel_herding,direct,False,0.92243263035221,0.0004454010185918,0.0001,0.9198636827704906,0.922642363109925,0.0004920711262951,-0.46670107703268,-2.097327577148548,0.6270675072783644,0.6270675072783644,28,suitcase,0.6270675072783644,16,dog,dog|potted plant,False,0.0004454010185918,5,-4.6670107703268e-05,0.00044540101859183196
28,suitcase,C:\Users\maxbe\Downloads\coco\train2017\000000339278.jpg,6,rbf,kernel_herding,direct,False,0.9228650816066164,0.0004324512544061,0.0001,0.9198636827704906,0.92311274781422,0.0004703847042951,-0.3793344988895932,-2.476662076038141,0.6843166712104314,0.6843166712104314,28,suitcase,0.6843166712104314,11,stop sign,car|fire hydrant|stop sign|clock,False,0.0004324512544061,5,-3.793344988895932e-05,0.00043245125440614067
28,suitcase,C:\Users\maxbe\Downloads\coco\train2017\000000373575.jpg,7,rbf,kernel_herding,direct,False,0.9232842353183988,0.0004191537117824,0.0001,0.9198636827704906,0.9236166426062358,0.0005038947920156,-0.8474108023319318,-3.324072878370073,0.4285230276131314,0.4285230276131314,28,suitcase,0.4285230276131314,0,person,person|sports ball,False,0.0004191537117824,5,-8.474108023319318e-05,0.0004191537117824068
28,suitcase,C:\Users\maxbe\Downloads\coco\train2017\000000122996.jpg,8,rbf,kernel_herding,direct,False,0.9236831739219046,0.0003989386035058,0.0001,0.9198636827704906,0.9240647521878442,0.0004481095816084,-0.4917097810259915,-3.815782659396064,0.6115798321495277,0.6115798321495277,28,suitcase,0.6115798321495277,20,elephant,elephant,False,0.0003989386035058,5,-4.917097810259915e-05,0.00039893860350580083
28,suitcase,C:\Users\maxbe\Downloads\coco\train2017\000000145896.jpg,9,rbf,kernel_herding,direct,False,0.9240636867633352,0.0003805128414304,0.0001,0.9198636827704906,0.924473277836664,0.0004085256488196,-0.2801280738924029,-4.095910733288467,0.7556869514874086,0.7556869514874086,28,suitcase,0.7556869514874086,74,clock,clock,False,0.0003805128414303,5,-2.8012807389240292e-05,0.0003805128414303597
28,suitcase,C:\Users\maxbe\Downloads\coco\train2017\000000425027.jpg,10,rbf,kernel_herding,direct,False,0.9244328764507604,0.0003691896874253,0.0001,0.9198636827704906,0.924847450811968,0.0003741729753041,-0.0498328787872292,-4.145743612075696,0.9513884083991808,0.9513884083991808,28,suitcase,0.9513884083991808,63,laptop,cat|laptop,False,0.0003691896874253,5,-4.98328787872292e-06,0.00036918968742537706
28,suitcase,C:\Users\maxbe\Downloads\coco\train2017\000000293452.jpg,11,rbf,kernel_herding,direct,False,0.9247935810542668,0.0003607046035063,0.0001,0.9198636827704906,0.92529358746322,0.0004461366512518,-0.8543204774550768,-5.000064089530773,0.4255722788072812,0.4255722788072812,28,suitcase,0.4255722788072812,14,bird,bird,False,0.0003607046035062,5,-8.543204774550768e-05,0.00036070460350629235
28,suitcase,C:\Users\maxbe\Downloads\coco\train2017\000000022462.jpg,12,rbf,kernel_herding,direct,False,0.9251453599643789,0.0003517789101119,0.0001,0.9198636827704906,0.9256891044536626,0.0003955169904427,-0.4373808033073129,-5.437444892838086,0.645725490182702,0.645725490182702,28,suitcase,0.645725490182702,57,couch,person|dog|couch,False,0.0003517789101119,5,-4.373808033073129e-05,0.0003517789101119687
28,suitcase,C:\Users\maxbe\Downloads\coco\train2017\000000155777.jpg,13,rbf,kernel_herding,direct,False,0.925484022773878,0.0003386628094991,0.0001,0.9198636827704906,0.9260472863143347,0.0003581818606721,-0.1951905117309175,-5.632635404569004,0.8226779133313816,0.8226779133313816,28,suitcase,0.8226779133313816,14,bird,person|motorcycle|bird|bowl|chair,False,0.000338662809499,5,-1.9519051173091752e-05,0.00033866280949900823
28,suitcase,C:\Users\maxbe\Downloads\coco\train2017\000000554486.jpg,14,rbf,kernel_herding,direct,False,0.9258115191291272,0.0003274963552493,0.0001,0.9198636827704906,0.926427448270284,0.0003801619559491,-0.5266560069984809,-6.159291411567485,0.5905765552235168,0.5905765552235168,28,suitcase,0.5905765552235168,49,orange,orange,False,0.0003274963552492,5,-5.26656006998481e-05,0.00032749635524925193
28,suitcase,C:\Users\maxbe\Downloads\coco\train2017\000000028002.jpg,15,rbf,kernel_herding,direct,False,0.926130998840206,0.0003194797110787,0.0001,0.9198636827704906,0.926764514052215,0.0003370657819311,-0.1758607085245005,-6.335152120091985,0.8387348038082125,0.8387348038082125,28,suitcase,0.8387348038082125,0,person,person|boat|umbrella|chair|clock,False,0.0003194797110786,5,-1.758607085245005e-05,0.00031947971107864996
28,suitcase,C:\Users\maxbe\Downloads\coco\train2017\000000500859.jpg,16,rbf,kernel_herding,direct,False,0.9264405516709704,0.0003095528307643,0.0001,0.9198636827704906,0.927091141879514,0.0003266278272988,-0.1707499653445401,-6.505902085436525,0.8430323344200298,0.8430323344200298,28,suitcase,0.8430323344200298,13,bench,bench|cat,False,0.0003095528307643,5,-1.707499653445401e-05,0.000309552830764346
28,suitcase,C:\Users\maxbe\Downloads\coco\train2017\000000410663.jpg,17,rbf,kernel_herding,direct,False,0.9267388208723056,0.0002982692013354,0.0001,0.9198636827704906,0.9274667939123395,0.0003756520328257,-0.7738283149025366,-7.279730400339062,0.4612438971137179,0.4612438971137179,28,suitcase,0.4612438971137179,16,dog,dog|toothbrush,False,0.0002982692013354,5,-7.738283149025366e-05,0.00029826920133544635
28,suitcase,C:\Users\maxbe\Downloads\coco\train2017\000000408578.jpg,18,rbf,kernel_herding,direct,False,0.92702478764048,0.0002859667681742,0.0001,0.9198636827704906,0.9278345872334532,0.0003677933211135,-0.8182655293928079,-8.09799592973187,0.4411962331421243,0.4411962331421243,28,suitcase,0.4411962331421243,67,cell phone,keyboard|cell phone,False,0.0002859667681742,5,-8.18265529392808e-05,0.0002859667681742192
28,suitcase,C:\Users\maxbe\Downloads\coco\train2017\000000086677.jpg,19,rbf,kernel_herding,direct,False,0.9272935540807032,0.0002687664402231,0.0001,0.9198636827704906,0.9282373021083854,0.0004027148749321,-1.339484347090777,-9.437480276822646,0.261980724878191,0.261980724878191,28,suitcase,0.261980724878191,74,clock,clock,False,0.000268766440223,5,-0.0001339484347090777,0.0002687664402230223
28,suitcase,C:\Users\maxbe\Downloads\coco\train2017\000000485798.jpg,20,rbf,kernel_herding,direct,False,0.9275543067169106,0.0002607526362075,0.0001,0.9198636827704906,0.9286129653090234,0.0003756632006379,-1.1491056443042091,-10.586585921126854,0.3169200819484652,0.3169200819484652,28,suitcase,0.3169200819484652,14,bird,bird,False,0.0002607526362074,5,-0.00011491056443042092,0.00026075263620747906
28,suitcase,C:\Users\maxbe\Downloads\coco\train2017\000000031376.jpg,21,rbf,kernel_herding,direct,False,0.9278040521269322,0.0002497454100215,0.0001,0.9198636827704906,0.9289534286507636,0.0003404633417402,-0.9071793171875718,-11.493765238314426,0.4036612199915812,0.4036612199915812,28,suitcase,0.4036612199915812,17,horse,horse,False,0.0002497454100214,5,-9.071793171875719e-05,0.0002497454100214428
28,suitcase,C:\Users\maxbe\Downloads\coco\train2017\000000061624.jpg,22,rbf,kernel_herding,direct,False,0.9280460265027316,0.0002419743757995,0.0001,0.9198636827704906,0.9292384845192116,0.0002850558684479,-0.4308149264834123,-11.924580164797838,0.6499791935778899,0.6499791935778899,28,suitcase,0.6499791935778899,4,airplane,person|airplane|truck,False,0.0002419743757995,5,-4.308149264834123e-05,0.0002419743757995588
28,suitcase,C:\Users\maxbe\Downloads\coco\train2017\000000387924.jpg,23,rbf,kernel_herding,direct,False,0.9282806209682284,0.0002345944654967,0.0001,0.9198636827704906,0.9295202881762364,0.0002818036570249,-0.4720919152818958,-12.396672080079734,0.6236961830715636,0.6236961830715636,28,suitcase,0.6236961830715636,2,car,car|parking meter,False,0.0002345944654967,5,-4.7209191528189584e-05,0.0002345944654967104
28,suitcase,C:\Users\maxbe\Downloads\coco\train2017\000000356742.jpg,24,rbf,kernel_herding,direct,False,0.928506018882298,0.0002253979140693,0.0001,0.9198636827704906,0.9297682753776628,0.0002479872014264,-0.2258928735704692,-12.622564953650205,0.7978035629341764,0.7978035629341764,28,suitcase,0.7978035629341764,73,book,bed|book,False,0.0002253979140693,5,-2.258928735704692e-05,0.00022539791406935307
28,suitcase,C:\Users\maxbe\Downloads\coco\train2017\000000005785.jpg,25,rbf,kernel_herding,direct,False,0.9287260759409338,0.0002200570586359,0.0001,0.9198636827704906,0.9300969659319488,0.0003286905542857,-1.0863349564987983,-13.708899910149002,0.337451002663624,0.337451002663624,28,suitcase,0.337451002663624,21,bear,bear,False,0.0002200570586358,5,-0.00010863349564987984,0.00022005705863582017
28,suitcase,C:\Users\maxbe\Downloads\coco\train2017\000000466863.jpg,26,rbf,kernel_herding,direct,False,0.928933862309678,0.0002077863687441,0.0001,0.9198636827704906,0.9303762857633244,0.0002793198313757,-0.715334626314921,-14.424234536463922,0.4890284426272053,0.4890284426272053,28,suitcase,0.4890284426272053,74,clock,clock,False,0.0002077863687442,5,-7.15334626314921e-05,0.0002077863687442079
28,suitcase,C:\Users\maxbe\Downloads\coco\train2017\000000044123.jpg,27,rbf,kernel_herding,direct,False,0.9291358242248284,0.0002019619151504,0.0001,0.9198636827704906,0.9306421288651694,0.0002658431018449,-0.6388118669457556,-15.06304640340968,0.5279192899266023,0.5279192899266023,28,suitcase,0.5279192899266023,14,bird,bird,False,0.0002019619151503,5,-6.388118669457556e-05,0.00020196191515032446
28,suitcase,C:\Users\maxbe\Downloads\coco\train2017\000000536204.jpg,28,rbf,kernel_herding,direct,False,0.929330492348731,0.0001946681239025,0.0001,0.9198636827704906,0.930973718549702,0.0003315896845326,-1.3692156063001109,-16.43226200970979,0.2543063576430511,0.2543063576430511,28,suitcase,0.2543063576430511,14,bird,bird,False,0.0001946681239025,5,-0.00013692156063001108,0.00019466812390258893
28,suitcase,C:\Users\maxbe\Downloads\coco\train2017\000000370634.jpg,29,rbf,kernel_herding,direct,False,0.929515355530328,0.000184863181597,0.0001,0.9198636827704906,0.9312717820545884,0.0002980635048863,-1.1320032328933014,-17.56426524260309,0.3223867933006363,0.3223867933006363,28,suitcase,0.3223867933006363,7,truck,car|truck|umbrella,False,0.0001848631815969,5,-0.00011320032328933015,0.0001848631815969699
28,suitcase,C:\Users\maxbe\Downloads\coco\train2017\000000264532.jpg,30,rbf,kernel_herding,direct,False,0.9296942819046766,0.0001789263743485,0.0001,0.9198636827704906,0.9314727070389688,0.0002009249843805,-0.2199861003196415,-17.78425134292273,0.8025299527937759,0.8025299527937759,28,suitcase,0.8025299527937759,59,bed,chair|bed,False,0.0001789263743485,5,-2.199861003196415e-05,0.00017892637434853585
28,suitcase,C:\Users\maxbe\Downloads\coco\train2017\000000095702.jpg,31,rbf,kernel_herding,direct,False,0.92986933891853,0.0001750570138532,0.0001,0.9198636827704906,0.9316696218438386,0.0001969148048697,-0.2185779101651705,-18.0028292530879,0.803660863653856,0.803660863653856,28,suitcase,0.803660863653856,17,horse,person|bus|horse|tie,False,0.0001750570138531,5,-2.1857791016517052e-05,0.00017505701385318292
28,suitcase,C:\Users\maxbe\Downloads\coco\train2017\000000429898.jpg,32,rbf,kernel_herding,direct,False,0.930036112518548,0.000166773600018,0.0001,0.9198636827704906,0.9318705745714672,0.0002009527276285,-0.3417912761050115,-18.34462052919291,0.7104964868267346,0.7104964868267346,28,suitcase,0.7104964868267346,14,bird,bird,False,0.0001667736000179,5,-3.417912761050115e-05,0.00016677360001799885
28,suitcase,C:\Users\maxbe\Downloads\coco\train2017\000000255974.jpg,33,rbf,kernel_herding,direct,False,0.9301971930094152,0.0001610804908673,0.0001,0.9198636827704906,0.932109702246598,0.0002391276751309,-0.7804718426351692,-19.12509237182808,0.4581897668245664,0.4581897668245664,28,suitcase,0.4581897668245664,14,bird,bird,False,0.0001610804908673,5,-7.804718426351693e-05,0.00016108049086738306
28,suitcase,C:\Users\maxbe\Downloads\coco\train2017\000000085886.jpg,34,rbf,kernel_herding,direct,False,0.9303545998903708,0.0001574068809554,0.0001,0.9198636827704906,0.932285979138782,0.000176276892184,-0.1887001122857887,-19.31379248411387,0.8280347869233158,0.8280347869233158,28,suitcase,0.8280347869233158,13,bench,bench|dog|bottle|sandwich,False,0.0001574068809554,5,-1.8870011228578872e-05,0.00015740688095542112
28,suitcase,C:\Users\maxbe\Downloads\coco\train2017\000000337806.jpg,35,rbf,kernel_herding,direct,False,0.930508610351828,0.0001540104614573,0.0001,0.9198636827704906,0.9324580994220116,0.0001721202832295,-0.1810982177218748,-19.494890701835743,0.8343534063794574,0.8343534063794574,28,suitcase,0.8343534063794574,6,train,train|traffic light,False,0.0001540104614573,5,-1.810982177218748e-05,0.00015401046145731252
28,suitcase,C:\Users\maxbe\Downloads\coco\train2017\000000051296.jpg,36,rbf,kernel_herding,direct,False,0.930656305723004,0.0001476953711759,0.0001,0.9198636827704906,0.9326318788203994,0.0001737793983878,-0.2608402721182043,-19.75573097395395,0.7704039647803672,0.7704039647803672,28,suitcase,0.7704039647803672,15,cat,cat,False,0.0001476953711759,5,-2.6084027211820433e-05,0.0001476953711759796
28,suitcase,C:\Users\maxbe\Downloads\coco\train2017\000000365444.jpg,37,rbf,kernel_herding,direct,False,0.9307986578374864,0.0001423521144824,0.0001,0.9198636827704906,0.9328069554939028,0.0001750766735034,-0.3272455902105305,-20.08297656416448,0.7209066736614882,0.7209066736614882,28,suitcase,0.7209066736614882,3,motorcycle,person|motorcycle,False,0.0001423521144823,5,-3.2724559021053054e-05,0.00014235211448234694
28,suitcase,C:\Users\maxbe\Downloads\coco\train2017\000000253838.jpg,38,rbf,kernel_herding,direct,False,0.9309327537201474,0.0001340958826608,0.0001,0.9198636827704906,0.9329707992673972,0.0001638437734944,-0.2974789083349134,-20.380455472499392,0.7426882475863698,0.7426882475863698,28,suitcase,0.7426882475863698,0,person,person|sports ball|baseball glove,False,0.0001340958826609,5,-2.9747890833491343e-05,0.00013409588266090867
28,suitcase,C:\Users\maxbe\Downloads\coco\train2017\000000032598.jpg,39,rbf,kernel_herding,direct,False,0.9310630809832354,0.000130327263088,0.0001,0.9198636827704906,0.9331672743526656,0.0001964750852682,-0.661478221802248,-21.04193369430164,0.5160878779975708,0.5160878779975708,28,suitcase,0.5160878779975708,0,person,person|tie,False,0.0001303272630879,5,-6.614782218022481e-05,0.0001303272630879752
28,suitcase,C:\Users\maxbe\Downloads\coco\train2017\000000276871.jpg,40,rbf,kernel_herding,direct,False,0.9311897297955224,0.0001266488122868,0.0001,0.9198636827704906,0.9333356008084566,0.000168326455791,-0.4167764350417719,-21.45871012934341,0.6591682703981449,0.6591682703981449,28,suitcase,0.6591682703981449,59,bed,dog|bed,False,0.0001266488122868,5,-4.167764350417719e-05,0.0001266488122868228
42,fork,C:\Users\maxbe\Downloads\coco\train2017\000000246467.jpg,1,rbf,kernel_herding,direct,False,0.8891209861027549,0.000806841725062,0.0001,0.8883141752115546,0.8892639170128825,0.0009497726351896,-1.4293091012758996,-1.4293091012758996,0.2394743176009404,0.2394743176009404,42,fork,0.2394743176009404,0,person,person|skis,False,0.000806841725062,5,-0.00014293091012758998,0.00080684172506201
42,fork,C:\Users\maxbe\Downloads\coco\train2017\000000424218.jpg,2,rbf,kernel_herding,direct,False,0.8899062876628133,0.0007853015600584,0.0001,0.8883141752115546,0.8901167125369311,0.0008527955240485,-0.6749396399022795,-2.104248741178179,0.5091871542653861,0.5091871542653861,42,fork,0.5091871542653861,47,apple,apple|orange,False,0.0007853015600582,5,-6.749396399022795e-05,0.000785301560058272
42,fork,C:\Users\maxbe\Downloads\coco\train2017\000000399016.jpg,3,rbf,kernel_herding,direct,False,0.8906580393701398,0.0007517517073264,0.0001,0.8883141752115546,0.8910326297282284,0.0009159171912972,-1.641654839708358,-3.745903580886537,0.193659301873464,0.193659301873464,28,suitcase,0.2234180572032842,14,bird,bird,False,0.0007517517073263,5,-0.0001641654839708358,0.0007517517073263642
42,fork,C:\Users\maxbe\Downloads\coco\train2017\000000131497.jpg,4,rbf,kernel_herding,direct,False,0.8913867881743919,0.0007287488042521,0.0001,0.8883141752115546,0.8918725827784344,0.000839953050206,-1.112042459538387,-4.857946040424924,0.3288865371637542,0.3288865371637542,42,fork,0.3288865371637542,16,dog,dog,False,0.0007287488042521,5,-0.00011120424595383872,0.0007287488042521613
42,fork,C:\Users\maxbe\Downloads\coco\train2017\000000173228.jpg,5,rbf,kernel_herding,direct,False,0.8920937450609341,0.0007069568865422,0.0001,0.8883141752115546,0.8926420128839303,0.0007694301054959,-0.6247321895374456,-5.482678229962369,0.535404796325592,0.535404796325592,42,fork,0.535404796325592,69,oven,banana|apple|chair|potted plant|dining table|microwave|oven|refrigerator|vase,False,0.0007069568865421,5,-6.247321895374456e-05,0.0007069568865421555
42,fork,C:\Users\maxbe\Downloads\coco\train2017\000000121193.jpg,6,rbf,kernel_herding,direct,False,0.8927823016635934,0.0006885566026593,0.0001,0.8883141752115546,0.8934335856115305,0.0007915727276002,-1.0301612494087535,-6.512839479371123,0.3569493980479206,0.3569493980479206,42,fork,0.3569493980479206,0,person,person|bird|fork|spoon|dining table,True,0.0006885566026593,5,-0.00010301612494087536,0.0006885566026593246
42,fork,C:\Users\maxbe\Downloads\coco\train2017\000000157378.jpg,7,rbf,kernel_herding,direct,False,0.893452437692978,0.0006701360293845,0.0001,0.8883141752115546,0.8942391775800785,0.000805591968548,-1.3545593916343794,-7.867398871005502,0.2580609732287215,0.2580609732287215,42,fork,0.2580609732287215,75,vase,vase,False,0.0006701360293845,5,-0.00013545593916343795,0.000670136029384562
42,fork,C:\Users\maxbe\Downloads\coco\train2017\000000509185.jpg,8,rbf,kernel_herding,direct,False,0.8940919805921442,0.0006395428991662,0.0001,0.8883141752115546,0.8950855465609098,0.0008463689808312,-2.068260816650015,-9.935659687655518,0.1264054328660409,0.1264054328660409,28,suitcase,0.1792787324390698,74,clock,clock,False,0.0006395428991661,5,-0.00020682608166500152,0.0006395428991661985
42,fork,C:\Users\maxbe\Downloads\coco\train2017\000000077769.jpg,9,rbf,kernel_herding,direct,False,0.8947042714691696,0.0006122908770254,0.0001,0.8883141752115546,0.8958641460663423,0.0007785995054325,-1.6630862840717269,-11.598745971727244,0.1895530618150346,0.1895530618150346,28,suitcase,0.292829723552782,16,dog,dog|bed|keyboard,False,0.0006122908770253,5,-0.0001663086284071727,0.0006122908770253273
42,fork,C:\Users\maxbe\Downloads\coco\train2017\000000419735.jpg,10,rbf,kernel_herding,direct,False,0.8953007624017834,0.0005964909326137,0.0001,0.8883141752115546,0.8965757742925947,0.0007116282262523,-1.1513729363863812,-12.750118908113624,0.3162023455225048,0.3162023455225048,42,fork,0.3162023455225048,59,bed,dog|bed,False,0.0005964909326136,5,-0.00011513729363863812,0.0005964909326136618
42,fork,C:\Users\maxbe\Downloads\coco\train2017\000000137984.jpg,11,rbf,kernel_herding,direct,False,0.8958793422532639,0.0005785798514805,0.0001,0.8883141752115546,0.8973618931004075,0.0007861188078127,-2.0753895633213846,-14.825508471435008,0.1255075248392402,0.1255075248392402,42,fork,0.1255075248392402,14,bird,bird,False,0.0005785798514805,5,-0.00020753895633213846,0.0005785798514805616
42,fork,C:\Users\maxbe\Downloads\coco\train2017\000000488723.jpg,12,rbf,kernel_herding,direct,False,0.8964398811305723,0.0005605388773083,0.0001,0.8883141752115546,0.8980252650338418,0.0006633719334343,-1.0283305612606093,-15.853839032695618,0.3576034595891023,0.3576034595891023,42,fork,0.3576034595891023,58,potted plant,bottle|potted plant|dining table|vase,False,0.0005605388773082,5,-0.00010283305612606093,0.000560538877308239
42,fork,C:\Users\maxbe\Downloads\coco\train2017\000000485598.jpg,13,rbf,kernel_herding,direct,False,0.8969787396618871,0.0005388585313148,0.0001,0.8883141752115546,0.898826788865119,0.0008015238312771,-2.6266529996236634,-18.48049203231928,0.072320113055104,0.072320113055104,28,suitcase,0.2165734982172302,74,clock,person|clock,False,0.0005388585313147,5,-0.00026266529996236634,0.0005388585313147337
42,fork,C:\Users\maxbe\Downloads\coco\train2017\000000513174.jpg,14,rbf,kernel_herding,direct,False,0.8974987980120667,0.0005200583501795,0.0001,0.8883141752115546,0.8994637220197504,0.0006369331546314,-1.1687480445181908,-19.649240076837472,0.3107557501929247,0.3107557501929247,42,fork,0.3107557501929247,17,horse,person|horse,False,0.0005200583501795,5,-0.00011687480445181909,0.000520058350179581
42,fork,C:\Users\maxbe\Downloads\coco\train2017\000000562171.jpg,15,rbf,kernel_herding,direct,False,0.8979975977366682,0.0004987997246015,0.0001,0.8883141752115546,0.9001777798102448,0.0007140577904943,-2.1525806589291965,-21.80182073576667,0.1161839394378081,0.1161839394378081,42,fork,0.1161839394378081,23,giraffe,person|car|giraffe,False,0.0004987997246013,5,-0.00021525806589291967,0.0004987997246013804
42,fork,C:\Users\maxbe\Downloads\coco\train2017\000000262113.jpg,16,rbf,kernel_herding,direct,False,0.8984800538157218,0.0004824560790536,0.0001,0.8883141752115546,0.9008273091843788,0.000649529374134,-1.6707329508048472,-23.47255368657152,0.188109140351876,0.188109140351876,42,fork,0.188109140351876,49,orange,orange,False,0.0004824560790535,5,-0.00016707329508048474,0.00048245607905351523
42,fork,C:\Users\maxbe\Downloads\coco\train2017\000000006428.jpg,17,rbf,kernel_herding,direct,False,0.8989497620394604,0.0004697082237385,0.0001,0.8883141752115546,0.9014637824603164,0.0006364732759375,-1.6676505219885385,-25.140204208560053,0.1886898679526475,0.1886898679526475,42,fork,0.1886898679526475,62,tv,tv|mouse|keyboard,False,0.0004697082237386,5,-0.00016676505219885386,0.0004697082237386461
42,fork,C:\Users\maxbe\Downloads\coco\train2017\000000046428.jpg,18,rbf,kernel_herding,direct,False,0.8994025149302585,0.000452752890798,0.0001,0.8883141752115546,0.901994609504557,0.0005308270442405,-0.7807415344249565,-25.92094574298501,0.4580662134677009,0.4580662134677009,42,fork,0.4580662134677009,54,donut,donut,False,0.000452752890798,5,-7.807415344249566e-05,0.0004527528907980044
42,fork,C:\Users\maxbe\Downloads\coco\train2017\000000519874.jpg,19,rbf,kernel_herding,direct,False,0.8998438446382583,0.0004413297079998,0.0001,0.8883141752115546,0.902631513389883,0.000636903885326,-1.955741773262489,-27.876687516247497,0.1414595068861152,0.1414595068861152,42,fork,0.1414595068861152,21,bear,bear,False,0.0004413297079997,5,-0.0001955741773262489,0.0004413297079997511
42,fork,C:\Users\maxbe\Downloads\coco\train2017\000000462931.jpg,20,rbf,kernel_herding,direct,False,0.9002704472510717,0.0004266026128134,0.0001,0.8883141752115546,0.9031530968089028,0.0005215834190196,-0.9498080620614866,-28.826495578308982,0.3868152608525404,0.3868152608525404,42,fork,0.3868152608525404,0,person,person|baseball bat,False,0.0004266026128134,5,-9.498080620614866e-05,0.00042660261281345134
42,fork,C:\Users\maxbe\Downloads\coco\train2017\000000140636.jpg,21,rbf,kernel_herding,direct,False,0.9006828821891659,0.0004124349380941,0.0001,0.8883141752115546,0.903750779277106,0.0005976824682033,-1.8524753010919128,-30.678970879400897,0.1568484382910921,0.1568484382910921,28,suitcase,0.2760133044140199,14,bird,bird,False,0.0004124349380941,5,-0.00018524753010919128,0.00041243493809410873
42,fork,C:\Users\maxbe\Downloads\coco\train2017\000000370634.jpg,22,rbf,kernel_herding,direct,False,0.9010801419107968,0.0003972597216309,0.0001,0.8883141752115546,0.9043830570854592,0.0006322778083531,-2.3501808672224342,-33.02915174662333,0.0953519146188832,0.0953519146188832,28,suitcase,0.3223867933006363,7,truck,car|truck|umbrella,False,0.0003972597216308,5,-0.00023501808672224343,0.0003972597216308566
42,fork,C:\Users\maxbe\Downloads\coco\train2017\000000073906.jpg,23,rbf,kernel_herding,direct,False,0.9014626598988844,0.0003825179880875,0.0001,0.8883141752115546,0.9049215490422396,0.0005384919567804,-1.5597396869294984,-34.588891433552824,0.2101907794860142,0.2101907794860142,28,suitcase,0.3515376310147326,16,dog,dog|tie|couch,False,0.0003825179880874,5,-0.00015597396869294983,0.00038251798808745015
42,fork,C:\Users\maxbe\Downloads\coco\train2017\000000395120.jpg,24,rbf,kernel_herding,direct,False,0.9018359391980862,0.0003732792992018,0.0001,0.8883141752115546,0.9053472518856326,0.0004257028433929,-0.5242354419106148,-35.11312687546344,0.5920078157456022,0.5920078157456022,42,fork,0.5920078157456022,47,apple,knife|apple,False,0.0003732792992018,5,-5.242354419106148e-05,0.0003732792992018385
42,fork,C:\Users\maxbe\Downloads\coco\train2017\000000536204.jpg,25,rbf,kernel_herding,direct,False,0.9021969188457594,0.0003609796476731,0.0001,0.8883141752115546,0.905945077489478,0.0005978256038454,-2.3684595617239355,-37.481586437187374,0.0936248385354133,0.0936248385354133,28,suitcase,0.2543063576430511,14,bird,bird,False,0.000360979647673,5,-0.00023684595617239355,0.0003609796476730064
42,fork,C:\Users\maxbe\Downloads\coco\train2017\000000213951.jpg,26,rbf,kernel_herding,direct,False,0.9025438274740266,0.0003469086282672,0.0001,0.8883141752115546,0.906450469844758,0.00050539235528,-1.5848372701275817,-39.06642370731496,0.2049811469577833,0.2049811469577833,42,fork,0.2049811469577833,17,horse,horse,False,0.0003469086282672,5,-0.0001584837270127582,0.00034690862826724177
42,fork,C:\Users\maxbe\Downloads\coco\train2017\000000443701.jpg,27,rbf,kernel_herding,direct,False,0.902879062384959,0.0003352349109323,0.0001,0.8883141752115546,0.9068120657951744,0.0003615959504161,-0.2636103948385667,-39.33003410215352,0.7682728044043605,0.7682728044043605,42,fork,0.7682728044043605,45,bowl,spoon|bowl,False,0.0003352349109322,5,-2.636103948385667e-05,0.0003352349109322434
42,fork,C:\Users\maxbe\Downloads\coco\train2017\000000319594.jpg,28,rbf,kernel_herding,direct,False,0.9032008871131209,0.0003218247281618,0.0001,0.8883141752115546,0.9073157848180102,0.0005037190228359,-1.818942946740013,-41.148977048893535,0.1621971113336864,0.1621971113336864,28,suitcase,0.2710185300548927,43,knife,knife,False,0.0003218247281618,5,-0.0001818942946740013,0.0003218247281618987
42,fork,C:\Users\maxbe\Downloads\coco\train2017\000000037433.jpg,29,rbf,kernel_herding,direct,False,0.903512546493258,0.0003116593801372,0.0001,0.8883141752115546,0.9077407410648504,0.0004249562468401,-1.132968667029274,-42.28194571592281,0.3220757002794704,0.3220757002794704,42,fork,0.3220757002794704,57,couch,bottle|wine glass|chair|couch|potted plant|tv,False,0.0003116593801371,5,-0.00011329686670292741,0.0003116593801371726
42,fork,C:\Users\maxbe\Downloads\coco\train2017\000000275995.jpg,30,rbf,kernel_herding,direct,False,0.903812409059954,0.0002998625666957,0.0001,0.8883141752115546,0.9082477647359404,0.0005070236710899,-2.0716110439415667,-44.353556759864375,0.1259826545322448,0.1259826545322448,28,suitcase,0.2235078153931926,14,bird,bird,False,0.0002998625666957,5,-0.00020716110439415668,0.0002998625666957433
42,fork,C:\Users\maxbe\Downloads\coco\train2017\000000444496.jpg,31,rbf,kernel_herding,direct,False,0.9041014489588584,0.0002890398989046,0.0001,0.8883141752115546,0.9086041430609402,0.0003563783249999,-0.6733842609524121,-45.02694102081679,0.5099797494798436,0.5099797494798436,42,fork,0.5099797494798436,46,banana,banana,False,0.0002890398989046,5,-6.733842609524121e-05,0.00028903989890465877
42,fork,C:\Users\maxbe\Downloads\coco\train2017\000000038616.jpg,32,rbf,kernel_herding,direct,False,0.9043801243124844,0.0002786753536258,0.0001,0.8883141752115546,0.9090546570682624,0.0004505140073222,-1.7183865369640274,-46.74532755778081,0.1793552977246832,0.1793552977246832,28,suitcase,0.3495243594059151,63,laptop,dog|laptop,False,0.0002786753536257,5,-0.00017183865369640276,0.0002786753536257972
42,fork,C:\Users\maxbe\Downloads\coco\train2017\000000109516.jpg,33,rbf,kernel_herding,direct,False,0.9046493202494575,0.0002691959369733,0.0001,0.8883141752115546,0.9096087121231082,0.0005540550548458,-2.8485911787245106,-49.59391873650532,0.05792587061477,0.05792587061477,28,suitcase,0.6192188326550495,14,bird,bird,False,0.0002691959369733,5,-0.00028485911787245105,0.00026919593697334897
42,fork,C:\Users\maxbe\Downloads\coco\train2017\000000101522.jpg,34,rbf,kernel_herding,direct,False,0.9049102332757436,0.0002609130262858,0.0001,0.8883141752115546,0.9098914587159956,0.0002827465928874,-0.2183356660156079,-49.81225440252093,0.8038555693785181,0.8038555693785181,42,fork,0.8038555693785181,50,broccoli,broccoli|carrot,False,0.0002609130262858,5,-2.183356660156079e-05,0.0002609130262858392
42,fork,C:\Users\maxbe\Downloads\coco\train2017\000000098276.jpg,35,rbf,kernel_herding,direct,False,0.9051669020880732,0.0002566688123297,0.0001,0.8883141752115546,0.9101557125642026,0.0002642538482069,-0.0758503587726778,-49.8881047612936,0.926954906850416,0.926954906850416,42,fork,0.926954906850416,45,bowl,person|fork|bowl|donut,True,0.0002566688123296,5,-7.585035877267781e-06,0.0002566688123296322
42,fork,C:\Users\maxbe\Downloads\coco\train2017\000000476190.jpg,36,rbf,kernel_herding,direct,False,0.9054141544531452,0.0002472523650719,0.0001,0.8883141752115546,0.9105799322565158,0.0004242196923132,-1.7696732724117534,-51.65777803370536,0.1703886504036388,0.1703886504036388,28,suitcase,0.2183731447405017,14,bird,bird,False,0.000247252365072,5,-0.00017696732724117536,0.0002472523650720247
42,fork,C:\Users\maxbe\Downloads\coco\train2017\000000543322.jpg,37,rbf,kernel_herding,direct,False,0.9056520565911672,0.0002379021380219,0.0001,0.8883141752115546,0.9108849026547108,0.0003049703981948,-0.6706826017293924,-52.328460635434745,0.5113594038123375,0.5113594038123375,42,fork,0.5113594038123375,43,knife,knife|broccoli,False,0.0002379021380218,5,-6.706826017293925e-05,0.00023790213802186075
42,fork,C:\Users\maxbe\Downloads\coco\train2017\000000377314.jpg,38,rbf,kernel_herding,direct,False,0.9058811155121128,0.0002290589209454,0.0001,0.8883141752115546,0.9113761410796556,0.000491238424945,-2.6217950399951544,-54.9502556754299,0.0726722959972978,0.0726722959972978,42,fork,0.0726722959972978,4,airplane,airplane,False,0.0002290589209454,5,-0.00026217950399951543,0.00022905892094548461
42,fork,C:\Users\maxbe\Downloads\coco\train2017\000000337153.jpg,39,rbf,kernel_herding,direct,False,0.9061022085085034,0.0002210929963907,0.0001,0.8883141752115546,0.9116950570254184,0.0003189159457626,-0.9782294937191508,-55.92848516914905,0.375976178097946,0.375976178097946,42,fork,0.375976178097946,39,bottle,person|bottle,False,0.0002210929963906,5,-9.782294937191508e-05,0.0002210929963906849
42,fork,C:\Users\maxbe\Downloads\coco\train2017\000000357926.jpg,40,rbf,kernel_herding,direct,False,0.906315308567296,0.0002131000587926,0.0001,0.8883141752115546,0.9120180844235216,0.0003230273981034,-1.099273393107908,-57.02775856225696,0.3331130380128643,0.3331130380128643,42,fork,0.3331130380128643,72,refrigerator,cup|bowl|banana|apple|orange|microwave|oven|sink|refrigerator|clock,False,0.0002131000587926,5,-0.0001099273393107908,0.0002131000587926092
2,car,C:\Users\maxbe\Downloads\coco\train2017\000000358100.jpg,1,rbf,kernel_herding,direct,False,0.9293509174654944,0.0002332309640014,0.001,0.929117812901645,0.9293939702222016,0.0002762837207087,-0.0430527567073181,-0.0430527567073181,0.9578608551482278,0.9578608551482278,2,car,0.9578608551482278,2,car,person|car|traffic light|clock,True,0.0002332309640013,6,-4.30527567073181e-05,0.00023323096400138194
2,car,C:\Users\maxbe\Downloads\coco\train2017\000000217571.jpg,2,rbf,kernel_herding,direct,False,0.9295281589456088,0.0001772414801145,0.001,0.929117812901645,0.9297245003073435,0.000330530085142,-0.1532886050275629,-0.1963413617348811,0.8578820969929802,0.8578820969929802,2,car,0.8578820969929802,4,airplane,airplane,False,0.0001772414801144,6,-0.0001532886050275629,0.0001772414801144371
2,car,C:\Users\maxbe\Downloads\coco\train2017\000000448983.jpg,3,rbf,kernel_herding,direct,False,0.9296908156597432,0.0001626567141345,0.001,0.929117812901645,0.9300763201090922,0.0003518198017485,-0.1891630876140695,-0.3855044493489507,0.8276515159753541,0.8276515159753541,2,car,0.8276515159753541,2,car,person|car|horse|umbrella|clock,True,0.0001626567141344,6,-0.00018916308761406951,0.0001626567141344305
2,car,C:\Users\maxbe\Downloads\coco\train2017\000000095561.jpg,4,rbf,kernel_herding,direct,False,0.9298466713819208,0.0001558557221774,0.001,0.929117812901645,0.9302678036219312,0.000191483512839,-0.0356277906615024,-0.4211322400104531,0.9649994084364724,0.9649994084364724,2,car,0.9649994084364724,7,truck,airplane|truck,False,0.0001558557221774,6,-3.56277906615024e-05,0.0001558557221774976
2,car,C:\Users\maxbe\Downloads\coco\train2017\000000562382.jpg,5,rbf,kernel_herding,direct,False,0.9299876591455348,0.0001409877636139,0.001,0.929117812901645,0.9305492385636176,0.0002814349416861,-0.1404471780722705,-0.5615794180827236,0.8689695643670456,0.8689695643670456,2,car,0.8689695643670456,20,elephant,elephant,False,0.0001409877636138,6,-0.0001404471780722705,0.00014098776361382947
2,car,C:\Users\maxbe\Downloads\coco\train2017\000000464111.jpg,6,rbf,kernel_herding,direct,False,0.930106478867248,0.0001188197217133,0.001,0.929117812901645,0.9307288393436274,0.0001796007800098,-0.060781058296596,-0.6223604763793197,0.941029247768776,0.941029247768776,2,car,0.941029247768776,2,car,car|truck|dog,True,0.0001188197217132,6,-6.0781058296596e-05,0.000118819721713204
2,car,C:\Users\maxbe\Downloads\coco\train2017\000000172970.jpg,7,rbf,kernel_herding,direct,False,0.930217551285478,0.00011107241823,0.001,0.929117812901645,0.9309260384120432,0.0001971990684157,-0.0861266501857214,-0.7084871265650411,0.9174780250982688,0.9174780250982688,2,car,0.9174780250982688,74,clock,clock,False,0.0001110724182299,6,-8.612665018572139e-05,0.00011107241822997861
2,car,C:\Users\maxbe\Downloads\coco\train2017\000000171539.jpg,8,rbf,kernel_herding,direct,False,0.930313272931398,9.572164591997724e-05,0.001,0.929117812901645,0.9311406682754052,0.0002146298633621,-0.1189082174421612,-0.8273953440072023,0.887889289771351,0.887889289771351,2,car,0.887889289771351,7,truck,person|car|truck|dog,True,9.57216459199388e-05,6,-0.0001189082174421612,9.57216459199388e-05
2,car,C:\Users\maxbe\Downloads\coco\train2017\000000387977.jpg,9,rbf,kernel_herding,direct,False,0.9303982656594192,8.499272802120483e-05,0.001,0.929117812901645,0.9313202111885244,0.0001795429131189,-0.0945501850977807,-0.921945529104983,0.9097820759769056,0.9097820759769056,2,car,0.9097820759769056,4,airplane,person|car|airplane|horse|cow,True,8.49927280211193e-05,6,-9.45501850977807e-05,8.49927280211193e-05
2,car,C:\Users\maxbe\Downloads\coco\train2017\000000565797.jpg,10,rbf,kernel_herding,direct,False,0.9304697763354884,7.151067606903094e-05,0.001,0.929117812901645,0.9315216491956916,0.0002014380071673,-0.1299273310982133,-1.0518728602031964,0.8781592434687561,0.8781592434687561,2,car,0.8781592434687561,2,car,car|cat,True,7.15106760690867e-05,6,-0.0001299273310982133,7.15106760690867e-05
2,car,C:\Users\maxbe\Downloads\coco\train2017\000000304794.jpg,11,rbf,kernel_herding,direct,False,0.9305341142280884,6.433789260018585e-05,0.001,0.929117812901645,0.9316768161407704,0.0001551669450787,-0.0908290524785985,-1.1427019126817948,0.9131738023542834,0.9131738023542834,2,car,0.9131738023542834,0,person,person|clock,False,6.433789260010149e-05,6,-9.08290524785985e-05,6.433789260010149e-05
2,car,C:\Users\maxbe\Downloads\coco\train2017\000000498570.jpg,12,rbf,kernel_herding,direct,False,0.9305820192062172,4.7904978128565645e-05,0.001,0.929117812901645,0.9317315309450124,5.471480424190656e-05,-0.0068098261133829,-1.1495117387951777,0.993213308208106,0.993213308208106,2,car,0.993213308208106,2,car,person|bicycle|car|chair|clock,True,4.790497812852366e-05,6,-6.8098261133829e-06,4.790497812852366e-05
2,car,C:\Users\maxbe\Downloads\coco\train2017\000000075691.jpg,13,rbf,kernel_herding,direct,False,0.9306247820495076,4.276284329052249e-05,0.001,0.929117812901645,0.932109293629072,0.0003777626840596,-0.3349998407691638,-1.484511579564341,0.7153382002554507,0.7153382002554507,2,car,0.7153382002554507,14,bird,bird,False,4.276284329043619e-05,6,-0.0003349998407691638,4.276284329043619e-05
2,car,C:\Users\maxbe\Downloads\coco\train2017\000000343737.jpg,14,rbf,kernel_herding,direct,False,0.9306625201272194,3.773807771179083e-05,0.001,0.929117812901645,0.9322134727747138,0.0001041791456418,-0.0664410679300712,-1.5509526474944126,0.9357180580325232,0.9357180580325232,2,car,0.9357180580325232,16,dog,person|bench|dog,False,3.773807771172881e-05,6,-6.644106793007119e-05,3.773807771172881e-05
2,car,C:\Users\maxbe\Downloads\coco\train2017\000000015709.jpg,15,rbf,kernel_herding,direct,False,0.9306940705458486,3.155041862923369e-05,0.001,0.929117812901645,0.932319251224038,0.0001057784493243,-0.0742280306951281,-1.6251806781895408,0.928459952331094,0.928459952331094,2,car,0.928459952331094,4,airplane,airplane|truck,False,3.1550418629171904e-05,6,-7.42280306951281e-05,3.1550418629171904e-05
2,car,C:\Users\maxbe\Downloads\coco\train2017\000000164327.jpg,16,rbf,kernel_herding,direct,False,0.9307104160668372,1.6345520988614304e-05,0.001,0.929117812901645,0.932426605816033,0.0001073545919948,-0.0910090710061522,-1.716189749195693,0.913009428946556,0.913009428946556,2,car,0.913009428946556,33,kite,person|kite,False,1.6345520988647792e-05,6,-9.10090710061522e-05,1.6345520988647792e-05
2,car,C:\Users\maxbe\Downloads\coco\train2017\000000531614.jpg,17,rbf,kernel_herding,direct,False,0.9307150101395748,4.594072737562627e-06,0.001,0.929117812901645,0.9324672497209368,4.064390490388092e-05,-0.0360498321663435,-1.7522395813620366,0.9645922245642556,0.9645922245642556,2,car,0.9645922245642556,2,car,car|cat,True,4.594072737537426e-06,6,-3.60498321663435e-05,4.594072737537426e-06
2,car,C:\Users\maxbe\Downloads\coco\train2017\000000347462.jpg,18,rbf,kernel_herding,direct,False,0.9307163297025794,1.3195630046425322e-06,0.001,0.929117812901645,0.932686295257788,0.0002190455368512,-0.2177259738466027,-1.96996555520864,0.8043458232609698,0.8043458232609698,2,car,0.8043458232609698,0,person,person|clock,False,1.319563004597321e-06,6,-0.0002177259738466027,1.319563004597321e-06
2,car,C:\Users\maxbe\Downloads\coco\train2017\000000341573.jpg,19,rbf,kernel_herding,direct,False,0.9307126495928324,-3.6801097471617088e-06,0.001,0.929117812901645,0.9329109256148584,0.0002246303570702,-0.2283104668174231,-2.198276022026062,0.7958771280343261,0.7958771280343261,2,car,0.7958771280343261,4,airplane,airplane,False,-3.680109747223074e-06,6,-0.00022831046681742308,-3.680109747223074e-06
2,car,C:\Users\maxbe\Downloads\coco\train2017\000000196922.jpg,20,rbf,kernel_herding,direct,False,0.9307054707185962,-7.178874236069e-06,0.001,0.929117812901645,0.9330568972284816,0.0001459716136231,-0.1531504878591766,-2.351426509885239,0.8580005934220336,0.8580005934220336,2,car,0.8580005934220336,19,cow,cow,False,-7.178874236076589e-06,6,-0.0001531504878591766,-7.178874236076589e-06
2,car,C:\Users\maxbe\Downloads\coco\train2017\000000156878.jpg,21,rbf,kernel_herding,direct,False,0.9306947936961898,-1.067702240642454e-05,0.001,0.929117812901645,0.9331484009675708,9.150373908917152e-05,-0.1021807614956156,-2.4536072713808545,0.9028663334477612,0.9028663334477612,2,car,0.9028663334477612,4,airplane,airplane,False,-1.0677022406444084e-05,6,-0.0001021807614956156,-1.0677022406444084e-05
2,car,C:\Users\maxbe\Downloads\coco\train2017\000000209203.jpg,22,rbf,kernel_herding,direct,False,0.9306794126365598,-1.5381059629948624e-05,0.001,0.929117812901645,0.9333534421579202,0.0002050411903494,-0.220422249979448,-2.6740295213603025,0.8021800059480263,0.8021800059480263,2,car,0.8021800059480263,25,umbrella,person|umbrella,False,-1.5381059630048018e-05,6,-0.00022042224997944801,-1.5381059630048018e-05
2,car,C:\Users\maxbe\Downloads\coco\train2017\000000202275.jpg,23,rbf,kernel_herding,direct,False,0.9306572857499852,-2.2126886574658226e-05,0.001,0.929117812901645,0.9334614199932764,0.0001079778353562,-0.1301047219309008,-2.8041342432912035,0.8780034798852491,0.8780034798852491,2,car,0.8780034798852491,16,dog,person|car|dog|frisbee,True,-2.2126886574700804e-05,6,-0.0001301047219309008,-2.2126886574700804e-05
2,car,C:\Users\maxbe\Downloads\coco\train2017\000000274012.jpg,24,rbf,kernel_herding,direct,False,0.9306292306584902,-2.805509149494956e-05,0.001,0.929117812901645,0.9334542677988394,-7.1521944369212775e-06,-0.0209028970579897,-2.825037140349193,0.9793140542274597,0.9793140542274597,2,car,0.9793140542274597,12,parking meter,person|car|parking meter,True,-2.8055091494910977e-05,6,-2.09028970579897e-05,-2.8055091494910977e-05
2,car,C:\Users\maxbe\Downloads\coco\train2017\000000094863.jpg,25,rbf,kernel_herding,direct,False,0.9305974740464016,-3.175661208876246e-05,0.001,0.929117812901645,0.9337119596129552,0.0002576918141156,-0.2894484262044285,-3.114485566553622,0.7486764039980315,0.7486764039980315,2,car,0.7486764039980315,0,person,person|bench|backpack|handbag|clock,False,-3.175661208882849e-05,6,-0.0002894484262044285,-3.175661208882849e-05
2,car,C:\Users\maxbe\Downloads\coco\train2017\000000189600.jpg,26,rbf,kernel_herding,direct,False,0.9305617664017456,-3.570764465599119e-05,0.001,0.929117812901645,0.9337782337687764,6.62741558212776e-05,-0.1019818004772357,-3.216467367030858,0.903045986524312,0.903045986524312,2,car,0.903045986524312,16,dog,car|dog,True,-3.570764465595811e-05,6,-0.00010198180047723571,-3.570764465595811e-05
2,car,C:\Users\maxbe\Downloads\coco\train2017\000000255741.jpg,27,rbf,kernel_herding,direct,False,0.9305201720375118,-4.1594364233676906e-05,0.001,0.929117812901645,0.933836179582746,5.794581396978416e-05,-0.0995401782034894,-3.316007545234348,0.9052535776743748,0.9052535776743748,2,car,0.9052535776743748,6,train,train|traffic light,False,-4.159436423370524e-05,6,-9.95401782034894e-05,-4.159436423370524e-05
2,car,C:\Users\maxbe\Downloads\coco\train2017\000000409979.jpg,28,rbf,kernel_herding,direct,False,0.930473380010554,-4.679202695778706e-05,0.001,0.929117812901645,0.9339899207517032,0.000153741168957,-0.2005331959147523,-3.5165407411491,0.8182943255451868,0.8182943255451868,2,car,0.8182943255451868,4,airplane,airplane,False,-4.679202695775231e-05,6,-0.0002005331959147523,-4.679202695775231e-05
2,car,C:\Users\maxbe\Downloads\coco\train2017\000000581293.jpg,29,rbf,kernel_herding,direct,False,0.9304220638713026,-5.131613925146716e-05,0.001,0.929117812901645,0.933985532116347,-4.388635356122883e-06,-0.0469275038954504,-3.5634682450445503,0.9541565677163484,0.9541565677163484,2,car,0.9541565677163484,7,truck,person|truck,False,-5.131613925157328e-05,6,-4.6927503895450397e-05,-5.131613925157328e-05
2,car,C:\Users\maxbe\Downloads\coco\train2017\000000420372.jpg,30,rbf,kernel_herding,direct,False,0.9303674218702604,-5.4642001042215504e-05,0.001,0.929117812901645,0.9339399487248432,-4.558339150373403e-05,-0.0090586095384093,-3.57252685458296,0.990982296054856,0.990982296054856,2,car,0.990982296054856,7,truck,car|truck,True,-5.464200104214333e-05,6,-9.058609538409301e-06,-5.464200104214333e-05
2,car,C:\Users\maxbe\Downloads\coco\train2017\000000311925.jpg,31,rbf,kernel_herding,direct,False,0.930310486050696,-5.693581956445204e-05,0.001,0.929117812901645,0.9339659299848942,2.598126005093349e-05,-0.0829170796153993,-3.655443934198359,0.920427466254378,0.920427466254378,2,car,0.920427466254378,1,bicycle,bicycle|car,True,-5.693581956446582e-05,6,-8.291707961539931e-05,-5.693581956446582e-05
2,car,C:\Users\maxbe\Downloads\coco\train2017\000000109783.jpg,32,rbf,kernel_herding,direct,False,0.9302499490208752,-6.053702982056208e-05,0.001,0.929117812901645,0.9339936217673404,2.7691782446215285e-05,-0.0882288122668216,-3.743672746465181,0.9155513633707826,0.9155513633707826,2,car,0.9155513633707826,74,clock,clock,False,-6.053702982060632e-05,6,-8.82288122668216e-05,-6.053702982060632e-05
2,car,C:\Users\maxbe\Downloads\coco\train2017\000000453545.jpg,33,rbf,kernel_herding,direct,False,0.93018371292428,-6.62360965951736e-05,0.001,0.929117812901645,0.9339868920156535,-6.729751686807006e-06,-0.0595063449083431,-3.803179091373524,0.942229555211098,0.942229555211098,2,car,0.942229555211098,6,train,train|suitcase,False,-6.62360965951501e-05,6,-5.95063449083431e-05,-6.62360965951501e-05
2,car,C:\Users\maxbe\Downloads\coco\train2017\000000419759.jpg,34,rbf,kernel_herding,direct,False,0.9301107627397844,-7.295018449560153e-05,0.001,0.929117812901645,0.9339569424212204,-2.994959443325396e-05,-0.0430005900623234,-3.846179681435848,0.957910824838777,0.957910824838777,2,car,0.957910824838777,4,airplane,person|airplane|truck,False,-7.295018449557737e-05,6,-4.3000590062323406e-05,-7.295018449557737e-05
2,car,C:\Users\maxbe\Downloads\coco\train2017\000000195449.jpg,35,rbf,kernel_herding,direct,False,0.9300373545859678,-7.340815381673416e-05,0.001,0.929117812901645,0.9339048103783172,-5.213204290333007e-05,-0.0212761109134257,-3.8674557923492734,0.9789486288487472,0.9789486288487472,2,car,0.9789486288487472,7,truck,person|car|motorcycle|truck|dog|handbag,True,-7.340815381675577e-05,6,-2.1276110913425702e-05,-7.340815381675577e-05
2,car,C:\Users\maxbe\Downloads\coco\train2017\000000155873.jpg,36,rbf,kernel_herding,direct,False,0.929961798325612,-7.555626035571361e-05,0.001,0.929117812901645,0.9340212024383368,0.0001163920600196,-0.1919483203753507,-4.059404112724624,0.8253495211419936,0.8253495211419936,2,car,0.8253495211419936,0,person,person|fire hydrant,False,-7.55562603557507e-05,6,-0.0001919483203753507,-7.55562603557507e-05
2,car,C:\Users\maxbe\Downloads\coco\train2017\000000388212.jpg,37,rbf,kernel_herding,direct,False,0.9298828867911544,-7.891153445760413e-05,0.001,0.929117812901645,0.9341365476052308,0.0001153451668939,-0.1942567013516076,-4.253660814076232,0.8234464973056761,0.8234464973056761,2,car,0.8234464973056761,23,giraffe,giraffe,False,-7.891153445770761e-05,6,-0.00019425670135160761,-7.891153445770761e-05
2,car,C:\Users\maxbe\Downloads\coco\train2017\000000422326.jpg,38,rbf,kernel_herding,direct,False,0.9298000389412626,-8.28478498918761e-05,0.001,0.929117812901645,0.9341016664736722,-3.4881131558472944e-05,-0.0479667183333956,-4.301627532409628,0.95316550948532,0.95316550948532,2,car,0.95316550948532,3,motorcycle,person|car|motorcycle|truck,True,-8.284784989186854e-05,6,-4.79667183333956e-05,-8.284784989186854e-05
2,car,C:\Users\maxbe\Downloads\coco\train2017\000000534669.jpg,39,rbf,kernel_herding,direct,False,0.9297141798925204,-8.585904874236494e-05,0.001,0.929117812901645,0.934109478417305,7.811943632751728e-06,-0.093670992375075,-4.395298524784703,0.9105823014820272,0.9105823014820272,2,car,0.9105823014820272,4,airplane,airplane|bus|truck,False,-8.585904874232327e-05,6,-9.3670992375075e-05,-8.585904874232327e-05
2,car,C:\Users\maxbe\Downloads\coco\train2017\000000354853.jpg,40,rbf,kernel_herding,direct,False,0.929626361028702,-8.781886381814541e-05,0.001,0.929117812901645,0.9340734794750056,-3.599894229922018e-05,-0.0518199215189058,-4.447118446303609,0.9494998359357548,0.9494998359357548,2,car,0.9494998359357548,7,truck,car|truck,True,-8.781886381812598e-05,6,-5.18199215189058e-05,-8.781886381812598e-05
44,spoon,C:\Users\maxbe\Downloads\coco\train2017\000000415768.jpg,1,rbf,kernel_herding,direct,False,0.8981801110028065,0.000319674941215,0.001,0.8978604026092517,0.8981972045031759,0.0003367684415844,-0.0170935003693818,-0.0170935003693818,0.9830517646335848,0.9830517646335848,44,spoon,0.9830517646335848,69,oven,spoon|bowl|carrot|oven,True,0.000319674941215,6,-1.70935003693818e-05,0.0003196749412150182
44,spoon,C:\Users\maxbe\Downloads\coco\train2017\000000578950.jpg,2,rbf,kernel_herding,direct,False,0.8984405877250463,0.0002604767222398,0.001,0.8978604026092517,0.8985373000873464,0.0003400955841705,-0.0796188619307354,-0.0967123623001173,0.923468248224938,0.923468248224938,44,spoon,0.923468248224938,45,bowl,spoon|bowl|banana|apple,True,0.0002604767222397,6,-7.961886193073541e-05,0.00026047672223976457
44,spoon,C:\Users\maxbe\Downloads\coco\train2017\000000125109.jpg,3,rbf,kernel_herding,direct,False,0.8986818618388918,0.0002412741138454,0.001,0.8978604026092517,0.898927697464753,0.0003903973774065,-0.1491232635611383,-0.2458356258612556,0.86146292136572,0.86146292136572,44,spoon,0.86146292136572,69,oven,oven|vase,False,0.0002412741138453,6,-0.0001491232635611383,0.0002412741138453617
44,spoon,C:\Users\maxbe\Downloads\coco\train2017\000000116579.jpg,4,rbf,kernel_herding,direct,False,0.8989111202918832,0.0002292584529914,0.001,0.8978604026092517,0.8992596299920469,0.0003319325272939,-0.1026740743023955,-0.3485097001636512,0.902421047764256,0.902421047764256,44,spoon,0.902421047764256,45,bowl,spoon|bowl|carrot,True,0.0002292584529915,6,-0.00010267407430239551,0.0002292584529915045
44,spoon,C:\Users\maxbe\Downloads\coco\train2017\000000015155.jpg,5,rbf,kernel_herding,direct,False,0.8991232077507839,0.0002120874589006,0.001,0.8978604026092517,0.8995127640800292,0.0002531340879823,-0.0410466290816074,-0.3895563292452587,0.9597843750394176,0.9597843750394176,44,spoon,0.9597843750394176,55,cake,fork|cake,False,0.0002120874589006,6,-4.10466290816074e-05,0.0002120874589006926
44,spoon,C:\Users\maxbe\Downloads\coco\train2017\000000074002.jpg,6,rbf,kernel_herding,direct,False,0.8993094137064569,0.0001862059556729,0.001,0.8978604026092517,0.8998429665534267,0.0003302024733974,-0.1439965177245142,-0.5335528469697729,0.8658907633231335,0.8658907633231335,44,spoon,0.8658907633231335,45,bowl,bowl,False,0.0001862059556728,6,-0.0001439965177245142,0.0001862059556728858
44,spoon,C:\Users\maxbe\Downloads\coco\train2017\000000491558.jpg,7,rbf,kernel_herding,direct,False,0.8994711584830355,0.0001617447765785,0.001,0.8978604026092517,0.9000858015471523,0.0002428349937256,-0.0810902171470969,-0.6146430641168699,0.9221104975125112,0.9221104975125112,44,spoon,0.9221104975125112,41,cup,cup|fork|knife|spoon|apple,True,0.0001617447765785,6,-8.109021714709689e-05,0.00016174477657850312
44,spoon,C:\Users\maxbe\Downloads\coco\train2017\000000128989.jpg,8,rbf,kernel_herding,direct,False,0.8996187077954062,0.0001475493123707,0.001,0.8978604026092517,0.9003968433756251,0.0003110418284727,-0.1634925161020243,-0.7781355802188942,0.8491728540998073,0.8491728540998073,44,spoon,0.8491728540998073,54,donut,donut,False,0.0001475493123706,6,-0.00016349251610202432,0.0001475493123706757
44,spoon,C:\Users\maxbe\Downloads\coco\train2017\000000287988.jpg,9,rbf,kernel_herding,direct,False,0.8997525765178397,0.0001338687224334,0.001,0.8978604026092517,0.9005614623131556,0.0001646189375305,-0.0307502150970367,-0.8088857953159309,0.9697177636834916,0.9697177636834916,44,spoon,0.9697177636834916,60,dining table,cup|fork|knife|spoon|bowl|dining table,True,0.0001338687224334,6,-3.07502150970367e-05,0.0001338687224334633
44,spoon,C:\Users\maxbe\Downloads\coco\train2017\000000361578.jpg,10,rbf,kernel_herding,direct,False,0.8998804820016234,0.0001279054837837,0.001,0.8978604026092517,0.900914570767334,0.0003531084541783,-0.2252029703946362,-1.034088765710567,0.7983541600534481,0.7983541600534481,44,spoon,0.7983541600534481,63,laptop,sports ball|laptop|mouse,False,0.0001279054837836,6,-0.0002252029703946362,0.00012790548378366378
44,spoon,C:\Users\maxbe\Downloads\coco\train2017\000000275270.jpg,11,rbf,kernel_herding,direct,False,0.8999796540671863,9.917206556286916e-05,0.001,0.8978604026092517,0.9011041115669736,0.0001895407996397,-0.0903687340768863,-1.1244574997874537,0.913594249821898,0.913594249821898,44,spoon,0.913594249821898,71,sink,bird|bottle|cup|potted plant|sink|vase,False,9.91720655628137e-05,6,-9.03687340768863e-05,9.91720655628137e-05
44,spoon,C:\Users\maxbe\Downloads\coco\train2017\000000310325.jpg,12,rbf,kernel_herding,direct,False,0.9000706912883932,9.103722120695767e-05,0.001,0.8978604026092517,0.901468884218654,0.0003647726516804,-0.2737354304734716,-1.398192930260925,0.7605332625698803,0.7605332625698803,44,spoon,0.7605332625698803,72,refrigerator,refrigerator,False,9.10372212069284e-05,6,-0.0002737354304734716,9.10372212069284e-05
44,spoon,C:\Users\maxbe\Downloads\coco\train2017\000000537382.jpg,13,rbf,kernel_herding,direct,False,0.9001518947818742,8.120349348095246e-05,0.001,0.8978604026092517,0.9016138368253142,0.00014495260666,-0.0637491131790016,-1.4619420434399266,0.938240362145597,0.938240362145597,44,spoon,0.938240362145597,46,banana,banana|sandwich,False,8.120349348099839e-05,6,-6.37491131790016e-05,8.120349348099839e-05
44,spoon,C:\Users\maxbe\Downloads\coco\train2017\000000393781.jpg,14,rbf,kernel_herding,direct,False,0.9002269618565267,7.506707465254614e-05,0.001,0.8978604026092517,0.9017385875066668,0.0001247506813527,-0.0496836067002669,-1.5116256501401937,0.9515304347324344,0.9515304347324344,44,spoon,0.9515304347324344,45,bowl,spoon|bowl|broccoli,True,7.506707465243311e-05,6,-4.96836067002669e-05,7.506707465243311e-05
44,spoon,C:\Users\maxbe\Downloads\coco\train2017\000000520000.jpg,15,rbf,kernel_herding,direct,False,0.900294538754556,6.757689802927569e-05,0.001,0.8978604026092517,0.9019729514664409,0.0002343639597739,-0.1667870617446234,-1.6784127118848169,0.8463798187909763,0.8463798187909763,44,spoon,0.8463798187909763,54,donut,person|donut,False,6.757689802927658e-05,6,-0.0001667870617446234,6.757689802927658e-05
44,spoon,C:\Users\maxbe\Downloads\coco\train2017\000000387857.jpg,16,rbf,kernel_herding,direct,False,0.9003554511850606,6.091243050454498e-05,0.001,0.8978604026092517,0.9021237357468868,0.0001507842804459,-0.0898718499413792,-1.7682845618261962,0.9140483131100056,0.9140483131100056,44,spoon,0.9140483131100056,56,chair,person|cup|spoon|bowl|chair|dining table|vase,True,6.09124305045208e-05,6,-8.987184994137921e-05,6.09124305045208e-05
44,spoon,C:\Users\maxbe\Downloads\coco\train2017\000000401944.jpg,17,rbf,kernel_herding,direct,False,0.9004114750049047,5.6023819844153167e-05,0.001,0.8978604026092517,0.902219456184929,9.572043804229048e-05,-0.0396966181981697,-1.807981180024366,0.9610809694028032,0.9610809694028032,44,spoon,0.9610809694028032,45,bowl,spoon|bowl|broccoli|carrot,True,5.602381984412078e-05,6,-3.96966181981697e-05,5.602381984412078e-05
44,spoon,C:\Users\maxbe\Downloads\coco\train2017\000000539297.jpg,18,rbf,kernel_herding,direct,False,0.9004610679834703,4.959297856554912e-05,0.001,0.8978604026092517,0.9023692042245944,0.0001497480396654,-0.1001550610998899,-1.908136241124256,0.9046971238270656,0.9046971238270656,44,spoon,0.9046971238270656,60,dining table,fork|knife|pizza|dining table,False,4.95929785655101e-05,6,-0.00010015506109988991,4.95929785655101e-05
44,spoon,C:\Users\maxbe\Downloads\coco\train2017\000000207573.jpg,19,rbf,kernel_herding,direct,False,0.9005029925140432,4.192453057294543e-05,0.001,0.8978604026092517,0.9025667079983072,0.0001975037737127,-0.1555792431397991,-2.063715484264056,0.8559192485118297,0.8559192485118297,44,spoon,0.8559192485118297,60,dining table,cup|banana|dining table,False,4.1924530572900895e-05,6,-0.0001555792431397991,4.1924530572900895e-05
44,spoon,C:\Users\maxbe\Downloads\coco\train2017\000000427377.jpg,20,rbf,kernel_herding,direct,False,0.900527884371221,2.489185717780007e-05,0.001,0.8978604026092517,0.9026811847050792,0.0001144767067718,-0.0895848495941186,-2.1533003338581738,0.9143106829415968,0.9143106829415968,44,spoon,0.9143106829415968,60,dining table,person|bottle|wine glass|knife|dining table,False,2.4891857177681404e-05,6,-8.95848495941186e-05,2.4891857177681404e-05
44,spoon,C:\Users\maxbe\Downloads\coco\train2017\000000368594.jpg,21,rbf,kernel_herding,direct,False,0.9005476745915122,1.9790220291193705e-05,0.001,0.8978604026092517,0.9027633738070292,8.218910195001428e-05,-0.0623988816588085,-2.2156992155169823,0.9395080595059542,0.9395080595059542,44,spoon,0.9395080595059542,0,person,person|knife|sandwich,False,1.979022029120578e-05,6,-6.23988816588085e-05,1.979022029120578e-05
44,spoon,C:\Users\maxbe\Downloads\coco\train2017\000000081981.jpg,22,rbf,kernel_herding,direct,False,0.9005606140537863,1.293946227409748e-05,0.001,0.8978604026092517,0.9028855721065226,0.0001221982994934,-0.1092588372193609,-2.324958052736344,0.8964983403258544,0.8964983403258544,44,spoon,0.8964983403258544,55,cake,cake,False,1.2939462274039107e-05,6,-0.0001092588372193609,1.2939462274039109e-05
44,spoon,C:\Users\maxbe\Downloads\coco\train2017\000000516439.jpg,23,rbf,kernel_herding,direct,False,0.9005505896337601,-1.0024420026177872e-05,0.001,0.8978604026092517,0.9029855561412574,9.998403473476802e-05,-0.1100084547609872,-2.4349665074973306,0.8958265612640485,0.8958265612640485,44,spoon,0.8958265612640485,72,refrigerator,bowl|orange|potted plant|microwave|oven|sink|refrigerator|clock|vase,False,-1.002442002621918e-05,6,-0.0001100084547609872,-1.002442002621918e-05
44,spoon,C:\Users\maxbe\Downloads\coco\train2017\000000065085.jpg,24,rbf,kernel_herding,direct,False,0.9005389298260496,-1.1659807710562298e-05,0.001,0.8978604026092517,0.9030088105400288,2.3254398771488383e-05,-0.0349142064820609,-2.4698807139793915,0.9656882624959526,0.9656882624959526,44,spoon,0.9656882624959526,51,carrot,spoon|carrot,True,-1.1659807710572516e-05,6,-3.49142064820609e-05,-1.1659807710572516e-05
44,spoon,C:\Users\maxbe\Downloads\coco\train2017\000000234728.jpg,25,rbf,kernel_herding,direct,False,0.9005206797510356,-1.825007501399245e-05,0.001,0.8978604026092517,0.9031531265803988,0.0001443160403699,-0.1625661153838225,-2.632446829363214,0.8499598929421105,0.8499598929421105,44,spoon,0.8499598929421105,50,broccoli,fork|broccoli,False,-1.825007501392252e-05,6,-0.0001625661153838225,-1.825007501392252e-05
44,spoon,C:\Users\maxbe\Downloads\coco\train2017\000000093469.jpg,26,rbf,kernel_herding,direct,False,0.9004982533722001,-2.2426378835427307e-05,0.001,0.8978604026092517,0.903296811171727,0.0001436845913281,-0.1661109701636475,-2.7985577995268613,0.8469522425444052,0.8469522425444052,44,spoon,0.8469522425444052,60,dining table,person|banana|dining table|laptop|keyboard|book,False,-2.242637883554752e-05,6,-0.00016611097016364752,-2.242637883554752e-05
44,spoon,C:\Users\maxbe\Downloads\coco\train2017\000000205513.jpg,27,rbf,kernel_herding,direct,False,0.9004661340819239,-3.2119290276244605e-05,0.001,0.8978604026092517,0.9034608464046626,0.0001640352329356,-0.1961545232119229,-2.9947123227387844,0.8218852245197056,0.8218852245197056,44,spoon,0.8218852245197056,45,bowl,bowl|carrot|cake|dining table,False,-3.211929027632291e-05,6,-0.0001961545232119229,-3.211929027632291e-05
44,spoon,C:\Users\maxbe\Downloads\coco\train2017\000000060332.jpg,28,rbf,kernel_herding,direct,False,0.9004252131829716,-4.092089895224582e-05,0.001,0.8978604026092517,0.9035074024701508,4.6556065488090326e-05,-0.087476964440261,-3.082189287179045,0.9162399775075212,0.9162399775075212,44,spoon,0.9162399775075212,60,dining table,person|pizza|dining table,False,-4.092089895217067e-05,6,-8.7476964440261e-05,-4.092089895217067e-05
44,spoon,C:\Users\maxbe\Downloads\coco\train2017\000000143859.jpg,29,rbf,kernel_herding,direct,False,0.9003800650090387,-4.514817393297399e-05,0.001,0.8978604026092517,0.9035434162235024,3.601375335171575e-05,-0.0811619272847518,-3.1633512144637974,0.9220443752126494,0.9220443752126494,44,spoon,0.9220443752126494,60,dining table,bowl|broccoli|dining table,False,-4.5148173933036047e-05,6,-8.11619272847518e-05,-4.5148173933036047e-05
44,spoon,C:\Users\maxbe\Downloads\coco\train2017\000000345047.jpg,30,rbf,kernel_herding,direct,False,0.900332616875477,-4.7448133561611705e-05,0.001,0.8978604026092517,0.9035450592433756,1.643019873043272e-06,-0.0490911534345878,-3.2124423678983853,0.952094339072875,0.952094339072875,44,spoon,0.952094339072875,60,dining table,bench|cup|fork|knife|spoon|chair|dining table|book|vase,True,-4.744813356154453e-05,6,-4.9091153434587804e-05,-4.744813356154453e-05
44,spoon,C:\Users\maxbe\Downloads\coco\train2017\000000022842.jpg,31,rbf,kernel_herding,direct,False,0.9002831372779835,-4.947959749357356e-05,0.001,0.8978604026092517,0.9037711955884892,0.0002261363451138,-0.275615942607368,-3.488058310505753,0.7591044144455743,0.7591044144455743,44,spoon,0.7591044144455743,50,broccoli,broccoli,False,-4.947959749356803e-05,6,-0.000275615942607368,-4.947959749356803e-05
44,spoon,C:\Users\maxbe\Downloads\coco\train2017\000000308702.jpg,32,rbf,kernel_herding,direct,False,0.9002293298962334,-5.380738175009281e-05,0.001,0.8978604026092517,0.9039193559555928,0.0001481603671034,-0.2019677488535955,-3.690026059359349,0.8171212806143338,0.8171212806143338,44,spoon,0.8171212806143338,60,dining table,cup|apple|dining table|tv|laptop|book,False,-5.380738175019551e-05,6,-0.0002019677488535955,-5.380738175019551e-05
44,spoon,C:\Users\maxbe\Downloads\coco\train2017\000000374887.jpg,33,rbf,kernel_herding,direct,False,0.9001713464833043,-5.798341292906351e-05,0.001,0.8978604026092517,0.903893374298013,-2.598165757972115e-05,-0.0320017553493398,-3.722027814708688,0.9685048820123002,0.9685048820123002,44,spoon,0.9685048820123002,60,dining table,cake|dining table,False,-5.798341292906095e-05,6,-3.20017553493398e-05,-5.798341292906095e-05
44,spoon,C:\Users\maxbe\Downloads\coco\train2017\000000568854.jpg,34,rbf,kernel_herding,direct,False,0.9001081424386455,-6.320404465887108e-05,0.001,0.8978604026092517,0.9039242670057168,3.089270770384456e-05,-0.094096752362679,-3.816124567071368,0.9101946944922642,0.9101946944922642,44,spoon,0.9101946944922642,0,person,person|cup|chair|dining table,False,-6.320404465883445e-05,6,-9.409675236267901e-05,-6.320404465883445e-05
44,spoon,C:\Users\maxbe\Downloads\coco\train2017\000000475043.jpg,35,rbf,kernel_herding,direct,False,0.9000373249425798,-7.081749606563381e-05,0.001,0.8978604026092517,0.9038850511063236,-3.921589939326342e-05,-0.0316015966723291,-3.8477261637436966,0.9688925151967837,0.9688925151967837,44,spoon,0.9688925151967837,0,person,person|bottle|spoon|bowl|couch|laptop,True,-7.081749606559252e-05,6,-3.1601596672329097e-05,-7.081749606559252e-05
44,spoon,C:\Users\maxbe\Downloads\coco\train2017\000000323553.jpg,36,rbf,kernel_herding,direct,False,0.8999653409060405,-7.198403653929653e-05,0.001,0.8978604026092517,0.9040419856380254,0.0001569345317018,-0.2289185682412327,-4.0766447319849295,0.7953933011424107,0.7953933011424107,44,spoon,0.7953933011424107,50,broccoli,knife|broccoli,False,-7.19840365394327e-05,6,-0.0002289185682412327,-7.19840365394327e-05
44,spoon,C:\Users\maxbe\Downloads\coco\train2017\000000264720.jpg,37,rbf,kernel_herding,direct,False,0.899888866080394,-7.647482564654418e-05,0.001,0.8978604026092517,0.9041032238634152,6.12382253897259e-05,-0.1377130510362616,-4.214357783021191,0.8713486884781451,0.8713486884781451,44,spoon,0.8713486884781451,-1,unlabeled,,False,-7.647482564653572e-05,6,-0.00013771305103626162,-7.647482564653572e-05
44,spoon,C:\Users\maxbe\Downloads\coco\train2017\000000358558.jpg,38,rbf,kernel_herding,direct,False,0.8998100474053043,-7.881867508963136e-05,0.001,0.8978604026092517,0.9040860946417288,-1.7129221686285057e-05,-0.0616894534033398,-4.276047236424531,0.9401748095473044,0.9401748095473044,44,spoon,0.9401748095473044,60,dining table,person|cup|banana|donut|dining table,False,-7.881867508962486e-05,6,-6.16894534033398e-05,-7.881867508962486e-05
44,spoon,C:\Users\maxbe\Downloads\coco\train2017\000000130485.jpg,39,rbf,kernel_herding,direct,False,0.8997306114243981,-7.943598090620618e-05,0.001,0.8978604026092517,0.9040886766788652,2.58203713643379e-06,-0.0820180180425852,-4.358065254467116,0.9212553593275088,0.9212553593275088,44,spoon,0.9212553593275088,0,person,person|wine glass|dining table,False,-7.94359809061514e-05,6,-8.20180180425852e-05,-7.94359809061514e-05
44,spoon,C:\Users\maxbe\Downloads\coco\train2017\000000215808.jpg,40,rbf,kernel_herding,direct,False,0.8996454134927218,-8.519793167638401e-05,0.001,0.8978604026092517,0.9040517426766552,-3.693400221016496e-05,-0.0482639294662908,-4.406329183933407,0.9528822601789176,0.9528822601789176,44,spoon,0.9528822601789176,60,dining table,fork|cake|dining table,False,-8.519793167645576e-05,6,-4.82639294662908e-05,-8.519793167645576e-05
2,car,C:\Users\maxbe\Downloads\coco\train2017\000000219339.jpg,1,rbf,kernel_herding,direct,False,0.9292203433565104,0.0004355981580843,0.0001,0.9287847122612806,0.9292630063386274,0.0004782611402012,-0.4266298211688372,-0.4266298211688372,0.6527051251318697,0.6527051251318697,2,car,0.6527051251318697,75,vase,vase,False,0.0004355981580843,7,-4.266298211688372e-05,0.0004355981580843163
2,car,C:\Users\maxbe\Downloads\coco\train2017\000000422272.jpg,2,rbf,kernel_herding,direct,False,0.9296263065864536,0.0004059632299431,0.0001,0.9287847122612806,0.9297002044940156,0.0004371981553881,-0.3123492544493689,-0.7389790756182062,0.731725925059593,0.731725925059593,2,car,0.731725925059593,15,cat,cat,False,0.0004059632299431,7,-3.123492544493689e-05,0.0004059632299431631
2,car,C:\Users\maxbe\Downloads\coco\train2017\000000185232.jpg,3,rbf,kernel_herding,direct,False,0.9300087636785056,0.0003824570920518,0.0001,0.9287847122612806,0.9300957260160964,0.0003955215220808,-0.1306443002900976,-0.8696233759083039,0.877529855998294,0.877529855998294,2,car,0.877529855998294,16,dog,dog,False,0.0003824570920517,7,-1.306443002900976e-05,0.00038245709205179024
2,car,C:\Users\maxbe\Downloads\coco\train2017\000000467593.jpg,4,rbf,kernel_herding,direct,False,0.9303778247784312,0.0003690610999257,0.0001,0.9287847122612806,0.9305121613941348,0.0004164353780383,-0.4737427811263133,-1.3433661570346171,0.6226673937758418,0.6226673937758418,2,car,0.6226673937758418,14,bird,bird,False,0.0003690610999256,7,-4.737427811263133e-05,0.00036906109992566866
2,car,C:\Users\maxbe\Downloads\coco\train2017\000000209941.jpg,5,rbf,kernel_herding,direct,False,0.9307343816212156,0.0003565568427843,0.0001,0.9287847122612806,0.9309156846618014,0.0004035232676666,-0.4696642488241114,-1.8130304058587283,0.6252121487600468,0.6252121487600468,2,car,0.6252121487600468,14,bird,bird,False,0.0003565568427841,7,-4.696642488241114e-05,0.00035655684278418885
2,car,C:\Users\maxbe\Downloads\coco\train2017\000000243102.jpg,6,rbf,kernel_herding,direct,False,0.931074505385238,0.0003401237640223,0.0001,0.9287847122612806,0.9312585071715213,0.0003428225097198,-0.0269874569743404,-1.840017862833069,0.9733734504949338,0.9733734504949338,2,car,0.9733734504949338,4,airplane,airplane,False,0.0003401237640223,7,-2.69874569743404e-06,0.00034012376402236594
2,car,C:\Users\maxbe\Downloads\coco\train2017\000000065072.jpg,7,rbf,kernel_herding,direct,False,0.9313995793131732,0.0003250739279351,0.0001,0.9287847122612806,0.9316064314768384,0.0003479243053172,-0.2285037738214954,-2.0685216366545647,0.795723294280146,0.795723294280146,2,car,0.795723294280146,11,stop sign,stop sign,False,0.000325073927935,7,-2.285037738214954e-05,0.00032507392793505046
2,car,C:\Users\maxbe\Downloads\coco\train2017\000000085131.jpg,8,rbf,kernel_herding,direct,False,0.9317130680033818,0.0003134886902087,0.0001,0.9287847122612806,0.9319323923559776,0.0003259608791391,-0.1247218893038728,-2.193243525958437,0.8827423685432756,0.8827423685432756,2,car,0.8827423685432756,28,suitcase,cat|suitcase,False,0.0003134886902087,7,-1.247218893038728e-05,0.0003134886902087127
2,car,C:\Users\maxbe\Downloads\coco\train2017\000000396296.jpg,9,rbf,kernel_herding,direct,False,0.9320190670158388,0.0003059990124569,0.0001,0.9287847122612806,0.932268530082064,0.0003361377260862,-0.3013871362921438,-2.4946306622505814,0.7397913172331086,0.7397913172331086,2,car,0.7397913172331086,16,dog,person|dog|banana,False,0.0003059990124569,7,-3.013871362921438e-05,0.0003059990124569856
2,car,C:\Users\maxbe\Downloads\coco\train2017\000000144313.jpg,10,rbf,kernel_herding,direct,False,0.9323078949652892,0.0002888279494502,0.0001,0.9287847122612806,0.9325899396004088,0.000321409518345,-0.3258156889473451,-2.8204463511979263,0.7219382363654411,0.7219382363654411,2,car,0.7219382363654411,18,sheep,sheep,False,0.0002888279494502,7,-3.258156889473451e-05,0.0002888279494502655
2,car,C:\Users\maxbe\Downloads\coco\train2017\000000130522.jpg,11,rbf,kernel_herding,direct,False,0.9325875486455124,0.0002796536802233,0.0001,0.9287847122612806,0.932951367433949,0.00036142783354,-0.8177415331682973,-3.638187884366224,0.4414274788832161,0.4414274788832161,2,car,0.4414274788832161,0,person,person|dog|handbag,False,0.0002796536802231,7,-8.177415331682974e-05,0.00027965368022317026
2,car,C:\Users\maxbe\Downloads\coco\train2017\000000190160.jpg,12,rbf,kernel_herding,direct,False,0.9328468651950172,0.0002593165495047,0.0001,0.9287847122612806,0.9332524853371166,0.0003011179031675,-0.418013536628386,-4.05620142099461,0.6583533164793166,0.6583533164793166,2,car,0.6583533164793166,14,bird,bird,False,0.0002593165495046,7,-4.18013536628386e-05,0.0002593165495046614
2,car,C:\Users\maxbe\Downloads\coco\train2017\000000001366.jpg,13,rbf,kernel_herding,direct,False,0.9330966519139334,0.0002497867189162,0.0001,0.9287847122612806,0.9335161446550354,0.0002636593179188,-0.138725990024686,-4.194927411019296,0.8704665122898294,0.8704665122898294,2,car,0.8704665122898294,5,bus,car|bus|clock,True,0.0002497867189163,7,-1.38725990024686e-05,0.00024978671891633136
2,car,C:\Users\maxbe\Downloads\coco\train2017\000000249964.jpg,14,rbf,kernel_herding,direct,False,0.9333318459071036,0.0002351939931702,0.0001,0.9287847122612806,0.9337978798389072,0.0002817351838717,-0.4654119070150612,-4.660339318034357,0.627876425212113,0.627876425212113,2,car,0.627876425212113,19,cow,cow,False,0.0002351939931701,7,-4.654119070150612e-05,0.0002351939931701939
2,car,C:\Users\maxbe\Downloads\coco\train2017\000000044993.jpg,15,rbf,kernel_herding,direct,False,0.9335571693093814,0.0002253234022776,0.0001,0.9287847122612806,0.9340387605952502,0.0002408807563429,-0.1555735406539441,-4.815912858688301,0.8559241293931539,0.8559241293931539,2,car,0.8559241293931539,49,orange,banana|apple|orange,False,0.0002253234022775,7,-1.555735406539441e-05,0.0002253234022775056
2,car,C:\Users\maxbe\Downloads\coco\train2017\000000408439.jpg,16,rbf,kernel_herding,direct,False,0.9337721057347386,0.0002149364253571,0.0001,0.9287847122612806,0.9343015505408612,0.0002627899456111,-0.4785352025384486,-5.294448061226749,0.6196904483115586,0.6196904483115586,2,car,0.6196904483115586,6,train,train,False,0.0002149364253572,7,-4.7853520253844864e-05,0.0002149364253572551
2,car,C:\Users\maxbe\Downloads\coco\train2017\000000468541.jpg,17,rbf,kernel_herding,direct,False,0.9339804259760986,0.00020832024136,0.0001,0.9287847122612806,0.9345793829918232,0.0002778324509618,-0.6951220960175224,-5.989570157244271,0.499013516701399,0.499013516701399,2,car,0.499013516701399,16,dog,dog|tie|tv|book,False,0.00020832024136,7,-6.951220960175225e-05,0.00020832024136004776
2,car,C:\Users\maxbe\Downloads\coco\train2017\000000189737.jpg,18,rbf,kernel_herding,direct,False,0.9341824749020556,0.000202048925957,0.0001,0.9287847122612806,0.934869997095615,0.0002906141037919,-0.8856517783489964,-6.875221935593268,0.4124452627601289,0.4124452627601289,2,car,0.4124452627601289,16,dog,dog|cake|couch|dining table,False,0.000202048925957,7,-8.856517783489966e-05,0.00020204892595700034
2,car,C:\Users\maxbe\Downloads\coco\train2017\000000093791.jpg,19,rbf,kernel_herding,direct,False,0.93437610254024,0.0001936276381842,0.0001,0.9287847122612806,0.9350721281926344,0.0002021310970193,-0.0850345883516176,-6.960256523944885,0.918480515124026,0.918480515124026,2,car,0.918480515124026,0,person,person|car|motorcycle,True,0.0001936276381841,7,-8.503458835161761e-06,0.00019362763818413822
2,car,C:\Users\maxbe\Downloads\coco\train2017\000000502012.jpg,20,rbf,kernel_herding,direct,False,0.934565538176096,0.0001894356358561,0.0001,0.9287847122612806,0.935272099495816,0.0001999713031815,-0.1053566732531482,-7.065613197198033,0.9000034581698542,0.9000034581698542,2,car,0.9000034581698542,7,truck,car|truck,True,0.0001894356358561,7,-1.053566732531482e-05,0.00018943563585618517
42,fork,C:\Users\maxbe\Downloads\coco\train2017\000000130522.jpg,1,rbf,kernel_herding,direct,False,0.8892684060519844,0.000842520551,0.0001,0.8884257955069581,0.8893833205699624,0.000957435068978,-1.149145179779141,-1.149145179779141,0.3169075526101882,0.3169075526101882,2,car,0.4414274788832161,0,person,person|dog|handbag,False,0.000842520551,7,-0.0001149145179779141,0.000842520551000086
42,fork,C:\Users\maxbe\Downloads\coco\train2017\000000134605.jpg,2,rbf,kernel_herding,direct,False,0.8900479709441581,0.0007795648921736,0.0001,0.8884257955069581,0.8904090108671926,0.0010256902972302,-2.461254050565788,-3.610399230344929,0.0853278783689805,0.0853278783689805,42,fork,0.0853278783689805,14,bird,bird,False,0.0007795648921736,7,-0.0002461254050565788,0.0007795648921736212
42,fork,C:\Users\maxbe\Downloads\coco\train2017\000000224878.jpg,3,rbf,kernel_herding,direct,False,0.8908041687441312,0.000756197799973,0.0001,0.8884257955069581,0.8913368602408095,0.0009278493736168,-1.7165157364387025,-5.326914966783631,0.1796911497680239,0.1796911497680239,2,car,0.3271765314841901,21,bear,bear,False,0.0007561977999729,7,-0.00017165157364387027,0.0007561977999729297
42,fork,C:\Users\maxbe\Downloads\coco\train2017\000000189737.jpg,4,rbf,kernel_herding,direct,False,0.8915104977463048,0.0007063290021736,0.0001,0.8884257955069581,0.892233078055306,0.0008962178144965,-1.8988881232295425,-7.225803090013174,0.1497350135828082,0.1497350135828082,2,car,0.4124452627601289,16,dog,dog|cake|couch|dining table,False,0.0007063290021735,7,-0.00018988881232295425,0.0007063290021735457
42,fork,C:\Users\maxbe\Downloads\coco\train2017\000000465163.jpg,5,rbf,kernel_herding,direct,False,0.8921962752975207,0.0006857775512159,0.0001,0.8884257955069581,0.892938226446726,0.0007051483914199,-0.1937084020408324,-7.419511492054006,0.823898116252474,0.823898116252474,42,fork,0.823898116252474,69,oven,microwave|oven|sink,False,0.0006857775512158,7,-1.937084020408324e-05,0.0006857775512158167
42,fork,C:\Users\maxbe\Downloads\coco\train2017\000000004749.jpg,6,rbf,kernel_herding,direct,False,0.8928656141942367,0.000669338896716,0.0001,0.8884257955069581,0.8936739596907769,0.0007357332440508,-0.6639434733475377,-8.083454965401543,0.5148171585239653,0.5148171585239653,42,fork,0.5148171585239653,60,dining table,bowl|banana|dining table,False,0.000669338896716,7,-6.639434733475377e-05,0.0006693388967160463
42,fork,C:\Users\maxbe\Downloads\coco\train2017\000000065198.jpg,7,rbf,kernel_herding,direct,False,0.8935062201646169,0.0006406059703801,0.0001,0.8884257955069581,0.894497557089168,0.0008235973983911,-1.8299142801096464,-9.91336924551119,0.1604273189969819,0.1604273189969819,42,fork,0.1604273189969819,14,bird,bird,False,0.0006406059703801,7,-0.00018299142801096464,0.0006406059703801353
42,fork,C:\Users\maxbe\Downloads\coco\train2017\000000499226.jpg,8,rbf,kernel_herding,direct,False,0.8941264535593997,0.0006202333947827,0.0001,0.8884257955069581,0.8952699166475265,0.0007723595583585,-1.521261635757269,-11.434630881268458,0.2184361262054826,0.2184361262054826,2,car,0.3666307926384415,57,couch,cat|couch|remote,False,0.0006202333947827,7,-0.0001521261635757269,0.0006202333947827731
42,fork,C:\Users\maxbe\Downloads\coco\train2017\000000196473.jpg,9,rbf,kernel_herding,direct,False,0.8947154226598902,0.0005889691004905,0.0001,0.8884257955069581,0.8959922193252889,0.0007223026777624,-1.3333357727183803,-12.767966653986836,0.2635964951005939,0.2635964951005939,42,fork,0.2635964951005939,45,bowl,bowl|vase,False,0.0005889691004905,7,-0.00013333357727183804,0.000588969100490562
42,fork,C:\Users\maxbe\Downloads\coco\train2017\000000329011.jpg,10,rbf,kernel_herding,direct,False,0.8952872269696409,0.0005718043097506,0.0001,0.8884257955069581,0.8967586986709997,0.0007664793457107,-1.9467503596004805,-14.714717013587318,0.1427371631894108,0.1427371631894108,2,car,0.2250453532646709,16,dog,person|dog,False,0.0005718043097506,7,-0.00019467503596004807,0.000571804309750652
42,fork,C:\Users\maxbe\Downloads\coco\train2017\000000211041.jpg,11,rbf,kernel_herding,direct,False,0.8958354982964789,0.0005482713268379,0.0001,0.8884257955069581,0.8973870211150778,0.0006283224440781,-0.800511172402307,-15.515228185989626,0.449099338244412,0.449099338244412,42,fork,0.449099338244412,0,person,person|chair|scissors,False,0.0005482713268378,7,-8.00511172402307e-05,0.0005482713268378693
42,fork,C:\Users\maxbe\Downloads\coco\train2017\000000219339.jpg,12,rbf,kernel_herding,direct,False,0.8963686471414192,0.0005331488449402,0.0001,0.8884257955069581,0.8981697171722111,0.0007826960571332,-2.495472121929169,-18.010700307918796,0.0824575121997106,0.0824575121997106,2,car,0.6527051251318697,75,vase,vase,False,0.0005331488449402,7,-0.0002495472121929169,0.0005331488449402831
42,fork,C:\Users\maxbe\Downloads\coco\train2017\000000001366.jpg,13,rbf,kernel_herding,direct,False,0.8968757092592569,0.0005070621178376,0.0001,0.8884257955069581,0.898974591563219,0.0008048743910079,-2.978122731702549,-20.988823039621344,0.0508882751971163,0.0508882751971163,2,car,0.8704665122898294,5,bus,car|bus|clock,False,0.0005070621178376,7,-0.0002978122731702549,0.0005070621178376451
42,fork,C:\Users\maxbe\Downloads\coco\train2017\000000138227.jpg,14,rbf,kernel_herding,direct,False,0.8973654931609548,0.0004897839016979,0.0001,0.8884257955069581,0.8995058000534067,0.0005312084901877,-0.4142458848974157,-21.40306892451876,0.6608384410940359,0.6608384410940359,42,fork,0.6608384410940359,49,orange,orange,False,0.0004897839016979,7,-4.142458848974157e-05,0.0004897839016979584
42,fork,C:\Users\maxbe\Downloads\coco\train2017\000000149915.jpg,15,rbf,kernel_herding,direct,False,0.8978368483823549,0.0004713552214,0.0001,0.8884257955069581,0.9001951499617934,0.0006893499083866,-2.179946869866294,-23.58301579438505,0.1130475367106374,0.1130475367106374,2,car,0.2189333980053625,14,bird,bird,False,0.0004713552213999,7,-0.0002179946869866294,0.00047135522139997064
42,fork,C:\Users\maxbe\Downloads\coco\train2017\000000376747.jpg,16,rbf,kernel_herding,direct,False,0.8982952789688664,0.0004584305865115,0.0001,0.8884257955069581,0.9008099838237792,0.0006148338619857,-1.5640327547426671,-25.14704854912772,0.2092903504004772,0.2092903504004772,42,fork,0.2092903504004772,74,clock,clock,False,0.0004584305865114,7,-0.00015640327547426672,0.0004584305865114333
42,fork,C:\Users\maxbe\Downloads\coco\train2017\000000146047.jpg,17,rbf,kernel_herding,direct,False,0.8987381516414402,0.0004428726725738,0.0001,0.8884257955069581,0.9012962499791172,0.0004862661553379,-0.4339348276420435,-25.580983376769765,0.6479544828298024,0.6479544828298024,42,fork,0.6479544828298024,47,apple,bowl|apple,False,0.0004428726725736,7,-4.3393482764204355e-05,0.00044287267257369565
42,fork,C:\Users\maxbe\Downloads\coco\train2017\000000395973.jpg,18,rbf,kernel_herding,direct,False,0.8991686024180566,0.0004304507766164,0.0001,0.8884257955069581,0.9019117465167148,0.0006154965375975,-1.8504576098108525,-27.43144098658062,0.157165229503442,0.157165229503442,2,car,0.6620466780760795,14,bird,bird,False,0.0004304507766164,7,-0.00018504576098108525,0.0004304507766164148
42,fork,C:\Users\maxbe\Downloads\coco\train2017\000000210697.jpg,19,rbf,kernel_herding,direct,False,0.8995866075053243,0.0004180050872676,0.0001,0.8884257955069581,0.9025459528247796,0.0006342063080649,-2.162012207973929,-29.59345319455455,0.1150932962270023,0.1150932962270023,2,car,0.3620862610493554,20,elephant,elephant,False,0.0004180050872675,7,-0.00021620122079739291,0.00041800508726750707
42,fork,C:\Users\maxbe\Downloads\coco\train2017\000000432055.jpg,20,rbf,kernel_herding,direct,False,0.8999883090813631,0.0004017015760388,0.0001,0.8884257955069581,0.903177424997008,0.0006314721722283,-2.297705961895232,-31.89115915644978,0.1004891053431291,0.1004891053431291,42,fork,0.1004891053431291,14,bird,bird,False,0.0004017015760387,7,-0.00022977059618952322,0.00040170157603877676
0,person,C:\Users\maxbe\Downloads\coco\train2017\000000067456.jpg,1,rbf,kernel_herding,direct,False,0.926862454615424,0.000397031999619,0.0001,0.9264654330435246,0.9268820326325964,0.0004166100167913,-0.1957801717229064,-0.1957801717229064,0.8221929560735945,0.8221929560735945,0,person,0.8221929560735945,4,airplane,person|car|airplane,True,0.000397031999619,8,-1.9578017172290643e-05,0.00039703199961900937
0,person,C:\Users\maxbe\Downloads\coco\train2017\000000067660.jpg,2,rbf,kernel_herding,direct,False,0.9272080525230888,0.0003455979076646,0.0001,0.9264654330435246,0.9272614155455156,0.0003793829129192,-0.3378500525471278,-0.5336302242700343,0.7133022377323304,0.7133022377323304,0,person,0.7133022377323304,0,person,person|tie,True,0.0003455979076644,8,-3.3785005254712785e-05,0.0003455979076644872
0,person,C:\Users\maxbe\Downloads\coco\train2017\000000529389.jpg,3,rbf,kernel_herding,direct,False,0.9275376856621056,0.0003296331390169,0.0001,0.9264654330435246,0.9276799977384426,0.0004185821929268,-0.8894905390993786,-1.423120763369413,0.4108650191029738,0.4108650191029738,0,person,0.4108650191029738,16,dog,person|dog|chair|couch|dining table,True,0.0003296331390168,8,-8.894905390993787e-05,0.0003296331390168621
0,person,C:\Users\maxbe\Downloads\coco\train2017\000000457305.jpg,4,rbf,kernel_herding,direct,False,0.9278411766060608,0.000303490943955,0.0001,0.9264654330435246,0.9280098980030024,0.0003299002645598,-0.2640932060478345,-1.6872139694172474,0.7679019632129638,0.7679019632129638,0,person,0.7679019632129638,17,horse,horse|cow,False,0.000303490943955,8,-2.6409320604783448e-05,0.00030349094395501654
0,person,C:\Users\maxbe\Downloads\coco\train2017\000000310091.jpg,5,rbf,kernel_herding,direct,False,0.9281363553783966,0.0002951787723358,0.0001,0.9264654330435246,0.92832328676736,0.0003133887643577,-0.18209992021814,-1.869313889635388,0.8335180509481793,0.8335180509481793,0,person,0.8335180509481793,14,bird,bird,False,0.0002951787723358,8,-1.8209992021814e-05,0.000295178772335886
0,person,C:\Users\maxbe\Downloads\coco\train2017\000000505978.jpg,6,rbf,kernel_herding,direct,False,0.928415064000984,0.0002787086225873,0.0001,0.9264654330435246,0.9286488419629334,0.0003255551955733,-0.4684657298595457,-2.337779619494933,0.625961926598942,0.625961926598942,0,person,0.625961926598942,16,dog,dog|frisbee,False,0.0002787086225873,8,-4.684657298595457e-05,0.0002787086225873454
0,person,C:\Users\maxbe\Downloads\coco\train2017\000000184148.jpg,7,rbf,kernel_herding,direct,False,0.9286856061198868,0.0002705421189029,0.0001,0.9264654330435246,0.9289419935437512,0.0002931515808176,-0.2260946191467362,-2.5638742386416693,0.7976426258293445,0.7976426258293445,0,person,0.7976426258293445,74,clock,clock,False,0.0002705421189029,8,-2.260946191467362e-05,0.0002705421189029264
0,person,C:\Users\maxbe\Downloads\coco\train2017\000000225306.jpg,8,rbf,kernel_herding,direct,False,0.92894825256035,0.000262646440463,0.0001,0.9264654330435246,0.9292226733730384,0.0002806798292872,-0.1803338882423083,-2.744208126883977,0.834991371060879,0.834991371060879,0,person,0.834991371060879,0,person,person|dog|frisbee,True,0.0002626464404629,8,-1.8033388824230834e-05,0.00026264644046296916
0,person,C:\Users\maxbe\Downloads\coco\train2017\000000560285.jpg,9,rbf,kernel_herding,direct,False,0.9292031788982584,0.0002549263379085,0.0001,0.9264654330435246,0.9294800990287546,0.0002574256557162,-0.0249931780770042,-2.7692013049609816,0.9753165655391444,0.9753165655391444,0,person,0.9753165655391444,0,person,person|tie,True,0.0002549263379084,8,-2.49931780770042e-06,0.0002549263379084996
0,person,C:\Users\maxbe\Downloads\coco\train2017\000000358254.jpg,10,rbf,kernel_herding,direct,False,0.9294484032569432,0.0002452243586847,0.0001,0.9264654330435246,0.9298486044514808,0.0003685054227261,-1.2328106404131614,-4.002011945374143,0.2914722017794525,0.2914722017794525,0,person,0.2914722017794525,14,bird,bird,False,0.0002452243586847,8,-0.00012328106404131613,0.00024522435868478386
0,person,C:\Users\maxbe\Downloads\coco\train2017\000000262752.jpg,11,rbf,kernel_herding,direct,False,0.9296868481426548,0.0002384448857113,0.0001,0.9264654330435246,0.9300934360431664,0.0002448315916856,-0.0638670597429215,-4.065879005117065,0.938129706444609,0.938129706444609,0,person,0.938129706444609,74,clock,clock,False,0.0002384448857113,8,-6.386705974292151e-06,0.00023844488571130788
0,person,C:\Users\maxbe\Downloads\coco\train2017\000000220716.jpg,12,rbf,kernel_herding,direct,False,0.9299075911141482,0.0002207429714935,0.0001,0.9264654330435246,0.9304805606235432,0.0003871245803768,-1.6638160888330125,-5.7296950939500775,0.1894147755551282,0.1894147755551282,58,potted plant,0.3258401496318319,8,boat,boat|bird,False,0.0002207429714934,8,-0.00016638160888330126,0.00022074297149349872
0,person,C:\Users\maxbe\Downloads\coco\train2017\000000474556.jpg,13,rbf,kernel_herding,direct,False,0.9301138128694888,0.0002062217553406,0.0001,0.9264654330435246,0.9306991957628792,0.0002186351393358,-0.1241338399514512,-5.853828933901529,0.8832616172784313,0.8832616172784313,0,person,0.8832616172784313,0,person,person|bicycle|car|traffic light,True,0.0002062217553406,8,-1.241338399514512e-05,0.00020622175534065485
0,person,C:\Users\maxbe\Downloads\coco\train2017\000000481254.jpg,14,rbf,kernel_herding,direct,False,0.9303038136001648,0.0001900007306759,0.0001,0.9264654330435246,0.9309071471463748,0.0002079513834957,-0.1795065281975646,-6.033335462099093,0.8356824954239189,0.8356824954239189,0,person,0.8356824954239189,4,airplane,airplane|truck,False,0.0001900007306759,8,-1.795065281975646e-05,0.00019000073067594353
0,person,C:\Users\maxbe\Downloads\coco\train2017\000000495786.jpg,15,rbf,kernel_herding,direct,False,0.930487493500354,0.0001836799001889,0.0001,0.9264654330435246,0.9311394705010322,0.0002323233546573,-0.4864345446846199,-6.519770006783713,0.6148145848468102,0.6148145848468102,0,person,0.6148145848468102,17,horse,person|horse,True,0.0001836799001888,8,-4.864345446846199e-05,0.000183679900188838
0,person,C:\Users\maxbe\Downloads\coco\train2017\000000372087.jpg,16,rbf,kernel_herding,direct,False,0.9306601614523186,0.0001726679519646,0.0001,0.9264654330435246,0.9313259426447154,0.0001864721436831,-0.1380419171847773,-6.657811923968491,0.8710621785052486,0.8710621785052486,0,person,0.8710621785052486,6,train,person|train|bench|suitcase,True,0.0001726679519646,8,-1.380419171847773e-05,0.00017266795196462228
0,person,C:\Users\maxbe\Downloads\coco\train2017\000000355345.jpg,17,rbf,kernel_herding,direct,False,0.9308275458312952,0.0001673843789766,0.0001,0.9264654330435246,0.931494837326578,0.0001688946818626,-0.0151030288587496,-6.672914952827241,0.98501044987146,0.98501044987146,0,person,0.98501044987146,0,person,person|backpack|umbrella|handbag,True,0.0001673843789767,8,-1.51030288587496e-06,0.00016738437897672502
0,person,C:\Users\maxbe\Downloads\coco\train2017\000000447791.jpg,18,rbf,kernel_herding,direct,False,0.9309876386994268,0.0001600928681315,0.0001,0.9264654330435246,0.9316912657077856,0.0001964283812077,-0.3633551307621927,-7.036270083589433,0.6953394532155394,0.6953394532155394,0,person,0.6953394532155394,8,boat,boat,False,0.0001600928681314,8,-3.633551307621928e-05,0.0001600928681314807
0,person,C:\Users\maxbe\Downloads\coco\train2017\000000568191.jpg,19,rbf,kernel_herding,direct,False,0.9311430096537074,0.0001553709542806,0.0001,0.9264654330435246,0.9318944272245954,0.0002031615168096,-0.4779056252902481,-7.514175708879681,0.6200807141571012,0.6200807141571012,0,person,0.6200807141571012,14,bird,bird,False,0.0001553709542805,8,-4.7790562529024814e-05,0.00015537095428057519
0,person,C:\Users\maxbe\Downloads\coco\train2017\000000216161.jpg,20,rbf,kernel_herding,direct,False,0.931291365638208,0.0001483559845004,0.0001,0.9264654330435246,0.9320938364791262,0.0001994092545308,-0.5105327003037398,-8.02470840918342,0.6001757798201106,0.6001757798201106,0,person,0.6001757798201106,16,dog,person|dog|pizza,True,0.0001483559845004,8,-5.105327003037398e-05,0.00014835598450042603
0,person,C:\Users\maxbe\Downloads\coco\train2017\000000456709.jpg,21,rbf,kernel_herding,direct,False,0.9314314749323108,0.0001401092941027,0.0001,0.9264654330435246,0.93230386915853,0.0002100326794037,-0.6992338530103085,-8.723942262193729,0.4969659069063829,0.4969659069063829,0,person,0.4969659069063829,16,dog,car|dog|tie,False,0.0001401092941026,8,-6.992338530103086e-05,0.00014010929410266914
0,person,C:\Users\maxbe\Downloads\coco\train2017\000000504191.jpg,22,rbf,kernel_herding,direct,False,0.9315654346802548,0.0001339597479439,0.0001,0.9264654330435246,0.9324816360306328,0.0001777668721028,-0.4380712415885606,-9.16201350378229,0.6452798104599774,0.6452798104599774,0,person,0.6452798104599774,14,bird,bird,False,0.0001339597479439,8,-4.3807124158856064e-05,0.00013395974794394393
0,person,C:\Users\maxbe\Downloads\coco\train2017\000000226419.jpg,23,rbf,kernel_herding,direct,False,0.9316938641737949,0.0001284294935401,0.0001,0.9264654330435246,0.9326820439699416,0.0002004079393086,-0.7197844576834445,-9.881797961465734,0.4868571829755098,0.4868571829755098,0,person,0.4868571829755098,4,airplane,airplane,False,0.0001284294935402,8,-7.197844576834445e-05,0.00012842949354025554
0,person,C:\Users\maxbe\Downloads\coco\train2017\000000125920.jpg,24,rbf,kernel_herding,direct,False,0.93181462309334,0.0001207589195451,0.0001,0.9264654330435246,0.9328099843359036,0.000127940365962,-0.0718144641704016,-9.953612425636136,0.9307035586490032,0.9307035586490032,0,person,0.9307035586490032,0,person,person|tie,True,0.0001207589195449,8,-7.181446417040161e-06,0.00012075891954495983
0,person,C:\Users\maxbe\Downloads\coco\train2017\000000133071.jpg,25,rbf,kernel_herding,direct,False,0.9319299150948668,0.0001152920015269,0.0001,0.9264654330435246,0.9329324304454946,0.000122446109591,-0.0715410806407046,-10.02515350627684,0.9309580324558574,0.9309580324558574,0,person,0.9309580324558574,60,dining table,bottle|cup|dining table,False,0.0001152920015269,8,-7.15410806407046e-06,0.00011529200152692954
0,person,C:\Users\maxbe\Downloads\coco\train2017\000000401482.jpg,26,rbf,kernel_herding,direct,False,0.9320424770078112,0.0001125619129442,0.0001,0.9264654330435246,0.9330460007831546,0.00011357033766,-0.0100842471576602,-10.0352377534345,0.9899664283771148,0.9899664283771148,0,person,0.9899664283771148,6,train,person|train|bench|handbag,True,0.0001125619129442,8,-1.00842471576602e-06,0.00011256191294423399
0,person,C:\Users\maxbe\Downloads\coco\train2017\000000075973.jpg,27,rbf,kernel_herding,direct,False,0.9321520969180406,0.0001096199102293,0.0001,0.9264654330435246,0.9331631238442092,0.0001171230610547,-0.075031508253101,-10.110269261687602,0.927714255211486,0.927714255211486,0,person,0.927714255211486,0,person,person|dog|couch|teddy bear,True,0.0001096199102293,8,-7.5031508253101e-06,0.0001096199102293899
0,person,C:\Users\maxbe\Downloads\coco\train2017\000000466863.jpg,28,rbf,kernel_herding,direct,False,0.932257719557736,0.0001056226396953,0.0001,0.9264654330435246,0.9333297790341636,0.0001666551899541,-0.6103255025872248,-10.720594764274828,0.5431740357412601,0.5431740357412601,0,person,0.5431740357412601,74,clock,clock,False,0.0001056226396953,8,-6.1032550258722486e-05,0.00010562263969537752
0,person,C:\Users\maxbe\Downloads\coco\train2017\000000250593.jpg,29,rbf,kernel_herding,direct,False,0.9323603684791344,0.0001026489213985,0.0001,0.9264654330435246,0.9334744776754468,0.0001446986412834,-0.4204971988495413,-11.141091963124367,0.6567202180908787,0.6567202180908787,0,person,0.6567202180908787,56,chair,bench|bird|chair|potted plant,False,0.0001026489213984,8,-4.204971988495413e-05,0.00010264892139844586
0,person,C:\Users\maxbe\Downloads\coco\train2017\000000369576.jpg,30,rbf,kernel_herding,direct,False,0.93245609379186,9.572531272539209e-05,0.0001,0.9264654330435246,0.9335767156075097,0.0001022379320626,-0.0651261933715872,-11.206218156495954,0.9369492191347718,0.9369492191347718,0,person,0.9369492191347718,7,truck,person|truck|traffic light,True,9.572531272544128e-05,8,-6.512619337158721e-06,9.572531272544128e-05
0,person,C:\Users\maxbe\Downloads\coco\train2017\000000393633.jpg,31,rbf,kernel_herding,direct,False,0.9325427382069502,8.664441509032006e-05,0.0001,0.9264654330435246,0.9336824650250162,0.0001057494175066,-0.1910500241639529,-11.397268180659909,0.8260912625918042,0.8260912625918042,0,person,0.8260912625918042,7,truck,truck,False,8.664441509020471e-05,8,-1.910500241639529e-05,8.664441509020471e-05
0,person,C:\Users\maxbe\Downloads\coco\train2017\000000192137.jpg,32,rbf,kernel_herding,direct,False,0.9326273622697566,8.462406280640433e-05,0.0001,0.9264654330435246,0.9337878580217124,0.0001053929966962,-0.2076893388976009,-11.604957519557509,0.8124593970415799,0.8124593970415799,0,person,0.8124593970415799,4,airplane,airplane,False,8.462406280643991e-05,8,-2.0768933889760092e-05,8.462406280643991e-05
0,person,C:\Users\maxbe\Downloads\coco\train2017\000000268826.jpg,33,rbf,kernel_herding,direct,False,0.9327096595764374,8.229730668074531e-05,0.0001,0.9264654330435246,0.9338784698226956,9.06118009832424e-05,-0.0831449430245541,-11.688102462582062,0.9202177584073172,0.9202177584073172,0,person,0.9202177584073172,53,pizza,pizza,False,8.229730668078698e-05,8,-8.31449430245541e-06,8.229730668078698e-05
0,person,C:\Users\maxbe\Downloads\coco\train2017\000000556865.jpg,34,rbf,kernel_herding,direct,False,0.9327875937992643,7.793422282709184e-05,0.0001,0.9264654330435246,0.934029800011234,0.0001513301885385,-0.7339596571147632,-12.422062119696824,0.480004568644152,0.480004568644152,0,person,0.480004568644152,14,bird,bird,False,7.793422282702368e-05,8,-7.339596571147632e-05,7.793422282702368e-05
0,person,C:\Users\maxbe\Downloads\coco\train2017\000000429061.jpg,35,rbf,kernel_herding,direct,False,0.9328609180278522,7.332422858774557e-05,0.0001,0.9264654330435246,0.9341593634455704,0.0001295634343362,-0.562392057485319,-12.984454177182144,0.569844331840403,0.569844331840403,0,person,0.569844331840403,74,clock,clock,False,7.33242285876681e-05,8,-5.6239205748531895e-05,7.33242285876681e-05
0,person,C:\Users\maxbe\Downloads\coco\train2017\000000170992.jpg,36,rbf,kernel_herding,direct,False,0.9329291222811305,6.820425327824786e-05,0.0001,0.9264654330435246,0.934240555037811,8.119159224062589e-05,-0.1298733896236669,-13.11432756680581,0.8782066139508408,0.8782066139508408,0,person,0.8782066139508408,13,bench,person|bench|backpack|umbrella|handbag,True,6.820425327825919e-05,8,-1.298733896236669e-05,6.820425327825919e-05
0,person,C:\Users\maxbe\Downloads\coco\train2017\000000115536.jpg,37,rbf,kernel_herding,direct,False,0.9329943147630514,6.51924819209393e-05,0.0001,0.9264654330435246,0.9343126963658768,7.214132806576679e-05,-0.0694884614482828,-13.183816028254093,0.9328708973005498,0.9328708973005498,0,person,0.9328708973005498,4,airplane,airplane,False,6.519248192093851e-05,8,-6.9488461448282804e-06,6.519248192093851e-05
0,person,C:\Users\maxbe\Downloads\coco\train2017\000000325327.jpg,38,rbf,kernel_herding,direct,False,0.9330568475497356,6.253278668411077e-05,0.0001,0.9264654330435246,0.934394274795158,8.157842928124825e-05,-0.1904564259716217,-13.374272454225714,0.8265817744410504,0.8265817744410504,0,person,0.8265817744410504,19,cow,person|cow,True,6.253278668408608e-05,8,-1.9045642597162173e-05,6.253278668408608e-05
0,person,C:\Users\maxbe\Downloads\coco\train2017\000000254828.jpg,39,rbf,kernel_herding,direct,False,0.9331166828215776,5.983527184205695e-05,0.0001,0.9264654330435246,0.9345203781544824,0.0001261033593242,-0.6626808748221689,-14.036953329047885,0.5154675764310931,0.5154675764310931,0,person,0.5154675764310931,47,apple,person|truck|apple|orange|carrot,True,5.983527184198311e-05,8,-6.626808748221689e-05,5.983527184198311e-05
0,person,C:\Users\maxbe\Downloads\coco\train2017\000000501085.jpg,40,rbf,kernel_herding,direct,False,0.9331702007861548,5.351796457719882e-05,0.0001,0.9264654330435246,0.93461728863732,9.691048283777536e-05,-0.4339251826049111,-14.470878511652794,0.6479607324049881,0.6479607324049881,0,person,0.6479607324049881,74,clock,traffic light|clock,False,5.3517964577284246e-05,8,-4.339251826049111e-05,5.3517964577284246e-05
0,person,C:\Users\maxbe\Downloads\coco\train2017\000000296426.jpg,41,rbf,kernel_herding,direct,False,0.9332198723717504,4.967158559554541e-05,0.0001,0.9264654330435246,0.9347463250234792,0.0001290363861591,-0.7936480056362298,-15.264526517289024,0.452192183112185,0.452192183112185,0,person,0.452192183112185,0,person,person|horse|handbag,True,4.967158559547701e-05,8,-7.936480056362298e-05,4.967158559547701e-05
0,person,C:\Users\maxbe\Downloads\coco\train2017\000000325836.jpg,42,rbf,kernel_herding,direct,False,0.9332679603764656,4.808800471522989e-05,0.0001,0.9264654330435246,0.934822657800264,7.633277678487094e-05,-0.2824477206962949,-15.54697423798532,0.7539360561800932,0.7539360561800932,0,person,0.7539360561800932,3,motorcycle,person|motorcycle|handbag,True,4.808800471524144e-05,8,-2.8244772069629494e-05,4.808800471524144e-05
0,person,C:\Users\maxbe\Downloads\coco\train2017\000000558498.jpg,43,rbf,kernel_herding,direct,False,0.933312377418178,4.4417041712430105e-05,0.0001,0.9264654330435246,0.9349035943853418,8.093658507768442e-05,-0.3651954336530573,-15.912169671638376,0.694060994745876,0.694060994745876,0,person,0.694060994745876,0,person,person|bench|umbrella|handbag,True,4.441704171237869e-05,8,-3.651954336530573e-05,4.441704171237869e-05
0,person,C:\Users\maxbe\Downloads\coco\train2017\000000117046.jpg,44,rbf,kernel_herding,direct,False,0.9333508544720716,3.847705389370404e-05,0.0001,0.9264654330435246,0.9349574323416248,5.383795628310928e-05,-0.1536090238940571,-16.065778695532433,0.8576072594177994,0.8576072594177994,0,person,0.8576072594177994,74,clock,clock,False,3.847705389370357e-05,8,-1.536090238940571e-05,3.8477053893703564e-05
0,person,C:\Users\maxbe\Downloads\coco\train2017\000000207597.jpg,45,rbf,kernel_herding,direct,False,0.933388418649344,3.756417727229788e-05,0.0001,0.9264654330435246,0.935037816092716,8.038375109109541e-05,-0.4281957381870413,-16.493974433719476,0.6516838428988598,0.6516838428988598,0,person,0.6516838428988598,16,dog,bird|dog|bed,False,3.756417727239128e-05,8,-4.281957381870413e-05,3.756417727239128e-05
0,person,C:\Users\maxbe\Downloads\coco\train2017\000000373540.jpg,46,rbf,kernel_herding,direct,False,0.93341981652077,3.139787142603101e-05,0.0001,0.9264654330435246,0.935166103562366,0.0001282874696501,-0.9688959822407418,-17.462870415960218,0.3795017836174086,0.3795017836174086,0,person,0.3795017836174086,16,dog,dog|bed,False,3.1397871426025806e-05,8,-9.688959822407419e-05,3.1397871426025806e-05
0,person,C:\Users\maxbe\Downloads\coco\train2017\000000049551.jpg,47,rbf,kernel_herding,direct,False,0.9334497191029172,2.990258214718988e-05,0.0001,0.9264654330435246,0.9352098678234052,4.376426103913644e-05,-0.1386167889203302,-17.60148720488055,0.8705615733845701,0.8705615733845701,0,person,0.8705615733845701,2,car,car|bus|traffic light,False,2.9902582147103424e-05,8,-1.386167889203302e-05,2.9902582147103424e-05
0,person,C:\Users\maxbe\Downloads\coco\train2017\000000005259.jpg,48,rbf,kernel_herding,direct,False,0.9334769435290792,2.722442616209797e-05,0.0001,0.9264654330435246,0.935257656893187,4.778906978175623e-05,-0.2056464361957666,-17.807133641076316,0.8141208690739414,0.8141208690739414,0,person,0.8141208690739414,14,bird,bird,False,2.722442616217957e-05,8,-2.0564643619576663e-05,2.722442616217957e-05
0,person,C:\Users\maxbe\Downloads\coco\train2017\000000283584.jpg,49,rbf,kernel_herding,direct,False,0.9335009313265888,2.398779750956148e-05,0.0001,0.9264654330435246,0.935290520779126,3.286388593892742e-05,-0.0887608842942284,-17.895894525370544,0.915064353674286,0.915064353674286,0,person,0.915064353674286,55,cake,fork|cake,False,2.398779750950457e-05,8,-8.876088429422841e-06,2.3987797509504574e-05
0,person,C:\Users\maxbe\Downloads\coco\train2017\000000106835.jpg,50,rbf,kernel_herding,direct,False,0.9335221731994936,2.124187290486468e-05,0.0001,0.9264654330435246,0.9353612448746272,7.072409550124004e-05,-0.4948222259640443,-18.390716751334587,0.6096792828085913,0.6096792828085913,0,person,0.6096792828085913,65,remote,person|remote,True,2.12418729048356e-05,8,-4.9482222596404435e-05,2.12418729048356e-05
0,person,C:\Users\maxbe\Downloads\coco\train2017\000000282564.jpg,51,rbf,kernel_herding,direct,False,0.9335421036594038,1.993045991011133e-05,0.0001,0.9264654330435246,0.9353816675355237,2.042266089652412e-05,-0.0049220098642096,-18.3956387611988,0.9950900833761888,0.9950900833761888,0,person,0.9950900833761888,0,person,person|sports ball,True,1.993045991010316e-05,8,-4.9220098642096e-07,1.9930459910103162e-05
0,person,C:\Users\maxbe\Downloads\coco\train2017\000000006819.jpg,52,rbf,kernel_herding,direct,False,0.9335613360993258,1.923243992196788e-05,0.0001,0.9264654330435246,0.935404616284223,2.2948748699347377e-05,-0.0371630877736549,-18.432801848972453,0.963518984367665,0.963518984367665,0,person,0.963518984367665,4,airplane,airplane,False,1.9232439921981888e-05,8,-3.7163087773654903e-06,1.9232439921981888e-05
0,person,C:\Users\maxbe\Downloads\coco\train2017\000000570255.jpg,53,rbf,kernel_herding,direct,False,0.933576756126412,1.5420027086321397e-05,0.0001,0.9264654330435246,0.935421927445686,1.731116146308498e-05,-0.0189113437672682,-18.45171319273972,0.98126635376381,0.98126635376381,0,person,0.98126635376381,0,person,person|boat|kite,True,1.542002708635816e-05,8,-1.89113437672682e-06,1.542002708635816e-05
0,person,C:\Users\maxbe\Downloads\coco\train2017\000000178933.jpg,54,rbf,kernel_herding,direct,False,0.9335883591816404,1.1603055228182058e-05,0.0001,0.9264654330435246,0.935451471598248,2.9544152561955528e-05,-0.1794109733382866,-18.631124166078006,0.835762352762488,0.835762352762488,0,person,0.835762352762488,0,person,person|tie,True,1.1603055228126868e-05,8,-1.794109733382866e-05,1.1603055228126868e-05
0,person,C:\Users\maxbe\Downloads\coco\train2017\000000125782.jpg,55,rbf,kernel_herding,direct,False,0.9335958163316896,7.457150049350325e-06,0.0001,0.9264654330435246,0.9355044761269724,5.300452872436523e-05,-0.4554737867494621,-19.086597952827468,0.6341474461040464,0.6341474461040464,0,person,0.6341474461040464,54,donut,donut,False,7.457150049419016e-06,8,-4.5547378674946214e-05,7.457150049419016e-06
0,person,C:\Users\maxbe\Downloads\coco\train2017\000000559226.jpg,56,rbf,kernel_herding,direct,False,0.9336010368624756,5.220530785887689e-06,0.0001,0.9264654330435246,0.9355133850709622,8.908943989749396e-06,-0.0368841320387761,-19.123482084866243,0.9637878010062476,0.9637878010062476,0,person,0.9637878010062476,6,train,train,False,5.220530785871785e-06,8,-3.6884132038776103e-06,5.220530785871785e-06
0,person,C:\Users\maxbe\Downloads\coco\train2017\000000104596.jpg,57,rbf,kernel_herding,direct,False,0.933604798244308,3.761381832334543e-06,0.0001,0.9264654330435246,0.9355352841336366,2.1899062674468617e-05,-0.1813768084217088,-19.30485889328796,0.8341209956553013,0.8341209956553013,0,person,0.8341209956553013,17,horse,person|horse,True,3.761381832297734e-06,8,-1.8137680842170883e-05,3.761381832297734e-06
0,person,C:\Users\maxbe\Downloads\coco\train2017\000000414882.jpg,58,rbf,kernel_herding,direct,False,0.9336055323682908,7.341239830482849e-07,0.0001,0.9264654330435246,0.9355701707261076,3.488659247097292e-05,-0.341524684878856,-19.64638357816681,0.7106859242063869,0.7106859242063869,0,person,0.7106859242063869,12,parking meter,car|motorcycle|parking meter,False,7.341239830873161e-07,8,-3.4152468487885605e-05,7.341239830873161e-07
0,person,C:\Users\maxbe\Downloads\coco\train2017\000000455856.jpg,59,rbf,kernel_herding,direct,False,0.9336059296265852,3.972582943712055e-07,0.0001,0.9264654330435246,0.9355730533262688,2.882600161235871e-06,-0.0248534186692167,-19.671236996836026,0.9754528847304724,0.9754528847304724,0,person,0.9754528847304724,0,person,person|tie|cup,True,3.972582943142007e-07,8,-2.4853418669216703e-06,3.9725829431420063e-07
0,person,C:\Users\maxbe\Downloads\coco\train2017\000000472312.jpg,60,rbf,kernel_herding,direct,False,0.9336054149983511,-5.146282341383923e-07,0.0001,0.9264654330435246,0.9355856097442226,1.2556417953724086e-05,-0.1307104618776271,-19.80194745871365,0.8774717991505043,0.8774717991505043,0,person,0.8774717991505043,0,person,person|scissors,True,-5.146282340386254e-07,8,-1.3071046187762711e-05,-5.146282340386254e-07
0,person,C:\Users\maxbe\Downloads\coco\train2017\000000228181.jpg,61,rbf,kernel_herding,direct,False,0.9336022573635998,-3.157634751338456e-06,0.0001,0.9264654330435246,0.9355836480768088,-1.961667413730161e-06,-0.0119596733769966,-19.813907132090648,0.9881115592598254,0.9881115592598254,0,person,0.9881115592598254,0,person,person|tie,True,-3.1576347514298214e-06,8,-1.19596733769966e-06,-3.1576347514298214e-06
0,person,C:\Users\maxbe\Downloads\coco\train2017\000000128463.jpg,62,rbf,kernel_herding,direct,False,0.9335978577793312,-4.399584268566237e-06,0.0001,0.9264654330435246,0.9356285914220692,4.494334526039534e-05,-0.4934292952888114,-20.30733642737946,0.610529115525293,0.610529115525293,0,person,0.610529115525293,8,boat,person|boat,True,-4.3995842684858025e-06,8,-4.934292952888114e-05,-4.3995842684858025e-06
0,person,C:\Users\maxbe\Downloads\coco\train2017\000000085914.jpg,63,rbf,kernel_herding,direct,False,0.933591577046266,-6.280733065300304e-06,0.0001,0.9264654330435246,0.93562425393521,-4.337486859351536e-06,-0.0194324620598199,-20.326768889439283,0.9807551311322992,0.9807551311322992,0,person,0.9807551311322992,60,dining table,broccoli|dining table,False,-6.280733065333526e-06,8,-1.94324620598199e-06,-6.280733065333526e-06
0,person,C:\Users\maxbe\Downloads\coco\train2017\000000260896.jpg,64,rbf,kernel_herding,direct,False,0.9335809155545391,-1.0661491726793317e-05,0.0001,0.9264654330435246,0.9356886919656467,6.443803043687524e-05,-0.7509952216364217,-21.077764111075705,0.4718966771803496,0.4718966771803496,0,person,0.4718966771803496,21,bear,bear,False,-1.0661491726766942e-05,8,-7.509952216364218e-05,-1.0661491726766942e-05
0,person,C:\Users\maxbe\Downloads\coco\train2017\000000286778.jpg,65,rbf,kernel_herding,direct,False,0.9335683694305948,-1.2546123944412456e-05,0.0001,0.9264654330435246,0.9356893312127386,6.392470918159532e-07,-0.1318537103628924,-21.2096178214386,0.8764692040621201,0.8764692040621201,0,person,0.8764692040621201,59,bed,person|bed,True,-1.2546123944473288e-05,8,-1.3185371036289241e-05,-1.2546123944473288e-05
0,person,C:\Users\maxbe\Downloads\coco\train2017\000000063556.jpg,66,rbf,kernel_herding,direct,False,0.933555751708529,-1.2617722065733084e-05,0.0001,0.9264654330435246,0.9356810622656304,-8.268947108036606e-06,-0.0434877495763667,-21.253105571014967,0.9574442831161974,0.9574442831161974,0,person,0.9574442831161974,2,car,person|car|motorcycle|bus|truck|traffic light|handbag|clock,True,-1.2617722065673276e-05,8,-4.34877495763667e-06,-1.2617722065673276e-05
0,person,C:\Users\maxbe\Downloads\coco\train2017\000000196721.jpg,67,rbf,kernel_herding,direct,False,0.9335415479172988,-1.4203791230182894e-05,0.0001,0.9264654330435246,0.9356674329351756,-1.3629330454789644e-05,-0.0057446077537258,-21.258850178768693,0.9942718609538818,0.9942718609538818,0,person,0.9942718609538818,0,person,person|handbag|orange,True,-1.4203791230162225e-05,8,-5.7446077537258e-07,-1.4203791230162223e-05
0,person,C:\Users\maxbe\Downloads\coco\train2017\000000337007.jpg,68,rbf,kernel_herding,direct,False,0.9335264742111156,-1.507370618336612e-05,0.0001,0.9264654330435246,0.9357540640324268,8.663109725093321e-05,-1.0170480343435977,-22.27589821311229,0.3616609767288647,0.3616609767288647,58,potted plant,0.6705995945819397,58,potted plant,potted plant|vase,False,-1.5073706183426564e-05,8,-0.00010170480343435977,-1.5073706183426564e-05
0,person,C:\Users\maxbe\Downloads\coco\train2017\000000493386.jpg,69,rbf,kernel_herding,direct,False,0.9335106317338608,-1.5842477254723875e-05,0.0001,0.9264654330435246,0.93577404257227,1.997853984336828e-05,-0.3582101709812803,-22.63410838409357,0.6989261655699558,0.6989261655699558,0,person,0.6989261655699558,55,cake,sandwich|cake,False,-1.5842477254759748e-05,8,-3.582101709812803e-05,-1.5842477254759748e-05
0,person,C:\Users\maxbe\Downloads\coco\train2017\000000504900.jpg,70,rbf,kernel_herding,direct,False,0.9334919058813036,-1.8725852557133216e-05,0.0001,0.9264654330435246,0.935771207079043,-2.835493226993613e-06,-0.158903593301028,-22.7930119773946,0.8530785974954437,0.8530785974954437,0,person,0.8530785974954437,0,person,person|dog|couch,True,-1.872585255709641e-05,8,-1.58903593301028e-05,-1.8725852557096414e-05
0,person,C:\Users\maxbe\Downloads\coco\train2017\000000434494.jpg,71,rbf,kernel_herding,direct,False,0.933473241996475,-1.866388482862913e-05,0.0001,0.9264654330435246,0.935757948260889,-1.3258818154060492e-05,-0.0540506667459454,-22.847062644140543,0.9473841044150226,0.9473841044150226,0,person,0.9473841044150226,7,truck,person|truck,True,-1.866388482865503e-05,8,-5.40506667459454e-06,-1.866388482865503e-05
0,person,C:\Users\maxbe\Downloads\coco\train2017\000000040275.jpg,72,rbf,kernel_herding,direct,False,0.933453681347739,-1.95606487359834e-05,0.0001,0.9264654330435246,0.9357445674540904,-1.338080679857967e-05,-0.0617984193740111,-22.90886106351456,0.9400723680680002,0.9400723680680002,0,person,0.9400723680680002,0,person,person|cell phone,True,-1.956064873598078e-05,8,-6.17984193740111e-06,-1.956064873598078e-05
0,person,C:\Users\maxbe\Downloads\coco\train2017\000000356182.jpg,73,rbf,kernel_herding,direct,False,0.9334333741141858,-2.0307233553173987e-05,0.0001,0.9264654330435246,0.935730532801916,-1.4034652174532702e-05,-0.0627258137864325,-22.971586877300982,0.9392009543411476,0.9392009543411476,0,person,0.9392009543411476,63,laptop,person|laptop,True,-2.0307233553175952e-05,8,-6.272581378643249e-06,-2.0307233553175952e-05
0,person,C:\Users\maxbe\Downloads\coco\train2017\000000005178.jpg,74,rbf,kernel_herding,direct,False,0.9334112963672476,-2.207774693807618e-05,0.0001,0.9264654330435246,0.9357162294877271,-1.430331418861286e-05,-0.0777443274945325,-23.04933120479552,0.9252009447492548,0.9252009447492548,0,person,0.9252009447492548,17,horse,person|horse|cow,True,-2.2077746938066112e-05,8,-7.77443274945325e-06,-2.2077746938066112e-05
0,person,C:\Users\maxbe\Downloads\coco\train2017\000000345787.jpg,75,rbf,kernel_herding,direct,False,0.933388308101764,-2.2988265483858683e-05,0.0001,0.9264654330435246,0.9357051641047835,-1.1065382943709068e-05,-0.1192288254012365,-23.168560030196755,0.8876046710262276,0.8876046710262276,0,person,0.8876046710262276,0,person,person|tie,True,-2.298826548383272e-05,8,-1.192288254012365e-05,-2.2988265483832716e-05
0,person,C:\Users\maxbe\Downloads\coco\train2017\000000308764.jpg,76,rbf,kernel_herding,direct,False,0.933363205322393,-2.5102779370844708e-05,0.0001,0.9264654330435246,0.9357234313482524,1.826724346887243e-05,-0.4337002283972356,-23.60226025859399,0.6481065102942113,0.6481065102942113,0,person,0.6481065102942113,0,person,person|bird,True,-2.510277937085113e-05,8,-4.337002283972356e-05,-2.510277937085113e-05
0,person,C:\Users\maxbe\Downloads\coco\train2017\000000370926.jpg,77,rbf,kernel_herding,direct,False,0.9333374913454756,-2.571397691730759e-05,0.0001,0.9264654330435246,0.9357213126910464,-2.1186572058962128e-06,-0.235953197113984,-23.83821345570797,0.7898176388116872,0.7898176388116872,0,person,0.7898176388116872,5,bus,person|motorcycle|bus|stop sign,True,-2.571397691729461e-05,8,-2.35953197113984e-05,-2.5713976917294614e-05
0,person,C:\Users\maxbe\Downloads\coco\train2017\000000072539.jpg,78,rbf,kernel_herding,direct,False,0.9333111647418572,-2.632660361845396e-05,0.0001,0.9264654330435246,0.935710025412809,-1.1287278237515077e-05,-0.1503932538094071,-23.98860670951738,0.8603695662784422,0.8603695662784422,0,person,0.8603695662784422,8,boat,boat,False,-2.6326603618455788e-05,8,-1.503932538094071e-05,-2.6326603618455788e-05
0,person,C:\Users\maxbe\Downloads\coco\train2017\000000579341.jpg,79,rbf,kernel_herding,direct,False,0.93328380658946,-2.7358152397294333e-05,0.0001,0.9264654330435246,0.9356873096552768,-2.2715757532210112e-05,-0.0464239486514146,-24.0350306581688,0.9546371592516923,0.9546371592516923,0,person,0.9546371592516923,4,airplane,airplane,False,-2.735815239735157e-05,8,-4.6423948651414606e-06,-2.7358152397351572e-05
0,person,C:\Users\maxbe\Downloads\coco\train2017\000000270323.jpg,80,rbf,kernel_herding,direct,False,0.9332563408054384,-2.746578402146316e-05,0.0001,0.9264654330435246,0.9356860934073452,-1.2162479317012751e-06,-0.2624953608968203,-24.29752601906561,0.7691299324324093,0.7691299324324093,0,person,0.7691299324324093,74,clock,clock,False,-2.7465784021383303e-05,8,-2.624953608968203e-05,-2.7465784021383306e-05
0,person,C:\Users\maxbe\Downloads\coco\train2017\000000167017.jpg,81,rbf,kernel_herding,direct,False,0.9332269471805432,-2.9393624895179823e-05,0.0001,0.9264654330435246,0.935661605331291,-2.4488076054152152e-05,-0.0490554884104196,-24.34658150747604,0.9521282961460248,0.9521282961460248,0,person,0.9521282961460248,0,person,person|dog,True,-2.9393624895194117e-05,8,-4.905548841041961e-06,-2.9393624895194114e-05
0,person,C:\Users\maxbe\Downloads\coco\train2017\000000314398.jpg,82,rbf,kernel_herding,direct,False,0.9331966258502072,-3.032133033609164e-05,0.0001,0.9264654330435246,0.935631798218398,-2.980711289302107e-05,-0.0051421744303744,-24.35172368190641,0.9948710239151376,0.9948710239151376,0,person,0.9948710239151376,0,person,person|sports ball,True,-3.0321330336058512e-05,8,-5.142174430374401e-07,-3.0321330336058512e-05
0,person,C:\Users\maxbe\Downloads\coco\train2017\000000308954.jpg,83,rbf,kernel_herding,direct,False,0.9331662131320584,-3.041271814885338e-05,0.0001,0.9264654330435246,0.9356220864458664,-9.711772531506568e-06,-0.2070094561739848,-24.5587331380804,0.8130119619676573,0.8130119619676573,0,person,0.8130119619676573,4,airplane,airplane,False,-3.041271814890505e-05,8,-2.0700945617398483e-05,-3.0412718148905052e-05
0,person,C:\Users\maxbe\Downloads\coco\train2017\000000196351.jpg,84,rbf,kernel_herding,direct,False,0.9331351401038464,-3.107302821192537e-05,0.0001,0.9264654330435246,0.9356173197994992,-4.766646367282412e-06,-0.2630638184461892,-24.821796956526587,0.7686928389621838,0.7686928389621838,0,person,0.7686928389621838,60,dining table,person|bottle|wine glass|fork|knife|spoon|chair|dining table,True,-3.107302821190133e-05,8,-2.630638184461892e-05,-3.107302821190133e-05
0,person,C:\Users\maxbe\Downloads\coco\train2017\000000366089.jpg,85,rbf,kernel_herding,direct,False,0.933103785764015,-3.135433983147973e-05,0.0001,0.9264654330435246,0.935586610849486,-3.070895001300311e-05,-0.0064538981851929,-24.82825085471178,0.9935668834830724,0.9935668834830724,0,person,0.9935668834830724,22,zebra,person|zebra,True,-3.1354339831522404e-05,8,-6.4538981851929e-07,-3.1354339831522404e-05
0,person,C:\Users\maxbe\Downloads\coco\train2017\000000230272.jpg,86,rbf,kernel_herding,direct,False,0.9330715088060187,-3.227695799612462e-05,0.0001,0.9264654330435246,0.9355836731070604,-2.9377424256571416e-06,-0.2933921557042422,-25.121643010416022,0.7457296412146747,0.7457296412146747,0,person,0.7457296412146747,60,dining table,person|cup|cake|dining table,True,-3.227695799608136e-05,8,-2.933921557042422e-05,-3.227695799608136e-05
0,person,C:\Users\maxbe\Downloads\coco\train2017\000000174738.jpg,87,rbf,kernel_herding,direct,False,0.9330386427893852,-3.286601663354816e-05,0.0001,0.9264654330435246,0.935588583050486,4.909943425501773e-06,-0.3777596005903302,-25.49940261100636,0.685395249474683,0.685395249474683,0,person,0.685395249474683,28,suitcase,person|bird|dog|suitcase,True,-3.286601663353125e-05,8,-3.777596005903302e-05,-3.286601663353125e-05
0,person,C:\Users\maxbe\Downloads\coco\train2017\000000075698.jpg,88,rbf,kernel_herding,direct,False,0.9330038668739336,-3.4775915451756845e-05,0.0001,0.9264654330435246,0.9355854465406052,-3.136509880707905e-06,-0.3163940557104472,-25.8157966667168,0.7287722167237357,0.7287722167237357,0,person,0.7287722167237357,59,bed,dog|bed|book,False,-3.477591545175263e-05,8,-3.1639405571044725e-05,-3.477591545175263e-05
0,person,C:\Users\maxbe\Downloads\coco\train2017\000000398748.jpg,89,rbf,kernel_herding,direct,False,0.9329667438091812,-3.7123064752453416e-05,0.0001,0.9264654330435246,0.935646514949606,6.106840900077515e-05,-0.9819147375323054,-26.797711404249107,0.3745931641507378,0.3745931641507378,58,potted plant,0.6965610056465937,14,bird,boat|bird,False,-3.71230647524554e-05,8,-9.819147375323054e-05,-3.7123064752455395e-05
0,person,C:\Users\maxbe\Downloads\coco\train2017\000000252179.jpg,90,rbf,kernel_herding,direct,False,0.9329288507382744,-3.789307090662497e-05,0.0001,0.9264654330435246,0.935618848935119,-2.7666014487004453e-05,-0.1022705641968233,-26.89998196844593,0.9027852572526732,0.9027852572526732,0,person,0.9027852572526732,0,person,person|car|fork|cake,True,-3.7893070906686784e-05,8,-1.022705641968233e-05,-3.7893070906686784e-05
0,person,C:\Users\maxbe\Downloads\coco\train2017\000000038606.jpg,91,rbf,kernel_herding,direct,False,0.9328898436713412,-3.900706693327205e-05,0.0001,0.9264654330435246,0.9355920975067288,-2.6751428390370258e-05,-0.1225563854288378,-27.022538353874765,0.8846560218269917,0.8846560218269917,0,person,0.8846560218269917,0,person,person|tie,True,-3.900706693325404e-05,8,-1.2255638542883781e-05,-3.900706693325404e-05
0,person,C:\Users\maxbe\Downloads\coco\train2017\000000320402.jpg,92,rbf,kernel_herding,direct,False,0.9328510469043416,-3.8796766999582566e-05,0.0001,0.9264654330435246,0.935553704022786,-3.839348394252262e-05,-0.0040328305707968,-27.02657118444556,0.995975290368949,0.995975290368949,0,person,0.995975290368949,0,person,person|skateboard,True,-3.87967669996023e-05,8,-4.0328305707968e-07,-3.87967669996023e-05
0,person,C:\Users\maxbe\Downloads\coco\train2017\000000422804.jpg,93,rbf,kernel_herding,direct,False,0.932811295152203,-3.9751752138661445e-05,0.0001,0.9264654330435246,0.935539867649558,-1.383637322804887e-05,-0.2591537891058607,-27.28572497355142,0.7717043341968666,0.7717043341968666,0,person,0.7717043341968666,74,clock,person|tv|clock,True,-3.9751752138634936e-05,8,-2.591537891058607e-05,-3.9751752138634936e-05
0,person,C:\Users\maxbe\Downloads\coco\train2017\000000175440.jpg,94,rbf,kernel_herding,direct,False,0.932771111074351,-4.018407785200129e-05,0.0001,0.9264654330435246,0.9355253621110464,-1.4505538511788709e-05,-0.256785393402542,-27.54251036695396,0.7735342014957816,0.7735342014957816,0,person,0.7735342014957816,60,dining table,bottle|spoon|bowl|banana|dining table,False,-4.018407785204291e-05,8,-2.5678539340254197e-05,-4.018407785204291e-05
0,person,C:\Users\maxbe\Downloads\coco\train2017\000000118787.jpg,95,rbf,kernel_herding,direct,False,0.9327294807419286,-4.163033242232661e-05,0.0001,0.9264654330435246,0.9355108873884992,-1.4474722547008769e-05,-0.271556098752462,-27.814066465706425,0.7621925242179355,0.7621925242179355,0,person,0.7621925242179355,2,car,car,False,-4.163033242225497e-05,8,-2.71556098752462e-05,-4.163033242225497e-05
0,person,C:\Users\maxbe\Downloads\coco\train2017\000000453800.jpg,96,rbf,kernel_herding,direct,False,0.9326858702340228,-4.361050790568921e-05,0.0001,0.9264654330435246,0.9354995401363702,-1.134725212914578e-05,-0.3226325577661386,-28.136699023472563,0.7242399218164369,0.7242399218164369,0,person,0.7242399218164369,8,boat,person|boat|backpack,True,-4.361050790575964e-05,8,-3.226325577661386e-05,-4.3610507905759637e-05
0,person,C:\Users\maxbe\Downloads\coco\train2017\000000342831.jpg,97,rbf,kernel_herding,direct,False,0.9326415839054096,-4.42863286131967e-05,0.0001,0.9264654330435246,0.9354624224771442,-3.7117659225982536e-05,-0.0716866938714738,-28.20838571734404,0.9308224825182124,0.9308224825182124,0,person,0.9308224825182124,0,person,person|bed,True,-4.428632861312992e-05,8,-7.168669387147381e-06,-4.4286328613129915e-05
0,person,C:\Users\maxbe\Downloads\coco\train2017\000000201436.jpg,98,rbf,kernel_herding,direct,False,0.9325975183648972,-4.4065540512616685e-05,0.0001,0.9264654330435246,0.9354669067122118,4.484235067603315e-06,-0.4854977558027089,-28.693883473146744,0.6153908061710577,0.6153908061710577,0,person,0.6153908061710577,39,bottle,bottle,False,-4.4065540512667575e-05,8,-4.854977558027089e-05,-4.4065540512667575e-05
0,person,C:\Users\maxbe\Downloads\coco\train2017\000000573072.jpg,99,rbf,kernel_herding,direct,False,0.9325536480494112,-4.38703154860276e-05,0.0001,0.9264654330435246,0.9354268960804756,-4.00106317360871e-05,-0.038596837499605,-28.73248031064635,0.9621385291380088,0.9621385291380088,0,person,0.9621385291380088,3,motorcycle,person|motorcycle,True,-4.38703154860476e-05,8,-3.8596837499605e-06,-4.38703154860476e-05
0,person,C:\Users\maxbe\Downloads\coco\train2017\000000091159.jpg,100,rbf,kernel_herding,direct,False,0.9325090186847356,-4.462936467564127e-05,0.0001,0.9264654330435246,0.935382659976576,-4.423610389980848e-05,-0.0039326077579343,-28.736412918404284,0.9960751148163514,0.9960751148163514,0,person,0.9960751148163514,0,person,person|suitcase|clock,True,-4.462936467560191e-05,8,-3.9326077579343e-07,-4.462936467560191e-05
0,person,C:\Users\maxbe\Downloads\coco\train2017\000000106387.jpg,101,rbf,kernel_herding,direct,False,0.9324638944821289,-4.512420260660566e-05,0.0001,0.9264654330435246,0.935401252207498,1.8592230922043207e-05,-0.6371643352869247,-29.37357725369121,0.5287897705453546,0.5287897705453546,0,person,0.5287897705453546,14,bird,bird,False,-4.512420260664927e-05,8,-6.371643352869248e-05,-4.512420260664927e-05
0,person,C:\Users\maxbe\Downloads\coco\train2017\000000475995.jpg,102,rbf,kernel_herding,direct,False,0.9324175081810732,-4.638630105557873e-05,0.0001,0.9264654330435246,0.935392410430811,-8.841776686918656e-06,-0.3754452436855547,-29.749022497376764,0.6869833356931113,0.6869833356931113,0,person,0.6869833356931113,0,person,person|dog|backpack|handbag|cell phone,True,-4.638630105547413e-05,8,-3.754452436855547e-05,-4.638630105547413e-05
0,person,C:\Users\maxbe\Downloads\coco\train2017\000000151732.jpg,103,rbf,kernel_herding,direct,False,0.9323700159241168,-4.749225695643844e-05,0.0001,0.9264654330435246,0.9353450028793854,-4.740755142562669e-05,-0.0008470553082908,-29.74986955268505,0.9991533033407842,0.9991533033407842,0,person,0.9991533033407842,0,person,person|sports ball|bottle|book,True,-4.749225695645577e-05,8,-8.470553082908e-08,-4.749225695645577e-05
0,person,C:\Users\maxbe\Downloads\coco\train2017\000000414381.jpg,104,rbf,kernel_herding,direct,False,0.9323228981262858,-4.71177978310644e-05,0.0001,0.9264654330435246,0.9353002266961512,-4.4776183234174205e-05,-0.0234161459695563,-29.77328569865461,0.9768558845366406,0.9768558845366406,0,person,0.9768558845366406,39,bottle,person|bottle|wine glass,True,-4.711779783112983e-05,8,-2.34161459695563e-06,-4.711779783112983e-05
0,person,C:\Users\maxbe\Downloads\coco\train2017\000000074629.jpg,105,rbf,kernel_herding,direct,False,0.9322747032956804,-4.819483060525265e-05,0.0001,0.9264654330435246,0.9352587957268542,-4.1430969296984976e-05,-0.0676386130829287,-29.84092431173754,0.9345981641032952,0.9345981641032952,0,person,0.9345981641032952,17,horse,person|horse,True,-4.819483060527785e-05,8,-6.7638613082928705e-06,-4.819483060527785e-05
0,person,C:\Users\maxbe\Downloads\coco\train2017\000000318574.jpg,106,rbf,kernel_herding,direct,False,0.9322261721848148,-4.85311108656683e-05,0.0001,0.9264654330435246,0.9352163951316156,-4.2400595238745176e-05,-0.0613051562686594,-29.9022294680062,0.94053618546613,0.94053618546613,0,person,0.94053618546613,1,bicycle,person|bicycle|bottle|clock,True,-4.853111086561112e-05,8,-6.13051562686594e-06,-4.853111086561112e-05
0,person,C:\Users\maxbe\Downloads\coco\train2017\000000340734.jpg,107,rbf,kernel_herding,direct,False,0.9321752787813612,-5.0893403453766695e-05,0.0001,0.9264654330435246,0.9352347898659218,1.8394734306315108e-05,-0.692881377600588,-30.595110845606783,0.500132919143047,0.500132919143047,0,person,0.500132919143047,7,truck,truck|dog,False,-5.0893403453743696e-05,8,-6.92881377600588e-05,-5.0893403453743696e-05
0,person,C:\Users\maxbe\Downloads\coco\train2017\000000228011.jpg,108,rbf,kernel_herding,direct,False,0.9321237992893194,-5.147949204165059e-05,0.0001,0.9264654330435246,0.9351846369360702,-5.015292985155462e-05,-0.0132656219011155,-30.608376467507902,0.9868219786735574,0.9868219786735574,0,person,0.9868219786735574,0,person,person|bicycle|motorcycle|cow|cell phone,True,-5.1479492041666166e-05,8,-1.32656219011155e-06,-5.1479492041666166e-05
0,person,C:\Users\maxbe\Downloads\coco\train2017\000000180515.jpg,109,rbf,kernel_herding,direct,False,0.932071688619573,-5.211066974641909e-05,0.0001,0.9264654330435246,0.9351691008355671,-1.553610050297749e-05,-0.3657456924345235,-30.974122159942425,0.6936791866449074,0.6936791866449074,0,person,0.6936791866449074,9,traffic light,traffic light,False,-5.211066974642984e-05,8,-3.657456924345235e-05,-5.211066974642984e-05
0,person,C:\Users\maxbe\Downloads\coco\train2017\000000044227.jpg,110,rbf,kernel_herding,direct,False,0.9320189011842852,-5.278743528780439e-05,0.0001,0.9264654330435246,0.9351679409930856,-1.1598424817238495e-06,-0.516275928061044,-31.49039808800347,0.5967387129985033,0.5967387129985033,0,person,0.5967387129985033,16,dog,dog|sports ball,False,-5.278743528782826e-05,8,-5.162759280610441e-05,-5.278743528782826e-05
0,person,C:\Users\maxbe\Downloads\coco\train2017\000000139571.jpg,111,rbf,kernel_herding,direct,False,0.9319662183096054,-5.268287467985466e-05,0.0001,0.9264654330435246,0.9351170394963324,-5.090149675301969e-05,-0.0178137792682326,-31.508211867271704,0.9823439481342862,0.9823439481342862,0,person,0.9823439481342862,60,dining table,person|knife|dining table,True,-5.268287467984296e-05,8,-1.78137792682326e-06,-5.2682874679842954e-05
0,person,C:\Users\maxbe\Downloads\coco\train2017\000000182028.jpg,112,rbf,kernel_herding,direct,False,0.9319128835652613,-5.333474434421337e-05,0.0001,0.9264654330435246,0.9350637643731824,-5.327512315023153e-05,-0.0005962119398039,-31.50880807921151,0.9994039657582174,0.9994039657582174,0,person,0.9994039657582174,37,surfboard,person|surfboard,True,-5.333474434421192e-05,8,-5.962119398039e-08,-5.333474434421192e-05
0,person,C:\Users\maxbe\Downloads\coco\train2017\000000475999.jpg,113,rbf,kernel_herding,direct,False,0.9318598866330172,-5.299693224392055e-05,0.0001,0.9264654330435246,0.9350127322772472,-5.103209593493308e-05,-0.0196483630895396,-31.52845644230105,0.980543407946034,0.980543407946034,0,person,0.980543407946034,0,person,person|cake|dining table|cell phone,True,-5.2996932243887045e-05,8,-1.96483630895396e-06,-5.2996932243887045e-05
0,person,C:\Users\maxbe\Downloads\coco\train2017\000000352654.jpg,114,rbf,kernel_herding,direct,False,0.931803217670556,-5.666896246114828e-05,0.0001,0.9264654330435246,0.9349653785000976,-4.73537771498167e-05,-0.0931518531140528,-31.6216082954151,0.9110551432298574,0.9110551432298574,0,person,0.9110551432298574,0,person,person|tie,True,-5.666896246122198e-05,8,-9.31518531140528e-06,-5.666896246122198e-05
0,person,C:\Users\maxbe\Downloads\coco\train2017\000000527711.jpg,115,rbf,kernel_herding,direct,False,0.931745815276018,-5.74023945382196e-05,0.0001,0.9264654330435246,0.93490989409831,-5.5484401787597726e-05,-0.0191799275058313,-31.64078822292093,0.9810028369677368,0.9810028369677368,0,person,0.9810028369677368,0,person,person|cell phone,True,-5.7402394538180857e-05,8,-1.91799275058313e-06,-5.7402394538180857e-05
0,person,C:\Users\maxbe\Downloads\coco\train2017\000000540407.jpg,116,rbf,kernel_herding,direct,False,0.9316888909390062,-5.692433701165456e-05,0.0001,0.9264654330435246,0.9348570511484324,-5.28429498776184e-05,-0.0408138713397351,-31.68160209426067,0.9600077982839726,0.9600077982839726,0,person,0.9600077982839726,8,boat,boat,False,-5.692433701159191e-05,8,-4.0813871339735104e-06,-5.692433701159191e-05
0,person,C:\Users\maxbe\Downloads\coco\train2017\000000190338.jpg,117,rbf,kernel_herding,direct,False,0.9316320149455322,-5.6875993474037045e-05,0.0001,0.9264654330435246,0.9348049358850624,-5.211526336990069e-05,-0.0476073010421838,-31.729209395302853,0.953508155223529,0.953508155223529,0,person,0.953508155223529,4,airplane,person|airplane|truck,True,-5.6875993474119065e-05,8,-4.76073010421838e-06,-5.6875993474119065e-05
0,person,C:\Users\maxbe\Downloads\coco\train2017\000000123647.jpg,118,rbf,kernel_herding,direct,False,0.9315748920010865,-5.712294444570887e-05,0.0001,0.9264654330435246,0.9347954116242824,-9.5242607800472e-06,-0.4759868366563246,-32.20519623195918,0.621271660205016,0.621271660205016,58,potted plant,0.678981266588732,14,bird,person|bicycle|motorcycle|bird,True,-5.712294444567966e-05,8,-4.759868366563246e-05,-5.712294444567966e-05
0,person,C:\Users\maxbe\Downloads\coco\train2017\000000118134.jpg,119,rbf,kernel_herding,direct,False,0.9315169583223174,-5.793367876905098e-05,0.0001,0.9264654330435246,0.9347904899160404,-4.921708242067169e-06,-0.5301197052694602,-32.73531593722864,0.5885345147778498,0.5885345147778498,0,person,0.5885345147778498,74,clock,clock,False,-5.793367876901319e-05,8,-5.301197052694602e-05,-5.793367876901319e-05
0,person,C:\Users\maxbe\Downloads\coco\train2017\000000401797.jpg,120,rbf,kernel_herding,direct,False,0.9314587310125602,-5.822730975724166e-05,0.0001,0.9264654330435246,0.9347331042277864,-5.738568825375268e-05,-0.0084162150347947,-32.74373215226343,0.9916191021534912,0.9916191021534912,0,person,0.9916191021534912,0,person,person|tie|sports ball,True,-5.822730975723215e-05,8,-8.4162150347947e-07,-5.822730975723215e-05
58,potted plant,C:\Users\maxbe\Downloads\coco\train2017\000000429758.jpg,1,rbf,kernel_herding,direct,False,0.9130054675492048,0.0006117370400571,0.0001,0.9123937171199448,0.9130741979123757,0.0006804674032279,-0.6873036317080004,-0.6873036317080004,0.5029303278434253,0.5029303278434253,58,potted plant,0.5029303278434253,14,bird,bird,False,0.0006117370400571,8,-6.873036317080003e-05,0.0006117370400571
58,potted plant,C:\Users\maxbe\Downloads\coco\train2017\000000016408.jpg,2,rbf,kernel_herding,direct,False,0.9136000105672184,0.0005945430180135,0.0001,0.9123937171199448,0.913698100764768,0.0006239028523924,-0.2935983437887957,-0.980901975496796,0.7455758964990665,0.7455758964990665,58,potted plant,0.7455758964990665,14,bird,bird,False,0.0005945430180135,8,-2.9359834378879568e-05,0.0005945430180135205
58,potted plant,C:\Users\maxbe\Downloads\coco\train2017\000000238292.jpg,3,rbf,kernel_herding,direct,False,0.914172545107081,0.0005725345398627,0.0001,0.9123937171199448,0.914276966392099,0.000578865627331,-0.0633108746828905,-1.0442128501796866,0.938651625299986,0.938651625299986,58,potted plant,0.938651625299986,14,bird,bird|apple,False,0.0005725345398627,8,-6.33108746828905e-06,0.0005725345398627109
58,potted plant,C:\Users\maxbe\Downloads\coco\train2017\000000220716.jpg,4,rbf,kernel_herding,direct,False,0.9146646367993392,0.0004920916922582,0.0001,0.9123937171199448,0.9148811929199993,0.0006042265279002,-1.1213483564202835,-2.1655612065999703,0.3258401496318319,0.3258401496318319,58,potted plant,0.3258401496318319,8,boat,boat|bird,False,0.0004920916922581,8,-0.00011213483564202836,0.0004920916922581716
58,potted plant,C:\Users\maxbe\Downloads\coco\train2017\000000274139.jpg,5,rbf,kernel_herding,direct,False,0.915095344002752,0.0004307072034127,0.0001,0.9123937171199448,0.915463940368122,0.0005827474481228,-1.5204024471000914,-3.6859636537000617,0.2186238846958693,0.2186238846958693,58,potted plant,0.2186238846958693,16,dog,dog,False,0.0004307072034127,8,-0.00015204024471000916,0.00043070720341279085
58,potted plant,C:\Users\maxbe\Downloads\coco\train2017\000000505978.jpg,6,rbf,kernel_herding,direct,False,0.9155052447092632,0.0004099007065111,0.0001,0.9123937171199448,0.9159645592654696,0.0005006188973476,-0.9071819083647495,-4.593145562064811,0.4036601740351955,0.4036601740351955,0,person,0.625961926598942,16,dog,dog|frisbee,False,0.0004099007065111,8,-9.071819083647495e-05,0.00040990070651112504
58,potted plant,C:\Users\maxbe\Downloads\coco\train2017\000000354258.jpg,7,rbf,kernel_herding,direct,False,0.91590080419781,0.0003955594885467,0.0001,0.9123937171199448,0.916427468922572,0.0004629096571021,-0.6735016855539904,-5.266647247618802,0.5099198688267476,0.5099198688267476,58,potted plant,0.5099198688267476,15,cat,person|cat|banana,False,0.0003955594885467,8,-6.735016855539905e-05,0.00039555948854670095
58,potted plant,C:\Users\maxbe\Downloads\coco\train2017\000000449599.jpg,8,rbf,kernel_herding,direct,False,0.9162831680823216,0.0003823638845116,0.0001,0.9123937171199448,0.9168599394303456,0.0004324705077738,-0.5010662326230817,-5.767713480241883,0.6058843015806458,0.6058843015806458,58,potted plant,0.6058843015806458,15,cat,cat|handbag|book,False,0.0003823638845114,8,-5.010662326230817e-05,0.00038236388451149187
58,potted plant,C:\Users\maxbe\Downloads\coco\train2017\000000095022.jpg,9,rbf,kernel_herding,direct,False,0.9166470910034028,0.0003639229210812,0.0001,0.9123937171199448,0.9173200643795444,0.0004601249491985,-0.962020281172545,-6.729733761414428,0.3821201155550801,0.3821201155550801,58,potted plant,0.3821201155550801,14,bird,bird,False,0.0003639229210812,8,-9.620202811725451e-05,0.0003639229210812455
58,potted plant,C:\Users\maxbe\Downloads\coco\train2017\000000495786.jpg,10,rbf,kernel_herding,direct,False,0.9169986955946376,0.0003516045912347,0.0001,0.9123937171199448,0.9177489536564252,0.0004288892768807,-0.7728468564610627,-7.50258061787549,0.4616968110518672,0.4616968110518672,0,person,0.6148145848468102,17,horse,person|horse,False,0.0003516045912345,8,-7.728468564610627e-05,0.00035160459123459377
58,potted plant,C:\Users\maxbe\Downloads\coco\train2017\000000351116.jpg,11,rbf,kernel_herding,direct,False,0.917339963995608,0.0003412684009705,0.0001,0.9123937171199448,0.9181791119781684,0.0004301583217434,-0.8888992077278641,-8.391479825603355,0.4111080483265482,0.4111080483265482,58,potted plant,0.4111080483265482,74,clock,clock,False,0.0003412684009706,8,-8.888992077278642e-05,0.00034126840097061363
58,potted plant,C:\Users\maxbe\Downloads\coco\train2017\000000250593.jpg,12,rbf,kernel_herding,direct,False,0.9176662710967164,0.0003263071011083,0.0001,0.9123937171199448,0.9186007871262624,0.0004216751480937,-0.9536804698541692,-9.345160295457523,0.3853202509343178,0.3853202509343178,0,person,0.6567202180908787,56,chair,bench|bird|chair|potted plant,True,0.0003263071011082,8,-9.536804698541693e-05,0.00032630710110828306
58,potted plant,C:\Users\maxbe\Downloads\coco\train2017\000000398748.jpg,13,rbf,kernel_herding,direct,False,0.9179751952441636,0.000308924147447,0.0001,0.9123937171199448,0.9189458712637822,0.0003450841375199,-0.3615999007284764,-9.706760196186002,0.6965610056465937,0.6965610056465937,58,potted plant,0.6965610056465937,14,bird,boat|bird,False,0.000308924147447,8,-3.6159990072847644e-05,0.0003089241474470523
58,potted plant,C:\Users\maxbe\Downloads\coco\train2017\000000184771.jpg,14,rbf,kernel_herding,direct,False,0.9182727175322724,0.0002975222881088,0.0001,0.9123937171199448,0.9193036721508432,0.0003578008870608,-0.6027859895205973,-10.3095461857066,0.5472847805154935,0.5472847805154935,58,potted plant,0.5472847805154935,16,dog,dog,False,0.0002975222881087,8,-6.027859895205973e-05,0.00029752228810874025
58,potted plant,C:\Users\maxbe\Downloads\coco\train2017\000000481254.jpg,15,rbf,kernel_herding,direct,False,0.9185558238058646,0.0002831062735921,0.0001,0.9123937171199448,0.919713155142947,0.0004094829921039,-1.263767185117714,-11.573313370824314,0.2825874595105681,0.2825874595105681,0,person,0.8356824954239189,4,airplane,airplane|truck,False,0.0002831062735921,8,-0.00012637671851177139,0.0002831062735921286
58,potted plant,C:\Users\maxbe\Downloads\coco\train2017\000000119525.jpg,16,rbf,kernel_herding,direct,False,0.9188249280745396,0.0002691042686748,0.0001,0.9123937171199448,0.9201126256458606,0.0003994705029135,-1.3036623423860216,-12.876975713210337,0.2715355137673075,0.2715355137673075,58,potted plant,0.2715355137673075,45,bowl,bowl|broccoli|carrot,False,0.0002691042686748,8,-0.00013036623423860218,0.0002691042686748978
58,potted plant,C:\Users\maxbe\Downloads\coco\train2017\000000086552.jpg,17,rbf,kernel_herding,direct,False,0.9190839012791716,0.000258973204632,0.0001,0.9123937171199448,0.9204731265554456,0.0003605009095849,-1.0152770495291406,-13.892252762739476,0.362302040316022,0.362302040316022,58,potted plant,0.362302040316022,0,person,person|clock,False,0.0002589732046319,8,-0.00010152770495291406,0.00025897320463198596
58,potted plant,C:\Users\maxbe\Downloads\coco\train2017\000000557602.jpg,18,rbf,kernel_herding,direct,False,0.9193318850832464,0.0002479838040748,0.0001,0.9123937171199448,0.9207811319671404,0.0003080054116948,-0.6002160761992931,-14.49246883893877,0.5486930637713611,0.5486930637713611,58,potted plant,0.5486930637713611,22,zebra,zebra,False,0.0002479838040748,8,-6.0021607619929306e-05,0.0002479838040748707
58,potted plant,C:\Users\maxbe\Downloads\coco\train2017\000000518613.jpg,19,rbf,kernel_herding,direct,False,0.9195683113479484,0.0002364262647019,0.0001,0.9123937171199448,0.9210578372737888,0.0002767053066483,-0.4027904194641614,-14.89525925840293,0.6684521792089401,0.6684521792089401,58,potted plant,0.6684521792089401,16,dog,person|dog|skateboard|chair,False,0.0002364262647018,8,-4.027904194641614e-05,0.00023642626470188384
58,potted plant,C:\Users\maxbe\Downloads\coco\train2017\000000245266.jpg,20,rbf,kernel_herding,direct,False,0.919796078815848,0.0002277674678994,0.0001,0.9123937171199448,0.9213384765543556,0.0002806392805668,-0.5287181266746894,-15.42397738507762,0.5893599704914485,0.5893599704914485,58,potted plant,0.5893599704914485,67,cell phone,person|cell phone,False,0.0002277674678993,8,-5.2871812667468946e-05,0.00022776746789933105
58,potted plant,C:\Users\maxbe\Downloads\coco\train2017\000000308078.jpg,21,rbf,kernel_herding,direct,False,0.9200168201292366,0.0002207413133886,0.0001,0.9123937171199448,0.9216005673965536,0.0002620908421978,-0.4134952880913504,-15.837472673168971,0.6613346505205555,0.6613346505205555,58,potted plant,0.6613346505205555,29,frisbee,dog|frisbee,False,0.0002207413133886,8,-4.134952880913504e-05,0.00022074131338866495
58,potted plant,C:\Users\maxbe\Downloads\coco\train2017\000000528882.jpg,22,rbf,kernel_herding,direct,False,0.920229205646004,0.0002123855167674,0.0001,0.9123937171199448,0.9219244813019498,0.0003239139053963,-1.1152838862886576,-16.95275655945763,0.3278222014593971,0.3278222014593971,58,potted plant,0.3278222014593971,21,bear,bear,False,0.0002123855167674,8,-0.00011152838862886576,0.00021238551676743423
58,potted plant,C:\Users\maxbe\Downloads\coco\train2017\000000505010.jpg,23,rbf,kernel_herding,direct,False,0.9204349614796627,0.0002057558336587,0.0001,0.9123937171199448,0.9221428394584616,0.0002183581565118,-0.1260232285302341,-17.078779787987862,0.881594368403135,0.881594368403135,58,potted plant,0.881594368403135,58,potted plant,potted plant|vase,True,0.0002057558336587,8,-1.260232285302341e-05,0.0002057558336587766
58,potted plant,C:\Users\maxbe\Downloads\coco\train2017\000000353221.jpg,24,rbf,kernel_herding,direct,False,0.9206345573634026,0.0001995958837397,0.0001,0.9123937171199448,0.9223479201313992,0.0002050806729375,-0.0548478919784805,-17.13362767996634,0.9466291268856344,0.9466291268856344,58,potted plant,0.9466291268856344,51,carrot,banana|orange|carrot,False,0.0001995958837396,8,-5.48478919784805e-06,0.00019959588373965196
58,potted plant,C:\Users\maxbe\Downloads\coco\train2017\000000324548.jpg,25,rbf,kernel_herding,direct,False,0.9208303554771042,0.0001957981137016,0.0001,0.9123937171199448,0.9225669325482068,0.0002190124168075,-0.232143031059283,-17.365770711025625,0.7928327154923259,0.7928327154923259,58,potted plant,0.7928327154923259,16,dog,dog|book,False,0.0001957981137015,8,-2.32143031059283e-05,0.00019579811370157172
58,potted plant,C:\Users\maxbe\Downloads\coco\train2017\000000432906.jpg,26,rbf,kernel_herding,direct,False,0.9210175878976952,0.000187232420591,0.0001,0.9123937171199448,0.9228137017949274,0.0002467692467206,-0.5953682612952462,-17.96113897232087,0.551359484117783,0.551359484117783,58,potted plant,0.551359484117783,0,person,person|cat|laptop,False,0.000187232420591,8,-5.9536826129524626e-05,0.00018723242059107535
58,potted plant,C:\Users\maxbe\Downloads\coco\train2017\000000499516.jpg,27,rbf,kernel_herding,direct,False,0.9211985493418527,0.0001809614441575,0.0001,0.9123937171199448,0.9230427562281937,0.0002290544332661,-0.480929891085417,-18.442068863406288,0.6182082580925954,0.6182082580925954,58,potted plant,0.6182082580925954,14,bird,bird,False,0.0001809614441575,8,-4.80929891085417e-05,0.0001809614441575583
58,potted plant,C:\Users\maxbe\Downloads\coco\train2017\000000474556.jpg,28,rbf,kernel_herding,direct,False,0.9213746818593308,0.000176132517478,0.0001,0.9123937171199448,0.9233308866984856,0.0002881304702921,-1.1199795281415046,-19.56204839154779,0.3262864742441969,0.3262864742441969,0,person,0.8832616172784313,0,person,person|bicycle|car|traffic light,False,0.0001761325174779,8,-0.00011199795281415046,0.00017613251747794956
58,potted plant,C:\Users\maxbe\Downloads\coco\train2017\000000040446.jpg,29,rbf,kernel_herding,direct,False,0.921544081715646,0.000169399856315,0.0001,0.9123937171199448,0.9235284245990526,0.0001975379005668,-0.2813804425188458,-19.84342883406664,0.7547411452306126,0.7547411452306126,58,potted plant,0.7547411452306126,13,bench,person|bench|chair,False,0.0001693998563149,8,-2.813804425188458e-05,0.00016939985631491542
58,potted plant,C:\Users\maxbe\Downloads\coco\train2017\000000277127.jpg,30,rbf,kernel_herding,direct,False,0.9217084471859288,0.0001643654702828,0.0001,0.9123937171199448,0.923795062571568,0.0002666379725154,-1.0227250223254032,-20.86615385639204,0.3596136485377201,0.3596136485377201,58,potted plant,0.3596136485377201,17,horse,horse,False,0.0001643654702828,8,-0.00010227250223254032,0.00016436547028285967
58,potted plant,C:\Users\maxbe\Downloads\coco\train2017\000000555915.jpg,31,rbf,kernel_herding,direct,False,0.92186844469617,0.000159997510241,0.0001,0.9123937171199448,0.9239886552764682,0.0001935927049001,-0.3359519465915954,-21.202105802983635,0.7146574467161085,0.7146574467161085,58,potted plant,0.7146574467161085,14,bird,bird,False,0.0001599975102409,8,-3.359519465915954e-05,0.00015999751024094045
58,potted plant,C:\Users\maxbe\Downloads\coco\train2017\000000216161.jpg,32,rbf,kernel_herding,direct,False,0.922021946229396,0.0001535015332261,0.0001,0.9123937171199448,0.9242564725572542,0.0002678172807859,-1.143157475597631,-22.345263278581264,0.3188107936238566,0.3188107936238566,0,person,0.6001757798201106,16,dog,person|dog|pizza,False,0.0001535015332261,8,-0.00011431574755976311,0.00015350153322613692
58,potted plant,C:\Users\maxbe\Downloads\coco\train2017\000000236422.jpg,33,rbf,kernel_herding,direct,False,0.9221706068203276,0.0001486605909316,0.0001,0.9123937171199448,0.9244371306883468,0.0001806581310924,-0.3199754016083537,-22.665238680189617,0.7261668993907897,0.7261668993907897,58,potted plant,0.7261668993907897,59,bed,dog|bed,False,0.0001486605909315,8,-3.199754016083537e-05,0.00014866059093156464
58,potted plant,C:\Users\maxbe\Downloads\coco\train2017\000000101190.jpg,34,rbf,kernel_herding,direct,False,0.922312865778017,0.0001422589576892,0.0001,0.9123937171199448,0.924616946359172,0.0001798156708254,-0.3755671313620205,-23.04080581155164,0.6868996059934658,0.6868996059934658,58,potted plant,0.6868996059934658,13,bench,bench,False,0.0001422589576891,8,-3.755671313620205e-05,0.00014225895768919794
58,potted plant,C:\Users\maxbe\Downloads\coco\train2017\000000003040.jpg,35,rbf,kernel_herding,direct,False,0.9224503275540088,0.0001374617759919,0.0001,0.9123937171199448,0.9248079408398086,0.0001909944806364,-0.5353270464446629,-23.576132857996303,0.5854777804027007,0.5854777804027007,58,potted plant,0.5854777804027007,14,bird,bird,False,0.0001374617759919,8,-5.353270464446629e-05,0.0001374617759919337
58,potted plant,C:\Users\maxbe\Downloads\coco\train2017\000000040730.jpg,36,rbf,kernel_herding,direct,False,0.9225832703697978,0.0001329428157889,0.0001,0.9123937171199448,0.925042371842876,0.0002344310030674,-1.0148818727854965,-24.5910147307818,0.3624452419496441,0.3624452419496441,58,potted plant,0.3624452419496441,50,broccoli,broccoli,False,0.0001329428157888,8,-0.00010148818727854966,0.00013294281578885033
58,potted plant,C:\Users\maxbe\Downloads\coco\train2017\000000566249.jpg,37,rbf,kernel_herding,direct,False,0.9227118708855988,0.0001286005158008,0.0001,0.9123937171199448,0.9252350203430684,0.0001926485001924,-0.6404798439147843,-25.231494574696583,0.5270394666759397,0.5270394666759397,58,potted plant,0.5270394666759397,3,motorcycle,car|motorcycle|truck,False,0.0001286005158009,8,-6.404798439147844e-05,0.00012860051580092154
58,potted plant,C:\Users\maxbe\Downloads\coco\train2017\000000257461.jpg,38,rbf,kernel_herding,direct,False,0.9228288992279186,0.0001170283423198,0.0001,0.9123937171199448,0.9254361624878816,0.0002011421448131,-0.8411380249334285,-26.07263259963001,0.4312195055366887,0.4312195055366887,58,potted plant,0.4312195055366887,58,potted plant,bottle|potted plant|vase,True,0.0001170283423197,8,-8.411380249334285e-05,0.00011702834231975715
58,potted plant,C:\Users\maxbe\Downloads\coco\train2017\000000042458.jpg,39,rbf,kernel_herding,direct,False,0.9229403855698562,0.0001114863419376,0.0001,0.9123937171199448,0.9256369246717122,0.0002007621838306,-0.892758418929901,-26.96539101855992,0.409524553027909,0.409524553027909,58,potted plant,0.409524553027909,6,train,person|train,False,0.0001114863419376,8,-8.927584189299011e-05,0.00011148634193760988
58,potted plant,C:\Users\maxbe\Downloads\coco\train2017\000000117094.jpg,40,rbf,kernel_herding,direct,False,0.9230467749412968,0.0001063893714404,0.0001,0.9123937171199448,0.9257729079924464,0.000135983320734,-0.2959394929354155,-27.261330511495327,0.7438324337746933,0.7438324337746933,58,potted plant,0.7438324337746933,46,banana,banana|chair|potted plant,True,0.0001063893714404,8,-2.959394929354155e-05,0.00010638937144045844
58,potted plant,C:\Users\maxbe\Downloads\coco\train2017\000000243518.jpg,41,rbf,kernel_herding,direct,False,0.9231440340220688,9.725908077218293e-05,0.0001,0.9123937171199448,0.9259867575090768,0.0002138495166306,-1.1659043585848912,-28.42723487008022,0.3116406996112005,0.3116406996112005,0,person,0.3778434801249526,4,airplane,person|car|airplane,False,9.72590807721109e-05,8,-0.00011659043585848912,9.72590807721109e-05
58,potted plant,C:\Users\maxbe\Downloads\coco\train2017\000000351967.jpg,42,rbf,kernel_herding,direct,False,0.9232319219417304,8.78879196614113e-05,0.0001,0.9123937171199448,0.9261119417225734,0.0001251842134964,-0.372962938350475,-28.800197808430696,0.6886907563854249,0.6886907563854249,58,potted plant,0.6886907563854249,2,car,car|clock,False,8.78879196613525e-05,8,-3.7296293835047504e-05,8.78879196613525e-05
58,potted plant,C:\Users\maxbe\Downloads\coco\train2017\000000455459.jpg,43,rbf,kernel_herding,direct,False,0.9233146741629192,8.275222118891978e-05,0.0001,0.9123937171199448,0.9262414632175792,0.0001295214950058,-0.4676927381698989,-29.2678905466006,0.6264459770256153,0.6264459770256153,58,potted plant,0.6264459770256153,13,bench,person|bicycle|boat|bench,False,8.275222118881012e-05,8,-4.6769273816989894e-05,8.275222118881012e-05
58,potted plant,C:\Users\maxbe\Downloads\coco\train2017\000000157634.jpg,44,rbf,kernel_herding,direct,False,0.9233938527712224,7.917860830319867e-05,0.0001,0.9123937171199448,0.926389985392558,0.0001485221749788,-0.6934356667566516,-29.96132621335725,0.4998557777047177,0.4998557777047177,58,potted plant,0.4998557777047177,66,keyboard,keyboard,False,7.917860830313484e-05,8,-6.934356667566516e-05,7.917860830313484e-05
58,potted plant,C:\Users\maxbe\Downloads\coco\train2017\000000235713.jpg,45,rbf,kernel_herding,direct,False,0.9234663226573708,7.246988614828531e-05,0.0001,0.9123937171199448,0.9265042252555064,0.0001142398629482,-0.4176997679987614,-30.37902598135601,0.658559919508317,0.658559919508317,58,potted plant,0.658559919508317,15,cat,cat,False,7.246988614832386e-05,8,-4.1769976799876146e-05,7.246988614832386e-05
58,potted plant,C:\Users\maxbe\Downloads\coco\train2017\000000254828.jpg,46,rbf,kernel_herding,direct,False,0.9235361914911772,6.986883380655229e-05,0.0001,0.9123937171199448,0.9266891156355188,0.0001848903800125,-1.1502154620601122,-31.52924144341612,0.3165685535166445,0.3165685535166445,0,person,0.5154675764310931,47,apple,person|truck|apple|orange|carrot,False,6.98688338064888e-05,8,-0.00011502154620601122,6.98688338064888e-05
58,potted plant,C:\Users\maxbe\Downloads\coco\train2017\000000429462.jpg,47,rbf,kernel_herding,direct,False,0.9236029232072928,6.67317161155978e-05,0.0001,0.9123937171199448,0.9268360965779224,0.0001469809424035,-0.8024922628795709,-32.33173370629569,0.4482105125348424,0.4482105125348424,58,potted plant,0.4482105125348424,14,bird,bird,False,6.67317161155429e-05,8,-8.024922628795709e-05,6.67317161155429e-05
58,potted plant,C:\Users\maxbe\Downloads\coco\train2017\000000241310.jpg,48,rbf,kernel_herding,direct,False,0.9236650309497274,6.21077424345362e-05,0.0001,0.9123937171199448,0.926968564696826,0.0001324681189036,-0.7036037646909907,-33.03533747098668,0.4947989479429066,0.4947989479429066,58,potted plant,0.4947989479429066,23,giraffe,giraffe,False,6.210774243450093e-05,8,-7.036037646909907e-05,6.210774243450093e-05
58,potted plant,C:\Users\maxbe\Downloads\coco\train2017\000000296426.jpg,49,rbf,kernel_herding,direct,False,0.9237239985778491,5.896762812185319e-05,0.0001,0.9123937171199448,0.9271542280459208,0.0001856633490947,-1.266957209728739,-34.30229468071541,0.2816874348735705,0.2816874348735705,0,person,0.452192183112185,0,person,person|horse|handbag,False,5.896762812182611e-05,8,-0.0001266957209728739,5.896762812182611e-05
58,potted plant,C:\Users\maxbe\Downloads\coco\train2017\000000553083.jpg,50,rbf,kernel_herding,direct,False,0.9237789950543622,5.499647651296957e-05,0.0001,0.9123937171199448,0.9272528879183584,9.865987243751206e-05,-0.4366339592459535,-34.738928639961365,0.6462079265602616,0.6462079265602616,58,potted plant,0.6462079265602616,16,dog,dog|potted plant,True,5.499647651291671e-05,8,-4.3663395924595353e-05,5.499647651291671e-05
58,potted plant,C:\Users\maxbe\Downloads\coco\train2017\000000434958.jpg,51,rbf,kernel_herding,direct,False,0.9238315922675538,5.2597213191618586e-05,0.0001,0.9123937171199448,0.927318403613642,6.551569528367995e-05,-0.1291848209209826,-34.86811346088235,0.8788115277781625,0.8788115277781625,58,potted plant,0.8788115277781625,0,person,person|cat,False,5.2597213191581696e-05,8,-1.291848209209826e-05,5.2597213191581696e-05
58,potted plant,C:\Users\maxbe\Downloads\coco\train2017\000000447791.jpg,52,rbf,kernel_herding,direct,False,0.9238755401300968,4.3947862542803584e-05,0.0001,0.9123937171199448,0.9274656317245472,0.0001472281109051,-1.0328024836232677,-35.90091594450561,0.3560078550500933,0.3560078550500933,0,person,0.6953394532155394,8,boat,boat,False,4.3947862542773226e-05,8,-0.00010328024836232677,4.3947862542773226e-05
58,potted plant,C:\Users\maxbe\Downloads\coco\train2017\000000395444.jpg,53,rbf,kernel_herding,direct,False,0.9239158089545932,4.026882449659208e-05,0.0001,0.9123937171199448,0.927537079077727,7.144735317976547e-05,-0.3117852868319005,-36.21270123133751,0.7321387111742492,0.7321387111742492,58,potted plant,0.7321387111742492,46,banana,banana,False,4.026882449657542e-05,8,-3.117852868319005e-05,4.026882449657542e-05
58,potted plant,C:\Users\maxbe\Downloads\coco\train2017\000000337007.jpg,54,rbf,kernel_herding,direct,False,0.9239550030943028,3.9194139709430864e-05,0.0001,0.9123937171199448,0.9276162315223874,7.915244466039084e-05,-0.3995830495088857,-36.6122842808464,0.6705995945819397,0.6705995945819397,58,potted plant,0.6705995945819397,58,potted plant,potted plant|vase,True,3.919413970950227e-05,8,-3.995830495088857e-05,3.919413970950227e-05
58,potted plant,C:\Users\maxbe\Downloads\coco\train2017\000000138915.jpg,55,rbf,kernel_herding,direct,False,0.923988355671548,3.3352577245460147e-05,0.0001,0.9123937171199448,0.9276711986652038,5.496714281638671e-05,-0.2161456557099123,-36.82842993655631,0.8056179504717421,0.8056179504717421,58,potted plant,0.8056179504717421,45,bowl,bottle|fork|bowl|broccoli|carrot,False,3.335257724539548e-05,8,-2.161456557099123e-05,3.335257724539548e-05
58,potted plant,C:\Users\maxbe\Downloads\coco\train2017\000000332125.jpg,56,rbf,kernel_herding,direct,False,0.924019147375835,3.079170428688105e-05,0.0001,0.9123937171199448,0.9278139883989752,0.0001427897337714,-1.1199802948456457,-37.94841023140196,0.3262862240791018,0.3262862240791018,58,potted plant,0.3262862240791018,14,bird,bird,False,3.079170428683543e-05,8,-0.00011199802948456456,3.079170428683543e-05
58,potted plant,C:\Users\maxbe\Downloads\coco\train2017\000000558449.jpg,57,rbf,kernel_herding,direct,False,0.9240479304632656,2.878308743070601e-05,0.0001,0.9123937171199448,0.9278467443994644,3.275600048913141e-05,-0.0397291305845223,-37.98813936198648,0.9610497228749622,0.9610497228749622,58,potted plant,0.9610497228749622,58,potted plant,bench|potted plant,True,2.8783087430679177e-05,8,-3.97291305845223e-06,2.8783087430679177e-05
58,potted plant,C:\Users\maxbe\Downloads\coco\train2017\000000522106.jpg,58,rbf,kernel_herding,direct,False,0.9240753631779852,2.7432714719388684e-05,0.0001,0.9123937171199448,0.9279890562309102,0.0001423118314458,-1.1487911672642686,-39.13693052925076,0.3170197617104112,0.3170197617104112,58,potted plant,0.3170197617104112,16,dog,person|boat|dog,False,2.7432714719373157e-05,8,-0.00011487911672642686,2.7432714719373153e-05
58,potted plant,C:\Users\maxbe\Downloads\coco\train2017\000000207597.jpg,59,rbf,kernel_herding,direct,False,0.9240982188758646,2.2855697879520243e-05,0.0001,0.9123937171199448,0.9280859436690456,9.68874381355178e-05,-0.740317402560566,-39.87724793181132,0.4769625023722979,0.4769625023722979,0,person,0.6516838428988598,16,dog,bird|dog|bed,False,2.2855697879461198e-05,8,-7.40317402560566e-05,2.2855697879461194e-05
58,potted plant,C:\Users\maxbe\Downloads\coco\train2017\000000018347.jpg,60,rbf,kernel_herding,direct,False,0.9241195536955824,2.133481971777762e-05,0.0001,0.9123937171199448,0.9281265580772028,4.061440815705808e-05,-0.192795884392614,-40.070043816203935,0.8246502809534779,0.8246502809534779,58,potted plant,0.8246502809534779,77,teddy bear,teddy bear,False,2.133481971779668e-05,8,-1.92795884392614e-05,2.1334819717796678e-05
58,potted plant,C:\Users\maxbe\Downloads\coco\train2017\000000062740.jpg,61,rbf,kernel_herding,direct,False,0.924138667077856,1.9113382273672208e-05,0.0001,0.9123937171199448,0.9282385244848156,0.0001119664076127,-0.9285302533906786,-40.99857406959461,0.3951340307060725,0.3951340307060725,58,potted plant,0.3951340307060725,2,car,car|traffic light|clock,False,1.9113382273632133e-05,8,-9.285302533906787e-05,1.9113382273632133e-05
58,potted plant,C:\Users\maxbe\Downloads\coco\train2017\000000079816.jpg,62,rbf,kernel_herding,direct,False,0.9241555425351606,1.6875457304554864e-05,0.0001,0.9123937171199448,0.9283320552855958,9.353080078022824e-05,-0.7665534347576809,-41.76512750435229,0.4646116262428996,0.4646116262428996,58,potted plant,0.4646116262428996,7,truck,truck|suitcase,False,1.6875457304460145e-05,8,-7.66553434757681e-05,1.6875457304460145e-05
58,potted plant,C:\Users\maxbe\Downloads\coco\train2017\000000500825.jpg,63,rbf,kernel_herding,direct,False,0.924169243661649,1.3701126488352422e-05,0.0001,0.9123937171199448,0.9283521012922904,2.004600669458512e-05,-0.0634488020622153,-41.82857630641451,0.9385221684692352,0.9385221684692352,58,potted plant,0.9385221684692352,75,vase,vase,False,1.370112648836359e-05,8,-6.34488020622153e-06,1.370112648836359e-05
58,potted plant,C:\Users\maxbe\Downloads\coco\train2017\000000123647.jpg,64,rbf,kernel_herding,direct,False,0.9241815609809002,1.2317319251220482e-05,0.0001,0.9123937171199448,0.9284031347856928,5.1033493402297125e-05,-0.3871617415098877,-42.2157380479244,0.678981266588732,0.678981266588732,58,potted plant,0.678981266588732,14,bird,person|bicycle|motorcycle|bird,False,1.2317319251308357e-05,8,-3.871617415098877e-05,1.2317319251308357e-05
58,potted plant,C:\Users\maxbe\Downloads\coco\train2017\000000435384.jpg,65,rbf,kernel_herding,direct,False,0.9241893582375248,7.797256624697546e-06,0.0001,0.9123937171199448,0.9285103143204714,0.0001071795347786,-0.9938227815407475,-43.20956082946515,0.3701589460967339,0.3701589460967339,58,potted plant,0.3701589460967339,39,bottle,person|bottle|wine glass|laptop,False,7.79725662452524e-06,8,-9.938227815407476e-05,7.79725662452524e-06
58,potted plant,C:\Users\maxbe\Downloads\coco\train2017\000000410561.jpg,66,rbf,kernel_herding,direct,False,0.9241942821233948,4.923885869922984e-06,0.0001,0.9123937171199448,0.9286038320761992,9.35177557279676e-05,-0.885938698579865,-44.09549952804501,0.4123269408454041,0.4123269408454041,58,potted plant,0.4123269408454041,57,couch,dog|chair|couch|dining table|vase,False,4.923885869981097e-06,8,-8.85938698579865e-05,4.923885869981097e-06
58,potted plant,C:\Users\maxbe\Downloads\coco\train2017\000000440043.jpg,67,rbf,kernel_herding,direct,False,0.9241947342686316,4.521452369177226e-07,0.0001,0.9123937171199448,0.9286349368679504,3.110479175116865e-05,-0.3065264651426009,-44.402025993187614,0.7359990396010723,0.7359990396010723,58,potted plant,0.7359990396010723,5,bus,bus,False,4.521452369085543e-07,8,-3.0652646514260094e-05,4.521452369085543e-07
58,potted plant,C:\Users\maxbe\Downloads\coco\train2017\000000383018.jpg,68,rbf,kernel_herding,direct,False,0.9241915940200957,-3.1402485362042043e-06,0.0001,0.9123937171199448,0.9287239312273752,8.89943594246656e-05,-0.921346079608848,-45.32337207279646,0.3979829636109945,0.3979829636109945,58,potted plant,0.3979829636109945,6,train,train,False,-3.1402485362191934e-06,8,-9.21346079608848e-05,-3.1402485362191934e-06
58,potted plant,C:\Users\maxbe\Downloads\coco\train2017\000000251577.jpg,69,rbf,kernel_herding,direct,False,0.9241855509087727,-6.043111322684425e-06,0.0001,0.9123937171199448,0.9287271438317428,3.2126043675306803e-06,-0.0925571569014837,-45.41592922969794,0.9115971054084332,0.9115971054084332,58,potted plant,0.9115971054084332,20,elephant,elephant|zebra|giraffe,False,-6.04311132261769e-06,8,-9.25571569014837e-06,-6.04311132261769e-06
58,potted plant,C:\Users\maxbe\Downloads\coco\train2017\000000144723.jpg,70,rbf,kernel_herding,direct,False,0.924177305976791,-8.24493198181564e-06,0.0001,0.9123937171199448,0.9288445837029048,0.0001174398711621,-1.2568480314409298,-46.67277726113888,0.2845495055915493,0.2845495055915493,58,potted plant,0.2845495055915493,7,truck,car|truck|dog|frisbee,False,-8.244931981992988e-06,8,-0.000125684803144093,-8.244931981992988e-06
58,potted plant,C:\Users\maxbe\Downloads\coco\train2017\000000075334.jpg,71,rbf,kernel_herding,direct,False,0.9241675348258624,-9.771150928594707e-06,0.0001,0.9123937171199448,0.9288491665272782,4.58282437332258e-06,-0.1435397530187115,-46.81631701415759,0.8662863620037801,0.8662863620037801,58,potted plant,0.8662863620037801,58,potted plant,cat|potted plant,True,-9.77115092854857e-06,8,-1.435397530187115e-05,-9.77115092854857e-06
58,potted plant,C:\Users\maxbe\Downloads\coco\train2017\000000556865.jpg,72,rbf,kernel_herding,direct,False,0.9241543607924236,-1.3174033438922985e-05,0.0001,0.9123937171199448,0.9289560224920056,0.0001068559647273,-1.2002999816636355,-48.01661699582122,0.301103872721163,0.301103872721163,0,person,0.480004568644152,14,bird,bird,False,-1.317403343906355e-05,8,-0.00012002999816636355,-1.317403343906355e-05
58,potted plant,C:\Users\maxbe\Downloads\coco\train2017\000000030408.jpg,73,rbf,kernel_herding,direct,False,0.924139909843222,-1.4450949201383343e-05,0.0001,0.9123937171199448,0.9289797577607865,2.373526878074461e-05,-0.3818621798209338,-48.39847917564216,0.6825891212769251,0.6825891212769251,58,potted plant,0.6825891212769251,2,car,car,False,-1.4450949201348766e-05,8,-3.818621798209338e-05,-1.4450949201348766e-05
58,potted plant,C:\Users\maxbe\Downloads\coco\train2017\000000348816.jpg,74,rbf,kernel_herding,direct,False,0.92412395509326,-1.595474996207713e-05,0.0001,0.9123937171199448,0.9290455730884536,6.581532766736231e-05,-0.8177007762943597,-49.21617995193652,0.4414454704539632,0.4414454704539632,58,potted plant,0.4414454704539632,28,suitcase,dog|suitcase|bed,False,-1.595474996207366e-05,8,-8.177007762943597e-05,-1.595474996207366e-05
58,potted plant,C:\Users\maxbe\Downloads\coco\train2017\000000492658.jpg,75,rbf,kernel_herding,direct,False,0.924105982138417,-1.797295484307071e-05,0.0001,0.9123937171199448,0.9291393004631964,9.372737474278026e-05,-1.1170032958588976,-50.33318324779542,0.3272590251329981,0.3272590251329981,58,potted plant,0.3272590251329981,18,sheep,sheep,False,-1.797295484310951e-05,8,-0.00011170032958588977,-1.797295484310951e-05
58,potted plant,C:\Users\maxbe\Downloads\coco\train2017\000000476207.jpg,76,rbf,kernel_herding,direct,False,0.9240869256711316,-1.905646728539434e-05,0.0001,0.9123937171199448,0.9291941606566868,5.486019349032478e-05,-0.7391666077570554,-51.07234985555248,0.4775117042902448,0.4775117042902448,58,potted plant,0.4775117042902448,55,cake,cake,False,-1.905646728538076e-05,8,-7.391666077570554e-05,-1.905646728538076e-05
58,potted plant,C:\Users\maxbe\Downloads\coco\train2017\000000456377.jpg,77,rbf,kernel_herding,direct,False,0.9240640268907075,-2.2898780423941112e-05,0.0001,0.9123937171199448,0.9292007792650968,6.618608410113858e-06,-0.295173888340077,-51.36752374389255,0.744402133358636,0.744402133358636,58,potted plant,0.744402133358636,50,broccoli,broccoli,False,-2.2898780423893844e-05,8,-2.95173888340077e-05,-2.2898780423893844e-05
58,potted plant,C:\Users\maxbe\Downloads\coco\train2017\000000466263.jpg,78,rbf,kernel_herding,direct,False,0.9240396531542456,-2.4373736462024453e-05,0.0001,0.9123937171199448,0.9292042138459208,3.4345808237468134e-06,-0.2780831728579485,-51.645606916750495,0.7572338375916876,0.7572338375916876,58,potted plant,0.7572338375916876,10,fire hydrant,car|fire hydrant,False,-2.4373736462048035e-05,8,-2.7808317285794848e-05,-2.4373736462048035e-05
58,potted plant,C:\Users\maxbe\Downloads\coco\train2017\000000218365.jpg,79,rbf,kernel_herding,direct,False,0.9240121189073044,-2.7534246941129936e-05,0.0001,0.9123937171199448,0.9292540568474262,4.984300150556731e-05,-0.7737724844671251,-52.41937940121762,0.4612696492801953,0.4612696492801953,58,potted plant,0.4612696492801953,58,potted plant,potted plant|vase,True,-2.753424694114521e-05,8,-7.737724844671252e-05,-2.753424694114521e-05
58,potted plant,C:\Users\maxbe\Downloads\coco\train2017\000000175256.jpg,80,rbf,kernel_herding,direct,False,0.9239835367485032,-2.858215880141568e-05,0.0001,0.9123937171199448,0.929305706147139,5.164929971279708e-05,-0.8023145851414738,-53.22169398635909,0.4482901566401838,0.4482901566401838,0,person,0.7957646556260197,8,boat,boat,False,-2.8582158801350303e-05,8,-8.023145851414738e-05,-2.8582158801350303e-05
58,potted plant,C:\Users\maxbe\Downloads\coco\train2017\000000520851.jpg,81,rbf,kernel_herding,direct,False,0.9239531912253002,-3.0345523202912617e-05,0.0001,0.9123937171199448,0.9293755013867782,6.979523963912548e-05,-1.001407628421146,-54.22310161478024,0.3673619679039769,0.3673619679039769,58,potted plant,0.3673619679039769,76,scissors,scissors,False,-3.034552320298912e-05,8,-0.0001001407628421146,-3.034552320298912e-05
58,potted plant,C:\Users\maxbe\Downloads\coco\train2017\000000392058.jpg,82,rbf,kernel_herding,direct,False,0.9239209856503668,-3.220557493344156e-05,0.0001,0.9123937171199448,0.9294375113811324,6.200999435412857e-05,-0.9421556928755744,-55.16525730765581,0.3897866686900764,0.3897866686900764,58,potted plant,0.3897866686900764,6,train,train,False,-3.220557493342888e-05,8,-9.421556928755745e-05,-3.2205574933428876e-05
58,potted plant,C:\Users\maxbe\Downloads\coco\train2017\000000233892.jpg,83,rbf,kernel_herding,direct,False,0.923881992736974,-3.899291339259925e-05,0.0001,0.9123937171199448,0.9295004786425052,6.296726137289266e-05,-1.0196017476545562,-56.18485905531037,0.3607385765526217,0.3607385765526217,0,person,0.3805027789394536,74,clock,clock,False,-3.899291339256297e-05,8,-0.00010196017476545563,-3.899291339256297e-05
58,potted plant,C:\Users\maxbe\Downloads\coco\train2017\000000270639.jpg,84,rbf,kernel_herding,direct,False,0.923842033599525,-3.995913744914148e-05,0.0001,0.9123937171199448,0.9295499203383656,4.944169586029723e-05,-0.894008333094234,-57.0788673884046,0.4090130022523152,0.4090130022523152,58,potted plant,0.4090130022523152,21,bear,bear|carrot,False,-3.995913744912618e-05,8,-8.940083330942341e-05,-3.995913744912618e-05
58,potted plant,C:\Users\maxbe\Downloads\coco\train2017\000000119579.jpg,85,rbf,kernel_herding,direct,False,0.9238006052083746,-4.142839115039987e-05,0.0001,0.9123937171199448,0.9295575737453168,7.653406951302344e-06,-0.4908179810168353,-57.56968536942144,0.6121254823186889,0.6121254823186889,58,potted plant,0.6121254823186889,75,vase,vase,False,-4.142839115038119e-05,8,-4.908179810168354e-05,-4.142839115038119e-05
58,potted plant,C:\Users\maxbe\Downloads\coco\train2017\000000455225.jpg,86,rbf,kernel_herding,direct,False,0.9237578003662806,-4.280484209395752e-05,0.0001,0.9123937171199448,0.9296109987350696,5.342498975280385e-05,-0.9622983184680912,-58.53198368788953,0.382013886680056,0.382013886680056,58,potted plant,0.382013886680056,45,bowl,bowl|carrot,False,-4.280484209400528e-05,8,-9.622983184680913e-05,-4.280484209400528e-05
58,potted plant,C:\Users\maxbe\Downloads\coco\train2017\000000544341.jpg,87,rbf,kernel_herding,direct,False,0.9237145173832484,-4.328298303224454e-05,0.0001,0.9123937171199448,0.929582537119106,-2.846161596359309e-05,-0.1482136706869016,-58.68019735857643,0.8622468583781246,0.8622468583781246,58,potted plant,0.8622468583781246,14,bird,boat|bird,False,-4.328298303228325e-05,8,-1.4821367068690162e-05,-4.328298303228325e-05
58,potted plant,C:\Users\maxbe\Downloads\coco\train2017\000000209901.jpg,88,rbf,kernel_herding,direct,False,0.9236692961520536,-4.522123119465871e-05,0.0001,0.9123937171199448,0.9295912466611544,8.709542048457308e-06,-0.5393077324312345,-59.21950509100766,0.5831518097575912,0.5831518097575912,58,potted plant,0.5831518097575912,7,truck,truck|traffic light,False,-4.522123119466615e-05,8,-5.3930773243123455e-05,-4.522123119466615e-05
58,potted plant,C:\Users\maxbe\Downloads\coco\train2017\000000555470.jpg,89,rbf,kernel_herding,direct,False,0.9236223159720016,-4.698018005200311e-05,0.0001,0.9123937171199448,0.9296213844206528,3.0137759498338745e-05,-0.7711793955033355,-59.990684486511,0.4624673146724302,0.4624673146724302,58,potted plant,0.4624673146724302,-1,unlabeled,,False,-4.698018005199481e-05,8,-7.711793955033356e-05,-4.698018005199481e-05
58,potted plant,C:\Users\maxbe\Downloads\coco\train2017\000000404750.jpg,90,rbf,kernel_herding,direct,False,0.9235727103857508,-4.960558625088929e-05,0.0001,0.9123937171199448,0.9296167551375752,-4.6292830775396254e-06,-0.4497630317334085,-60.44044751824441,0.63777926716268,0.63777926716268,58,potted plant,0.63777926716268,49,orange,orange,False,-4.960558625088047e-05,8,-4.497630317334085e-05,-4.960558625088047e-05
58,potted plant,C:\Users\maxbe\Downloads\coco\train2017\000000561128.jpg,91,rbf,kernel_herding,direct,False,0.923521953898391,-5.075648735985983e-05,0.0001,0.9123937171199448,0.9295823682657438,-3.438687183143774e-05,-0.1636961552840837,-60.6041436735285,0.8489999468403151,0.8489999468403151,58,potted plant,0.8489999468403151,72,refrigerator,oven|refrigerator,False,-5.075648735984611e-05,8,-1.6369615528408373e-05,-5.075648735984611e-05
58,potted plant,C:\Users\maxbe\Downloads\coco\train2017\000000357095.jpg,92,rbf,kernel_herding,direct,False,0.9234710913748424,-5.086252354868925e-05,0.0001,0.9123937171199448,0.9295814669406302,-9.013251136558154e-07,-0.499611984350498,-61.103755657879,0.6067660487638694,0.6067660487638694,58,potted plant,0.6067660487638694,77,teddy bear,chair|teddy bear,False,-5.086252354870562e-05,8,-4.99611984350498e-05,-5.086252354870562e-05
58,potted plant,C:\Users\maxbe\Downloads\coco\train2017\000000262549.jpg,93,rbf,kernel_herding,direct,False,0.9234174094320032,-5.368194283894567e-05,0.0001,0.9123937171199448,0.9295484076914172,-3.3059249212819e-05,-0.2062269362604478,-61.30998259413945,0.8136484090016038,0.8136484090016038,58,potted plant,0.8136484090016038,15,cat,cat,False,-5.3681942838863775e-05,8,-2.062269362604478e-05,-5.3681942838863775e-05
58,potted plant,C:\Users\maxbe\Downloads\coco\train2017\000000366247.jpg,94,rbf,kernel_herding,direct,False,0.923363558725539,-5.3850706464353415e-05,0.0001,0.9123937171199448,0.92951460419538,-3.380349603743227e-05,-0.200472104269694,-61.51045469840914,0.8183443180187219,0.8183443180187219,58,potted plant,0.8183443180187219,13,bench,person|bench|clock,False,-5.385070646440167e-05,8,-2.00472104269694e-05,-5.385070646440167e-05
58,potted plant,C:\Users\maxbe\Downloads\coco\train2017\000000436626.jpg,95,rbf,kernel_herding,direct,False,0.9233091931771898,-5.436554834914453e-05,0.0001,0.9123937171199448,0.9295172057434644,2.601548084513184e-06,-0.5696709643366501,-62.08012566274579,0.5657115473529141,0.5657115473529141,58,potted plant,0.5657115473529141,8,boat,boat|chair|dining table,False,-5.436554834915183e-05,8,-5.6967096433665014e-05,-5.436554834915183e-05
58,potted plant,C:\Users\maxbe\Downloads\coco\train2017\000000526188.jpg,96,rbf,kernel_herding,direct,False,0.9232541643780556,-5.502879913421577e-05,0.0001,0.9123937171199448,0.9295464084032776,2.9202659813099e-05,-0.8423145894728192,-62.92244025221861,0.4307124463102257,0.4307124463102257,58,potted plant,0.4307124463102257,33,kite,person|kite,False,-5.502879913418293e-05,8,-8.423145894728193e-05,-5.502879913418293e-05
58,potted plant,C:\Users\maxbe\Downloads\coco\train2017\000000325557.jpg,97,rbf,kernel_herding,direct,False,0.923197750253386,-5.64141246696126e-05,0.0001,0.9123937171199448,0.9295542275822112,7.819178933665683e-06,-0.6423330360326307,-63.564773288251246,0.5260636657430665,0.5260636657430665,58,potted plant,0.5260636657430665,3,motorcycle,car|motorcycle,False,-5.641412466959739e-05,8,-6.423330360326307e-05,-5.641412466959739e-05
58,potted plant,C:\Users\maxbe\Downloads\coco\train2017\000000457791.jpg,98,rbf,kernel_herding,direct,False,0.9231397081159616,-5.804213742444109e-05,0.0001,0.9123937171199448,0.929522745585783,-3.1481996428217585e-05,-0.2656014099623805,-63.830374698213625,0.7667446833924048,0.7667446833924048,58,potted plant,0.7667446833924048,15,cat,person|cat|couch|keyboard,False,-5.804213742445564e-05,8,-2.6560140996238054e-05,-5.804213742445564e-05
58,potted plant,C:\Users\maxbe\Downloads\coco\train2017\000000309175.jpg,99,rbf,kernel_herding,direct,False,0.9230812616953924,-5.844642056918037e-05,0.0001,0.9123937171199448,0.9295065391798286,-1.6206405954344305e-05,-0.4224001461490075,-64.25277484436263,0.6554717024318679,0.6554717024318679,58,potted plant,0.6554717024318679,61,toilet,toilet,False,-5.8446420569245055e-05,8,-4.224001461490075e-05,-5.8446420569245055e-05
58,potted plant,C:\Users\maxbe\Downloads\coco\train2017\000000534168.jpg,100,rbf,kernel_herding,direct,False,0.9230212606276812,-6.000106771120173e-05,0.0001,0.9123937171199448,0.9295174501848372,1.0911005008495955e-05,-0.7091207271964337,-64.96189557155907,0.4920766769376819,0.4920766769376819,58,potted plant,0.4920766769376819,40,wine glass,wine glass,False,-6.000106771114742e-05,8,-7.091207271964338e-05,-6.000106771114742e-05
58,potted plant,C:\Users\maxbe\Downloads\coco\train2017\000000565954.jpg,101,rbf,kernel_herding,direct,False,0.9229596226438136,-6.163798386760178e-05,0.0001,0.9123937171199448,0.9294654340181412,-5.201616669603393e-05,-0.0962181717157222,-65.05811374327479,0.908265836534019,0.908265836534019,58,potted plant,0.908265836534019,15,cat,cat|clock,False,-6.163798386760615e-05,8,-9.62181717157222e-06,-6.163798386760615e-05
58,potted plant,C:\Users\maxbe\Downloads\coco\train2017\000000474759.jpg,102,rbf,kernel_herding,direct,False,0.9228960926725192,-6.352997129432936e-05,0.0001,0.9123937171199448,0.92943638757445,-2.904644369117193e-05,-0.3448352760312598,-65.40294901930605,0.7083370239431139,0.7083370239431139,58,potted plant,0.7083370239431139,55,cake,bird|cake,False,-6.352997129429792e-05,8,-3.448352760312598e-05,-6.352997129429792e-05
58,potted plant,C:\Users\maxbe\Downloads\coco\train2017\000000300882.jpg,103,rbf,kernel_herding,direct,False,0.9228322235544496,-6.386911806954831e-05,0.0001,0.9123937171199448,0.9293903866129262,-4.600096152374e-05,-0.178681565458732,-65.58163058476478,0.8363721867898634,0.8363721867898634,58,potted plant,0.8363721867898634,59,bed,chair|bed,False,-6.38691180696132e-05,8,-1.78681565458732e-05,-6.38691180696132e-05
58,potted plant,C:\Users\maxbe\Downloads\coco\train2017\000000457305.jpg,104,rbf,kernel_herding,direct,False,0.9227670161601658,-6.520739428395039e-05,0.0001,0.9123937171199448,0.9295120403932168,0.0001216537802907,-1.868611745746575,-67.45024233051136,0.154337773229354,0.154337773229354,0,person,0.7679019632129638,17,horse,horse|cow,False,-6.520739428395752e-05,8,-0.00018686117457465752,-6.520739428395752e-05
58,potted plant,C:\Users\maxbe\Downloads\coco\train2017\000000402528.jpg,105,rbf,kernel_herding,direct,False,0.9227002117436118,-6.680441655393388e-05,0.0001,0.9123937171199448,0.9295492828717212,3.7242478504229126e-05,-1.040468950580982,-68.49071128109235,0.3532889680381812,0.3532889680381812,58,potted plant,0.3532889680381812,60,dining table,fork|sandwich|dining table,False,-6.68044165538691e-05,8,-0.00010404689505809822,-6.68044165538691e-05
58,potted plant,C:\Users\maxbe\Downloads\coco\train2017\000000200838.jpg,106,rbf,kernel_herding,direct,False,0.9226308492635488,-6.936248006295109e-05,0.0001,0.9123937171199448,0.9295926903755422,4.340750382103575e-05,-1.1276998388408332,-69.61841111993319,0.3237771401690717,0.3237771401690717,0,person,0.7021255457894492,6,train,person|train,False,-6.936248006304757e-05,8,-0.00011276998388408333,-6.936248006304757e-05
58,potted plant,C:\Users\maxbe\Downloads\coco\train2017\000000156977.jpg,107,rbf,kernel_herding,direct,False,0.9225603564465412,-7.04928170076613e-05,0.0001,0.9123937171199448,0.9295342144556874,-5.84759198547502e-05,-0.1201689715286179,-69.7385800914618,0.8867705850748899,0.8867705850748899,58,potted plant,0.8867705850748899,25,umbrella,umbrella|potted plant,True,-7.0492817007612e-05,8,-1.201689715286179e-05,-7.0492817007612e-05
58,potted plant,C:\Users\maxbe\Downloads\coco\train2017\000000171328.jpg,108,rbf,kernel_herding,direct,False,0.9224899526394764,-7.040380706491156e-05,0.0001,0.9123937171199448,0.9294891327633282,-4.5081692359172365e-05,-0.253221147057648,-69.99180123851944,0.7762961872208921,0.7762961872208921,58,potted plant,0.7762961872208921,49,orange,orange,False,-7.040380706493716e-05,8,-2.53221147057648e-05,-7.040380706493716e-05
58,potted plant,C:\Users\maxbe\Downloads\coco\train2017\000000345345.jpg,109,rbf,kernel_herding,direct,False,0.922418439431605,-7.151320787135429e-05,0.0001,0.9123937171199448,0.9295230273195856,3.389455625724125e-05,-1.054077641286175,-71.04587887980561,0.3485137337817464,0.3485137337817464,0,person,0.4852648894367652,19,cow,motorcycle|cow,False,-7.151320787137626e-05,8,-0.0001054077641286175,-7.151320787137626e-05
58,potted plant,C:\Users\maxbe\Downloads\coco\train2017\000000243091.jpg,110,rbf,kernel_herding,direct,False,0.9223436190197122,-7.482041189277311e-05,0.0001,0.9123937171199448,0.9295577041615272,3.4676841941805314e-05,-1.094972538345567,-72.14085141815119,0.3345487940848342,0.3345487940848342,58,potted plant,0.3345487940848342,45,bowl,bowl|broccoli,False,-7.48204118927514e-05,8,-0.00010949725383455671,-7.48204118927514e-05
58,potted plant,C:\Users\maxbe\Downloads\coco\train2017\000000067463.jpg,111,rbf,kernel_herding,direct,False,0.9222667459114308,-7.687310828152771e-05,0.0001,0.9123937171199448,0.9295961771507316,3.847298920423015e-05,-1.1534609748569475,-73.29431239300813,0.315542791687092,0.315542791687092,0,person,0.7372446855549091,7,truck,car|truck,False,-7.687310828146461e-05,8,-0.00011534609748569476,-7.687310828146461e-05
58,potted plant,C:\Users\maxbe\Downloads\coco\train2017\000000573926.jpg,112,rbf,kernel_herding,direct,False,0.9221882191523972,-7.85267590335259e-05,0.0001,0.9123937171199448,0.9295744335304316,-2.1743620299830013e-05,-0.5678313873375177,-73.86214378034565,0.5667531750870378,0.5667531750870378,58,potted plant,0.5667531750870378,28,suitcase,suitcase,False,-7.852675903358178e-05,8,-5.678313873375177e-05,-7.852675903358178e-05
58,potted plant,C:\Users\maxbe\Downloads\coco\train2017\000000543239.jpg,113,rbf,kernel_herding,direct,False,0.9221065618024484,-8.165734994858287e-05,0.0001,0.9123937171199448,0.9296788621859434,0.0001044286555117,-1.860860054603215,-75.72300383494886,0.1555388009632015,0.1555388009632015,0,person,0.1668945443174093,21,bear,bear,False,-8.165734994862151e-05,8,-0.0001860860054603215,-8.165734994862151e-05
58,potted plant,C:\Users\maxbe\Downloads\coco\train2017\000000547601.jpg,114,rbf,kernel_herding,direct,False,0.9220234384805976,-8.312332185100857e-05,0.0001,0.9123937171199448,0.929598810992414,-8.005119352927359e-05,-0.0307212832174155,-75.75372511816627,0.9697458198469538,0.9697458198469538,58,potted plant,0.9697458198469538,58,potted plant,potted plant|vase,True,-8.312332185101514e-05,8,-3.07212832174155e-06,-8.312332185101514e-05
58,potted plant,C:\Users\maxbe\Downloads\coco\train2017\000000430739.jpg,115,rbf,kernel_herding,direct,False,0.9219386685487174,-8.476993188011317e-05,0.0001,0.9123937171199448,0.9296129181595444,1.410716713035054e-05,-0.9887709901049369,-76.74249610827121,0.3720336431929395,0.3720336431929395,0,person,0.8928149796176417,4,airplane,person|motorcycle|airplane,False,-8.476993188014315e-05,8,-9.887709901049369e-05,-8.476993188014315e-05
58,potted plant,C:\Users\maxbe\Downloads\coco\train2017\000000537920.jpg,116,rbf,kernel_herding,direct,False,0.9218530743718456,-8.559417687170612e-05,0.0001,0.9123937171199448,0.929660726539112,4.780837956741557e-05,-1.3340255643906926,-78.0765216726619,0.2634147311302658,0.2634147311302658,0,person,0.2994369559451661,60,dining table,bowl|broccoli|pizza|dining table,False,-8.55941768716537e-05,8,-0.00013340255643906927,-8.55941768716537e-05
58,potted plant,C:\Users\maxbe\Downloads\coco\train2017\000000579043.jpg,117,rbf,kernel_herding,direct,False,0.9217662334466624,-8.684092518329578e-05,0.0001,0.9123937171199448,0.9296554197481596,-5.306790952230855e-06,-0.8153413423111879,-78.89186301497308,0.4424882616133593,0.4424882616133593,0,person,0.5179417398223665,74,clock,clock,False,-8.684092518334965e-05,8,-8.15341342311188e-05,-8.684092518334965e-05
58,potted plant,C:\Users\maxbe\Downloads\coco\train2017\000000473438.jpg,118,rbf,kernel_herding,direct,False,0.921678714491053,-8.751895560943357e-05,0.0001,0.9123937171199448,0.9296215298235996,-3.388992456010431e-05,-0.5362903104923578,-79.42815332546544,0.5849140822447851,0.5849140822447851,58,potted plant,0.5849140822447851,51,carrot,carrot,False,-8.751895560934008e-05,8,-5.362903104923578e-05,-8.751895560934008e-05
58,potted plant,C:\Users\maxbe\Downloads\coco\train2017\000000243957.jpg,119,rbf,kernel_herding,direct,False,0.921590818045996,-8.789644505691196e-05,0.0001,0.9123937171199448,0.929642298056322,2.076823272245676e-05,-1.086646777793942,-80.51480010325939,0.3373457946588262,0.3373457946588262,58,potted plant,0.3373457946588262,63,laptop,cat|laptop,False,-8.789644505693744e-05,8,-0.0001086646777793942,-8.789644505693744e-05
58,potted plant,C:\Users\maxbe\Downloads\coco\train2017\000000268229.jpg,120,rbf,kernel_herding,direct,False,0.9215008381828,-8.997986319614348e-05,0.0001,0.9123937171199448,0.9295583070895028,-8.399096681921403e-05,-0.0598889637690946,-80.57468906702849,0.9418691093732016,0.9418691093732016,58,potted plant,0.9418691093732016,59,bed,chair|bed,False,-8.99798631961235e-05,8,-5.98889637690946e-06,-8.99798631961235e-05
3,motorcycle,C:\Users\maxbe\Downloads\coco\train2017\000000020137.jpg,1,rbf,kernel_herding,direct,False,0.8791339974521383,0.0008802471690275,0.001,0.878253645395241,0.8792337022078541,0.0009799519247434,-0.099704755715806,-0.099704755715806,0.9051046055516122,0.9051046055516122,3,motorcycle,0.9051046055516122,74,clock,clock,False,0.0008802471690275,9,-9.970475571580601e-05,0.000880247169027594
3,motorcycle,C:\Users\maxbe\Downloads\coco\train2017\000000377716.jpg,2,rbf,kernel_herding,direct,False,0.8799022816848023,0.000768284232664,0.001,0.878253645395241,0.880110149145709,0.0008764469378548,-0.1081627051908429,-0.2078674609066489,0.8974815596408457,0.8974815596408457,3,motorcycle,0.8974815596408457,0,person,person|umbrella|clock,False,0.0007682842326639,9,-0.0001081627051908429,0.0007682842326639572
3,motorcycle,C:\Users\maxbe\Downloads\coco\train2017\000000479941.jpg,3,rbf,kernel_herding,direct,False,0.8806006693760285,0.0006983876912262,0.001,0.878253645395241,0.8810210006811596,0.0009108515354506,-0.2124638442244022,-0.4203313051310512,0.8085895509743043,0.8085895509743043,3,motorcycle,0.8085895509743043,74,clock,clock,False,0.0006983876912261,9,-0.00021246384422440222,0.0006983876912261978
3,motorcycle,C:\Users\maxbe\Downloads\coco\train2017\000000078716.jpg,4,rbf,kernel_herding,direct,False,0.8812468207071521,0.0006461513311235,0.001,0.878253645395241,0.8817446592483543,0.0007236585671946,-0.0775072360711247,-0.4978385412021759,0.9254203279640956,0.9254203279640956,3,motorcycle,0.9254203279640956,12,parking meter,parking meter,False,0.0006461513311234,9,-7.75072360711247e-05,0.0006461513311234753
3,motorcycle,C:\Users\maxbe\Downloads\coco\train2017\000000392717.jpg,5,rbf,kernel_herding,direct,False,0.8818590373861366,0.0006122166789844,0.001,0.878253645395241,0.882464927763647,0.0007202685152927,-0.1080518363082441,-0.6058903775104201,0.897581067934601,0.897581067934601,3,motorcycle,0.897581067934601,2,car,person|car|teddy bear,False,0.0006122166789844,9,-0.00010805183630824409,0.000612216678984456
3,motorcycle,C:\Users\maxbe\Downloads\coco\train2017\000000394784.jpg,6,rbf,kernel_herding,direct,False,0.8824446050831426,0.000585567697006,0.001,0.878253645395241,0.8832513546432866,0.0007864268796395,-0.2008591826335888,-0.8067495601440089,0.8180276159372163,0.8180276159372163,3,motorcycle,0.8180276159372163,4,airplane,person|airplane,False,0.0005855676970059,9,-0.0002008591826335888,0.0005855676970059113
3,motorcycle,C:\Users\maxbe\Downloads\coco\train2017\000000396188.jpg,7,rbf,kernel_herding,direct,False,0.8830002499510516,0.000555644867909,0.001,0.878253645395241,0.8838204919446268,0.0005691373013401,-0.0134924334311426,-0.8202419935751515,0.9865981814515644,0.9865981814515644,3,motorcycle,0.9865981814515644,2,car,person|car|motorcycle|bus|traffic light|clock,True,0.0005556448679089,9,-1.3492433431142601e-05,0.0005556448679089574
3,motorcycle,C:\Users\maxbe\Downloads\coco\train2017\000000057919.jpg,8,rbf,kernel_herding,direct,False,0.8835394544132344,0.0005392044621828,0.001,0.878253645395241,0.884489163736899,0.0006686717922722,-0.1294673300894612,-0.9497093236646128,0.8785632905305004,0.8785632905305004,3,motorcycle,0.8785632905305004,9,traffic light,traffic light,False,0.0005392044621827,9,-0.00012946733008946122,0.0005392044621827389
3,motorcycle,C:\Users\maxbe\Downloads\coco\train2017\000000422105.jpg,9,rbf,kernel_herding,direct,False,0.8840404902667472,0.0005010358535127,0.001,0.878253645395241,0.8849989036561366,0.0005097399192376,-0.0087040657247813,-0.958413389389394,0.9913337049885882,0.9913337049885882,3,motorcycle,0.9913337049885882,2,car,person|bicycle|car|motorcycle|clock,True,0.0005010358535128,9,-8.7040657247813e-06,0.0005010358535128187
3,motorcycle,C:\Users\maxbe\Downloads\coco\train2017\000000244300.jpg,10,rbf,kernel_herding,direct,False,0.8845169912407049,0.0004765009739576,0.001,0.878253645395241,0.8856196203649188,0.0006207167087821,-0.1442157348244873,-1.1026291242138817,0.8657009660652664,0.8657009660652664,3,motorcycle,0.8657009660652664,19,cow,cow,False,0.0004765009739576,9,-0.0001442157348244873,0.0004765009739576126
3,motorcycle,C:\Users\maxbe\Downloads\coco\train2017\000000526825.jpg,11,rbf,kernel_herding,direct,False,0.8849714881020703,0.0004544968613653,0.001,0.878253645395241,0.8861991331220467,0.0005795127571278,-0.1250158957625822,-1.2276450199764637,0.8824828747338443,0.8824828747338443,3,motorcycle,0.8824828747338443,8,boat,person|boat,False,0.0004544968613652,9,-0.00012501589576258221,0.00045449686136521785
3,motorcycle,C:\Users\maxbe\Downloads\coco\train2017\000000102803.jpg,12,rbf,kernel_herding,direct,False,0.8854072327593513,0.000435744657281,0.001,0.878253645395241,0.8868987729066183,0.0006996397845716,-0.2638951272906122,-1.491540147267076,0.7680540833448918,0.7680540833448918,3,motorcycle,0.7680540833448918,4,airplane,airplane,False,0.0004357446572809,9,-0.00026389512729061223,0.0004357446572809878
3,motorcycle,C:\Users\maxbe\Downloads\coco\train2017\000000064089.jpg,13,rbf,kernel_herding,direct,False,0.8858198709084973,0.000412638149146,0.001,0.878253645395241,0.8873690051043034,0.000470232197685,-0.0575940485389541,-1.54913419580603,0.9440331012763452,0.9440331012763452,3,motorcycle,0.9440331012763452,2,car,person|car|truck|parking meter,False,0.000412638149146,9,-5.75940485389541e-05,0.0004126381491460459
3,motorcycle,C:\Users\maxbe\Downloads\coco\train2017\000000190723.jpg,14,rbf,kernel_herding,direct,False,0.8862013861409856,0.0003815152324883,0.001,0.878253645395241,0.887936919886701,0.0005679147823975,-0.1863995499093254,-1.7355337457153557,0.8299419255050092,0.8299419255050092,3,motorcycle,0.8299419255050092,6,train,train,False,0.0003815152324881,9,-0.0001863995499093254,0.00038151523248817457
3,motorcycle,C:\Users\maxbe\Downloads\coco\train2017\000000469026.jpg,15,rbf,kernel_herding,direct,False,0.8865484912178727,0.000347105076887,0.001,0.878253645395241,0.8883524093409114,0.0004154894542104,-0.0683843773233901,-1.803918123038745,0.9339014340437786,0.9339014340437786,3,motorcycle,0.9339014340437786,2,car,person|car|bus,False,0.000347105076887,9,-6.83843773233901e-05,0.0003471050768870099
3,motorcycle,C:\Users\maxbe\Downloads\coco\train2017\000000164683.jpg,16,rbf,kernel_herding,direct,False,0.886851777301731,0.0003032860838583,0.001,0.878253645395241,0.888675855361388,0.0003234460204766,-0.020159936618288,-1.8240780596570336,0.9800419161806326,0.9800419161806326,3,motorcycle,0.9800419161806326,20,elephant,person|elephant|backpack|chair|potted plant,False,0.0003032860838583,9,-2.0159936618288002e-05,0.000303286083858312
3,motorcycle,C:\Users\maxbe\Downloads\coco\train2017\000000202935.jpg,17,rbf,kernel_herding,direct,False,0.8871459349406683,0.0002941576389372,0.001,0.878253645395241,0.8891830362240076,0.0005071808626195,-0.2130232236823333,-2.037101283339367,0.8081373690720155,0.8081373690720155,3,motorcycle,0.8081373690720155,74,clock,clock,False,0.0002941576389371,9,-0.00021302322368233333,0.0002941576389371667
3,motorcycle,C:\Users\maxbe\Downloads\coco\train2017\000000386973.jpg,18,rbf,kernel_herding,direct,False,0.887417549488252,0.0002716145475837,0.001,0.878253645395241,0.889526972165434,0.0003439359414263,-0.0723213938425871,-2.109422677181954,0.9302318769639368,0.9302318769639368,3,motorcycle,0.9302318769639368,2,car,bicycle|car,False,0.0002716145475837,9,-7.23213938425871e-05,0.0002716145475837129
3,motorcycle,C:\Users\maxbe\Downloads\coco\train2017\000000174019.jpg,19,rbf,kernel_herding,direct,False,0.8876739203636943,0.0002563708754422,0.001,0.878253645395241,0.8899089450291922,0.0003819728637581,-0.1256019883159163,-2.2350246654978703,0.8819658096313217,0.8819658096313217,3,motorcycle,0.8819658096313217,12,parking meter,person|bicycle|car|motorcycle|truck|traffic light|fire hydrant|parking meter|potted plant,True,0.0002563708754421,9,-0.00012560198831591628,0.0002563708754421837
3,motorcycle,C:\Users\maxbe\Downloads\coco\train2017\000000293081.jpg,20,rbf,kernel_herding,direct,False,0.8879176199154103,0.0002436995517159,0.001,0.878253645395241,0.8903103753974377,0.0004014303682455,-0.1577308165295807,-2.392755482027451,0.8540796551526516,0.8540796551526516,3,motorcycle,0.8540796551526516,8,boat,person|car|boat,False,0.0002436995517159,9,-0.0001577308165295807,0.0002436995517159193
3,motorcycle,C:\Users\maxbe\Downloads\coco\train2017\000000226528.jpg,21,rbf,kernel_herding,direct,False,0.888149796996192,0.0002321770807817,0.001,0.878253645395241,0.8906012847145636,0.0002909093171258,-0.0587322363441403,-2.451487718371592,0.94295922556483,0.94295922556483,3,motorcycle,0.94295922556483,10,fire hydrant,person|car|fire hydrant|cell phone,False,0.0002321770807816,9,-5.87322363441403e-05,0.0002321770807816597
3,motorcycle,C:\Users\maxbe\Downloads\coco\train2017\000000477878.jpg,22,rbf,kernel_herding,direct,False,0.888371350973993,0.0002215539778009,0.001,0.878253645395241,0.8908799959607823,0.0002787112462186,-0.0571572684176901,-2.5086449867892813,0.9444455262317526,0.9444455262317526,3,motorcycle,0.9444455262317526,7,truck,car|truck|traffic light,False,0.0002215539778009,9,-5.71572684176901e-05,0.00022155397780090989
3,motorcycle,C:\Users\maxbe\Downloads\coco\train2017\000000279097.jpg,23,rbf,kernel_herding,direct,False,0.8885738053816706,0.0002024544076776,0.001,0.878253645395241,0.8911864460750135,0.0003064501142312,-0.1039957065536107,-2.612640693342892,0.9012291667910104,0.9012291667910104,3,motorcycle,0.9012291667910104,5,bus,person|car|bus|truck|bench|dog|handbag,False,0.0002024544076775,9,-0.00010399570655361071,0.0002024544076775893
3,motorcycle,C:\Users\maxbe\Downloads\coco\train2017\000000367462.jpg,24,rbf,kernel_herding,direct,False,0.8887650474158678,0.0001912420341971,0.001,0.878253645395241,0.8917299684874939,0.0005435224124803,-0.3522803782831405,-2.9649210716260326,0.7030829651427131,0.7030829651427131,3,motorcycle,0.7030829651427131,4,airplane,airplane,False,0.0001912420341971,9,-0.0003522803782831405,0.00019124203419715948
3,motorcycle,C:\Users\maxbe\Downloads\coco\train2017\000000310202.jpg,25,rbf,kernel_herding,direct,False,0.8889465938550128,0.000181546439145,0.001,0.878253645395241,0.8920330937997958,0.0003031253123019,-0.1215788731569514,-3.086499944782984,0.8855212067402692,0.8855212067402692,3,motorcycle,0.8855212067402692,46,banana,person|handbag|banana,False,0.0001815464391449,9,-0.0001215788731569514,0.0001815464391449486
3,motorcycle,C:\Users\maxbe\Downloads\coco\train2017\000000144538.jpg,26,rbf,kernel_herding,direct,False,0.8891168062135473,0.0001702123585344,0.001,0.878253645395241,0.8922741152707147,0.0002410214709188,-0.0708091123843591,-3.1573090571673434,0.9316397136376628,0.9316397136376628,3,motorcycle,0.9316397136376628,9,traffic light,person|bicycle|traffic light,False,0.0001702123585344,9,-7.08091123843591e-05,0.0001702123585344409
3,motorcycle,C:\Users\maxbe\Downloads\coco\train2017\000000347570.jpg,27,rbf,kernel_herding,direct,False,0.8892787553213766,0.0001619491078292,0.001,0.878253645395241,0.8924542501849213,0.0001801349142066,-0.0181858063773444,-3.175494863544688,0.981978557526928,0.981978557526928,3,motorcycle,0.981978557526928,0,person,person|car|motorcycle,True,0.0001619491078292,9,-1.81858063773444e-05,0.0001619491078292556
3,motorcycle,C:\Users\maxbe\Downloads\coco\train2017\000000194911.jpg,28,rbf,kernel_herding,direct,False,0.8894341360778665,0.0001553807564899,0.001,0.878253645395241,0.8927870056341622,0.0003327554492409,-0.1773746927510489,-3.3528695562957367,0.8374659333123163,0.8374659333123163,3,motorcycle,0.8374659333123163,0,person,person|handbag|kite,False,0.0001553807564898,9,-0.00017737469275104888,0.00015538075648985114
3,motorcycle,C:\Users\maxbe\Downloads\coco\train2017\000000285194.jpg,29,rbf,kernel_herding,direct,False,0.8895794843983376,0.000145348320471,0.001,0.878253645395241,0.8929632994455565,0.0001762938113942,-0.0309454909232312,-3.383815047218968,0.9695284197337624,0.9695284197337624,3,motorcycle,0.9695284197337624,0,person,person|banana,False,0.0001453483204709,9,-3.09454909232312e-05,0.0001453483204709688
3,motorcycle,C:\Users\maxbe\Downloads\coco\train2017\000000025804.jpg,30,rbf,kernel_herding,direct,False,0.8897144212740362,0.0001349368756986,0.001,0.878253645395241,0.8931786296128318,0.0002153301672752,-0.080393291576645,-3.464208338795613,0.9227533638859972,0.9227533638859972,3,motorcycle,0.9227533638859972,20,elephant,person|elephant,False,0.0001349368756985,9,-8.0393291576645e-05,0.000134936875698555
3,motorcycle,C:\Users\maxbe\Downloads\coco\train2017\000000465057.jpg,31,rbf,kernel_herding,direct,False,0.889843912623602,0.0001294913495657,0.001,0.878253645395241,0.8933575511617927,0.0001789215489609,-0.0494301993951609,-3.513638538190774,0.9517715900495956,0.9517715900495956,3,motorcycle,0.9517715900495956,-1,unlabeled,,False,0.0001294913495657,9,-4.94301993951609e-05,0.00012949134956573912
3,motorcycle,C:\Users\maxbe\Downloads\coco\train2017\000000066973.jpg,32,rbf,kernel_herding,direct,False,0.8899634163697622,0.0001195037461602,0.001,0.878253645395241,0.8935983018583827,0.00024075069659,-0.1212469504297993,-3.6348854886205735,0.8858151801396891,0.8858151801396891,3,motorcycle,0.8858151801396891,12,parking meter,parking meter|potted plant,False,0.0001195037461602,9,-0.0001212469504297993,0.00011950374616020071
3,motorcycle,C:\Users\maxbe\Downloads\coco\train2017\000000438514.jpg,33,rbf,kernel_herding,direct,False,0.8900739477880489,0.0001105314182867,0.001,0.878253645395241,0.8938174555432971,0.0002191536849143,-0.108622266627562,-3.743507755248136,0.8970692064839297,0.8970692064839297,3,motorcycle,0.8970692064839297,9,traffic light,traffic light,False,0.0001105314182867,9,-0.00010862226662756199,0.00011053141828673801
3,motorcycle,C:\Users\maxbe\Downloads\coco\train2017\000000020962.jpg,34,rbf,kernel_herding,direct,False,0.8901791643490107,0.0001052165609617,0.001,0.878253645395241,0.8939818966537797,0.0001644411104826,-0.0592245495209167,-3.802732304769053,0.9424951085677518,0.9424951085677518,3,motorcycle,0.9424951085677518,0,person,person|bicycle|bottle,False,0.0001052165609616,9,-5.92245495209167e-05,0.00010521656096168329
3,motorcycle,C:\Users\maxbe\Downloads\coco\train2017\000000141251.jpg,35,rbf,kernel_herding,direct,False,0.8902764206690404,9.725632002977048e-05,0.001,0.878253645395241,0.8941976315197112,0.0002157348659315,-0.1184785459017312,-3.921210850670784,0.888270872501968,0.888270872501968,3,motorcycle,0.888270872501968,17,horse,person|bicycle|car|motorcycle|bus|traffic light|horse|backpack|handbag,True,9.725632002976882e-05,9,-0.0001184785459017312,9.725632002976882e-05
3,motorcycle,C:\Users\maxbe\Downloads\coco\train2017\000000083580.jpg,36,rbf,kernel_herding,direct,False,0.8903704909144685,9.40702454280684e-05,0.001,0.878253645395241,0.8943805732411315,0.0001829417214203,-0.0888714759921743,-4.010082326662958,0.914963160749335,0.914963160749335,3,motorcycle,0.914963160749335,7,truck,person|bicycle|car|truck|surfboard,False,9.407024542812572e-05,9,-8.88714759921743e-05,9.407024542812571e-05
3,motorcycle,C:\Users\maxbe\Downloads\coco\train2017\000000414984.jpg,37,rbf,kernel_herding,direct,False,0.8904499206311346,7.942971666607956e-05,0.001,0.878253645395241,0.8945670048575849,0.0001864316164533,-0.1070018997873313,-4.117084226450289,0.8985239659832366,0.8985239659832366,3,motorcycle,0.8985239659832366,7,truck,truck,False,7.94297166659687e-05,9,-0.0001070018997873313,7.94297166659687e-05
3,motorcycle,C:\Users\maxbe\Downloads\coco\train2017\000000249309.jpg,38,rbf,kernel_herding,direct,False,0.8905203163114386,7.039568030398069e-05,0.001,0.878253645395241,0.8947671833133513,0.0002001784557663,-0.1297827754623739,-4.246867001912663,0.8782861955121597,0.8782861955121597,3,motorcycle,0.8782861955121597,2,car,car|traffic light,False,7.039568030392607e-05,9,-0.00012978277546237392,7.039568030392607e-05
3,motorcycle,C:\Users\maxbe\Downloads\coco\train2017\000000439896.jpg,39,rbf,kernel_herding,direct,False,0.8905851159212383,6.479960979977051e-05,0.001,0.878253645395241,0.8949179433277799,0.0001507600144285,-0.0859604046288633,-4.332827406541527,0.9176305644225976,0.9176305644225976,3,motorcycle,0.9176305644225976,0,person,person|motorcycle|handbag|book,True,6.47996097996367e-05,9,-8.59604046288633e-05,6.47996097996367e-05
3,motorcycle,C:\Users\maxbe\Downloads\coco\train2017\000000344592.jpg,40,rbf,kernel_herding,direct,False,0.8906419832774002,5.6867356161838245e-05,0.001,0.878253645395241,0.8950035274619681,8.558413418824351e-05,-0.0287167780264038,-4.36154418456793,0.9716916299184668,0.9716916299184668,3,motorcycle,0.9716916299184668,3,motorcycle,person|motorcycle,True,5.686735616183971e-05,9,-2.87167780264038e-05,5.686735616183971e-05
3,motorcycle,C:\Users\maxbe\Downloads\coco\train2017\000000525075.jpg,41,rbf,kernel_herding,direct,False,0.8906950914236159,5.310814621573012e-05,0.001,0.878253645395241,0.8951988574333508,0.0001953299713827,-0.142221825166939,-4.5037660097348695,0.8674288175995373,0.8674288175995373,3,motorcycle,0.8674288175995373,70,toaster,person|bus|handbag|toaster,False,5.3108146215761e-05,9,-0.000142221825166939,5.3108146215760996e-05
3,motorcycle,C:\Users\maxbe\Downloads\coco\train2017\000000147192.jpg,42,rbf,kernel_herding,direct,False,0.8907392297347116,4.413831109573163e-05,0.001,0.878253645395241,0.8953424003390623,0.0001435429057115,-0.0994045946157614,-4.603170604350631,0.9053763235232128,0.9053763235232128,3,motorcycle,0.9053763235232128,7,truck,person|bicycle|car|motorcycle|truck|fire hydrant|stop sign|backpack,True,4.41383110957386e-05,9,-9.94045946157614e-05,4.4138311095738596e-05
3,motorcycle,C:\Users\maxbe\Downloads\coco\train2017\000000426408.jpg,43,rbf,kernel_herding,direct,False,0.8907759026686624,3.667293395070992e-05,0.001,0.878253645395241,0.8954983990325177,0.0001559986934553,-0.1193257595046773,-4.722496363855309,0.8875186360331616,0.8875186360331616,3,motorcycle,0.8875186360331616,3,motorcycle,person|bicycle|motorcycle|tie,True,3.667293395062271e-05,9,-0.0001193257595046773,3.667293395062271e-05
3,motorcycle,C:\Users\maxbe\Downloads\coco\train2017\000000414027.jpg,44,rbf,kernel_herding,direct,False,0.890808681586457,3.277891779462916e-05,0.001,0.878253645395241,0.895535015502658,3.661647014030489e-05,-0.0038375523457612,-4.72633391620107,0.9961698016471222,0.9961698016471222,3,motorcycle,0.9961698016471222,3,motorcycle,motorcycle,True,3.277891779454369e-05,9,-3.8375523457612e-06,3.277891779454369e-05
3,motorcycle,C:\Users\maxbe\Downloads\coco\train2017\000000398017.jpg,45,rbf,kernel_herding,direct,False,0.8908232033020942,1.4521715637205723e-05,0.001,0.878253645395241,0.8957006297235737,0.0001656142209156,-0.1510925052783746,-4.877426421479445,0.8597681618863235,0.8597681618863235,3,motorcycle,0.8597681618863235,36,skateboard,person|skateboard,False,1.4521715637225429e-05,9,-0.00015109250527837458,1.4521715637225429e-05
3,motorcycle,C:\Users\maxbe\Downloads\coco\train2017\000000092131.jpg,46,rbf,kernel_herding,direct,False,0.8908347411396911,1.1537837596886646e-05,0.001,0.878253645395241,0.8957663955728362,6.576584926254458e-05,-0.0542280116656495,-4.931654433145095,0.9472161055544086,0.9472161055544086,3,motorcycle,0.9472161055544086,5,bus,person|bus|handbag,False,1.1537837596895085e-05,9,-5.42280116656495e-05,1.1537837596895083e-05
3,motorcycle,C:\Users\maxbe\Downloads\coco\train2017\000000003830.jpg,47,rbf,kernel_herding,direct,False,0.8908334005353076,-1.3406043835040291e-06,0.001,0.878253645395241,0.8958302761261596,6.388055332340326e-05,-0.0652211577068949,-4.99687559085199,0.9368602465996352,0.9368602465996352,3,motorcycle,0.9368602465996352,2,car,person|bicycle|car|traffic light,False,-1.340604383491656e-06,9,-6.522115770689491e-05,-1.3406043834916559e-06
3,motorcycle,C:\Users\maxbe\Downloads\coco\train2017\000000456949.jpg,48,rbf,kernel_herding,direct,False,0.89082698184664,-6.418688667575445e-06,0.001,0.878253645395241,0.8959601138151982,0.0001298376890386,-0.1362563777062654,-5.133131968558256,0.8726188837789871,0.8726188837789871,3,motorcycle,0.8726188837789871,2,car,person|car|truck|stop sign|surfboard,False,-6.418688667665407e-06,9,-0.0001362563777062654,-6.418688667665407e-06
3,motorcycle,C:\Users\maxbe\Downloads\coco\train2017\000000053696.jpg,49,rbf,kernel_herding,direct,False,0.8908166591446168,-1.0322702023168873e-05,0.001,0.878253645395241,0.8959839369508052,2.3823135607004e-05,-0.034145837630198,-5.167277806188453,0.966430552417172,0.966430552417172,3,motorcycle,0.966430552417172,3,motorcycle,motorcycle,True,-1.0322702023194002e-05,9,-3.4145837630198004e-05,-1.0322702023194002e-05
3,motorcycle,C:\Users\maxbe\Downloads\coco\train2017\000000417400.jpg,50,rbf,kernel_herding,direct,False,0.8908052809904204,-1.1378154196384216e-05,0.001,0.878253645395241,0.8960237632188283,3.9826268023013256e-05,-0.051204422219317,-5.21848222840777,0.9500844323106076,0.9500844323106076,3,motorcycle,0.9500844323106076,3,motorcycle,person|car|motorcycle,True,-1.1378154196303748e-05,9,-5.1204422219317004e-05,-1.1378154196303748e-05
3,motorcycle,C:\Users\maxbe\Downloads\coco\train2017\000000218106.jpg,51,rbf,kernel_herding,direct,False,0.8907836286661776,-2.1652324242893428e-05,0.001,0.878253645395241,0.8960066688299438,-1.7094388884419942e-05,-0.0045579353585404,-5.22304016376631,0.9954524362641124,0.9954524362641124,3,motorcycle,0.9954524362641124,5,bus,person|car|motorcycle|bus|truck|traffic light|handbag,True,-2.1652324242960344e-05,9,-4.557935358540401e-06,-2.1652324242960344e-05
3,motorcycle,C:\Users\maxbe\Downloads\coco\train2017\000000051342.jpg,52,rbf,kernel_herding,direct,False,0.8907609130221017,-2.271564407585469e-05,0.001,0.878253645395241,0.8960210408856839,1.437205574006395e-05,-0.0370876998159324,-5.260127863582243,0.9635916248341972,0.9635916248341972,3,motorcycle,0.9635916248341972,1,bicycle,person|bicycle|traffic light|fire hydrant|backpack|umbrella|cell phone,False,-2.2715644075868453e-05,9,-3.70876998159324e-05,-2.2715644075868453e-05
3,motorcycle,C:\Users\maxbe\Downloads\coco\train2017\000000302236.jpg,53,rbf,kernel_herding,direct,False,0.8907348043586958,-2.610866340591045e-05,0.001,0.878253645395241,0.8960873574402562,6.63165545723432e-05,-0.0924252179781777,-5.352553081560421,0.911717388483845,0.911717388483845,3,motorcycle,0.911717388483845,0,person,person|motorcycle,True,-2.61086634058345e-05,9,-9.24252179781777e-05,-2.61086634058345e-05
3,motorcycle,C:\Users\maxbe\Downloads\coco\train2017\000000339547.jpg,54,rbf,kernel_herding,direct,False,0.8907006247840786,-3.4179574617154707e-05,0.001,0.878253645395241,0.8961171292451663,2.977180491003928e-05,-0.0639513795272039,-5.416504461087625,0.9380506068850084,0.9380506068850084,3,motorcycle,0.9380506068850084,7,truck,person|bicycle|car|truck|traffic light|umbrella,False,-3.4179574617164613e-05,9,-6.395137952720389e-05,-3.4179574617164613e-05
3,motorcycle,C:\Users\maxbe\Downloads\coco\train2017\000000533827.jpg,55,rbf,kernel_herding,direct,False,0.8906625566159422,-3.806816813645142e-05,0.001,0.878253645395241,0.896179857906757,6.272866159073853e-05,-0.1007968297271877,-5.517301290814812,0.9041167038633692,0.9041167038633692,3,motorcycle,0.9041167038633692,2,car,person|car|traffic light,False,-3.806816813644917e-05,9,-0.0001007968297271877,-3.806816813644917e-05
3,motorcycle,C:\Users\maxbe\Downloads\coco\train2017\000000038838.jpg,56,rbf,kernel_herding,direct,False,0.890620734371012,-4.182224493021192e-05,0.001,0.878253645395241,0.8963584033366115,0.0001785454298545,-0.220367674784809,-5.737668965599621,0.8022237862726355,0.8022237862726355,3,motorcycle,0.8022237862726355,2,car,person|car|traffic light|clock,False,-4.1822244930309006e-05,9,-0.00022036767478480902,-4.1822244930309006e-05
3,motorcycle,C:\Users\maxbe\Downloads\coco\train2017\000000350694.jpg,57,rbf,kernel_herding,direct,False,0.8905743771430323,-4.635722797963204e-05,0.001,0.878253645395241,0.8965261532865216,0.00016774994991,-0.214107177889651,-5.951776143489272,0.8072618597624418,0.8072618597624418,3,motorcycle,0.8072618597624418,25,umbrella,person|boat|umbrella,False,-4.6357227979651017e-05,9,-0.000214107177889651,-4.6357227979651017e-05
3,motorcycle,C:\Users\maxbe\Downloads\coco\train2017\000000209842.jpg,58,rbf,kernel_herding,direct,False,0.8905242154487616,-5.0161694270745016e-05,0.001,0.878253645395241,0.8965865952556127,6.044196909105182e-05,-0.1106036633618079,-6.06237980685108,0.8952935162421677,0.8952935162421677,3,motorcycle,0.8952935162421677,17,horse,person|horse|backpack,False,-5.016169427075608e-05,9,-0.00011060366336180789,-5.0161694270756075e-05
3,motorcycle,C:\Users\maxbe\Downloads\coco\train2017\000000144552.jpg,59,rbf,kernel_herding,direct,False,0.8904715009782485,-5.271447051313771e-05,0.001,0.878253645395241,0.8965452293588334,-4.136589677927738e-05,-0.01134857373387,-6.07372838058495,0.9887155784202084,0.9887155784202084,3,motorcycle,0.9887155784202084,1,bicycle,person|bicycle|backpack|handbag,False,-5.2714470513147375e-05,9,-1.134857373387e-05,-5.2714470513147375e-05
3,motorcycle,C:\Users\maxbe\Downloads\coco\train2017\000000533625.jpg,60,rbf,kernel_herding,direct,False,0.8904160489303243,-5.545204792412051e-05,0.001,0.878253645395241,0.8965999372863942,5.470792756079312e-05,-0.1101599754849647,-6.183888356069915,0.8956908352578383,0.8956908352578383,3,motorcycle,0.8956908352578383,2,car,car,False,-5.545204792417158e-05,9,-0.0001101599754849647,-5.545204792417158e-05
3,motorcycle,C:\Users\maxbe\Downloads\coco\train2017\000000453426.jpg,61,rbf,kernel_herding,direct,False,0.8903583888404244,-5.766008989993576e-05,0.001,0.878253645395241,0.8965513622184653,-4.857506792887989e-05,-0.0090850219710023,-6.192973378040918,0.9909561221474203,0.9909561221474203,3,motorcycle,0.9909561221474203,7,truck,person|bicycle|truck,False,-5.766008989988219e-05,9,-9.0850219710023e-06,-5.766008989988219e-05
3,motorcycle,C:\Users\maxbe\Downloads\coco\train2017\000000011487.jpg,62,rbf,kernel_herding,direct,False,0.8902973142994923,-6.107454093207121e-05,0.001,0.878253645395241,0.8966388090550053,8.744683653993945e-05,-0.1485213774720047,-6.341494755512922,0.8619815799854413,0.8619815799854413,3,motorcycle,0.8619815799854413,0,person,person|umbrella|handbag|potted plant,False,-6.107454093206525e-05,9,-0.0001485213774720047,-6.107454093206525e-05
3,motorcycle,C:\Users\maxbe\Downloads\coco\train2017\000000290137.jpg,63,rbf,kernel_herding,direct,False,0.8902304490422762,-6.686525721610881e-05,0.001,0.878253645395241,0.8967262225935844,8.741353857910639e-05,-0.1542787957952256,-6.495773551308148,0.857033050489171,0.857033050489171,3,motorcycle,0.857033050489171,12,parking meter,car|parking meter,False,-6.686525721611922e-05,9,-0.0001542787957952256,-6.686525721611922e-05
3,motorcycle,C:\Users\maxbe\Downloads\coco\train2017\000000396080.jpg,64,rbf,kernel_herding,direct,False,0.8901602893597982,-7.015968247803261e-05,0.001,0.878253645395241,0.8967018506257273,-2.437196785709528e-05,-0.0457877146208851,-6.541561265929033,0.955244725155774,0.955244725155774,3,motorcycle,0.955244725155774,2,car,person|car|traffic light|stop sign,False,-7.015968247798038e-05,9,-4.57877146208851e-05,-7.015968247798038e-05
3,motorcycle,C:\Users\maxbe\Downloads\coco\train2017\000000104842.jpg,65,rbf,kernel_herding,direct,False,0.890082124547086,-7.816481271216702e-05,0.001,0.878253645395241,0.896679904230528,-2.194639519925712e-05,-0.0562184175129531,-6.597779683441987,0.9453326361353376,0.9453326361353376,3,motorcycle,0.9453326361353376,36,skateboard,person|skateboard,False,-7.816481271221023e-05,9,-5.621841751295311e-05,-7.816481271221023e-05
3,motorcycle,C:\Users\maxbe\Downloads\coco\train2017\000000042433.jpg,66,rbf,kernel_herding,direct,False,0.8899972810453811,-8.484350170490096e-05,0.001,0.878253645395241,0.8966234526091166,-5.6451621411435227e-05,-0.0283918802934893,-6.626171563735476,0.9720073816168476,0.9720073816168476,3,motorcycle,0.9720073816168476,3,motorcycle,person|motorcycle,True,-8.484350170492453e-05,9,-2.83918802934893e-05,-8.484350170492453e-05
3,motorcycle,C:\Users\maxbe\Downloads\coco\train2017\000000385540.jpg,67,rbf,kernel_herding,direct,False,0.88990900935045,-8.827169493108578e-05,0.001,0.878253645395241,0.8966120261035944,-1.1426505522216246e-05,-0.0768451894088708,-6.703016753144347,0.9260332022567112,0.9260332022567112,3,motorcycle,0.9260332022567112,17,horse,person|car|horse,False,-8.827169493108705e-05,9,-7.68451894088708e-05,-8.827169493108705e-05
3,motorcycle,C:\Users\maxbe\Downloads\coco\train2017\000000468408.jpg,68,rbf,kernel_herding,direct,False,0.8898191340038534,-8.98753465966573e-05,0.001,0.878253645395241,0.8968254637378805,0.0002134376342861,-0.30331298088282,-7.006329734027167,0.7383679651439647,0.7383679651439647,3,motorcycle,0.7383679651439647,7,truck,person|car|truck,False,-8.987534659671997e-05,9,-0.00030331298088282,-8.987534659671997e-05
3,motorcycle,C:\Users\maxbe\Downloads\coco\train2017\000000020748.jpg,69,rbf,kernel_herding,direct,False,0.8897224365387516,-9.669746510176937e-05,0.001,0.878253645395241,0.8968199846952416,-5.479042638922849e-06,-0.0912184224628,-7.097548156489967,0.91281830909898,0.91281830909898,3,motorcycle,0.91281830909898,3,motorcycle,person|motorcycle|dog,True,-9.669746510172284e-05,9,-9.12184224628e-05,-9.669746510172285e-05
3,motorcycle,C:\Users\maxbe\Downloads\coco\train2017\000000033068.jpg,70,rbf,kernel_herding,direct,False,0.8896253044394331,-9.713209931849764e-05,0.001,0.878253645395241,0.8967627834987302,-5.720119651142497e-05,-0.0399309028070556,-7.137479059297023,0.9608558292982392,0.9608558292982392,3,motorcycle,0.9608558292982392,7,truck,car|truck|traffic light,False,-9.713209931848055e-05,9,-3.99309028070556e-05,-9.713209931848057e-05
3,motorcycle,C:\Users\maxbe\Downloads\coco\train2017\000000393583.jpg,71,rbf,kernel_herding,direct,False,0.8895210417251761,-0.000104262714257,0.001,0.878253645395241,0.8967406098830739,-2.2173615656262413e-05,-0.0820890986007846,-7.219568157897807,0.9211898783095648,0.9211898783095648,3,motorcycle,0.9211898783095648,11,stop sign,stop sign,False,-0.000104262714257,9,-8.208909860078461e-05,-0.00010426271425704702
3,motorcycle,C:\Users\maxbe\Downloads\coco\train2017\000000301916.jpg,72,rbf,kernel_herding,direct,False,0.8894166058197012,-0.0001044359054749,0.001,0.878253645395241,0.8966704444325044,-7.016545056948154e-05,-0.0342704549054162,-7.253838612803224,0.9663101259788052,0.9663101259788052,3,motorcycle,0.9663101259788052,1,bicycle,person|bicycle|handbag|sports ball|baseball bat|baseball glove|potted plant,False,-0.0001044359054748,9,-3.42704549054162e-05,-0.00010443590547489774
3,motorcycle,C:\Users\maxbe\Downloads\coco\train2017\000000247071.jpg,73,rbf,kernel_herding,direct,False,0.8893106936521114,-0.0001059121675898,0.001,0.878253645395241,0.8965675582332061,-0.0001028861992983,-0.0030259682915716,-7.256864581094796,0.9969786053350986,0.9969786053350986,3,motorcycle,0.9969786053350986,7,truck,person|car|motorcycle|truck|cow,True,-0.0001059121675898,9,-3.0259682915716e-06,-0.0001059121675898716
3,motorcycle,C:\Users\maxbe\Downloads\coco\train2017\000000149331.jpg,74,rbf,kernel_herding,direct,False,0.8892042149687389,-0.0001064786833724,0.001,0.878253645395241,0.8965855521164658,1.7993883259737053e-05,-0.1244725666321819,-7.381337147726978,0.882962483667721,0.882962483667721,3,motorcycle,0.882962483667721,7,truck,car|truck|boat,False,-0.0001064786833724,9,-0.0001244725666321819,-0.00010647868337244483
3,motorcycle,C:\Users\maxbe\Downloads\coco\train2017\000000517176.jpg,75,rbf,kernel_herding,direct,False,0.8890931242388033,-0.0001110907299356,0.001,0.878253645395241,0.8966048708071319,1.931869066607028e-05,-0.1304094206016521,-7.51174656832863,0.877735994145357,0.877735994145357,3,motorcycle,0.877735994145357,2,car,person|car|motorcycle|clock,True,-0.0001110907299355,9,-0.0001304094206016521,-0.00011109072993558181
3,motorcycle,C:\Users\maxbe\Downloads\coco\train2017\000000176542.jpg,76,rbf,kernel_herding,direct,False,0.8889807874900354,-0.0001123367487678,0.001,0.878253645395241,0.8965383537699725,-6.651703715943036e-05,-0.045819711608436,-7.557566279937066,0.9552141606911831,0.9552141606911831,3,motorcycle,0.9552141606911831,20,elephant,person|elephant,False,-0.0001123367487678,9,-4.5819711608436005e-05,-0.00011233674876786636
3,motorcycle,C:\Users\maxbe\Downloads\coco\train2017\000000169331.jpg,77,rbf,kernel_herding,direct,False,0.8888689878115815,-0.0001117996784538,0.001,0.878253645395241,0.8964523072468551,-8.604652311738903e-05,-0.0257531553364706,-7.583319435273537,0.9745756287117844,0.9745756287117844,3,motorcycle,0.9745756287117844,2,car,person|car|parking meter|backpack|handbag,False,-0.0001117996784538,9,-2.57531553364706e-05,-0.00011179967845385963
3,motorcycle,C:\Users\maxbe\Downloads\coco\train2017\000000220843.jpg,78,rbf,kernel_herding,direct,False,0.8887566624749154,-0.0001123253366661,0.001,0.878253645395241,0.8963909194747284,-6.138777212671975e-05,-0.0509375645394837,-7.6342569998130205,0.9503380034700608,0.9503380034700608,3,motorcycle,0.9503380034700608,5,bus,bicycle|motorcycle|bus|truck|bottle,True,-0.0001123253366662,9,-5.09375645394837e-05,-0.00011232533666620345
3,motorcycle,C:\Users\maxbe\Downloads\coco\train2017\000000419978.jpg,79,rbf,kernel_herding,direct,False,0.8886424577743288,-0.0001142047005865,0.001,0.878253645395241,0.8962828907904322,-0.0001080286842961,-0.0061760162903324,-7.640433016103353,0.9938430160956756,0.9938430160956756,3,motorcycle,0.9938430160956756,3,motorcycle,person|car|motorcycle|truck,True,-0.0001142047005864,9,-6.1760162903324e-06,-0.00011420470058643239
3,motorcycle,C:\Users\maxbe\Downloads\coco\train2017\000000297011.jpg,80,rbf,kernel_herding,direct,False,0.8885252798408417,-0.000117177933487,0.001,0.878253645395241,0.896311028463509,2.813767307674464e-05,-0.1453156065638667,-7.78574862266722,0.864749329472968,0.864749329472968,3,motorcycle,0.864749329472968,1,bicycle,person|bicycle|umbrella|handbag,False,-0.0001171779334871,9,-0.00014531560656386668,-0.00011717793348712204
3,motorcycle,C:\Users\maxbe\Downloads\coco\train2017\000000476841.jpg,81,rbf,kernel_herding,direct,False,0.8884049094859341,-0.0001203703549076,0.001,0.878253645395241,0.8962760613506069,-3.496711290207344e-05,-0.0854032420055558,-7.871151864672775,0.9181419763316696,0.9181419763316696,3,motorcycle,0.9181419763316696,2,car,person|bicycle|car|traffic light|handbag,False,-0.0001203703549076,9,-8.54032420055558e-05,-0.00012037035490762923
3,motorcycle,C:\Users\maxbe\Downloads\coco\train2017\000000370417.jpg,82,rbf,kernel_herding,direct,False,0.8882837529516406,-0.0001211565342934,0.001,0.878253645395241,0.8961813905144929,-9.467083611403028e-05,-0.0264856981794318,-7.897637562852207,0.9738619717341156,0.9738619717341156,3,motorcycle,0.9738619717341156,5,bus,car|bus|traffic light,False,-0.0001211565342934,9,-2.64856981794318e-05,-0.00012115653429346208
3,motorcycle,C:\Users\maxbe\Downloads\coco\train2017\000000337552.jpg,83,rbf,kernel_herding,direct,False,0.8881602718534071,-0.0001234810982335,0.001,0.878253645395241,0.8961411324260298,-4.025808846308543e-05,-0.0832230097705393,-7.980860572622746,0.9201459228053428,0.9201459228053428,3,motorcycle,0.9201459228053428,5,bus,person|bus|backpack|umbrella|surfboard|chair|dining table,False,-0.0001234810982336,9,-8.32230097705393e-05,-0.00012348109823362473
3,motorcycle,C:\Users\maxbe\Downloads\coco\train2017\000000172910.jpg,84,rbf,kernel_herding,direct,False,0.8880336363073743,-0.0001266355460327,0.001,0.878253645395241,0.8961569860859135,1.5853659883768856e-05,-0.1424892059165389,-8.123349778539286,0.8671969148366115,0.8671969148366115,3,motorcycle,0.8671969148366115,46,banana,banana,False,-0.0001266355460327,9,-0.0001424892059165389,-0.00012663554603277005
3,motorcycle,C:\Users\maxbe\Downloads\coco\train2017\000000147793.jpg,85,rbf,kernel_herding,direct,False,0.8879019153808957,-0.0001317209264786,0.001,0.878253645395241,0.896059605859939,-9.738022597449714e-05,-0.0343407005040441,-8.15769047904333,0.9662422493295914,0.9662422493295914,3,motorcycle,0.9662422493295914,2,car,person|bicycle|car|motorcycle,True,-0.0001317209264785,9,-3.43407005040441e-05,-0.00013172092647854123
3,motorcycle,C:\Users\maxbe\Downloads\coco\train2017\000000015816.jpg,86,rbf,kernel_herding,direct,False,0.8877713802484088,-0.0001305351324868,0.001,0.878253645395241,0.8959360592764722,-0.0001235465834668,-0.0069885490200121,-8.164679028063341,0.993035814100364,0.993035814100364,3,motorcycle,0.993035814100364,3,motorcycle,person|motorcycle,True,-0.0001305351324868,9,-6.9885490200121e-06,-0.0001305351324868121
3,motorcycle,C:\Users\maxbe\Downloads\coco\train2017\000000489358.jpg,87,rbf,kernel_herding,direct,False,0.8876417478777058,-0.000129632370703,0.001,0.878253645395241,0.8958797845974202,-5.627467905200412e-05,-0.0733576916511048,-8.238036719714446,0.9292683790300496,0.9292683790300496,3,motorcycle,0.9292683790300496,7,truck,car|truck|parking meter,False,-0.0001296323707031,9,-7.33576916511048e-05,-0.0001296323707031089
3,motorcycle,C:\Users\maxbe\Downloads\coco\train2017\000000425540.jpg,88,rbf,kernel_herding,direct,False,0.8875107574885482,-0.0001309903891575,0.001,0.878253645395241,0.8957545740067148,-0.0001252105907054,-0.0057797984520837,-8.243816518166529,0.9942368724483758,0.9942368724483758,3,motorcycle,0.9942368724483758,7,truck,person|car|motorcycle|truck,True,-0.0001309903891574,9,-5.7797984520837004e-06,-0.00013099038915748368
3,motorcycle,C:\Users\maxbe\Downloads\coco\train2017\000000012145.jpg,89,rbf,kernel_herding,direct,False,0.8873757571104846,-0.0001350003780636,0.001,0.878253645395241,0.8959305274486966,0.0001759534419818,-0.3109538200455372,-8.554770338212066,0.7327477133430549,0.7327477133430549,3,motorcycle,0.7327477133430549,2,car,person|car|motorcycle,True,-0.0001350003780637,9,-0.00031095382004553716,-0.00013500037806373716
3,motorcycle,C:\Users\maxbe\Downloads\coco\train2017\000000386722.jpg,90,rbf,kernel_herding,direct,False,0.8872334762713524,-0.0001422808391321,0.001,0.878253645395241,0.8957931058792667,-0.0001374215694298,-0.0048592697022922,-8.559629607914358,0.9951525174476836,0.9951525174476836,3,motorcycle,0.9951525174476836,0,person,person|bicycle|motorcycle,True,-0.000142280839132,9,-4.859269702292201e-06,-0.0001422808391320922
3,motorcycle,C:\Users\maxbe\Downloads\coco\train2017\000000045059.jpg,91,rbf,kernel_herding,direct,False,0.8870877883536225,-0.0001456879177299,0.001,0.878253645395241,0.8956876622755328,-0.0001054436037339,-0.040244313995991,-8.59987392191035,0.9605547335162412,0.9605547335162412,3,motorcycle,0.9605547335162412,5,bus,person|bicycle|motorcycle|bus|backpack,True,-0.0001456879177298,9,-4.0244313995991e-05,-0.000145687917729891
3,motorcycle,C:\Users\maxbe\Downloads\coco\train2017\000000021269.jpg,92,rbf,kernel_herding,direct,False,0.8869351514464987,-0.0001526369071237,0.001,0.878253645395241,0.895627772614277,-5.9889661255807525e-05,-0.092747245867865,-8.692621167778215,0.9114238373256068,0.9114238373256068,3,motorcycle,0.9114238373256068,2,car,car|truck|stop sign,False,-0.0001526369071236,9,-9.274724586786499e-05,-0.0001526369071236725
3,motorcycle,C:\Users\maxbe\Downloads\coco\train2017\000000546965.jpg,93,rbf,kernel_herding,direct,False,0.8867799045345929,-0.0001552469119058,0.001,0.878253645395241,0.8955311737293304,-9.659888494650826e-05,-0.0586480269593829,-8.751269194737597,0.943038634924526,0.943038634924526,3,motorcycle,0.943038634924526,7,truck,person|car|truck,False,-0.0001552469119058,9,-5.86480269593829e-05,-0.00015524691190589116
3,motorcycle,C:\Users\maxbe\Downloads\coco\train2017\000000145700.jpg,94,rbf,kernel_herding,direct,False,0.8866257962123512,-0.0001541083222417,0.001,0.878253645395241,0.8954087891974559,-0.0001223845318745,-0.0317237903671284,-8.782992985104725,0.9687741298736056,0.9687741298736056,3,motorcycle,0.9687741298736056,9,traffic light,traffic light,False,-0.0001541083222416,9,-3.17237903671284e-05,-0.0001541083222416284
3,motorcycle,C:\Users\maxbe\Downloads\coco\train2017\000000010434.jpg,95,rbf,kernel_herding,direct,False,0.886471879708917,-0.0001539165034341,0.001,0.878253645395241,0.8952612206985417,-0.0001475684989141,-0.0063480045200245,-8.78934098962475,0.9936721014928166,0.9936721014928166,3,motorcycle,0.9936721014928166,2,car,person|car|traffic light|skateboard,False,-0.0001539165034341,9,-6.3480045200245e-06,-0.0001539165034341245
3,motorcycle,C:\Users\maxbe\Downloads\coco\train2017\000000377703.jpg,96,rbf,kernel_herding,direct,False,0.8863193976843565,-0.0001524820245605,0.001,0.878253645395241,0.8951099756757671,-0.0001512450227746,-0.001237001785829,-8.79057799141058,0.9987637629845064,0.9987637629845064,3,motorcycle,0.9987637629845064,3,motorcycle,motorcycle,True,-0.0001524820245604,9,-1.237001785829e-06,-0.00015248202456042898
3,motorcycle,C:\Users\maxbe\Downloads\coco\train2017\000000169845.jpg,97,rbf,kernel_herding,direct,False,0.8861619543496702,-0.0001574433346863,0.001,0.878253645395241,0.8952621394416331,0.000152163765866,-0.3096071005524328,-9.100185091963011,0.733735183745719,0.733735183745719,3,motorcycle,0.733735183745719,74,clock,clock,False,-0.0001574433346864,9,-0.0003096071005524328,-0.0001574433346864328
3,motorcycle,C:\Users\maxbe\Downloads\coco\train2017\000000004130.jpg,98,rbf,kernel_herding,direct,False,0.8860034350918218,-0.0001585192578483,0.001,0.878253645395241,0.8952854646147925,2.33251731593942e-05,-0.1818444310077471,-9.28202952297076,0.8337310330230171,0.8337310330230171,3,motorcycle,0.8337310330230171,5,bus,person|car|bus|truck|traffic light,False,-0.0001585192578483,9,-0.00018184443100774711,-0.00015851925784835292
3,motorcycle,C:\Users\maxbe\Downloads\coco\train2017\000000182734.jpg,99,rbf,kernel_herding,direct,False,0.8858418766599828,-0.0001615584318389,0.001,0.878253645395241,0.8951298115882081,-0.0001556530265843,-0.0059054052545692,-9.28793492822533,0.9941119973766576,0.9941119973766576,3,motorcycle,0.9941119973766576,3,motorcycle,person|motorcycle,True,-0.0001615584318388,9,-5.9054052545692e-06,-0.0001615584318388692
3,motorcycle,C:\Users\maxbe\Downloads\coco\train2017\000000268539.jpg,100,rbf,kernel_herding,direct,False,0.8856665637900873,-0.0001753128698954,0.001,0.878253645395241,0.8949674549473257,-0.0001623566408824,-0.0129562290130368,-9.300891157238366,0.9871273416116838,0.9871273416116838,3,motorcycle,0.9871273416116838,3,motorcycle,person|motorcycle|skateboard,True,-0.0001753128698954,9,-1.29562290130368e-05,-0.0001753128698954368
16,dog,C:\Users\maxbe\Downloads\coco\train2017\000000342649.jpg,1,rbf,kernel_herding,direct,False,0.931447541851469,0.0002992217982527,0.001,0.9311483082568034,0.931527096485968,0.0003787764327517,-0.0795546344990317,-0.0795546344990317,0.9235275621235508,0.9235275621235508,16,dog,0.9235275621235508,13,bench,bench|bird,False,0.0002992217982526,9,-7.95546344990317e-05,0.0002992217982526683
16,dog,C:\Users\maxbe\Downloads\coco\train2017\000000289716.jpg,2,rbf,kernel_herding,direct,False,0.9316661077743816,0.0002185659229125,0.001,0.9311483082568034,0.9317646378690946,0.0002375413831264,-0.0189754602139514,-0.0985300947129831,0.9812034404688668,0.9812034404688668,16,dog,0.9812034404688668,16,dog,dog|frisbee,True,0.0002185659229124,9,-1.89754602139514e-05,0.0002185659229124486
16,dog,C:\Users\maxbe\Downloads\coco\train2017\000000322398.jpg,3,rbf,kernel_herding,direct,False,0.9318132665001272,0.0001471587257456,0.001,0.9311483082568034,0.9319197310530316,0.000155093183937,-0.0079344581913449,-0.106464552904328,0.9920969365327992,0.9920969365327992,16,dog,0.9920969365327992,16,dog,dog,True,0.0001471587257456,9,-7.9344581913449e-06,0.00014715872574565508
16,dog,C:\Users\maxbe\Downloads\coco\train2017\000000005259.jpg,4,rbf,kernel_herding,direct,False,0.931942523784418,0.0001292572842908,0.001,0.9311483082568034,0.932086110555195,0.0001663795021633,-0.0371222178725827,-0.1435867707769108,0.9635583640979548,0.9635583640979548,16,dog,0.9635583640979548,14,bird,bird,False,0.0001292572842907,9,-3.71222178725827e-05,0.0001292572842907173
16,dog,C:\Users\maxbe\Downloads\coco\train2017\000000458424.jpg,5,rbf,kernel_herding,direct,False,0.9320490665416272,0.0001065427572091,0.001,0.9311483082568034,0.9322207982386064,0.0001346876834112,-0.02814492620208,-0.1717316969789908,0.9722474524586364,0.9722474524586364,16,dog,0.9722474524586364,16,dog,car|dog,True,0.0001065427572091,9,-2.814492620208e-05,0.00010654275720912
16,dog,C:\Users\maxbe\Downloads\coco\train2017\000000081081.jpg,6,rbf,kernel_herding,direct,False,0.93215029304101,0.0001012264993827,0.001,0.9311483082568034,0.9323331950029744,0.0001123967643682,-0.0111702649855315,-0.1829019619645224,0.98889189077601,0.98889189077601,16,dog,0.98889189077601,21,bear,bear,False,0.0001012264993826,9,-1.11702649855315e-05,0.0001012264993826685
16,dog,C:\Users\maxbe\Downloads\coco\train2017\000000202186.jpg,7,rbf,kernel_herding,direct,False,0.932248153647116,9.78606061060594e-05,0.001,0.9311483082568034,0.9324833415937586,0.000150146590784,-0.0522859846780397,-0.2351879466425621,0.9490574121493432,0.9490574121493432,16,dog,0.9490574121493432,28,suitcase,dog|suitcase|bed,True,9.786060610596028e-05,9,-5.22859846780397e-05,9.786060610596029e-05
16,dog,C:\Users\maxbe\Downloads\coco\train2017\000000397587.jpg,8,rbf,kernel_herding,direct,False,0.932310907533993,6.275388687704275e-05,0.001,0.9311483082568034,0.932630083432102,0.0001467418383432,-0.0839879514662819,-0.3191758981088441,0.919442333959351,0.919442333959351,16,dog,0.919442333959351,0,person,person|tie|wine glass,False,6.27538868769181e-05,9,-8.39879514662819e-05,6.27538868769181e-05
16,dog,C:\Users\maxbe\Downloads\coco\train2017\000000382443.jpg,9,rbf,kernel_herding,direct,False,0.9323659488797368,5.504134574363384e-05,0.001,0.9311483082568034,0.9326925508915191,6.24674594174035e-05,-0.0074261136737014,-0.3266020117825456,0.9926013917791232,0.9926013917791232,16,dog,0.9926013917791232,16,dog,dog|bottle,True,5.5041345743702105e-05,9,-7.4261136737014e-06,5.5041345743702105e-05
16,dog,C:\Users\maxbe\Downloads\coco\train2017\000000068117.jpg,10,rbf,kernel_herding,direct,False,0.9324037804331936,3.783155345704614e-05,0.001,0.9311483082568034,0.9328582862052608,0.0001657353137414,-0.1279037602844049,-0.4545057720669505,0.8799380600573863,0.8799380600573863,16,dog,0.8799380600573863,8,boat,boat,False,3.78315534569951e-05,9,-0.0001279037602844049,3.78315534569951e-05
16,dog,C:\Users\maxbe\Downloads\coco\train2017\000000005326.jpg,11,rbf,kernel_herding,direct,False,0.9324369792047916,3.319877159779772e-05,0.001,0.9311483082568034,0.9329069520822776,4.866587701690683e-05,-0.0154671054190692,-0.4699728774860197,0.9846518959294952,0.9846518959294952,16,dog,0.9846518959294952,57,couch,dog|couch,True,3.3198771597837635e-05,9,-1.54671054190692e-05,3.3198771597837635e-05
16,dog,C:\Users\maxbe\Downloads\coco\train2017\000000278135.jpg,12,rbf,kernel_herding,direct,False,0.9324648919993316,2.791279454006368e-05,0.001,0.9311483082568034,0.9330385840689168,0.0001316319866391,-0.1037191920991229,-0.5736920695851427,0.901478404139711,0.901478404139711,16,dog,0.901478404139711,0,person,person|bird,False,2.7912794539977105e-05,9,-0.0001037191920991229,2.7912794539977105e-05
16,dog,C:\Users\maxbe\Downloads\coco\train2017\000000393686.jpg,13,rbf,kernel_herding,direct,False,0.9324670553371276,2.163337796012854e-06,0.001,0.9311483082568034,0.9331745111551676,0.0001359270862508,-0.1337637484548679,-0.7074558180400107,0.8747967122659075,0.8747967122659075,16,dog,0.8747967122659075,19,cow,cow,False,2.163337795932081e-06,9,-0.00013376374845486792,2.163337795932081e-06
16,dog,C:\Users\maxbe\Downloads\coco\train2017\000000185683.jpg,14,rbf,kernel_herding,direct,False,0.9324628484551094,-4.206882018187308e-06,0.001,0.9311483082568034,0.9333762672405042,0.0002017560853365,-0.2059629673547689,-0.9134187853947796,0.8138632152315711,0.8138632152315711,16,dog,0.8138632152315711,8,boat,boat|bird,False,-4.206882018268894e-06,9,-0.0002059629673547689,-4.206882018268894e-06
16,dog,C:\Users\maxbe\Downloads\coco\train2017\000000318184.jpg,15,rbf,kernel_herding,direct,False,0.9324425813664948,-2.0267088614578377e-05,0.001,0.9311483082568034,0.9334205652031428,4.429796263871744e-05,-0.0645650512532219,-0.9779838366480016,0.9374751283455028,0.9374751283455028,16,dog,0.9374751283455028,17,horse,person|horse,False,-2.026708861450445e-05,9,-6.45650512532219e-05,-2.0267088614504455e-05
16,dog,C:\Users\maxbe\Downloads\coco\train2017\000000253219.jpg,16,rbf,kernel_herding,direct,False,0.9324140368085488,-2.854455794609745e-05,0.001,0.9311483082568034,0.9334546785034782,3.4113300335314456e-05,-0.0626578582814642,-1.0406416949294657,0.9392647803849076,0.9392647803849076,16,dog,0.9392647803849076,62,tv,cat|tv|book,False,-2.8544557946149748e-05,9,-6.26578582814642e-05,-2.8544557946149748e-05
16,dog,C:\Users\maxbe\Downloads\coco\train2017\000000504158.jpg,17,rbf,kernel_herding,direct,False,0.9323773071599304,-3.672964861833883e-05,0.001,0.9311483082568034,0.933436173154266,-1.850534921210567e-05,-0.0182242994062774,-1.058865994335743,0.9819407589253974,0.9819407589253974,16,dog,0.9819407589253974,21,bear,cat|dog|bear,True,-3.672964861838307e-05,9,-1.82242994062774e-05,-3.672964861838307e-05
16,dog,C:\Users\maxbe\Downloads\coco\train2017\000000397786.jpg,18,rbf,kernel_herding,direct,False,0.932339276982898,-3.803017703241096e-05,0.001,0.9311483082568034,0.9334079778655748,-2.819528869135724e-05,-0.0098348883409488,-1.068700882676692,0.9902133160148044,0.9902133160148044,16,dog,0.9902133160148044,8,boat,person|boat|bench,False,-3.803017703230604e-05,9,-9.8348883409488e-06,-3.803017703230604e-05
16,dog,C:\Users\maxbe\Downloads\coco\train2017\000000391976.jpg,19,rbf,kernel_herding,direct,False,0.9322909907292346,-4.828625366337658e-05,0.001,0.9311483082568034,0.933362967673287,-4.501019228775327e-05,-0.0032760613756448,-1.0719769440523368,0.9967292990571226,0.9967292990571226,16,dog,0.9967292990571226,71,sink,person|dog|bottle|bowl|potted plant|sink|refrigerator,True,-4.828625366339807e-05,9,-3.2760613756448e-06,-4.828625366339807e-05
16,dog,C:\Users\maxbe\Downloads\coco\train2017\000000212893.jpg,20,rbf,kernel_herding,direct,False,0.9322429749130604,-4.801581617408512e-05,0.001,0.9311483082568034,0.9333294611305624,-3.350654272460396e-05,-0.0145092734495291,-1.086486217501866,0.9855954788190742,0.9855954788190742,16,dog,0.9855954788190742,57,couch,person|dog|frisbee|couch,True,-4.801581617413306e-05,9,-1.4509273449529099e-05,-4.801581617413306e-05
16,dog,C:\Users\maxbe\Downloads\coco\train2017\000000399769.jpg,21,rbf,kernel_herding,direct,False,0.9321898139340116,-5.316097904894957e-05,0.001,0.9311483082568034,0.9332943654165132,-3.509571404924916e-05,-0.0180652649996783,-1.1045514825015443,0.9820969337095616,0.9820969337095616,16,dog,0.9820969337095616,16,dog,cat|dog,True,-5.316097904892746e-05,9,-1.80652649996783e-05,-5.316097904892746e-05
16,dog,C:\Users\maxbe\Downloads\coco\train2017\000000361920.jpg,22,rbf,kernel_herding,direct,False,0.932131562511628,-5.825142238369274e-05,0.001,0.9311483082568034,0.9333834319960204,8.906657950735752e-05,-0.1473180018910792,-1.2518694843926237,0.8630194919437064,0.8630194919437064,16,dog,0.8630194919437064,0,person,person|fire hydrant,False,-5.825142238372166e-05,9,-0.00014731800189107919,-5.825142238372166e-05
16,dog,C:\Users\maxbe\Downloads\coco\train2017\000000559053.jpg,23,rbf,kernel_herding,direct,False,0.932072732318182,-5.883019344576912e-05,0.001,0.9311483082568034,0.9333312441599818,-5.218783603866406e-05,-0.006642357407081,-1.2585118417997043,0.993379654284406,0.993379654284406,16,dog,0.993379654284406,16,dog,dog|sports ball,True,-5.8830193445745056e-05,9,-6.6423574070809995e-06,-5.8830193445745056e-05
16,dog,C:\Users\maxbe\Downloads\coco\train2017\000000578237.jpg,24,rbf,kernel_herding,direct,False,0.932008586082512,-6.414623566997069e-05,0.001,0.9311483082568034,0.9333884443192314,5.7200159249592986e-05,-0.1213463949195857,-1.3798582367192902,0.8857270950809144,0.8857270950809144,16,dog,0.8857270950809144,0,person,person|wine glass,False,-6.414623566999271e-05,9,-0.0001213463949195857,-6.414623566999271e-05
16,dog,C:\Users\maxbe\Downloads\coco\train2017\000000505978.jpg,25,rbf,kernel_herding,direct,False,0.931937415737895,-7.11703446171219e-05,0.001,0.9311483082568034,0.933326170765896,-6.227355333554563e-05,-0.0088967912815247,-1.388755028000815,0.9911426680578164,0.9911426680578164,16,dog,0.9911426680578164,16,dog,dog|frisbee,True,-7.117034461707032e-05,9,-8.896791281524701e-06,-7.117034461707032e-05
16,dog,C:\Users\maxbe\Downloads\coco\train2017\000000357317.jpg,26,rbf,kernel_herding,direct,False,0.9318587999896376,-7.86157482575156e-05,0.001,0.9311483082568034,0.933382895196573,5.672443067716859e-05,-0.1353401789346584,-1.5240952069354734,0.873418742487219,0.873418742487219,16,dog,0.873418742487219,0,person,person|handbag|tie,False,-7.861574825748983e-05,9,-0.00013534017893465842,-7.861574825748983e-05
16,dog,C:\Users\maxbe\Downloads\coco\train2017\000000144289.jpg,27,rbf,kernel_herding,direct,False,0.931775965309716,-8.283467992142857e-05,0.001,0.9311483082568034,0.93339798772064,1.5092524067061852e-05,-0.0979272039885555,-1.6220224109240289,0.9067149065792368,0.9067149065792368,16,dog,0.9067149065792368,14,bird,person|bird|sports ball,False,-8.283467992149366e-05,9,-9.792720398855551e-05,-8.283467992149366e-05
16,dog,C:\Users\maxbe\Downloads\coco\train2017\000000173754.jpg,28,rbf,kernel_herding,direct,False,0.9316873357620952,-8.86295476208998e-05,0.001,0.9311483082568034,0.933497266675386,9.927895474604044e-05,-0.1879085023669751,-1.809930913291004,0.8286905269846931,0.8286905269846931,16,dog,0.8286905269846931,0,person,person,False,-8.862954762093465e-05,9,-0.0001879085023669751,-8.862954762093465e-05
16,dog,C:\Users\maxbe\Downloads\coco\train2017\000000422591.jpg,29,rbf,kernel_herding,direct,False,0.9315978954508044,-8.944031129087815e-05,0.001,0.9311483082568034,0.933408966763286,-8.829991210013155e-05,-0.001140399190742,-1.811071312481746,0.998860250816302,0.998860250816302,16,dog,0.998860250816302,0,person,person|dog|bed,True,-8.944031129087356e-05,9,-1.140399190742e-06,-8.944031129087356e-05
16,dog,C:\Users\maxbe\Downloads\coco\train2017\000000565755.jpg,30,rbf,kernel_herding,direct,False,0.9315066412946542,-9.125415615007793e-05,0.001,0.9311483082568034,0.9334580483646734,4.908160138739071e-05,-0.1403357575374108,-1.9514070700191568,0.8690663908148115,0.8690663908148115,16,dog,0.8690663908148115,14,bird,bird,False,-9.125415615002008e-05,9,-0.0001403357575374108,-9.125415615002008e-05
16,dog,C:\Users\maxbe\Downloads\coco\train2017\000000315824.jpg,31,rbf,kernel_herding,direct,False,0.9314118015932026,-9.483970145163224e-05,0.001,0.9311483082568034,0.9334364161988152,-2.1632165858265218e-05,-0.0732075355933874,-2.024614605612544,0.9294079247829642,0.9294079247829642,16,dog,0.9294079247829642,21,bear,bear,False,-9.48397014516526e-05,9,-7.32075355933874e-05,-9.483970145165261e-05
16,dog,C:\Users\maxbe\Downloads\coco\train2017\000000044776.jpg,32,rbf,kernel_herding,direct,False,0.9313151769883636,-9.66246048389463e-05,0.001,0.9311483082568034,0.9333496788189436,-8.673737987163754e-05,-0.0098872249672803,-2.0345018305798246,0.9901614929466298,0.9901614929466298,16,dog,0.9901614929466298,16,dog,dog|bed,True,-9.662460483891784e-05,9,-9.887224967280299e-06,-9.662460483891784e-05
16,dog,C:\Users\maxbe\Downloads\coco\train2017\000000189330.jpg,33,rbf,kernel_herding,direct,False,0.9312173432301492,-9.78337582143718e-05,0.001,0.9311483082568034,0.9333024568553387,-4.722196360473774e-05,-0.0506117946096128,-2.0851136251894373,0.9506476454480896,0.9506476454480896,16,dog,0.9506476454480896,13,bench,bench,False,-9.783375821435054e-05,9,-5.06117946096128e-05,-9.783375821435054e-05
16,dog,C:\Users\maxbe\Downloads\coco\train2017\000000285275.jpg,34,rbf,kernel_herding,direct,False,0.931115597256634,-0.0001017459735151,0.001,0.9311483082568034,0.9332871052501004,-1.5351605238467236e-05,-0.0863943682767423,-2.17150799346618,0.917232432509092,0.917232432509092,16,dog,0.917232432509092,59,bed,bed,False,-0.0001017459735152,9,-8.63943682767423e-05,-0.00010174597351520954
16,dog,C:\Users\maxbe\Downloads\coco\train2017\000000321491.jpg,35,rbf,kernel_herding,direct,False,0.9310119214138388,-0.0001036758427951,0.001,0.9311483082568034,0.9332956886242366,8.583374136339472e-06,-0.1122592169314644,-2.283767210397644,0.893812536124684,0.893812536124684,16,dog,0.893812536124684,60,dining table,person|giraffe|dining table,False,-0.0001036758427951,9,-0.0001122592169314644,-0.00010367584279512493
16,dog,C:\Users\maxbe\Downloads\coco\train2017\000000143792.jpg,36,rbf,kernel_herding,direct,False,0.9309061206230944,-0.0001058007907444,0.001,0.9311483082568034,0.9332021448517492,-9.35437724873811e-05,-0.0122570182570358,-2.29602422865468,0.9878177930238792,0.9878177930238792,16,dog,0.9878177930238792,16,dog,dog|frisbee,True,-0.0001058007907444,9,-1.2257018257035801e-05,-0.00010580079074441691
16,dog,C:\Users\maxbe\Downloads\coco\train2017\000000286302.jpg,37,rbf,kernel_herding,direct,False,0.9307962785270144,-0.00010984209608,0.001,0.9311483082568034,0.9331040706324192,-9.807421932994664e-05,-0.0117678767501279,-2.307792105404808,0.9883010938993328,0.9883010938993328,16,dog,0.9883010938993328,0,person,person|car|bench|dog|handbag|cell phone|clock,True,-0.00010984209608,9,-1.1767876750127901e-05,-0.00010984209608007454
16,dog,C:\Users\maxbe\Downloads\coco\train2017\000000163761.jpg,38,rbf,kernel_herding,direct,False,0.9306864790916504,-0.0001097994353642,0.001,0.9311483082568034,0.9331527888531528,4.871822073349019e-05,-0.1585176560976772,-2.466309761502485,0.8534078958037465,0.8534078958037465,16,dog,0.8534078958037465,11,stop sign,stop sign,False,-0.0001097994353641,9,-0.00015851765609767722,-0.00010979943536418703
16,dog,C:\Users\maxbe\Downloads\coco\train2017\000000519077.jpg,39,rbf,kernel_herding,direct,False,0.9305747273238985,-0.0001117517677519,0.001,0.9311483082568034,0.9331807778736734,2.7989020520591268e-05,-0.1397407882725907,-2.6060505497750754,0.8695836124566675,0.8695836124566675,16,dog,0.8695836124566675,53,pizza,pizza|book,False,-0.0001117517677519,9,-0.00013974078827259072,-0.00011175176775199945
16,dog,C:\Users\maxbe\Downloads\coco\train2017\000000052938.jpg,40,rbf,kernel_herding,direct,False,0.9304574473412812,-0.0001172799826171,0.001,0.9311483082568034,0.9330857629976608,-9.501487601248916e-05,-0.0222651066046438,-2.628315656379719,0.9779809314760334,0.9779809314760334,16,dog,0.9779809314760334,21,bear,dog|bear,True,-0.0001172799826171,9,-2.22651066046438e-05,-0.00011727998261713296
16,dog,C:\Users\maxbe\Downloads\coco\train2017\000000292647.jpg,41,rbf,kernel_herding,direct,False,0.9303398604086548,-0.0001175869326264,0.001,0.9311483082568034,0.9331020212607694,1.6258263108470672e-05,-0.1338451957348,-2.762160852114519,0.8747254653546728,0.8747254653546728,16,dog,0.8747254653546728,8,boat,person|boat|surfboard,False,-0.0001175869326263,9,-0.0001338451957348,-0.00011758693262632934
16,dog,C:\Users\maxbe\Downloads\coco\train2017\000000406874.jpg,42,rbf,kernel_herding,direct,False,0.9302220970278356,-0.0001177633808191,0.001,0.9311483082568034,0.9329849310445796,-0.0001170902161897,-0.0006731646294344,-2.7628340167439536,0.9993270618940424,0.9993270618940424,16,dog,0.9993270618940424,16,dog,dog|frisbee,True,-0.0001177633808191,9,-6.731646294344e-07,-0.00011776338081913441
16,dog,C:\Users\maxbe\Downloads\coco\train2017\000000148458.jpg,43,rbf,kernel_herding,direct,False,0.930100904375864,-0.0001211926519715,0.001,0.9311483082568034,0.9328664963051806,-0.0001184347393989,-0.0027579125725357,-2.765591929316489,0.997245886973601,0.997245886973601,16,dog,0.997245886973601,14,bird,bird|cat,False,-0.0001211926519714,9,-2.7579125725357e-06,-0.0001211926519714357
16,dog,C:\Users\maxbe\Downloads\coco\train2017\000000170700.jpg,44,rbf,kernel_herding,direct,False,0.9299787547978016,-0.0001221495780626,0.001,0.9311483082568034,0.9329047627649578,3.826645977722532e-05,-0.1604160378398757,-2.926007967156365,0.8517893386414724,0.8517893386414724,16,dog,0.8517893386414724,2,car,person|car|bench|umbrella|bottle|chair|potted plant|dining table,False,-0.0001221495780626,9,-0.0001604160378398757,-0.0001221495780626504
16,dog,C:\Users\maxbe\Downloads\coco\train2017\000000269605.jpg,45,rbf,kernel_herding,direct,False,0.9298546682078952,-0.0001240865899061,0.001,0.9311483082568034,0.9328512013128148,-5.356145214296948e-05,-0.070525137763166,-2.996533104919531,0.9319043132404397,0.9319043132404397,16,dog,0.9319043132404397,0,person,person|tennis racket|chair,False,-0.0001240865899061,9,-7.052513776316601e-05,-0.00012408658990613547
16,dog,C:\Users\maxbe\Downloads\coco\train2017\000000193435.jpg,46,rbf,kernel_herding,direct,False,0.9297262768047134,-0.0001283914031818,0.001,0.9311483082568034,0.9328344721587372,-1.6729154077688158e-05,-0.1116622491042207,-3.108195354023752,0.8943462727482837,0.8943462727482837,16,dog,0.8943462727482837,21,bear,bear,False,-0.0001283914031819,9,-0.0001116622491042207,-0.00012839140318190886
16,dog,C:\Users\maxbe\Downloads\coco\train2017\000000321133.jpg,47,rbf,kernel_herding,direct,False,0.9295970342352046,-0.0001292425695088,0.001,0.9311483082568034,0.9327112668284424,-0.0001232053302947,-0.0060372392140516,-3.114232593237804,0.9939809482944238,0.9939809482944238,16,dog,0.9939809482944238,16,dog,dog,True,-0.0001292425695087,9,-6.0372392140516e-06,-0.0001292425695087516
16,dog,C:\Users\maxbe\Downloads\coco\train2017\000000149005.jpg,48,rbf,kernel_herding,direct,False,0.9294688941069912,-0.0001281401282133,0.001,0.9311483082568034,0.932584282348161,-0.0001269844802813,-0.0011556479320189,-3.1153882411698226,0.9988450195708946,0.9988450195708946,16,dog,0.9988450195708946,16,dog,dog|frisbee,True,-0.0001281401282133,9,-1.1556479320189e-06,-0.0001281401282133189
16,dog,C:\Users\maxbe\Downloads\coco\train2017\000000308760.jpg,49,rbf,kernel_herding,direct,False,0.9293421089814392,-0.0001267851255519,0.001,0.9311483082568034,0.9325176891145336,-6.65932336274544e-05,-0.0601918919245544,-3.175580133094377,0.9415838339123804,0.9415838339123804,16,dog,0.9415838339123804,16,dog,dog|handbag|bowl,True,-0.000126785125552,9,-6.01918919245544e-05,-0.0001267851255520088
16,dog,C:\Users\maxbe\Downloads\coco\train2017\000000578902.jpg,50,rbf,kernel_herding,direct,False,0.9292158851035508,-0.0001262238778885,0.001,0.9311483082568034,0.9324787772667223,-3.891184781112944e-05,-0.0873120300773773,-3.2628921631717542,0.916391109427541,0.916391109427541,16,dog,0.916391109427541,17,horse,horse,False,-0.0001262238778885,9,-8.73120300773773e-05,-0.00012622387788850675
16,dog,C:\Users\maxbe\Downloads\coco\train2017\000000260292.jpg,51,rbf,kernel_herding,direct,False,0.9290884821846144,-0.0001274029189364,0.001,0.9311483082568034,0.9324329145743748,-4.586269234774232e-05,-0.0815402265886822,-3.3444323897604367,0.921695632436047,0.921695632436047,16,dog,0.921695632436047,0,person,person|skis,False,-0.0001274029189364,9,-8.154022658868219e-05,-0.0001274029189364245
16,dog,C:\Users\maxbe\Downloads\coco\train2017\000000137028.jpg,52,rbf,kernel_herding,direct,False,0.9289587304035472,-0.000129751781067,0.001,0.9311483082568034,0.9323129382625944,-0.0001199763117804,-0.0097754692866228,-3.3542078590470594,0.9902721553016932,0.9902721553016932,16,dog,0.9902721553016932,2,car,car|dog|backpack,True,-0.000129751781067,9,-9.7754692866228e-06,-0.0001297517810670228
16,dog,C:\Users\maxbe\Downloads\coco\train2017\000000178431.jpg,53,rbf,kernel_herding,direct,False,0.9288218808983156,-0.0001368495052315,0.001,0.9311483082568034,0.9322433443612288,-6.959390136551669e-05,-0.0672556038660222,-3.421463462913082,0.934956192373938,0.934956192373938,16,dog,0.934956192373938,16,dog,person|car|traffic light|bird|dog,True,-0.0001368495052315,9,-6.72556038660222e-05,-0.00013684950523153887
16,dog,C:\Users\maxbe\Downloads\coco\train2017\000000312509.jpg,54,rbf,kernel_herding,direct,False,0.9286819273810868,-0.000139953517229,0.001,0.9311483082568034,0.9322042663360256,-3.907802520330961e-05,-0.1008754920257756,-3.5223389549388573,0.9040455867624054,0.9040455867624054,16,dog,0.9040455867624054,14,bird,bird,False,-0.000139953517229,9,-0.0001008754920257756,-0.0001399535172290852
16,dog,C:\Users\maxbe\Downloads\coco\train2017\000000021566.jpg,55,rbf,kernel_herding,direct,False,0.928541378052574,-0.0001405493285128,0.001,0.9311483082568034,0.9320642119624644,-0.0001400543735611,-0.0004949549516004,-3.522833909890458,0.999505167517395,0.999505167517395,16,dog,0.999505167517395,16,dog,dog,True,-0.0001405493285127,9,-4.949549516004e-07,-0.0001405493285127004
16,dog,C:\Users\maxbe\Downloads\coco\train2017\000000132760.jpg,56,rbf,kernel_herding,direct,False,0.9284004780355865,-0.0001409000169875,0.001,0.9311483082568034,0.9319683128211732,-9.589914129126688e-05,-0.0450008756963402,-3.5678347855867982,0.9559966446689704,0.9559966446689704,16,dog,0.9559966446689704,0,person,person|car|bus|horse|tie,False,-0.0001409000169876,9,-4.5000875696340205e-05,-0.00014090001698760708
16,dog,C:\Users\maxbe\Downloads\coco\train2017\000000207597.jpg,57,rbf,kernel_herding,direct,False,0.9282577010504726,-0.0001427769851137,0.001,0.9311483082568034,0.9318334938642951,-0.0001348189568779,-0.0079580282358135,-3.575792813822612,0.992073553039464,0.992073553039464,16,dog,0.992073553039464,16,dog,bird|dog|bed,True,-0.0001427769851137,9,-7.9580282358135e-06,-0.0001427769851137135
16,dog,C:\Users\maxbe\Downloads\coco\train2017\000000518255.jpg,58,rbf,kernel_herding,direct,False,0.9281160657363082,-0.0001416353141643,0.001,0.9311483082568034,0.9318258114508096,-7.682413485587958e-06,-0.1339529006787764,-3.709745714501388,0.8746312581708127,0.8746312581708127,16,dog,0.8746312581708127,17,horse,bird|horse,False,-0.0001416353141643,9,-0.00013395290067877641,-0.00014163531416436437
16,dog,C:\Users\maxbe\Downloads\coco\train2017\000000339852.jpg,59,rbf,kernel_herding,direct,False,0.9279734144666038,-0.0001426512697044,0.001,0.9311483082568034,0.9318915598380854,6.574838727579913e-05,-0.2083996569802662,-3.9181453714816543,0.8118824973558249,0.8118824973558249,16,dog,0.8118824973558249,2,car,car|dog,True,-0.0001426512697044,9,-0.0002083996569802662,-0.00014265126970446708
16,dog,C:\Users\maxbe\Downloads\coco\train2017\000000482912.jpg,60,rbf,kernel_herding,direct,False,0.927830105854935,-0.0001433086116687,0.001,0.9311483082568034,0.931775420955794,-0.0001161388822913,-0.0271697293774029,-3.9453151008590575,0.9731960475453568,0.9731960475453568,16,dog,0.9731960475453568,8,boat,boat|dog,True,-0.0001433086116687,9,-2.71697293774029e-05,-0.00014330861166870292
16,dog,C:\Users\maxbe\Downloads\coco\train2017\000000434275.jpg,61,rbf,kernel_herding,direct,False,0.9276852906572004,-0.0001448151977346,0.001,0.9311483082568034,0.931642183383424,-0.00013323757237,-0.011577625364573,-3.9568927262236304,0.9884891374389976,0.9884891374389976,16,dog,0.9884891374389976,63,laptop,dog|couch|laptop,True,-0.0001448151977345,9,-1.1577625364573e-05,-0.000144815197734573
16,dog,C:\Users\maxbe\Downloads\coco\train2017\000000008458.jpg,62,rbf,kernel_herding,direct,False,0.9275396358522208,-0.0001456548049796,0.001,0.9311483082568034,0.9315457355137334,-9.644786969054132e-05,-0.0492069352891089,-4.00609966151274,0.9519841102059924,0.9519841102059924,16,dog,0.9519841102059924,16,dog,person|dog,True,-0.0001456548049796,9,-4.92069352891089e-05,-0.0001456548049796502
16,dog,C:\Users\maxbe\Downloads\coco\train2017\000000413391.jpg,63,rbf,kernel_herding,direct,False,0.9273939941128532,-0.0001456417393675,0.001,0.9311483082568034,0.9314190887235932,-0.0001266467901402,-0.0189949492273682,-4.025094610740108,0.9811843179681908,0.9811843179681908,16,dog,0.9811843179681908,0,person,person|sports ball,False,-0.0001456417393675,9,-1.89949492273682e-05,-0.00014564173936756818
16,dog,C:\Users\maxbe\Downloads\coco\train2017\000000340988.jpg,64,rbf,kernel_herding,direct,False,0.9272501372301946,-0.0001438568826584,0.001,0.9311483082568034,0.9312771741858968,-0.0001419145376964,-0.0019423449620484,-4.027036955702156,0.9980595401682048,0.9980595401682048,16,dog,0.9980595401682048,16,dog,dog|bowl,True,-0.0001438568826584,9,-1.9423449620484e-06,-0.0001438568826584484
16,dog,C:\Users\maxbe\Downloads\coco\train2017\000000496657.jpg,65,rbf,kernel_herding,direct,False,0.92710387464447,-0.0001462625857245,0.001,0.9311483082568034,0.9311460891028664,-0.0001310850830303,-0.0151775026942587,-4.042214458396416,0.9849370950967812,0.9849370950967812,16,dog,0.9849370950967812,0,person,person|cat,False,-0.0001462625857245,9,-1.51775026942587e-05,-0.0001462625857245587
16,dog,C:\Users\maxbe\Downloads\coco\train2017\000000051403.jpg,66,rbf,kernel_herding,direct,False,0.9269589468394646,-0.0001449278050054,0.001,0.9311483082568034,0.931007946542454,-0.0001381425604122,-0.0067852445931164,-4.048999702989532,0.9932377232012484,0.9932377232012484,16,dog,0.9932377232012484,16,dog,dog|chair,True,-0.0001449278050053,9,-6.7852445931164e-06,-0.00014492780500531638
16,dog,C:\Users\maxbe\Downloads\coco\train2017\000000510402.jpg,67,rbf,kernel_herding,direct,False,0.926809998137602,-0.0001489487018624,0.001,0.9311483082568034,0.9308618014892678,-0.0001461450531863,-0.0028036486761377,-4.0518033516656695,0.9972002778753968,0.9972002778753968,16,dog,0.9972002778753968,16,dog,dog,True,-0.0001489487018624,9,-2.8036486761376997e-06,-0.00014894870186243767
16,dog,C:\Users\maxbe\Downloads\coco\train2017\000000324823.jpg,68,rbf,kernel_herding,direct,False,0.9266615948964256,-0.0001484032411765,0.001,0.9311483082568034,0.9308070989360112,-5.470255325668028e-05,-0.0937006879199598,-4.14550403958563,0.9105552616459056,0.9105552616459056,16,dog,0.9105552616459056,0,person,person|umbrella|handbag|bottle|cup|chair|dining table|cell phone,False,-0.0001484032411766,9,-9.37006879199598e-05,-0.00014840324117664007
16,dog,C:\Users\maxbe\Downloads\coco\train2017\000000271588.jpg,69,rbf,kernel_herding,direct,False,0.9265131050866064,-0.0001484898098191,0.001,0.9311483082568034,0.9306658280837838,-0.0001412708522272,-0.0072189575919237,-4.152722997177554,0.9928070364937528,0.9928070364937528,16,dog,0.9928070364937528,28,suitcase,dog|suitcase,True,-0.0001484898098191,9,-7.2189575919237e-06,-0.0001484898098191237
16,dog,C:\Users\maxbe\Downloads\coco\train2017\000000245842.jpg,70,rbf,kernel_herding,direct,False,0.9263664560512568,-0.0001466490353494,0.001,0.9311483082568034,0.9305293414633222,-0.0001364866204616,-0.0101624148877912,-4.162885412065345,0.9898890479728673,0.9898890479728673,16,dog,0.9898890479728673,0,person,person|dog|backpack|skis,True,-0.0001466490353493,9,-1.01624148877912e-05,-0.0001466490353493912
16,dog,C:\Users\maxbe\Downloads\coco\train2017\000000515377.jpg,71,rbf,kernel_herding,direct,False,0.9262161778865928,-0.000150278164664,0.001,0.9311483082568034,0.9305692265231712,3.988505984908741e-05,-0.1901632245131365,-4.353048636578481,0.8268241649557638,0.8268241649557638,16,dog,0.8268241649557638,72,refrigerator,bottle|cup|bowl|refrigerator|book,False,-0.000150278164664,9,-0.0001901632245131365,-0.00015027816466404908
16,dog,C:\Users\maxbe\Downloads\coco\train2017\000000524628.jpg,72,rbf,kernel_herding,direct,False,0.9260656559352202,-0.0001505219513726,0.001,0.9311483082568034,0.9304206127064056,-0.0001486138167655,-0.0019081346070791,-4.35495677118556,0.9980936847233998,0.9980936847233998,16,dog,0.9980936847233998,13,bench,bench|dog,True,-0.0001505219513725,9,-1.9081346070791e-06,-0.0001505219513725791
16,dog,C:\Users\maxbe\Downloads\coco\train2017\000000176298.jpg,73,rbf,kernel_herding,direct,False,0.9259168525830672,-0.0001488033521528,0.001,0.9311483082568034,0.93027723251234,-0.0001433801940657,-0.0054231580870408,-4.360379929272601,0.9945915206866848,0.9945915206866848,16,dog,0.9945915206866848,16,dog,dog|tie,True,-0.0001488033521527,9,-5.4231580870408e-06,-0.0001488033521527408
16,dog,C:\Users\maxbe\Downloads\coco\train2017\000000223032.jpg,74,rbf,kernel_herding,direct,False,0.9257650845766496,-0.0001517680064176,0.001,0.9311483082568034,0.930126677315192,-0.0001505551971479,-0.0012128092697987,-4.3615927385424,0.9987879258851324,0.9987879258851324,16,dog,0.9987879258851324,16,dog,dog|frisbee,True,-0.0001517680064176,9,-1.2128092697986999e-06,-0.0001517680064176987
16,dog,C:\Users\maxbe\Downloads\coco\train2017\000000231364.jpg,75,rbf,kernel_herding,direct,False,0.9256128948584048,-0.0001521897182447,0.001,0.9311483082568034,0.9300570801099752,-6.959720521693136e-05,-0.0825925130278428,-4.444185251570242,0.9207262547419508,0.9207262547419508,16,dog,0.9207262547419508,21,bear,bear,False,-0.0001521897182447,9,-8.259251302784281e-05,-0.00015218971824477415
16,dog,C:\Users\maxbe\Downloads\coco\train2017\000000369433.jpg,76,rbf,kernel_herding,direct,False,0.9254607492975264,-0.0001521455608786,0.001,0.9311483082568034,0.9300777848548332,2.070474485804663e-05,-0.1728503057366474,-4.617035557306889,0.8412635377439883,0.8412635377439883,16,dog,0.8412635377439883,75,vase,book|vase|teddy bear,False,-0.0001521455608786,9,-0.0001728503057366474,-0.00015214556087860077
16,dog,C:\Users\maxbe\Downloads\coco\train2017\000000122825.jpg,77,rbf,kernel_herding,direct,False,0.925307423153062,-0.0001533261444641,0.001,0.9311483082568034,0.929934842527012,-0.0001429423278213,-0.0103838166428025,-4.627419373949691,0.9896699090601444,0.9896699090601444,16,dog,0.9896699090601444,17,horse,horse,False,-0.0001533261444641,9,-1.03838166428025e-05,-0.00015332614446410248
16,dog,C:\Users\maxbe\Downloads\coco\train2017\000000452859.jpg,78,rbf,kernel_herding,direct,False,0.9251543254123848,-0.0001530977406773,0.001,0.9311483082568034,0.9298434756783764,-9.136684863553236e-05,-0.0617308920419397,-4.689150265991631,0.9401358507903552,0.9401358507903552,16,dog,0.9401358507903552,0,person,person|skis,False,-0.0001530977406774,9,-6.17308920419397e-05,-0.00015309774067747206
16,dog,C:\Users\maxbe\Downloads\coco\train2017\000000467973.jpg,79,rbf,kernel_herding,direct,False,0.9249992910616992,-0.0001550343506856,0.001,0.9311483082568034,0.9299346974962808,9.122181790455208e-05,-0.2462561685901668,-4.935406434581798,0.781721946664093,0.781721946664093,16,dog,0.781721946664093,40,wine glass,bottle|wine glass|chair|dining table,False,-0.0001550343506856,9,-0.0002462561685901668,-0.00015503435068561474
16,dog,C:\Users\maxbe\Downloads\coco\train2017\000000552657.jpg,80,rbf,kernel_herding,direct,False,0.9248437723607852,-0.0001555187009137,0.001,0.9311483082568034,0.9297814214244698,-0.000153276071811,-0.0022426291027313,-4.937649063684529,0.9977598837101274,0.9977598837101274,16,dog,0.9977598837101274,16,dog,person|dog|pizza,True,-0.0001555187009137,9,-2.2426291027313e-06,-0.0001555187009137313
16,dog,C:\Users\maxbe\Downloads\coco\train2017\000000071209.jpg,81,rbf,kernel_herding,direct,False,0.9246878861407032,-0.0001558862200822,0.001,0.9311483082568034,0.9297918120701802,1.0390645710400824e-05,-0.1662768657926011,-5.10392592947713,0.8468117485234287,0.8468117485234287,16,dog,0.8468117485234287,17,horse,person|horse|cow,False,-0.0001558862200822,9,-0.00016627686579260108,-0.00015588622008220026
16,dog,C:\Users\maxbe\Downloads\coco\train2017\000000029306.jpg,82,rbf,kernel_herding,direct,False,0.9245315048518532,-0.0001563812888498,0.001,0.9311483082568034,0.929639417588272,-0.0001523944819082,-0.0039868069416248,-5.107912736418755,0.9960211298212184,0.9960211298212184,16,dog,0.9960211298212184,16,dog,dog,True,-0.0001563812888498,9,-3.9868069416248e-06,-0.00015638128884982482
16,dog,C:\Users\maxbe\Downloads\coco\train2017\000000370273.jpg,83,rbf,kernel_herding,direct,False,0.92437590299586,-0.0001556018559931,0.001,0.9311483082568034,0.92962352810641,-1.58894818619304e-05,-0.1397123741312812,-5.247625110550036,0.8696083212793506,0.8696083212793506,16,dog,0.8696083212793506,0,person,person|skateboard,False,-0.0001556018559932,9,-0.00013971237413128122,-0.00015560185599321162
16,dog,C:\Users\maxbe\Downloads\coco\train2017\000000005434.jpg,84,rbf,kernel_herding,direct,False,0.9242194345028416,-0.0001564684930184,0.001,0.9311483082568034,0.9294679539022817,-0.0001555742041284,-0.0008942888899397,-5.248519399439976,0.9991061108661946,0.9991061108661946,16,dog,0.9991061108661946,58,potted plant,dog|potted plant,True,-0.0001564684930183,9,-8.942888899397e-07,-0.00015646849301833972
16,dog,C:\Users\maxbe\Downloads\coco\train2017\000000575957.jpg,85,rbf,kernel_herding,direct,False,0.9240641516703648,-0.0001552828324768,0.001,0.9311483082568034,0.9293257711229628,-0.0001421827793188,-0.0131000531580178,-5.261619452597994,0.986985379074854,0.986985379074854,16,dog,0.986985379074854,59,bed,dog|bed,True,-0.0001552828324768,9,-1.3100053158017801e-05,-0.0001552828324768178
16,dog,C:\Users\maxbe\Downloads\coco\train2017\000000452205.jpg,86,rbf,kernel_herding,direct,False,0.923905886344327,-0.0001582653260376,0.001,0.9311483082568034,0.929172567261615,-0.0001532038613476,-0.0050614646900351,-5.26668091728803,0.994951322937562,0.994951322937562,16,dog,0.994951322937562,2,car,person|car|dog,True,-0.0001582653260376,9,-5.0614646900351e-06,-0.00015826532603763509
16,dog,C:\Users\maxbe\Downloads\coco\train2017\000000250849.jpg,87,rbf,kernel_herding,direct,False,0.9237485964302896,-0.0001572899140372,0.001,0.9311483082568034,0.929018736796568,-0.000153830465047,-0.0034594489902488,-5.270140366278278,0.996546528008048,0.996546528008048,16,dog,0.996546528008048,16,dog,dog|apple,True,-0.0001572899140372,9,-3.4594489902488e-06,-0.0001572899140372488
16,dog,C:\Users\maxbe\Downloads\coco\train2017\000000231645.jpg,88,rbf,kernel_herding,direct,False,0.92359194608399,-0.0001566503462998,0.001,0.9311483082568034,0.9288979677533228,-0.0001207690432452,-0.035881303054634,-5.306021669332912,0.9647548001339968,0.9647548001339968,16,dog,0.9647548001339968,0,person,person|dog|frisbee,True,-0.0001566503462998,9,-3.5881303054634004e-05,-0.000156650346299834
16,dog,C:\Users\maxbe\Downloads\coco\train2017\000000524291.jpg,89,rbf,kernel_herding,direct,False,0.9234364828314614,-0.0001554632525284,0.001,0.9311483082568034,0.9287540944910712,-0.0001438732622515,-0.0115899902769479,-5.31761165960986,0.9884769149329948,0.9884769149329948,16,dog,0.9884769149329948,16,dog,person|dog|frisbee,True,-0.0001554632525284,9,-1.15899902769479e-05,-0.0001554632525284479
16,dog,C:\Users\maxbe\Downloads\coco\train2017\000000008881.jpg,90,rbf,kernel_herding,direct,False,0.9232824088946778,-0.0001540739367835,0.001,0.9311483082568034,0.9286319919339472,-0.000122102557124,-0.0319713796594484,-5.349583039269309,0.9685343014630704,0.9685343014630704,16,dog,0.9685343014630704,18,sheep,sheep,False,-0.0001540739367834,9,-3.19713796594484e-05,-0.0001540739367834484
16,dog,C:\Users\maxbe\Downloads\coco\train2017\000000318144.jpg,91,rbf,kernel_herding,direct,False,0.9231264880721256,-0.0001559208225522,0.001,0.9311483082568034,0.928495998405868,-0.0001359935280791,-0.0199272944731364,-5.369510333742445,0.9802699417575028,0.9802699417575028,16,dog,0.9802699417575028,-1,unlabeled,,False,-0.0001559208225522,9,-1.99272944731364e-05,-0.0001559208225522364
16,dog,C:\Users\maxbe\Downloads\coco\train2017\000000376362.jpg,92,rbf,kernel_herding,direct,False,0.9229708358371032,-0.0001556522350224,0.001,0.9311483082568034,0.9283413774197096,-0.0001546209861585,-0.0010312488638547,-5.3705415826063,0.9989692826895176,0.9989692826895176,16,dog,0.9989692826895176,8,boat,person|boat|dog,True,-0.0001556522350223,9,-1.0312488638547e-06,-0.0001556522350223547
16,dog,C:\Users\maxbe\Downloads\coco\train2017\000000067807.jpg,93,rbf,kernel_herding,direct,False,0.9228167503267648,-0.0001540855103383,0.001,0.9311483082568034,0.9282034684255952,-0.0001379089941142,-0.0161765162241504,-5.386718098830451,0.983953620946472,0.983953620946472,16,dog,0.983953620946472,17,horse,car|horse,False,-0.0001540855103383,9,-1.61765162241504e-05,-0.00015408551033835042
16,dog,C:\Users\maxbe\Downloads\coco\train2017\000000501635.jpg,94,rbf,kernel_herding,direct,False,0.9226606064214588,-0.000156143905306,0.001,0.9311483082568034,0.92804827108638,-0.0001551973392153,-0.0009465660906636,-5.387664664921115,0.9990538817607,0.9990538817607,16,dog,0.9990538817607,0,person,person|bench|dog|backpack|handbag,True,-0.0001561439053059,9,-9.465660906636e-07,-0.0001561439053059636
16,dog,C:\Users\maxbe\Downloads\coco\train2017\000000219633.jpg,95,rbf,kernel_herding,direct,False,0.9225027897837312,-0.0001578166377274,0.001,0.9311483082568034,0.927890843460928,-0.0001574276254519,-0.0003890122754774,-5.388053677196592,0.9996110633789872,0.9996110633789872,16,dog,0.9996110633789872,13,bench,bench|dog,True,-0.0001578166377273,9,-3.890122754774e-07,-0.0001578166377273774
16,dog,C:\Users\maxbe\Downloads\coco\train2017\000000059462.jpg,96,rbf,kernel_herding,direct,False,0.9223450585985252,-0.000157731185206,0.001,0.9311483082568034,0.9277482641369637,-0.0001425793239643,-0.0151518612417546,-5.403205538438347,0.9849623506383176,0.9849623506383176,16,dog,0.9849623506383176,21,bear,bear,False,-0.000157731185206,9,-1.51518612417546e-05,-0.0001577311852060546
16,dog,C:\Users\maxbe\Downloads\coco\train2017\000000012034.jpg,97,rbf,kernel_herding,direct,False,0.9221874834104806,-0.0001575751880447,0.001,0.9311483082568034,0.9275964640109368,-0.0001518001260267,-0.0057750620179304,-5.408980600456277,0.9942415815970072,0.9942415815970072,16,dog,0.9942415815970072,16,dog,car|dog,True,-0.0001575751880446,9,-5.7750620179304e-06,-0.0001575751880446304
16,dog,C:\Users\maxbe\Downloads\coco\train2017\000000459823.jpg,98,rbf,kernel_herding,direct,False,0.9220309736821024,-0.0001565097283783,0.001,0.9311483082568034,0.9274416418611688,-0.000154822149768,-0.001687578610292,-5.410668179066569,0.9983138445488136,0.9983138445488136,16,dog,0.9983138445488136,16,dog,dog,True,-0.0001565097283782,9,-1.687578610292e-06,-0.000156509728378292
16,dog,C:\Users\maxbe\Downloads\coco\train2017\000000527054.jpg,99,rbf,kernel_herding,direct,False,0.9218745797058918,-0.0001563939762104,0.001,0.9311483082568034,0.9273316320871234,-0.0001100097740454,-0.0463842021650219,-5.457052381231591,0.9546751034786224,0.9546751034786224,16,dog,0.9546751034786224,0,person,person|fire hydrant|stop sign|umbrella|handbag,False,-0.0001563939762104,9,-4.63842021650219e-05,-0.0001563939762104219
16,dog,C:\Users\maxbe\Downloads\coco\train2017\000000374832.jpg,100,rbf,kernel_herding,direct,False,0.9217180303681308,-0.0001565493377611,0.001,0.9311483082568034,0.9271874422511376,-0.0001441898359857,-0.0123595017754323,-5.469411883007024,0.9877165631681998,0.9877165631681998,16,dog,0.9877165631681998,16,dog,dog|couch|tv|remote|clock,True,-0.0001565493377611,9,-1.23595017754323e-05,-0.0001565493377611323
49,orange,C:\Users\maxbe\Downloads\coco\train2017\000000511014.jpg,1,rbf,kernel_herding,direct,False,0.90528168562982,0.0007697954560245,0.001,0.9045118539414636,0.9053251311439384,0.0008132409701427,-0.0434455141182497,-0.0434455141182497,0.9574847220680892,0.9574847220680892,49,orange,0.9574847220680892,14,bird,bird,False,0.0007697954560244,10,-4.3445514118249704e-05,0.0007697954560244503
49,orange,C:\Users\maxbe\Downloads\coco\train2017\000000185588.jpg,2,rbf,kernel_herding,direct,False,0.9057863196602216,0.0005046340304014,0.001,0.9045118539414636,0.906116097938578,0.0007909667946395,-0.2863327642380628,-0.3297782783563126,0.7510126642037124,0.7510126642037124,49,orange,0.7510126642037124,14,bird,bird,False,0.0005046340304014,10,-0.0002863327642380628,0.0005046340304014371
49,orange,C:\Users\maxbe\Downloads\coco\train2017\000000169154.jpg,3,rbf,kernel_herding,direct,False,0.9062548459544096,0.000468526294188,0.001,0.9045118539414636,0.9066619869335072,0.0005458889949291,-0.0773627007411765,-0.4071409790974892,0.9255540935632334,0.9255540935632334,49,orange,0.9255540935632334,75,vase,vase,False,0.0004685262941879,10,-7.73627007411765e-05,0.00046852629418792346
49,orange,C:\Users\maxbe\Downloads\coco\train2017\000000346938.jpg,4,rbf,kernel_herding,direct,False,0.9066731057474084,0.0004182597929986,0.001,0.9045118539414636,0.907124854488746,0.000462867555239,-0.0446077622402869,-0.4517487413377761,0.9563725336926078,0.9563725336926078,49,orange,0.9563725336926078,45,bowl,spoon|bowl|orange|laptop|book,True,0.0004182597929987,10,-4.4607762240286895e-05,0.0004182597929987131
49,orange,C:\Users\maxbe\Downloads\coco\train2017\000000263604.jpg,5,rbf,kernel_herding,direct,False,0.9070269407920272,0.0003538350446188,0.001,0.9045118539414636,0.9075946114440367,0.0004697569552906,-0.1159219106718331,-0.5676706520096093,0.8905447626235135,0.8905447626235135,49,orange,0.8905447626235135,0,person,person|sports ball|tennis racket,False,0.0003538350446187,10,-0.00011592191067183311,0.00035383504461876684
49,orange,C:\Users\maxbe\Downloads\coco\train2017\000000363869.jpg,6,rbf,kernel_herding,direct,False,0.9073661874304124,0.0003392466383853,0.001,0.9045118539414636,0.907946336438298,0.0003517249942611,-0.012478355875775,-0.5801490078853844,0.9875991759808032,0.9875991759808032,49,orange,0.9875991759808032,60,dining table,cup|dining table|vase,False,0.0003392466383853,10,-1.2478355875775e-05,0.000339246638385325
49,orange,C:\Users\maxbe\Downloads\coco\train2017\000000424585.jpg,7,rbf,kernel_herding,direct,False,0.9076900664692852,0.0003238790388725,0.001,0.9045118539414636,0.9084442727588474,0.0004979363205495,-0.1740572816770179,-0.7542062895624023,0.8402487654205014,0.8402487654205014,49,orange,0.8402487654205014,7,truck,person|car|truck,False,0.0003238790388724,10,-0.0001740572816770179,0.00032387903887248206
49,orange,C:\Users\maxbe\Downloads\coco\train2017\000000291973.jpg,8,rbf,kernel_herding,direct,False,0.907990544670214,0.0003004782009289,0.001,0.9045118539414636,0.9089418086183788,0.0004975358595313,-0.1970576586024017,-0.951263948164804,0.8211432859724396,0.8211432859724396,49,orange,0.8211432859724396,46,banana,bird|banana,False,0.0003004782009288,10,-0.00019705765860240172,0.00030047820092889827
49,orange,C:\Users\maxbe\Downloads\coco\train2017\000000414686.jpg,9,rbf,kernel_herding,direct,False,0.9082778911709098,0.0002873465006958,0.001,0.9045118539414636,0.9093247598406092,0.0003829512222303,-0.0956047215344638,-1.046868669699268,0.9088231833108344,0.9088231833108344,49,orange,0.9088231833108344,75,vase,vase,False,0.0002873465006958,10,-9.56047215344638e-05,0.0002873465006958362
49,orange,C:\Users\maxbe\Downloads\coco\train2017\000000202865.jpg,10,rbf,kernel_herding,direct,False,0.9085525857782032,0.0002746946072933,0.001,0.9045118539414636,0.9097175289480572,0.0003927691074481,-0.1180745001547578,-1.1649431698540258,0.8886298470863565,0.8886298470863565,49,orange,0.8886298470863565,54,donut,person|donut,False,0.0002746946072933,10,-0.0001180745001547578,0.0002746946072933422
49,orange,C:\Users\maxbe\Downloads\coco\train2017\000000254415.jpg,11,rbf,kernel_herding,direct,False,0.9088053610790132,0.0002527753008099,0.001,0.9045118539414636,0.9100669111048912,0.0003493821568339,-0.0966068560240564,-1.2615500258780823,0.9079128764550276,0.9079128764550276,49,orange,0.9079128764550276,-1,unlabeled,,False,0.0002527753008098,10,-9.66068560240564e-05,0.0002527753008098436
49,orange,C:\Users\maxbe\Downloads\coco\train2017\000000561517.jpg,12,rbf,kernel_herding,direct,False,0.9090515095973464,0.0002461485183332,0.001,0.9045118539414636,0.9103394001111892,0.0002724890062979,-0.0263404879647679,-1.2878905138428502,0.9740033967080112,0.9740033967080112,49,orange,0.9740033967080112,60,dining table,cup|fork|knife|sandwich|broccoli|dining table,False,0.0002461485183331,10,-2.6340487964767902e-05,0.00024614851833313213
49,orange,C:\Users\maxbe\Downloads\coco\train2017\000000171086.jpg,13,rbf,kernel_herding,direct,False,0.909265121597173,0.0002136119998266,0.001,0.9045118539414636,0.9105658536008144,0.0002264534896253,-0.0128414897987178,-1.3007320036415682,0.9872406103253506,0.9872406103253506,49,orange,0.9872406103253506,54,donut,apple|donut,False,0.0002136119998265,10,-1.28414897987178e-05,0.0002136119998265822
49,orange,C:\Users\maxbe\Downloads\coco\train2017\000000254082.jpg,14,rbf,kernel_herding,direct,False,0.9094613126644456,0.0001961910672725,0.001,0.9045118539414636,0.9110774811888356,0.0005116275880211,-0.315436520748642,-1.6161685243902102,0.729470375802962,0.729470375802962,49,orange,0.729470375802962,19,cow,bird|cow,False,0.0001961910672724,10,-0.000315436520748642,0.00019619106727245797
49,orange,C:\Users\maxbe\Downloads\coco\train2017\000000494580.jpg,15,rbf,kernel_herding,direct,False,0.9096443142002116,0.0001830015357661,0.001,0.9045118539414636,0.9112657536320484,0.0001882724432126,-0.0052709074464183,-1.6214394318366283,0.994742959410896,0.994742959410896,49,orange,0.994742959410896,60,dining table,person|bottle|cup|fork|knife|spoon|bowl|orange|dining table,True,0.0001830015357661,10,-5.2709074464183e-06,0.00018300153576618168
49,orange,C:\Users\maxbe\Downloads\coco\train2017\000000235953.jpg,16,rbf,kernel_herding,direct,False,0.9098221564683744,0.0001778422681627,0.001,0.9045118539414636,0.91152212019592,0.0002563665638717,-0.078524295709042,-1.6999637275456705,0.9244795987703524,0.9244795987703524,49,orange,0.9244795987703524,49,orange,fork|orange,True,0.0001778422681626,10,-7.8524295709042e-05,0.00017784226816265798
49,orange,C:\Users\maxbe\Downloads\coco\train2017\000000561270.jpg,17,rbf,kernel_herding,direct,False,0.909986420118215,0.0001642636498405,0.001,0.9045118539414636,0.9119475509022992,0.000425430706379,-0.2611670565384433,-1.961130784084114,0.7701522498978772,0.7701522498978772,49,orange,0.7701522498978772,8,boat,boat,False,0.0001642636498405,10,-0.0002611670565384433,0.00016426364984055674
49,orange,C:\Users\maxbe\Downloads\coco\train2017\000000504414.jpg,18,rbf,kernel_herding,direct,False,0.9101421416568232,0.0001557215386082,0.001,0.9045118539414636,0.912356596406696,0.0004090455043967,-0.2533239657885829,-2.2144547498726967,0.7762163735353336,0.7762163735353336,49,orange,0.7762163735353336,23,giraffe,giraffe,False,0.0001557215386081,10,-0.0002533239657885829,0.00015572153860811709
49,orange,C:\Users\maxbe\Downloads\coco\train2017\000000201062.jpg,19,rbf,kernel_herding,direct,False,0.910280745116045,0.0001386034592217,0.001,0.9045118539414636,0.9126239089367644,0.0002673125300686,-0.1287090708468535,-2.34316382071955,0.8792297218977029,0.8792297218977029,49,orange,0.8792297218977029,72,refrigerator,bottle|cup|refrigerator,False,0.0001386034592217,10,-0.00012870907084685352,0.00013860345922174646
49,orange,C:\Users\maxbe\Downloads\coco\train2017\000000429759.jpg,20,rbf,kernel_herding,direct,False,0.910408229860989,0.000127484744944,0.001,0.9045118539414636,0.9128640568341152,0.0002401478973506,-0.1126631524065294,-2.45582697312608,0.8934515664424232,0.8934515664424232,49,orange,0.8934515664424232,0,person,person|bicycle|motorcycle|umbrella|banana|apple,False,0.000127484744944,10,-0.0001126631524065294,0.0001274847449440706
49,orange,C:\Users\maxbe\Downloads\coco\train2017\000000463134.jpg,21,rbf,kernel_herding,direct,False,0.9105241665885436,0.0001159367275547,0.001,0.9045118539414636,0.9130935161070936,0.0002294592729784,-0.1135225454237573,-2.569349518549837,0.8926840702426644,0.8926840702426644,49,orange,0.8926840702426644,60,dining table,wine glass|cup|bowl|dining table|book|vase,False,0.0001159367275546,10,-0.0001135225454237573,0.00011593672755464271
49,orange,C:\Users\maxbe\Downloads\coco\train2017\000000487914.jpg,22,rbf,kernel_herding,direct,False,0.9106312294049452,0.0001070628164016,0.001,0.9045118539414636,0.9132020075345842,0.0001084914274906,-0.0014286110890542,-2.5707781296388914,0.998572408888992,0.998572408888992,49,orange,0.998572408888992,60,dining table,banana|orange|dining table|microwave|oven|refrigerator|vase,True,0.0001070628164015,10,-1.4286110890542e-06,0.0001070628164015458
49,orange,C:\Users\maxbe\Downloads\coco\train2017\000000173991.jpg,23,rbf,kernel_herding,direct,False,0.9107323754657674,0.000101146060822,0.001,0.9045118539414636,0.9135513034545728,0.0003492959199886,-0.2481498591666371,-2.8189279888055285,0.780243007948392,0.780243007948392,49,orange,0.780243007948392,7,truck,person|car|truck,False,0.0001011460608219,10,-0.0002481498591666371,0.0001011460608219629
49,orange,C:\Users\maxbe\Downloads\coco\train2017\000000252909.jpg,24,rbf,kernel_herding,direct,False,0.9108238641368532,9.148867108577095e-05,0.001,0.9045118539414636,0.9138077095406488,0.0002564060860757,-0.1649174149900362,-2.9838454037955646,0.8479637302884336,0.8479637302884336,49,orange,0.8479637302884336,60,dining table,fork|bowl|cake|dining table,False,9.14886710856638e-05,10,-0.0001649174149900362,9.14886710856638e-05
49,orange,C:\Users\maxbe\Downloads\coco\train2017\000000059399.jpg,25,rbf,kernel_herding,direct,False,0.9109054436102676,8.15794734145836e-05,0.001,0.9045118539414636,0.9141634324540504,0.0003557229134015,-0.2741434399870243,-3.257988843782589,0.7602230210584261,0.7602230210584261,49,orange,0.7602230210584261,74,clock,clock,False,8.157947341447573e-05,10,-0.00027414343998702427,8.157947341447573e-05
49,orange,C:\Users\maxbe\Downloads\coco\train2017\000000427782.jpg,26,rbf,kernel_herding,direct,False,0.910974917734334,6.947412406632658e-05,0.001,0.9045118539414636,0.9142409597876466,7.75273335963389e-05,-0.0080532095299631,-3.266042053312552,0.991979130688486,0.991979130688486,49,orange,0.991979130688486,60,dining table,bench|orange|dining table,True,6.94741240663758e-05,10,-8.0532095299631e-06,6.94741240663758e-05
49,orange,C:\Users\maxbe\Downloads\coco\train2017\000000363602.jpg,27,rbf,kernel_herding,direct,False,0.9110332809595584,5.836322522423387e-05,0.001,0.9045118539414636,0.9144880632918216,0.0002471035041748,-0.1887402789506624,-3.454782332263214,0.8280015281954762,0.8280015281954762,49,orange,0.8280015281954762,49,orange,person|orange,True,5.83632252241376e-05,10,-0.00018874027895066239,5.8363225224137595e-05
49,orange,C:\Users\maxbe\Downloads\coco\train2017\000000124135.jpg,28,rbf,kernel_herding,direct,False,0.9110757196619318,4.2438702373526205e-05,0.001,0.9045118539414636,0.914734233072345,0.0002461697805234,-0.2037310781500554,-3.658513410413269,0.8156816963250518,0.8156816963250518,49,orange,0.8156816963250518,41,cup,cup|knife|apple|carrot|sink,False,4.24387023733446e-05,10,-0.0002037310781500554,4.24387023733446e-05
49,orange,C:\Users\maxbe\Downloads\coco\train2017\000000055202.jpg,29,rbf,kernel_herding,direct,False,0.9111120466406096,3.6326978677725386e-05,0.001,0.9045118539414636,0.9148630268594324,0.0001287937870874,-0.0924668084096986,-3.750980218822968,0.9116794705527498,0.9116794705527498,49,orange,0.9116794705527498,60,dining table,person|bowl|hot dog|dining table,False,3.632697867770138e-05,10,-9.24668084096986e-05,3.6326978677701384e-05
49,orange,C:\Users\maxbe\Downloads\coco\train2017\000000420575.jpg,30,rbf,kernel_herding,direct,False,0.9111381380594504,2.609141884080124e-05,0.001,0.9045118539414636,0.915033532934698,0.0001705060752654,-0.1444146564246281,-3.895394875247596,0.8655287765705257,0.8655287765705257,49,orange,0.8655287765705257,77,teddy bear,bottle|teddy bear,False,2.6091418840771885e-05,10,-0.0001444146564246281,2.6091418840771885e-05
49,orange,C:\Users\maxbe\Downloads\coco\train2017\000000281464.jpg,31,rbf,kernel_herding,direct,False,0.9111574819905776,1.934393112723587e-05,0.001,0.9045118539414636,0.9150605022971208,2.696936242274628e-05,-0.0076254312954937,-3.9030203065430897,0.992403568545809,0.992403568545809,49,orange,0.992403568545809,45,bowl,spoon|bowl|dining table,False,1.934393112725258e-05,10,-7.6254312954937e-06,1.934393112725258e-05
49,orange,C:\Users\maxbe\Downloads\coco\train2017\000000549617.jpg,32,rbf,kernel_herding,direct,False,0.9111707273190996,1.3245328521982458e-05,0.001,0.9045118539414636,0.915399060301562,0.0003385580044412,-0.3253126759192699,-4.22833298246236,0.7223014720522816,0.7223014720522816,49,orange,0.7223014720522816,17,horse,person|bicycle|horse|umbrella,False,1.3245328521930093e-05,10,-0.0003253126759192699,1.3245328521930091e-05
49,orange,C:\Users\maxbe\Downloads\coco\train2017\000000076428.jpg,33,rbf,kernel_herding,direct,False,0.911179824333232,9.097014132319892e-06,0.001,0.9045118539414636,0.9154519902749396,5.29299733775801e-05,-0.0438329592452964,-4.272165941707656,0.9571138211348212,0.9571138211348212,49,orange,0.9571138211348212,55,cake,fork|cake,False,9.0970141322837e-06,10,-4.38329592452964e-05,9.0970141322837e-06
49,orange,C:\Users\maxbe\Downloads\coco\train2017\000000512123.jpg,34,rbf,kernel_herding,direct,False,0.9111856751980176,5.850864785772458e-06,0.001,0.9045118539414636,0.9154884066632704,3.641638833096206e-05,-0.030565523545193,-4.302731465252849,0.9698968789021416,0.9698968789021416,49,orange,0.9698968789021416,68,microwave,bottle|cup|microwave|sink,False,5.850864785769057e-06,10,-3.0565523545193e-05,5.850864785769057e-06
49,orange,C:\Users\maxbe\Downloads\coco\train2017\000000560744.jpg,35,rbf,kernel_herding,direct,False,0.9111859123131388,2.3711512120438985e-07,0.001,0.9045118539414636,0.9155960374916552,0.0001076308283846,-0.1073937132633906,-4.41012517851624,0.8981719811455061,0.8981719811455061,49,orange,0.8981719811455061,73,book,person|bottle|wine glass|cup|knife|spoon|bowl|chair|dining table|book,False,2.371151212093907e-07,10,-0.0001073937132633906,2.371151212093907e-07
49,orange,C:\Users\maxbe\Downloads\coco\train2017\000000240709.jpg,36,rbf,kernel_herding,direct,False,0.9111799889197708,-5.923393368134633e-06,0.001,0.9045118539414636,0.9156510132445608,5.49757529056949e-05,-0.0608991462738399,-4.47102432479008,0.9409181300893396,0.9409181300893396,49,orange,0.9409181300893396,72,refrigerator,wine glass|bowl|chair|dining table|refrigerator|book,False,-5.923393368145007e-06,10,-6.0899146273839904e-05,-5.923393368145007e-06
49,orange,C:\Users\maxbe\Downloads\coco\train2017\000000120274.jpg,37,rbf,kernel_herding,direct,False,0.9111641751439784,-1.5813775792183904e-05,0.001,0.9045118539414636,0.9157891758614108,0.0001381626168499,-0.1539763926421339,-4.625000717432214,0.8572922591767299,0.8572922591767299,49,orange,0.8572922591767299,60,dining table,person|cup|fork|knife|spoon|sandwich|chair|dining table,False,-1.5813775792233886e-05,10,-0.0001539763926421339,-1.5813775792233886e-05
49,orange,C:\Users\maxbe\Downloads\coco\train2017\000000110829.jpg,38,rbf,kernel_herding,direct,False,0.9111466972684475,-1.7477875530858e-05,0.001,0.9045118539414636,0.9158104583343836,2.128247297294994e-05,-0.0387603485038609,-4.663761065936075,0.96198122176197,0.96198122176197,49,orange,0.96198122176197,74,clock,bottle|potted plant|clock|vase,False,-1.7477875530910957e-05,10,-3.8760348503860896e-05,-1.7477875530910957e-05
49,orange,C:\Users\maxbe\Downloads\coco\train2017\000000344292.jpg,39,rbf,kernel_herding,direct,False,0.9111250732604992,-2.16240079485841e-05,0.001,0.9045118539414636,0.9159735295380532,0.0001630712036694,-0.1846952116179537,-4.848456277554029,0.8313576333881492,0.8313576333881492,49,orange,0.8313576333881492,41,cup,cup|bowl,False,-2.162400794855372e-05,10,-0.0001846952116179537,-2.1624007948553716e-05
49,orange,C:\Users\maxbe\Downloads\coco\train2017\000000407602.jpg,40,rbf,kernel_herding,direct,False,0.9110930121315453,-3.206112895393076e-05,0.001,0.9045118539414636,0.9162326829244184,0.0002591533863653,-0.2912145153193017,-5.139670792873331,0.7473553416506562,0.7473553416506562,49,orange,0.7473553416506562,3,motorcycle,person|motorcycle,False,-3.206112895400172e-05,10,-0.0002912145153193017,-3.206112895400172e-05
49,orange,C:\Users\maxbe\Downloads\coco\train2017\000000030674.jpg,41,rbf,kernel_herding,direct,False,0.9110551475715088,-3.786456003629368e-05,0.001,0.9045118539414636,0.916195698074754,-3.698484966452309e-05,-0.0008797103718435,-5.140550503245175,0.999120676458884,0.999120676458884,49,orange,0.999120676458884,45,bowl,bowl|orange,True,-3.786456003636659e-05,10,-8.797103718435e-07,-3.786456003636659e-05
49,orange,C:\Users\maxbe\Downloads\coco\train2017\000000393129.jpg,42,rbf,kernel_herding,direct,False,0.91100874462609,-4.640294541891077e-05,0.001,0.9045118539414636,0.9163072392773084,0.0001115412025544,-0.1579441479732418,-5.298494651218417,0.8538974725401469,0.8538974725401469,49,orange,0.8538974725401469,75,vase,vase,False,-4.6402945418841786e-05,10,-0.0001579441479732418,-4.6402945418841786e-05
49,orange,C:\Users\maxbe\Downloads\coco\train2017\000000310310.jpg,43,rbf,kernel_herding,direct,False,0.9109595481506678,-4.919647542211969e-05,0.001,0.9045118539414636,0.9163443971471598,3.7157869851367487e-05,-0.0863543452735323,-5.384848996491949,0.9172691436403226,0.9172691436403226,49,orange,0.9172691436403226,0,person,person|sink|refrigerator,False,-4.919647542216482e-05,10,-8.63543452735323e-05,-4.919647542216482e-05
49,orange,C:\Users\maxbe\Downloads\coco\train2017\000000125687.jpg,44,rbf,kernel_herding,direct,False,0.9109063830420892,-5.316510857855672e-05,0.001,0.9045118539414636,0.916337749781196,-6.647365963785568e-06,-0.046517742614731,-5.43136673910668,0.954547624247984,0.954547624247984,49,orange,0.954547624247984,60,dining table,wine glass|spoon|chair|dining table|laptop,False,-5.316510857851657e-05,10,-4.6517742614731e-05,-5.316510857851657e-05
49,orange,C:\Users\maxbe\Downloads\coco\train2017\000000105027.jpg,45,rbf,kernel_herding,direct,False,0.9108524759741068,-5.390706798236167e-05,0.001,0.9045118539414636,0.916306433229123,-3.131655207300188e-05,-0.0225905159094039,-5.453957255016085,0.9776627391552316,0.9776627391552316,49,orange,0.9776627391552316,0,person,person|apple|chair|microwave,False,-5.390706798240578e-05,10,-2.25905159094039e-05,-5.390706798240578e-05
49,orange,C:\Users\maxbe\Downloads\coco\train2017\000000456372.jpg,46,rbf,kernel_herding,direct,False,0.9107934825398484,-5.899343425852521e-05,0.001,0.9045118539414636,0.9162614801673314,-4.495306179153058e-05,-0.0140403724669324,-5.467997627483017,0.9860577338749912,0.9860577338749912,49,orange,0.9860577338749912,51,carrot,spoon|carrot,False,-5.899343425846298e-05,10,-1.40403724669324e-05,-5.899343425846298e-05
49,orange,C:\Users\maxbe\Downloads\coco\train2017\000000349489.jpg,47,rbf,kernel_herding,direct,False,0.910732502202255,-6.098033759338595e-05,0.001,0.9045118539414636,0.916280281146313,1.880097898154797e-05,-0.0797813165749328,-5.54777894405795,0.9233182387044464,0.9233182387044464,49,orange,0.9233182387044464,41,cup,cup|spoon,False,-6.098033759338482e-05,10,-7.97813165749328e-05,-6.098033759338483e-05
49,orange,C:\Users\maxbe\Downloads\coco\train2017\000000026640.jpg,48,rbf,kernel_herding,direct,False,0.910666028184254,-6.647401800097263e-05,0.001,0.9045118539414636,0.9163247138324992,4.44326861861466e-05,-0.1109067041871337,-5.658685648245084,0.895022246861021,0.895022246861021,49,orange,0.895022246861021,0,person,person|sandwich,False,-6.647401800098711e-05,10,-0.0001109067041871337,-6.647401800098711e-05
49,orange,C:\Users\maxbe\Downloads\coco\train2017\000000146465.jpg,49,rbf,kernel_herding,direct,False,0.9105992609525896,-6.676723166432197e-05,0.001,0.9045118539414636,0.9162944938453684,-3.0219987130708503e-05,-0.0365472445337052,-5.6952328927787885,0.9641125437717654,0.9641125437717654,49,orange,0.9641125437717654,69,oven,microwave|oven|sink,False,-6.676723166441369e-05,10,-3.6547244533705196e-05,-6.676723166441369e-05
49,orange,C:\Users\maxbe\Downloads\coco\train2017\000000161156.jpg,50,rbf,kernel_herding,direct,False,0.9105304946348356,-6.87663177540987e-05,0.001,0.9045118539414636,0.9162323656431852,-6.212820218320925e-05,-0.0066381155708272,-5.701871008349616,0.9933838680471744,0.9933838680471744,49,orange,0.9933838680471744,49,orange,orange,True,-6.876631775403645e-05,10,-6.6381155708272e-06,-6.876631775403645e-05
49,orange,C:\Users\maxbe\Downloads\coco\train2017\000000054218.jpg,51,rbf,kernel_herding,direct,False,0.9104595075142012,-7.098712063446921e-05,0.001,0.9045118539414636,0.9161744060503272,-5.7959592857925735e-05,-0.013027527776509,-5.714898536126125,0.9870569631618152,0.9870569631618152,49,orange,0.9870569631618152,39,bottle,bottle|vase,False,-7.098712063443474e-05,10,-1.3027527776509e-05,-7.098712063443474e-05
49,orange,C:\Users\maxbe\Downloads\coco\train2017\000000210584.jpg,52,rbf,kernel_herding,direct,False,0.9103795820597412,-7.992545446000587e-05,0.001,0.9045118539414636,0.9162342257460104,5.981969568324974e-05,-0.139745150143278,-5.8546436862694025,0.8695798194536705,0.8695798194536705,49,orange,0.8695798194536705,60,dining table,cup|fork|broccoli|carrot|dining table,False,-7.992545446002826e-05,10,-0.000139745150143278,-7.992545446002826e-05
49,orange,C:\Users\maxbe\Downloads\coco\train2017\000000282661.jpg,53,rbf,kernel_herding,direct,False,0.9102982746037732,-8.130745596790501e-05,0.001,0.9045118539414636,0.916276993165438,4.276741942743634e-05,-0.1240748753953672,-5.97871856166477,0.8833136999431007,0.8833136999431007,49,orange,0.8833136999431007,0,person,person|handbag|wine glass,False,-8.130745596793087e-05,10,-0.0001240748753953672,-8.130745596793087e-05
49,orange,C:\Users\maxbe\Downloads\coco\train2017\000000442205.jpg,54,rbf,kernel_herding,direct,False,0.9102123821227543,-8.58924810188677e-05,0.001,0.9045118539414636,0.916322024172626,4.503100718811215e-05,-0.1309234882069599,-6.10964204987173,0.8772848944625546,0.8772848944625546,49,orange,0.8772848944625546,0,person,person|orange,True,-8.589248101884776e-05,10,-0.0001309234882069599,-8.589248101884776e-05
49,orange,C:\Users\maxbe\Downloads\coco\train2017\000000037958.jpg,55,rbf,kernel_herding,direct,False,0.9101239984857796,-8.838363697483143e-05,0.001,0.9045118539414636,0.916238327885673,-8.369628695303888e-05,-0.0046873500218613,-6.114329399893591,0.9953236184578576,0.9953236184578576,49,orange,0.9953236184578576,49,orange,orange,True,-8.838363697490018e-05,10,-4.6873500218613004e-06,-8.838363697490018e-05
49,orange,C:\Users\maxbe\Downloads\coco\train2017\000000213809.jpg,56,rbf,kernel_herding,direct,False,0.9100344911048532,-8.950738092627919e-05,0.001,0.9045118539414636,0.9161875433138514,-5.0784571821616e-05,-0.0387228091045821,-6.153052208998173,0.962017334636976,0.962017334636976,49,orange,0.962017334636976,60,dining table,person|bottle|cup|fork|spoon|bowl|pizza|dining table|clock,False,-8.950738092619809e-05,10,-3.87228091045821e-05,-8.950738092619809e-05
49,orange,C:\Users\maxbe\Downloads\coco\train2017\000000483530.jpg,57,rbf,kernel_herding,direct,False,0.9099431748923084,-9.131621254476752e-05,0.001,0.9045118539414636,0.916104822343606,-8.272097024542013e-05,-0.0085952422993858,-6.161647451297559,0.9914415911882416,0.9914415911882416,49,orange,0.9914415911882416,49,orange,orange,True,-9.131621254480594e-05,10,-8.595242299385801e-06,-9.131621254480594e-05
49,orange,C:\Users\maxbe\Downloads\coco\train2017\000000139541.jpg,58,rbf,kernel_herding,direct,False,0.9098480012786292,-9.5173613679167e-05,0.001,0.9045118539414636,0.9161467332979066,4.191095430061687e-05,-0.1370845679797824,-6.298732019277341,0.8718964884886207,0.8718964884886207,49,orange,0.8718964884886207,48,sandwich,sandwich,False,-9.517361367916555e-05,10,-0.00013708456797978242,-9.517361367916555e-05
49,orange,C:\Users\maxbe\Downloads\coco\train2017\000000371051.jpg,59,rbf,kernel_herding,direct,False,0.9097479852595948,-0.0001000160190346,0.001,0.9045118539414636,0.9160754316848844,-7.13016130223787e-05,-0.0287144060122769,-6.327446425289618,0.9716939347874736,0.9716939347874736,49,orange,0.9716939347874736,75,vase,bottle|fork|dining table|vase,False,-0.0001000160190346,10,-2.87144060122769e-05,-0.00010001601903465559
49,orange,C:\Users\maxbe\Downloads\coco\train2017\000000369631.jpg,60,rbf,kernel_herding,direct,False,0.9096426660444245,-0.0001053192151703,0.001,0.9045118539414636,0.915972474882358,-0.0001029568025263,-0.0023624126438826,-6.3298088379335,0.9976403756557296,0.9976403756557296,49,orange,0.9976403756557296,60,dining table,cup|apple|dining table,False,-0.0001053192151701,10,-2.3624126438826e-06,-0.00010531921517018259
49,orange,C:\Users\maxbe\Downloads\coco\train2017\000000218142.jpg,61,rbf,kernel_herding,direct,False,0.9095374445715548,-0.0001052214728695,0.001,0.9045118539414636,0.9159793283313948,6.853449036836601e-06,-0.1120749219063578,-6.441883759839858,0.8939772765084202,0.8939772765084202,49,orange,0.8939772765084202,71,sink,cat|cup|knife|spoon|sink,False,-0.0001052214728695,10,-0.00011207492190635781,-0.00010522147286952121
49,orange,C:\Users\maxbe\Downloads\coco\train2017\000000042079.jpg,62,rbf,kernel_herding,direct,False,0.9094290647853938,-0.000108379786161,0.001,0.9045118539414636,0.9160818259739688,0.0001024976425741,-0.2108774287352621,-6.652761188575121,0.8098733279949618,0.8098733279949618,49,orange,0.8098733279949618,7,truck,person|truck|dog,False,-0.0001083797861611,10,-0.0002108774287352621,-0.0001083797861611621
49,orange,C:\Users\maxbe\Downloads\coco\train2017\000000078929.jpg,63,rbf,kernel_herding,direct,False,0.909318044065412,-0.0001110207199817,0.001,0.9045118539414636,0.9160531069056348,-2.871906833412652e-05,-0.0823016516475818,-6.735062840222703,0.9209940974019024,0.9209940974019024,49,orange,0.9209940974019024,60,dining table,person|cup|spoon|bowl|sandwich|dining table,False,-0.0001110207199817,10,-8.23016516475818e-05,-0.00011102071998170832
49,orange,C:\Users\maxbe\Downloads\coco\train2017\000000460107.jpg,64,rbf,kernel_herding,direct,False,0.909199647916995,-0.000118396148417,0.001,0.9045118539414636,0.9160134584154562,-3.964849017856764e-05,-0.0787476582384584,-6.813810498461161,0.9242731277285824,0.9242731277285824,49,orange,0.9242731277285824,75,vase,person|wine glass|bowl|vase,False,-0.000118396148417,10,-7.87476582384584e-05,-0.00011839614841702605
49,orange,C:\Users\maxbe\Downloads\coco\train2017\000000311997.jpg,65,rbf,kernel_herding,direct,False,0.909080224716957,-0.0001194232000379,0.001,0.9045118539414636,0.9160617101321976,4.82517167412766e-05,-0.1676749167792604,-6.981485415240422,0.8456286897038596,0.8456286897038596,49,orange,0.8456286897038596,46,banana,banana|cake,False,-0.0001194232000379,10,-0.00016767491677926042,-0.00011942320003798383
49,orange,C:\Users\maxbe\Downloads\coco\train2017\000000040338.jpg,66,rbf,kernel_herding,direct,False,0.908957207248434,-0.000123017468523,0.001,0.9045118539414636,0.915960437811348,-0.0001012723208494,-0.0217451476736211,-7.003230562914043,0.9784895736207782,0.9784895736207782,49,orange,0.9784895736207782,72,refrigerator,person|bottle|fork|orange|refrigerator,True,-0.000123017468523,10,-2.17451476736211e-05,-0.0001230174685230211
49,orange,C:\Users\maxbe\Downloads\coco\train2017\000000336663.jpg,67,rbf,kernel_herding,direct,False,0.9088329082676068,-0.0001242989808272,0.001,0.9045118539414636,0.915858056137452,-0.0001023816738962,-0.0219173069310007,-7.025147869845044,0.9783211320822308,0.9783211320822308,49,orange,0.9783211320822308,60,dining table,bottle|cup|fork|knife|orange|dining table,True,-0.0001242989808272,10,-2.1917306931000703e-05,-0.00012429898082720072
49,orange,C:\Users\maxbe\Downloads\coco\train2017\000000246382.jpg,68,rbf,kernel_herding,direct,False,0.9087086407090448,-0.0001242675585619,0.001,0.9045118539414636,0.9157473029157832,-0.0001107532216687,-0.0135143368933213,-7.038662206738365,0.9865765717722756,0.9865765717722756,49,orange,0.9865765717722756,46,banana,banana|apple|orange,True,-0.000124267558562,10,-1.3514336893321301e-05,-0.0001242675585620213
49,orange,C:\Users\maxbe\Downloads\coco\train2017\000000346841.jpg,69,rbf,kernel_herding,direct,False,0.9085834482642626,-0.0001251924447821,0.001,0.9045118539414636,0.9156263705060306,-0.0001209324097525,-0.0042600350295985,-7.042922241767963,0.9957490260472254,0.9957490260472254,49,orange,0.9957490260472254,49,orange,orange,True,-0.000125192444782,10,-4.2600350295985006e-06,-0.00012519244478209848
49,orange,C:\Users\maxbe\Downloads\coco\train2017\000000173316.jpg,70,rbf,kernel_herding,direct,False,0.9084584412147212,-0.0001250070495413,0.001,0.9045118539414636,0.915712626254503,8.625574847243023e-05,-0.211262798013697,-7.25418503978166,0.8095612878241378,0.8095612878241378,49,orange,0.8095612878241378,3,motorcycle,person|motorcycle|umbrella|handbag|chair|dining table,False,-0.0001250070495412,10,-0.000211262798013697,-0.00012500704954126676
49,orange,C:\Users\maxbe\Downloads\coco\train2017\000000086285.jpg,71,rbf,kernel_herding,direct,False,0.9083283439451236,-0.0001300972695977,0.001,0.9045118539414636,0.9157343070247892,2.168077028619209e-05,-0.1517780398840106,-7.405963079665671,0.8591789630397001,0.8591789630397001,49,orange,0.8591789630397001,45,bowl,person|wine glass|cup|fork|bowl|chair|dining table|book,False,-0.0001300972695978,10,-0.0001517780398840106,-0.00013009726959781851
49,orange,C:\Users\maxbe\Downloads\coco\train2017\000000494218.jpg,72,rbf,kernel_herding,direct,False,0.9081945327871218,-0.0001338111580017,0.001,0.9045118539414636,0.9156060038100262,-0.0001283032147629,-0.0055079432387615,-7.411471022904433,0.9945071976684235,0.9945071976684235,49,orange,0.9945071976684235,60,dining table,person|cup|knife|orange|chair|dining table|remote,True,-0.0001338111580016,10,-5.5079432387615e-06,-0.00013381115800166152
49,orange,C:\Users\maxbe\Downloads\coco\train2017\000000066883.jpg,73,rbf,kernel_herding,direct,False,0.9080608176614774,-0.0001337151256444,0.001,0.9045118539414636,0.915543461309374,-6.254250065207412e-05,-0.0711726249923035,-7.482643647896737,0.9313011124023312,0.9313011124023312,49,orange,0.9313011124023312,60,dining table,person|bottle|wine glass|cup|spoon|bowl|cake|dining table,False,-0.0001337151256443,10,-7.117262499230349e-05,-0.00013371512564437762
49,orange,C:\Users\maxbe\Downloads\coco\train2017\000000287507.jpg,74,rbf,kernel_herding,direct,False,0.9079251505765846,-0.0001356670848927,0.001,0.9045118539414636,0.9155146428176242,-2.8818491749960096e-05,-0.1068485931428386,-7.589492241039575,0.8986617262369693,0.8986617262369693,49,orange,0.8986617262369693,60,dining table,bottle|cup|knife|bowl|sandwich|broccoli|dining table,False,-0.0001356670848927,10,-0.0001068485931428386,-0.0001356670848927987
49,orange,C:\Users\maxbe\Downloads\coco\train2017\000000314074.jpg,75,rbf,kernel_herding,direct,False,0.9077848945577868,-0.0001402560187978,0.001,0.9045118539414636,0.915533922517948,1.9279700323893145e-05,-0.159535719121746,-7.749027960161321,0.8525395148888325,0.8525395148888325,49,orange,0.8525395148888325,60,dining table,person|tie|bottle|wine glass|knife|cake|chair|dining table|cell phone|teddy bear,False,-0.0001402560187978,10,-0.000159535719121746,-0.00014025601879785285
49,orange,C:\Users\maxbe\Downloads\coco\train2017\000000014483.jpg,76,rbf,kernel_herding,direct,False,0.907643019769558,-0.0001418747882286,0.001,0.9045118539414636,0.9155680078354592,3.408531751125654e-05,-0.1759601057398936,-7.924988065901214,0.8386514400473921,0.8386514400473921,49,orange,0.8386514400473921,49,orange,orange,True,-0.0001418747882286,10,-0.0001759601057398936,-0.00014187478822863707
49,orange,C:\Users\maxbe\Downloads\coco\train2017\000000527578.jpg,77,rbf,kernel_herding,direct,False,0.9074994112129948,-0.0001436085565633,0.001,0.9045118539414636,0.9155896476000496,2.1639764590353217e-05,-0.1652483211537792,-8.090236387054993,0.8476831802838732,0.8476831802838732,49,orange,0.8476831802838732,60,dining table,bowl|apple|orange|chair|couch|potted plant|dining table|tv|sink|refrigerator,True,-0.0001436085565634,10,-0.0001652483211537792,-0.00014360855656342597
49,orange,C:\Users\maxbe\Downloads\coco\train2017\000000511053.jpg,78,rbf,kernel_herding,direct,False,0.9073534509632366,-0.0001459602497581,0.001,0.9045118539414636,0.915473233383242,-0.0001164142168077,-0.0295460329503077,-8.1197824200053,0.9708861838560529,0.9708861838560529,49,orange,0.9708861838560529,60,dining table,cup|fork|knife|spoon|dining table|laptop,False,-0.000145960249758,10,-2.9546032950307702e-05,-0.0001459602497580077
49,orange,C:\Users\maxbe\Downloads\coco\train2017\000000558748.jpg,79,rbf,kernel_herding,direct,False,0.9072089174498714,-0.0001445335133651,0.001,0.9045118539414636,0.9153319412455948,-0.000141292137647,-0.0032413757181853,-8.123023795723485,0.9967638718677564,0.9967638718677564,49,orange,0.9967638718677564,58,potted plant,person|bottle|orange|potted plant,True,-0.0001445335133651,10,-3.2413757181853e-06,-0.0001445335133651853
49,orange,C:\Users\maxbe\Downloads\coco\train2017\000000169111.jpg,80,rbf,kernel_herding,direct,False,0.907062122030201,-0.0001467954196704,0.001,0.9045118539414636,0.9151853923321276,-0.0001465489134672,-0.0002465062032727,-8.123270301926757,0.999753524175885,0.999753524175885,49,orange,0.999753524175885,45,bowl,person|truck|bowl|apple|orange|potted plant,True,-0.0001467954196704,10,-2.465062032727e-07,-0.0001467954196704727
49,orange,C:\Users\maxbe\Downloads\coco\train2017\000000468243.jpg,81,rbf,kernel_herding,direct,False,0.9069156625838908,-0.0001464594463101,0.001,0.9045118539414636,0.9151247456383772,-6.064669375061005e-05,-0.0858127525595093,-8.209083054486266,0.9177660644775228,0.9177660644775228,49,orange,0.9177660644775228,0,person,person|handbag|bottle|wine glass|dining table|clock,False,-0.0001464594463101,10,-8.581275255950931e-05,-0.00014645944631011936
49,orange,C:\Users\maxbe\Downloads\coco\train2017\000000044928.jpg,82,rbf,kernel_herding,direct,False,0.906769029453063,-0.0001466331308277,0.001,0.9045118539414636,0.9150339225053536,-9.082313302344323e-05,-0.0558099978043556,-8.264893052290622,0.94571880746974,0.94571880746974,49,orange,0.94571880746974,68,microwave,microwave,False,-0.0001466331308277,10,-5.580999780435561e-05,-0.00014663313082779883
49,orange,C:\Users\maxbe\Downloads\coco\train2017\000000431323.jpg,83,rbf,kernel_herding,direct,False,0.9066230051648668,-0.0001460242881963,0.001,0.9045118539414636,0.914930418464298,-0.0001035040410556,-0.0425202471406219,-8.307413299431245,0.958371061049864,0.958371061049864,49,orange,0.958371061049864,51,carrot,carrot,False,-0.0001460242881962,10,-4.25202471406219e-05,-0.0001460242881962219
49,orange,C:\Users\maxbe\Downloads\coco\train2017\000000570620.jpg,84,rbf,kernel_herding,direct,False,0.9064743455421864,-0.0001486596226801,0.001,0.9045118539414636,0.9148519803519086,-7.843811238938958e-05,-0.0702215102908311,-8.377634809722077,0.9321873079518376,0.9321873079518376,49,orange,0.9321873079518376,69,oven,cup|oven,False,-0.0001486596226802,10,-7.022151029083109e-05,-0.0001486596226802207
49,orange,C:\Users\maxbe\Downloads\coco\train2017\000000073019.jpg,85,rbf,kernel_herding,direct,False,0.9063211266227088,-0.0001532189194776,0.001,0.9045118539414636,0.9148007038902845,-5.127646162428334e-05,-0.1019424578533492,-8.479577267575426,0.9030815154218076,0.9030815154218076,49,orange,0.9030815154218076,50,broccoli,broccoli,False,-0.0001532189194776,10,-0.0001019424578533492,-0.00015321891947763254
49,orange,C:\Users\maxbe\Downloads\coco\train2017\000000311041.jpg,86,rbf,kernel_herding,direct,False,0.9061679608903568,-0.000153165732352,0.001,0.9045118539414636,0.9146477204545764,-0.0001529834357077,-0.0001822966442442,-8.47975956421967,0.9998177199697794,0.9998177199697794,49,orange,0.9998177199697794,13,bench,bench|cup|orange,True,-0.0001531657323519,10,-1.822966442442e-07,-0.0001531657323519442
49,orange,C:\Users\maxbe\Downloads\coco\train2017\000000258950.jpg,87,rbf,kernel_herding,direct,False,0.9060107870707814,-0.0001571738195754,0.001,0.9045118539414636,0.914505113417712,-0.0001426070368644,-0.0145667827110003,-8.49432634693067,0.985538799580784,0.985538799580784,49,orange,0.985538799580784,73,book,orange|book,True,-0.0001571738195754,10,-1.4566782711000301e-05,-0.0001571738195754003
49,orange,C:\Users\maxbe\Downloads\coco\train2017\000000093604.jpg,88,rbf,kernel_herding,direct,False,0.9058544722276888,-0.0001563148430927,0.001,0.9045118539414636,0.914352628555547,-0.0001524848621651,-0.0038299809276146,-8.498156327858284,0.996177344093789,0.996177344093789,49,orange,0.996177344093789,69,oven,banana|orange|potted plant|oven,True,-0.0001563148430927,10,-3.8299809276146e-06,-0.0001563148430927146
49,orange,C:\Users\maxbe\Downloads\coco\train2017\000000503014.jpg,89,rbf,kernel_herding,direct,False,0.9056988763366676,-0.0001555958910209,0.001,0.9045118539414636,0.9142558209357898,-9.680761975716656e-05,-0.0587882712638301,-8.556944599122115,0.9429063884007316,0.9429063884007316,49,orange,0.9429063884007316,54,donut,person|bottle|wine glass|cup|spoon|donut|dining table,False,-0.0001555958910209,10,-5.8788271263830104e-05,-0.00015559589102099667
49,orange,C:\Users\maxbe\Downloads\coco\train2017\000000269089.jpg,90,rbf,kernel_herding,direct,False,0.9055430219196338,-0.0001558544170339,0.001,0.9045118539414636,0.9141155666701264,-0.0001402542656633,-0.0156001513706179,-8.572544750492733,0.9845209006954428,0.9845209006954428,49,orange,0.9845209006954428,41,cup,cup|fork|spoon|bowl|sandwich|dining table,False,-0.0001558544170339,10,-1.56001513706179e-05,-0.0001558544170339179
49,orange,C:\Users\maxbe\Downloads\coco\train2017\000000484636.jpg,91,rbf,kernel_herding,direct,False,0.905387818415621,-0.0001552035040127,0.001,0.9045118539414636,0.9139832931471188,-0.0001322735230075,-0.0229299810052041,-8.595474731497937,0.9773309131046912,0.9773309131046912,49,orange,0.9773309131046912,77,teddy bear,person|bench|backpack|teddy bear,False,-0.0001552035040127,10,-2.29299810052041e-05,-0.0001552035040127041
49,orange,C:\Users\maxbe\Downloads\coco\train2017\000000377251.jpg,92,rbf,kernel_herding,direct,False,0.9052325229543916,-0.0001552954612294,0.001,0.9045118539414636,0.913955866641152,-2.742650596687657e-05,-0.1278689552626039,-8.723343686760542,0.8799686868537302,0.8799686868537302,49,orange,0.8799686868537302,60,dining table,person|spoon|bowl|pizza|chair|dining table,False,-0.0001552954612294,10,-0.00012786895526260389,-0.00015529546122948045
49,orange,C:\Users\maxbe\Downloads\coco\train2017\000000542922.jpg,93,rbf,kernel_herding,direct,False,0.9050728010785368,-0.0001597218758545,0.001,0.9045118539414636,0.9138837373044968,-7.212933665523558e-05,-0.0875925391993674,-8.810936225959908,0.9161340894119504,0.9161340894119504,49,orange,0.9161340894119504,50,broccoli,orange|broccoli,True,-0.0001597218758546,10,-8.759253919936739e-05,-0.00015972187585460297
49,orange,C:\Users\maxbe\Downloads\coco\train2017\000000432327.jpg,94,rbf,kernel_herding,direct,False,0.9049129212738156,-0.0001598798047214,0.001,0.9045118539414636,0.9138192223472767,-6.451495721992995e-05,-0.0953648475014016,-8.90630107346131,0.909041212541886,0.909041212541886,49,orange,0.909041212541886,60,dining table,bottle|cup|knife|spoon|bowl|potted plant|dining table,False,-0.0001598798047213,10,-9.536484750140161e-05,-0.00015987980472133154
49,orange,C:\Users\maxbe\Downloads\coco\train2017\000000163180.jpg,95,rbf,kernel_herding,direct,False,0.9047528048856724,-0.0001601163881431,0.001,0.9045118539414636,0.9136596775636924,-0.0001595447835845,-0.0005716045586693,-8.90687267801998,0.999428558775094,0.999428558775094,49,orange,0.999428558775094,46,banana,banana|apple|orange|chair,True,-0.0001601163881431,10,-5.716045586693e-07,-0.00016011638814316932
49,orange,C:\Users\maxbe\Downloads\coco\train2017\000000013452.jpg,96,rbf,kernel_herding,direct,False,0.9045925827300472,-0.000160222155625,0.001,0.9045118539414636,0.9135140710990162,-0.000145606464676,-0.0146156909489224,-8.921488368968902,0.9854905997933856,0.9854905997933856,49,orange,0.9854905997933856,60,dining table,sandwich|hot dog|dining table,False,-0.0001602221556249,10,-1.46156909489224e-05,-0.00016022215562492238
49,orange,C:\Users\maxbe\Downloads\coco\train2017\000000203673.jpg,97,rbf,kernel_herding,direct,False,0.904429394612447,-0.0001631881176002,0.001,0.9045118539414636,0.9134994419419104,-1.462915710581658e-05,-0.1485589604944784,-9.07004732946338,0.8619491847211086,0.8619491847211086,49,orange,0.8619491847211086,63,laptop,apple|laptop|keyboard,False,-0.0001631881176002,10,-0.00014855896049447838,-0.00016318811760029496
49,orange,C:\Users\maxbe\Downloads\coco\train2017\000000032183.jpg,98,rbf,kernel_herding,direct,False,0.9042659299791072,-0.0001634646333398,0.001,0.9045118539414636,0.9134063409156088,-9.31010263016674e-05,-0.0703636070381765,-9.140410936501556,0.9320548565781384,0.9320548565781384,49,orange,0.9320548565781384,60,dining table,handbag|bottle|knife|carrot|dining table|book,False,-0.0001634646333398,10,-7.03636070381765e-05,-0.00016346463333984389
49,orange,C:\Users\maxbe\Downloads\coco\train2017\000000150512.jpg,99,rbf,kernel_herding,direct,False,0.904102227580273,-0.0001637023988341,0.001,0.9045118539414636,0.913435984722047,2.964380643832865e-05,-0.1933462052724212,-9.333757141773978,0.824196583536361,0.824196583536361,49,orange,0.824196583536361,0,person,person|spoon|bowl|oven|sink,False,-0.000163702398834,10,-0.0001933462052724212,-0.00016370239883409254
49,orange,C:\Users\maxbe\Downloads\coco\train2017\000000322847.jpg,100,rbf,kernel_herding,direct,False,0.903938591919592,-0.000163635660681,0.001,0.9045118539414636,0.9132772766978478,-0.0001587080241992,-0.0049276364817691,-9.338684778255748,0.995084484400604,0.995084484400604,49,orange,0.995084484400604,77,teddy bear,apple|orange|teddy bear,True,-0.0001636356606809,10,-4.9276364817691006e-06,-0.00016363566068096908
49,orange,C:\Users\maxbe\Downloads\coco\train2017\000000480841.jpg,101,rbf,kernel_herding,direct,False,0.9037729394476772,-0.0001656524719148,0.001,0.9045118539414636,0.9131196789845858,-0.0001575977132619,-0.0080547586528525,-9.3467395369086,0.9919775939920992,0.9919775939920992,49,orange,0.9919775939920992,49,orange,orange,True,-0.0001656524719147,10,-8.0547586528525e-06,-0.0001656524719147525
49,orange,C:\Users\maxbe\Downloads\coco\train2017\000000180580.jpg,102,rbf,kernel_herding,direct,False,0.9036070209928576,-0.0001659184548195,0.001,0.9045118539414636,0.9129886329585718,-0.0001310460260139,-0.0348724288055299,-9.381611965714129,0.9657286075505684,0.9657286075505684,49,orange,0.9657286075505684,60,dining table,bowl|broccoli|dining table,False,-0.0001659184548194,10,-3.4872428805529896e-05,-0.0001659184548194299
49,orange,C:\Users\maxbe\Downloads\coco\train2017\000000578652.jpg,103,rbf,kernel_herding,direct,False,0.9034392640525046,-0.000167756940353,0.001,0.9045118539414636,0.91289895424119,-8.967871738185806e-05,-0.0780782229712074,-9.459690188685336,0.9248920759066116,0.9248920759066116,49,orange,0.9248920759066116,46,banana,banana,False,-0.000167756940353,10,-7.80782229712074e-05,-0.00016775694035306546
49,orange,C:\Users\maxbe\Downloads\coco\train2017\000000249384.jpg,104,rbf,kernel_herding,direct,False,0.9032712337022352,-0.0001680303502694,0.001,0.9045118539414636,0.9128378181853036,-6.113605588620175e-05,-0.1068942943832287,-9.566584483068564,0.8986206572198487,0.8986206572198487,49,orange,0.8986206572198487,0,person,person|bottle|fork|knife|sandwich|chair|dining table,False,-0.0001680303502694,10,-0.0001068942943832287,-0.00016803035026943043
49,orange,C:\Users\maxbe\Downloads\coco\train2017\000000368096.jpg,105,rbf,kernel_herding,direct,False,0.903102333611482,-0.000168900090753,0.001,0.9045118539414636,0.9126689545879472,-0.0001688635973566,-3.649339643594764e-05,-9.566620976465002,0.99996350726844,0.99996350726844,49,orange,0.99996350726844,45,bowl,bowl|apple|orange,True,-0.000168900090753,10,-3.649339643594764e-08,-0.00016890009075303596
49,orange,C:\Users\maxbe\Downloads\coco\train2017\000000395831.jpg,106,rbf,kernel_herding,direct,False,0.9029332780336524,-0.0001690555778295,0.001,0.9045118539414636,0.9125318316071996,-0.0001371229807475,-0.0319325970819867,-9.598553573546988,0.9685718644480312,0.9685718644480312,49,orange,0.9685718644480312,39,bottle,bottle|cup|knife|donut,False,-0.0001690555778294,10,-3.19325970819867e-05,-0.0001690555778294867
49,orange,C:\Users\maxbe\Downloads\coco\train2017\000000541730.jpg,107,rbf,kernel_herding,direct,False,0.9027584455525708,-0.0001748324810816,0.001,0.9045118539414636,0.9123609842358807,-0.0001708473713186,-0.0039851097630151,-9.602538683310003,0.9960228202484092,0.9960228202484092,49,orange,0.9960228202484092,45,bowl,fork|spoon|bowl|broccoli,False,-0.0001748324810816,10,-3.985109763015099e-06,-0.00017483248108161512
49,orange,C:\Users\maxbe\Downloads\coco\train2017\000000140347.jpg,108,rbf,kernel_herding,direct,False,0.9025831823187468,-0.0001752632338242,0.001,0.9045118539414636,0.9122028612346368,-0.0001581230012439,-0.0171402325802043,-9.619678915890209,0.983005825524697,0.983005825524697,49,orange,0.983005825524697,60,dining table,cup|fork|knife|spoon|sandwich|dining table,False,-0.0001752632338241,10,-1.71402325802043e-05,-0.0001752632338241043
49,orange,C:\Users\maxbe\Downloads\coco\train2017\000000110048.jpg,109,rbf,kernel_herding,direct,False,0.9024062651766288,-0.0001769171421177,0.001,0.9045118539414636,0.9122274707980652,2.460956342831277e-05,-0.2015267055460278,-9.821205621436237,0.8174817459711938,0.8174817459711938,49,orange,0.8174817459711938,60,dining table,cup|spoon|dining table,False,-0.0001769171421177,10,-0.00020152670554602782,-0.00017691714211771504
49,orange,C:\Users\maxbe\Downloads\coco\train2017\000000069189.jpg,110,rbf,kernel_herding,direct,False,0.9022288467883484,-0.0001774183882804,0.001,0.9045118539414636,0.91221395902563,-1.351177243513746e-05,-0.1639066158453568,-9.985112237281593,0.8488212846363153,0.8488212846363153,49,orange,0.8488212846363153,2,car,person|bicycle|car|bird|umbrella|handbag,False,-0.0001774183882804,10,-0.0001639066158453568,-0.00017741838828049425
49,orange,C:\Users\maxbe\Downloads\coco\train2017\000000112286.jpg,111,rbf,kernel_herding,direct,False,0.9020518652509786,-0.0001769815373698,0.001,0.9045118539414636,0.9120396676944436,-0.0001742913311864,-0.0026902061834729,-9.987802443465066,0.9973134091774322,0.9973134091774322,49,orange,0.9973134091774322,71,sink,bottle|cup|bowl|banana|apple|sink|vase,False,-0.0001769815373698,10,-2.6902061834729004e-06,-0.0001769815373698729
49,orange,C:\Users\maxbe\Downloads\coco\train2017\000000564912.jpg,112,rbf,kernel_herding,direct,False,0.9018735380835506,-0.0001783271674279,0.001,0.9045118539414636,0.9119742685980672,-6.539909637659491e-05,-0.1129280710513367,-10.100730514516403,0.8932149058135307,0.8932149058135307,49,orange,0.8932149058135307,72,refrigerator,refrigerator,False,-0.0001783271674279,10,-0.0001129280710513367,-0.00017832716742793161
49,orange,C:\Users\maxbe\Downloads\coco\train2017\000000203618.jpg,113,rbf,kernel_herding,direct,False,0.90169313062997,-0.0001804074535807,0.001,0.9045118539414636,0.911794176166562,-0.000180092431505,-0.0003150220757296,-10.101045536592132,0.9996850275375144,0.9996850275375144,49,orange,0.9996850275375144,49,orange,orange,True,-0.0001804074535807,10,-3.1502207572959996e-07,-0.00018040745358072959
49,orange,C:\Users\maxbe\Downloads\coco\train2017\000000389152.jpg,114,rbf,kernel_herding,direct,False,0.9015141929953898,-0.0001789376345801,0.001,0.9045118539414636,0.9116256204984284,-0.0001685556681335,-0.0103819664464552,-10.11142750303859,0.9896717401454892,0.9896717401454892,49,orange,0.9896717401454892,45,bowl,bowl|banana|apple|orange,True,-0.0001789376345799,10,-1.03819664464552e-05,-0.0001789376345799552
49,orange,C:\Users\maxbe\Downloads\coco\train2017\000000064909.jpg,115,rbf,kernel_herding,direct,False,0.9013293932106669,-0.0001847997847229,0.001,0.9045118539414636,0.9114727543658876,-0.0001528661325407,-0.0319336521822982,-10.143361155220887,0.9685708425080944,0.9685708425080944,49,orange,0.9685708425080944,0,person,person|bird|knife|spoon|oven,False,-0.0001847997847229,10,-3.19336521822982e-05,-0.0001847997847229982
49,orange,C:\Users\maxbe\Downloads\coco\train2017\000000226075.jpg,116,rbf,kernel_herding,direct,False,0.9011448022752456,-0.0001845909354212,0.001,0.9045118539414636,0.9114062234018128,-6.65309640750511e-05,-0.1180599713461857,-10.261421126567074,0.8886427579130856,0.8886427579130856,49,orange,0.8886427579130856,60,dining table,bottle|cup|fork|sandwich|chair|dining table,False,-0.0001845909354212,10,-0.00011805997134618571,-0.00018459093542123683
49,orange,C:\Users\maxbe\Downloads\coco\train2017\000000510290.jpg,117,rbf,kernel_herding,direct,False,0.9009581352473686,-0.000186667027877,0.001,0.9045118539414636,0.9113768020151584,-2.9421386654293613e-05,-0.157245641222738,-10.418666767789812,0.8544941340507416,0.8544941340507416,49,orange,0.8544941340507416,5,bus,person|car|bus|umbrella|handbag|chair|dining table,False,-0.000186667027877,10,-0.000157245641222738,-0.0001866670278770316
49,orange,C:\Users\maxbe\Downloads\coco\train2017\000000097660.jpg,118,rbf,kernel_herding,direct,False,0.9007716950371828,-0.0001864402101856,0.001,0.9045118539414636,0.9112119864235614,-0.0001648155915969,-0.0216246185886415,-10.440291386378451,0.9786075171814208,0.9786075171814208,49,orange,0.9786075171814208,0,person,person|bottle|cup|fork|knife|spoon|bowl|dining table|cell phone|vase,False,-0.0001864402101855,10,-2.16246185886415e-05,-0.0001864402101855415
49,orange,C:\Users\maxbe\Downloads\coco\train2017\000000042228.jpg,119,rbf,kernel_herding,direct,False,0.9005843304239204,-0.0001873646132625,0.001,0.9045118539414636,0.9113594987822328,0.0001475123586714,-0.3348769719340349,-10.775168358312488,0.7154260984267018,0.7154260984267018,49,orange,0.7154260984267018,74,clock,clock,False,-0.0001873646132626,10,-0.0003348769719340349,-0.0001873646132626349
49,orange,C:\Users\maxbe\Downloads\coco\train2017\000000480257.jpg,120,rbf,kernel_herding,direct,False,0.9003926840089985,-0.0001916464149218,0.001,0.9045118539414636,0.9112373034833542,-0.0001221952988786,-0.0694511160432196,-10.844619474355708,0.9329057363926172,0.9329057363926172,49,orange,0.9329057363926172,60,dining table,person|sandwich|dining table,False,-0.0001916464149218,10,-6.94511160432196e-05,-0.0001916464149218196
59,bed,C:\Users\maxbe\Downloads\coco\train2017\000000577884.jpg,1,rbf,kernel_herding,direct,False,0.9009945395704076,0.0006288668102731,0.001,0.9003657501673045,0.9010113885122516,0.0006457157521171,-0.0168489418439762,-0.0168489418439762,0.9832922077235466,0.9832922077235466,59,bed,0.9832922077235466,15,cat,cat|book,False,0.0006288668102731,10,-1.68489418439762e-05,0.0006288668102731238
59,bed,C:\Users\maxbe\Downloads\coco\train2017\000000124002.jpg,2,rbf,kernel_herding,direct,False,0.9015963543179862,0.0006018147475785,0.001,0.9003657501673045,0.9017146508966576,0.0007032623844061,-0.1014476368274852,-0.1182965786714614,0.9035284897207284,0.9035284897207284,59,bed,0.9035284897207284,0,person,person|cat|bottle,False,0.0006018147475786,10,-0.0001014476368274852,0.0006018147475786148
59,bed,C:\Users\maxbe\Downloads\coco\train2017\000000457586.jpg,3,rbf,kernel_herding,direct,False,0.902173443961548,0.0005770896435616,0.001,0.9003657501673045,0.9023449720178556,0.0006303211211977,-0.0532314776361687,-0.1715280563076301,0.9481605091238584,0.9481605091238584,59,bed,0.9481605091238584,71,sink,bottle|toilet|sink,False,0.0005770896435615,10,-5.32314776361687e-05,0.0005770896435615312
59,bed,C:\Users\maxbe\Downloads\coco\train2017\000000386637.jpg,4,rbf,kernel_herding,direct,False,0.9027056478548992,0.0005322038933512,0.001,0.9003657501673045,0.90295979615678,0.0006148241389244,-0.0826202455731661,-0.2541483018807963,0.92070072101342,0.92070072101342,59,bed,0.92070072101342,59,bed,dog|bed,True,0.0005322038933512,10,-8.262024557316611e-05,0.0005322038933512339
59,bed,C:\Users\maxbe\Downloads\coco\train2017\000000141993.jpg,5,rbf,kernel_herding,direct,False,0.9032160931735072,0.0005104453186079,0.001,0.9003657501673045,0.9036916029446904,0.0007318067879105,-0.221361469302456,-0.4755097711832523,0.8014269366898666,0.8014269366898666,59,bed,0.8014269366898666,74,clock,clock,False,0.000510445318608,10,-0.00022136146930245602,0.0005104453186080439
59,bed,C:\Users\maxbe\Downloads\coco\train2017\000000125928.jpg,6,rbf,kernel_herding,direct,False,0.9037056368898,0.0004895437162928,0.001,0.9003657501673045,0.9042541244439872,0.0005625214992969,-0.0729777830041448,-0.5484875541873971,0.9296214831920052,0.9296214831920052,59,bed,0.9296214831920052,59,bed,dog|bed,True,0.0004895437162927,10,-7.29777830041448e-05,0.0004895437162927552
59,bed,C:\Users\maxbe\Downloads\coco\train2017\000000190601.jpg,7,rbf,kernel_herding,direct,False,0.904162520124652,0.0004568832348521,0.001,0.9003657501673045,0.9047463392748308,0.0004922148308433,-0.035331595991157,-0.5838191501785542,0.9652852784526356,0.9652852784526356,59,bed,0.9652852784526356,59,bed,dog|bed,True,0.0004568832348521,10,-3.5331595991157e-05,0.000456883234852143
59,bed,C:\Users\maxbe\Downloads\coco\train2017\000000461098.jpg,8,rbf,kernel_herding,direct,False,0.9045913954264784,0.0004288753018261,0.001,0.9003657501673045,0.90538933885157,0.0006429995767393,-0.214124274913194,-0.7979434250917482,0.807248058105404,0.807248058105404,59,bed,0.807248058105404,16,dog,dog|chair,False,0.0004288753018261,10,-0.000214124274913194,0.000428875301826106
59,bed,C:\Users\maxbe\Downloads\coco\train2017\000000202158.jpg,9,rbf,kernel_herding,direct,False,0.9049977470078944,0.0004063515814162,0.001,0.9003657501673045,0.905849509195135,0.0004601703435649,-0.0538187621487357,-0.8517621872404839,0.947603832621166,0.947603832621166,59,bed,0.947603832621166,16,dog,dog|bottle,False,0.0004063515814161,10,-5.38187621487357e-05,0.0004063515814161643
59,bed,C:\Users\maxbe\Downloads\coco\train2017\000000290452.jpg,10,rbf,kernel_herding,direct,False,0.9053580191445804,0.0003602721366857,0.001,0.9003657501673045,0.906298967807813,0.000449458612678,-0.0891864759923674,-0.9409486632328512,0.914674992742366,0.914674992742366,59,bed,0.914674992742366,16,dog,dog,False,0.0003602721366856,10,-8.91864759923674e-05,0.00036027213668563256
59,bed,C:\Users\maxbe\Downloads\coco\train2017\000000561062.jpg,11,rbf,kernel_herding,direct,False,0.905673914847401,0.0003158957028207,0.001,0.9003657501673045,0.90665397594514,0.0003550081373269,-0.0391124345060879,-0.9800610977389392,0.9616425812581708,0.9616425812581708,59,bed,0.9616425812581708,59,bed,person|dog|chair|bed,True,0.0003158957028208,10,-3.91124345060879e-05,0.0003158957028208121
59,bed,C:\Users\maxbe\Downloads\coco\train2017\000000163292.jpg,12,rbf,kernel_herding,direct,False,0.9059723172076342,0.0002984023602331,0.001,0.9003657501673045,0.9070310915204244,0.0003771155752844,-0.0787132150513213,-1.0587743127902605,0.9243049631891408,0.9243049631891408,59,bed,0.9243049631891408,0,person,person|umbrella,False,0.000298402360233,10,-7.87132150513213e-05,0.0002984023602330787
59,bed,C:\Users\maxbe\Downloads\coco\train2017\000000105279.jpg,13,rbf,kernel_herding,direct,False,0.9062574730779652,0.0002851558703311,0.001,0.9003657501673045,0.907379822381734,0.0003487308613094,-0.0635749909782356,-1.1223493037684962,0.9384037448461664,0.9384037448461664,59,bed,0.9384037448461664,16,dog,dog|teddy bear,False,0.0002851558703311,10,-6.35749909782356e-05,0.0002851558703311644
59,bed,C:\Users\maxbe\Downloads\coco\train2017\000000200304.jpg,14,rbf,kernel_herding,direct,False,0.9065294024880864,0.0002719294101209,0.001,0.9003657501673045,0.9076806311520408,0.0003008087703069,-0.0288793601859672,-1.151228663954463,0.9715336630364912,0.9715336630364912,59,bed,0.9715336630364912,15,cat,cat,False,0.0002719294101209,10,-2.88793601859672e-05,0.0002719294101209328
59,bed,C:\Users\maxbe\Downloads\coco\train2017\000000036745.jpg,15,rbf,kernel_herding,direct,False,0.9067734282449535,0.0002440257568672,0.001,0.9003657501673045,0.9079350265695766,0.0002543954175358,-0.0103696606685387,-1.1615983246230022,0.989683918901068,0.989683918901068,59,bed,0.989683918901068,28,suitcase,cat|suitcase,False,0.0002440257568672,10,-1.03696606685387e-05,0.0002440257568672613
59,bed,C:\Users\maxbe\Downloads\coco\train2017\000000010476.jpg,16,rbf,kernel_herding,direct,False,0.9069643903350052,0.0001909620900516,0.001,0.9003657501673045,0.908209970072638,0.0002749435030614,-0.083981413009842,-1.245579737632844,0.9194483457126544,0.9194483457126544,59,bed,0.9194483457126544,62,tv,tv|mouse|keyboard,False,0.0001909620900515,10,-8.398141300984199e-05,0.00019096209005155799
59,bed,C:\Users\maxbe\Downloads\coco\train2017\000000385856.jpg,17,rbf,kernel_herding,direct,False,0.9071435789304756,0.0001791885954703,0.001,0.9003657501673045,0.9085824320402524,0.0003724619676144,-0.193273372143988,-1.4388531097768322,0.8242566145380803,0.8242566145380803,59,bed,0.8242566145380803,16,dog,dog,False,0.0001791885954704,10,-0.00019327337214398798,0.000179188595470412
59,bed,C:\Users\maxbe\Downloads\coco\train2017\000000491453.jpg,18,rbf,kernel_herding,direct,False,0.9073130075237316,0.0001694285932559,0.001,0.9003657501673045,0.9089528633073574,0.0003704312671048,-0.2010026738489206,-1.6398557836257528,0.817910244581511,0.817910244581511,59,bed,0.817910244581511,18,sheep,sheep,False,0.0001694285932558,10,-0.0002010026738489206,0.00016942859325587938
59,bed,C:\Users\maxbe\Downloads\coco\train2017\000000042975.jpg,19,rbf,kernel_herding,direct,False,0.907464053827786,0.0001510463040544,0.001,0.9003657501673045,0.9091822901175172,0.0002294268101599,-0.0783805061054997,-1.7182362897312524,0.9246125388828166,0.9246125388828166,59,bed,0.9246125388828166,62,tv,cat|tv,False,0.0001510463040544,10,-7.838050610549969e-05,0.0001510463040544003
59,bed,C:\Users\maxbe\Downloads\coco\train2017\000000363942.jpg,20,rbf,kernel_herding,direct,False,0.9076081580591884,0.0001441042314024,0.001,0.9003657501673045,0.9095182823918838,0.0003359922743665,-0.1918880429641141,-1.9101243326953663,0.8253992725739221,0.8253992725739221,59,bed,0.8253992725739221,0,person,person|cell phone,False,0.0001441042314023,10,-0.0001918880429641141,0.00014410423140238593
59,bed,C:\Users\maxbe\Downloads\coco\train2017\000000511350.jpg,21,rbf,kernel_herding,direct,False,0.9077391628066804,0.0001310047474918,0.001,0.9003657501673045,0.9097744509961306,0.0002561686042468,-0.1251638567549544,-2.0352881894503208,0.8823523113513292,0.8823523113513292,59,bed,0.8823523113513292,0,person,person|tie|chair,False,0.0001310047474918,10,-0.0001251638567549544,0.00013100474749184557
59,bed,C:\Users\maxbe\Downloads\coco\train2017\000000144180.jpg,22,rbf,kernel_herding,direct,False,0.907858883456276,0.0001197206495955,0.001,0.9003657501673045,0.9099000465545868,0.0001255955584562,-0.0058749088607085,-2.041163098311029,0.994142314669953,0.994142314669953,59,bed,0.994142314669953,59,bed,person|potted plant|bed,True,0.0001197206495954,10,-5.8749088607085005e-06,0.0001197206495954915
59,bed,C:\Users\maxbe\Downloads\coco\train2017\000000340598.jpg,23,rbf,kernel_herding,direct,False,0.9079672513096316,0.0001083678533557,0.001,0.9003657501673045,0.9100317294822384,0.0001316829276516,-0.0233150742958772,-2.0644781726069064,0.9769546219855296,0.9769546219855296,59,bed,0.9769546219855296,59,bed,dog|bed,True,0.0001083678533557,10,-2.33150742958772e-05,0.00010836785335572281
59,bed,C:\Users\maxbe\Downloads\coco\train2017\000000112235.jpg,24,rbf,kernel_herding,direct,False,0.908073028256628,0.0001057769469963,0.001,0.9003657501673045,0.9101586100930544,0.0001268806108158,-0.0211036638195518,-2.0855818364264582,0.9791174602516682,0.9791174602516682,59,bed,0.9791174602516682,61,toilet,bottle|chair|toilet|sink,False,0.0001057769469962,10,-2.11036638195518e-05,0.00010577694699624818
59,bed,C:\Users\maxbe\Downloads\coco\train2017\000000190690.jpg,25,rbf,kernel_herding,direct,False,0.908165123654266,9.209539763810336e-05,0.001,0.9003657501673045,0.9103524987597108,0.0001938886666564,-0.1017932690183578,-2.187375105444816,0.9032162551515776,0.9032162551515776,59,bed,0.9032162551515776,59,bed,cat|bed|book,True,9.20953976380422e-05,10,-0.0001017932690183578,9.209539763804221e-05
59,bed,C:\Users\maxbe\Downloads\coco\train2017\000000421393.jpg,26,rbf,kernel_herding,direct,False,0.9082471330821408,8.200942787484067e-05,0.001,0.9003657501673045,0.910629463870426,0.0002769651107151,-0.1949556828403635,-2.3823307882851794,0.8228711245579539,0.8228711245579539,59,bed,0.8228711245579539,0,person,person|dog|cup|chair|couch|potted plant|tv|remote,False,8.20094278747365e-05,10,-0.0001949556828403635,8.20094278747365e-05
59,bed,C:\Users\maxbe\Downloads\coco\train2017\000000510593.jpg,27,rbf,kernel_herding,direct,False,0.9083159175746264,6.878449248559626e-05,0.001,0.9003657501673045,0.9107087071146652,7.924324423924656e-05,-0.0104587517537262,-2.3927895400389056,0.989595750814294,0.989595750814294,59,bed,0.989595750814294,59,bed,person|dog|bed,True,6.878449248552035e-05,10,-1.04587517537262e-05,6.878449248552035e-05
59,bed,C:\Users\maxbe\Downloads\coco\train2017\000000442666.jpg,28,rbf,kernel_herding,direct,False,0.9083678054754036,5.188790077703676e-05,0.001,0.9003657501673045,0.9108360192749918,0.0001273121603264,-0.0754242595493934,-2.468213799588299,0.9273499657774188,0.9273499657774188,59,bed,0.9273499657774188,0,person,person|cell phone,False,5.18879007770066e-05,10,-7.54242595493934e-05,5.18879007770066e-05
59,bed,C:\Users\maxbe\Downloads\coco\train2017\000000147775.jpg,29,rbf,kernel_herding,direct,False,0.9084151396432903,4.733416788693656e-05,0.001,0.9003657501673045,0.9109017728664188,6.57535914270202e-05,-0.0184194235401193,-2.4866332231284187,0.9817491772770373,0.9817491772770373,59,bed,0.9817491772770373,0,person,person|suitcase|bed,True,4.733416788690089e-05,10,-1.84194235401193e-05,4.733416788690089e-05
59,bed,C:\Users\maxbe\Downloads\coco\train2017\000000562848.jpg,30,rbf,kernel_herding,direct,False,0.908451540412198,3.640076890742972e-05,0.001,0.9003657501673045,0.9111753512003624,0.0002735783339435,-0.2371775650361526,-2.7238107881645712,0.7888512031874807,0.7888512031874807,59,bed,0.7888512031874807,67,cell phone,person|cell phone,False,3.64007689073474e-05,10,-0.0002371775650361526,3.64007689073474e-05
59,bed,C:\Users\maxbe\Downloads\coco\train2017\000000463865.jpg,31,rbf,kernel_herding,direct,False,0.908472133086591,2.0592674393138388e-05,0.001,0.9003657501673045,0.9113504109245316,0.0001750597241692,-0.1544670497760036,-2.878277837940575,0.8568717257912427,0.8568717257912427,59,bed,0.8568717257912427,63,laptop,person|cat|bottle|cup|laptop|mouse,False,2.059267439319642e-05,10,-0.0001544670497760036,2.059267439319642e-05
59,bed,C:\Users\maxbe\Downloads\coco\train2017\000000033111.jpg,32,rbf,kernel_herding,direct,False,0.9084792784702584,7.145383667306327e-06,0.001,0.9003657501673045,0.9113956687319978,4.525780746622576e-05,-0.0381124237989781,-2.916390261739553,0.9626047151277488,0.9626047151277488,59,bed,0.9626047151277488,16,dog,cat|dog|bowl|chair,False,7.1453836672476576e-06,10,-3.81124237989781e-05,7.1453836672476576e-06
59,bed,C:\Users\maxbe\Downloads\coco\train2017\000000357635.jpg,33,rbf,kernel_herding,direct,False,0.9084794344702944,1.560000361111591e-07,0.001,0.9003657501673045,0.9114695566249414,7.388789294360265e-05,-0.0737318929074566,-2.99012215464701,0.9289207106881502,0.9289207106881502,59,bed,0.9289207106881502,27,tie,tie,False,1.560000361460433e-07,10,-7.373189290745661e-05,1.560000361460433e-07
59,bed,C:\Users\maxbe\Downloads\coco\train2017\000000082788.jpg,34,rbf,kernel_herding,direct,False,0.908475407646024,-4.026824270586538e-06,0.001,0.9003657501673045,0.9117074784422372,0.0002379218172958,-0.2419486415664679,-3.2320707962134776,0.7850964978417279,0.7850964978417279,59,bed,0.7850964978417279,59,bed,dog|bed,True,-4.02682427066788e-06,10,-0.0002419486415664679,-4.02682427066788e-06
59,bed,C:\Users\maxbe\Downloads\coco\train2017\000000525815.jpg,35,rbf,kernel_herding,direct,False,0.9084642674125412,-1.1140233482698214e-05,0.001,0.9003657501673045,0.9118118059607546,0.0001043275185172,-0.115467751999959,-3.3475385482134365,0.8909493031059822,0.8909493031059822,59,bed,0.8909493031059822,38,tennis racket,tennis racket,False,-1.114023348275901e-05,10,-0.000115467751999959,-1.114023348275901e-05
59,bed,C:\Users\maxbe\Downloads\coco\train2017\000000055630.jpg,36,rbf,kernel_herding,direct,False,0.9084498255333356,-1.4441879205517871e-05,0.001,0.9003657501673045,0.9118431720216226,3.136606086795446e-05,-0.0458079400734695,-3.393346488286906,0.955225405094258,0.955225405094258,59,bed,0.955225405094258,45,bowl,cat|bowl,False,-1.444187920551504e-05,10,-4.58079400734695e-05,-1.4441879205515039e-05
59,bed,C:\Users\maxbe\Downloads\coco\train2017\000000425470.jpg,37,rbf,kernel_herding,direct,False,0.9084281435340116,-2.168199932395254e-05,0.001,0.9003657501673045,0.911825496550784,-1.7675470838640628e-05,-0.0040065284853644,-3.3973530167722705,0.9960014869406356,0.9960014869406356,59,bed,0.9960014869406356,59,bed,cat|bed,True,-2.1681999324005028e-05,10,-4.0065284853644e-06,-2.1681999324005028e-05
59,bed,C:\Users\maxbe\Downloads\coco\train2017\000000517445.jpg,38,rbf,kernel_herding,direct,False,0.9084049640387472,-2.3179495264535888e-05,0.001,0.9003657501673045,0.9119429443403636,0.0001174477895797,-0.1406272848443188,-3.537980301616589,0.8688130711569656,0.8688130711569656,59,bed,0.8688130711569656,0,person,person|tv|remote,False,-2.31794952646188e-05,10,-0.0001406272848443188,-2.3179495264618802e-05
59,bed,C:\Users\maxbe\Downloads\coco\train2017\000000419769.jpg,39,rbf,kernel_herding,direct,False,0.9083706392712012,-3.432476754583469e-05,0.001,0.9003657501673045,0.9122282023500824,0.0002852580097187,-0.319582777264554,-3.8575630788811432,0.7264520661711992,0.7264520661711992,59,bed,0.7264520661711992,0,person,person|tie,False,-3.432476754585399e-05,10,-0.000319582777264554,-3.432476754585399e-05
59,bed,C:\Users\maxbe\Downloads\coco\train2017\000000375500.jpg,40,rbf,kernel_herding,direct,False,0.9083325015328084,-3.8137738392896026e-05,0.001,0.9003657501673045,0.9122906131538856,6.241080380298136e-05,-0.1005485421959616,-3.958111621077105,0.9043412126379232,0.9043412126379232,59,bed,0.9043412126379232,15,cat,cat|bed|tv|keyboard,True,-3.813773839298024e-05,10,-0.0001005485421959616,-3.813773839298024e-05
59,bed,C:\Users\maxbe\Downloads\coco\train2017\000000236117.jpg,41,rbf,kernel_herding,direct,False,0.9082910294732756,-4.147205953275446e-05,0.001,0.9003657501673045,0.9122671375041304,-2.347564975513361e-05,-0.0179964097775894,-3.9761080308546943,0.9821645585401798,0.9821645585401798,59,bed,0.9821645585401798,15,cat,cat|bed|laptop,True,-4.1472059532723015e-05,10,-1.7996409777589402e-05,-4.1472059532723015e-05
59,bed,C:\Users\maxbe\Downloads\coco\train2017\000000422172.jpg,42,rbf,kernel_herding,direct,False,0.9082449685817392,-4.6060891536470194e-05,0.001,0.9003657501673045,0.9122405965051356,-2.654099899468409e-05,-0.0195198925417612,-3.995627923396456,0.9806693869868984,0.9806693869868984,59,bed,0.9806693869868984,59,bed,handbag|suitcase|chair|bed|tv,True,-4.606089153644529e-05,10,-1.95198925417612e-05,-4.6060891536445285e-05
59,bed,C:\Users\maxbe\Downloads\coco\train2017\000000388348.jpg,43,rbf,kernel_herding,direct,False,0.9081972013486972,-4.776723304189545e-05,0.001,0.9003657501673045,0.9122804115497783,3.981504464278807e-05,-0.0875822776847496,-4.083210201081205,0.9161434903835348,0.9161434903835348,59,bed,0.9161434903835348,59,bed,person|cat|bottle|cup|bed|refrigerator|book,True,-4.7767233041961534e-05,10,-8.75822776847496e-05,-4.7767233041961534e-05
59,bed,C:\Users\maxbe\Downloads\coco\train2017\000000110230.jpg,44,rbf,kernel_herding,direct,False,0.9081432687891328,-5.393255956454013e-05,0.001,0.9003657501673045,0.9123916971661054,0.0001112856163268,-0.1652181758913754,-4.248428376972581,0.8477087343009425,0.8477087343009425,59,bed,0.8477087343009425,57,couch,dog|couch,False,-5.393255956457543e-05,10,-0.00016521817589137543,-5.393255956457543e-05
59,bed,C:\Users\maxbe\Downloads\coco\train2017\000000281034.jpg,45,rbf,kernel_herding,direct,False,0.9080861045719674,-5.7164217165395215e-05,0.001,0.9003657501673045,0.9124755829674066,8.388580130125334e-05,-0.1410500184666976,-4.389478395439278,0.8684458722793491,0.8684458722793491,59,bed,0.8684458722793491,71,sink,sink,False,-5.716421716544428e-05,10,-0.0001410500184666976,-5.7164217165444275e-05
59,bed,C:\Users\maxbe\Downloads\coco\train2017\000000167874.jpg,46,rbf,kernel_herding,direct,False,0.9080254349373088,-6.066963465856112e-05,0.001,0.9003657501673045,0.9124557261997464,-1.985676766025346e-05,-0.040812866998216,-4.430291262437494,0.9600087624601472,0.9600087624601472,59,bed,0.9600087624601472,15,cat,cat,False,-6.066963465846946e-05,10,-4.0812866998216e-05,-6.066963465846946e-05
59,bed,C:\Users\maxbe\Downloads\coco\train2017\000000056646.jpg,47,rbf,kernel_herding,direct,False,0.907955568324218,-6.986661309071884e-05,0.001,0.9003657501673045,0.91239023930721,-6.54868925362706e-05,-0.0043797205544809,-4.434670982991976,0.9956298564339728,0.9956298564339728,59,bed,0.9956298564339728,28,suitcase,cat|suitcase|bed,True,-6.98666130907515e-05,10,-4.3797205544809e-06,-6.98666130907515e-05
59,bed,C:\Users\maxbe\Downloads\coco\train2017\000000325057.jpg,48,rbf,kernel_herding,direct,False,0.9078830118591882,-7.255646502990487e-05,0.001,0.9003657501673045,0.9123342211025643,-5.601820464562479e-05,-0.0165382603843504,-4.451209243376326,0.9835977458419378,0.9835977458419378,59,bed,0.9835977458419378,0,person,person|bottle|chair|sink|book|toothbrush,False,-7.25564650299752e-05,10,-1.6538260384350403e-05,-7.25564650299752e-05
59,bed,C:\Users\maxbe\Downloads\coco\train2017\000000580753.jpg,49,rbf,kernel_herding,direct,False,0.9078040460347484,-7.896582443989164e-05,0.001,0.9003657501673045,0.9123406562879912,6.43518542664534e-06,-0.0854010098665242,-4.53661025324285,0.9181440257544988,0.9181440257544988,59,bed,0.9181440257544988,57,couch,person|tie|couch,False,-7.896582443987886e-05,10,-8.54010098665242e-05,-7.896582443987886e-05
59,bed,C:\Users\maxbe\Downloads\coco\train2017\000000441258.jpg,50,rbf,kernel_herding,direct,False,0.9077232799371636,-8.076609758467246e-05,0.001,0.9003657501673045,0.9122881613122936,-5.249497569737027e-05,-0.0282711218872687,-4.564881375130119,0.9721247667665656,0.9721247667665656,59,bed,0.9721247667665656,56,chair,chair|bed|book|teddy bear,True,-8.076609758463897e-05,10,-2.82711218872687e-05,-8.076609758463897e-05
59,bed,C:\Users\maxbe\Downloads\coco\train2017\000000484812.jpg,51,rbf,kernel_herding,direct,False,0.9076379231272026,-8.535680996102357e-05,0.001,0.9003657501673045,0.91222762338355,-6.0537928743720215e-05,-0.024818881217351,-4.58970025634747,0.9754865749693102,0.9754865749693102,59,bed,0.9754865749693102,73,book,cat|book,False,-8.535680996107122e-05,10,-2.4818881217351e-05,-8.535680996107122e-05
59,bed,C:\Users\maxbe\Downloads\coco\train2017\000000336353.jpg,52,rbf,kernel_herding,direct,False,0.907553077165811,-8.484596139157752e-05,0.001,0.9003657501673045,0.9121524965355392,-7.512684801080916e-05,-0.0097191133807437,-4.5994193697282135,0.990327964558648,0.990327964558648,59,bed,0.990327964558648,59,bed,dog|bed,True,-8.484596139155285e-05,10,-9.7191133807437e-06,-8.484596139155285e-05
59,bed,C:\Users\maxbe\Downloads\coco\train2017\000000500646.jpg,53,rbf,kernel_herding,direct,False,0.9074675859819769,-8.549118383416321e-05,0.001,0.9003657501673045,0.9121611580833864,8.661547847288453e-06,-0.0941527316813952,-4.693572101409609,0.910143743839472,0.910143743839472,59,bed,0.910143743839472,15,cat,cat|bed|book,True,-8.549118383410674e-05,10,-9.415273168139519e-05,-8.549118383410674e-05
59,bed,C:\Users\maxbe\Downloads\coco\train2017\000000422833.jpg,54,rbf,kernel_herding,direct,False,0.9073770726450748,-9.051333690202056e-05,0.001,0.9003657501673045,0.9122762408199886,0.0001150827366021,-0.2055960735041522,-4.899168174913761,0.8141618714246932,0.8141618714246932,59,bed,0.8141618714246932,0,person,person|chair|dining table|laptop,False,-9.05133369020522e-05,10,-0.0002055960735041522,-9.05133369020522e-05
59,bed,C:\Users\maxbe\Downloads\coco\train2017\000000539056.jpg,55,rbf,kernel_herding,direct,False,0.907280322345768,-9.67502993068914e-05,0.001,0.9003657501673045,0.912406257544388,0.0001300167243993,-0.2267670237062671,-5.125935198620028,0.7971064675686905,0.7971064675686905,59,bed,0.7971064675686905,63,laptop,cup|laptop|mouse|keyboard|cell phone|book,False,-9.675029930696712e-05,10,-0.00022676702370626713,-9.675029930696712e-05
59,bed,C:\Users\maxbe\Downloads\coco\train2017\000000110434.jpg,56,rbf,kernel_herding,direct,False,0.9071810491113076,-9.927323446035086e-05,0.001,0.9003657501673045,0.9124955240506032,8.926650621510213e-05,-0.1885397406754482,-5.314474939295477,0.8281675908442175,0.8281675908442175,59,bed,0.8281675908442175,0,person,person|backpack|tie|cell phone,False,-9.927323446034609e-05,10,-0.0001885397406754482,-9.927323446034609e-05
59,bed,C:\Users\maxbe\Downloads\coco\train2017\000000556983.jpg,57,rbf,kernel_herding,direct,False,0.907075049299378,-0.0001059998119294,0.001,0.9003657501673045,0.9125803048493368,8.478079873386335e-05,-0.1907806106633173,-5.505255549958794,0.8263138527137495,0.8263138527137495,59,bed,0.8263138527137495,59,bed,cat|bed|laptop,True,-0.0001059998119294,10,-0.00019078061066331732,-0.00010599981192945397
59,bed,C:\Users\maxbe\Downloads\coco\train2017\000000221156.jpg,58,rbf,kernel_herding,direct,False,0.906966808660728,-0.0001082406386501,0.001,0.9003657501673045,0.9127080044718012,0.0001276996224641,-0.2359402611143412,-5.741195811073135,0.7898278559584652,0.7898278559584652,59,bed,0.7898278559584652,0,person,person|tie|bed,True,-0.0001082406386502,10,-0.0002359402611143412,-0.00010824063865024118
59,bed,C:\Users\maxbe\Downloads\coco\train2017\000000386313.jpg,59,rbf,kernel_herding,direct,False,0.9068552757265924,-0.0001115329341356,0.001,0.9003657501673045,0.9126917203368746,-1.6284134926491944e-05,-0.0952487992092131,-5.836444610282348,0.90914671134349,0.90914671134349,59,bed,0.90914671134349,1,bicycle,bicycle|tv|book|clock,False,-0.0001115329341357,10,-9.52487992092131e-05,-0.00011153293413570504
59,bed,C:\Users\maxbe\Downloads\coco\train2017\000000148810.jpg,60,rbf,kernel_herding,direct,False,0.906738333735395,-0.0001169419911972,0.001,0.9003657501673045,0.9126702481812664,-2.147215560821536e-05,-0.095469835589014,-5.931914445871363,0.9089457790531976,0.9089457790531976,59,bed,0.9089457790531976,72,refrigerator,person|cup|oven|sink|refrigerator,False,-0.0001169419911972,10,-9.5469835589014e-05,-0.00011694199119722936
59,bed,C:\Users\maxbe\Downloads\coco\train2017\000000154324.jpg,61,rbf,kernel_herding,direct,False,0.9066218364831458,-0.0001164972522492,0.001,0.9003657501673045,0.9126057256202128,-6.452256105360377e-05,-0.0519746911957001,-5.983889137067063,0.9493528935244387,0.9493528935244387,59,bed,0.9493528935244387,61,toilet,bottle|toilet|sink,False,-0.0001164972522493,10,-5.19746911957001e-05,-0.00011649725224930388
59,bed,C:\Users\maxbe\Downloads\coco\train2017\000000186484.jpg,62,rbf,kernel_herding,direct,False,0.90650181129026,-0.0001200251928857,0.001,0.9003657501673045,0.912789253834839,0.0001835282146261,-0.3035534075119701,-6.287442544579033,0.7381904631619891,0.7381904631619891,59,bed,0.7381904631619891,15,cat,car|cat,False,-0.0001200251928858,10,-0.0003035534075119701,-0.0001200251928858701
59,bed,C:\Users\maxbe\Downloads\coco\train2017\000000256160.jpg,63,rbf,kernel_herding,direct,False,0.9063801932118448,-0.0001216180784151,0.001,0.9003657501673045,0.912671799760654,-0.0001174540741849,-0.0041640042302159,-6.2916065488092485,0.9958446532136844,0.9958446532136844,59,bed,0.9958446532136844,59,bed,bed,True,-0.0001216180784151,10,-4.1640042302159e-06,-0.0001216180784151159
59,bed,C:\Users\maxbe\Downloads\coco\train2017\000000385939.jpg,64,rbf,kernel_herding,direct,False,0.9062585838964689,-0.000121609315376,0.001,0.9003657501673045,0.9127552055347592,8.340577410526073e-05,-0.2050150894813308,-6.49662163829058,0.8146350238976864,0.8146350238976864,59,bed,0.8146350238976864,14,bird,bird|cell phone,False,-0.000121609315376,10,-0.0002050150894813308,-0.00012160931537607007
59,bed,C:\Users\maxbe\Downloads\coco\train2017\000000135287.jpg,65,rbf,kernel_herding,direct,False,0.906134818372956,-0.0001237655235127,0.001,0.9003657501673045,0.91264499737891,-0.0001102081558493,-0.0135573676633852,-6.510179005953965,0.986534119536048,0.986534119536048,59,bed,0.986534119536048,0,person,person|couch|remote|clock,False,-0.0001237655235126,10,-1.3557367663385201e-05,-0.0001237655235126852
59,bed,C:\Users\maxbe\Downloads\coco\train2017\000000459093.jpg,66,rbf,kernel_herding,direct,False,0.9060107592037476,-0.0001240591692082,0.001,0.9003657501673045,0.9126316665269112,-1.3330851998838432e-05,-0.1107283172094179,-6.620907323163383,0.8951819214161344,0.8951819214161344,59,bed,0.8951819214161344,59,bed,cat|bed,True,-0.0001240591692082,10,-0.00011072831720941791,-0.00012405916920825633
59,bed,C:\Users\maxbe\Downloads\coco\train2017\000000549232.jpg,67,rbf,kernel_herding,direct,False,0.9058824996836472,-0.0001282595201004,0.001,0.9003657501673045,0.9126534045476778,2.173802076677056e-05,-0.1499975408671872,-6.7709048640305705,0.8607100930218874,0.8607100930218874,59,bed,0.8607100930218874,77,teddy bear,teddy bear,False,-0.0001282595201004,10,-0.00014999754086718719,-0.00012825952010041663
59,bed,C:\Users\maxbe\Downloads\coco\train2017\000000145746.jpg,68,rbf,kernel_herding,direct,False,0.905754546681296,-0.0001279530023513,0.001,0.9003657501673045,0.9125819993076324,-7.140524004534132e-05,-0.0565477623060086,-6.827452626336579,0.9450213470174594,0.9450213470174594,59,bed,0.9450213470174594,59,bed,suitcase|bottle|cup|bed|sink,True,-0.0001279530023513,10,-5.6547762306008606e-05,-0.00012795300235134992
59,bed,C:\Users\maxbe\Downloads\coco\train2017\000000062703.jpg,69,rbf,kernel_herding,direct,False,0.9056246944064752,-0.0001298522748207,0.001,0.9003657501673045,0.9124913511225282,-9.064818510429172e-05,-0.0392040897164114,-6.86665671605299,0.9615544457442308,0.9615544457442308,59,bed,0.9615544457442308,0,person,person|bed|laptop|keyboard,True,-0.0001298522748207,10,-3.92040897164114e-05,-0.00012985227482070313
59,bed,C:\Users\maxbe\Downloads\coco\train2017\000000163823.jpg,70,rbf,kernel_herding,direct,False,0.9054928731184804,-0.0001318212879947,0.001,0.9003657501673045,0.912409414224631,-8.193689789726122e-05,-0.0498843900974796,-6.916541106150469,0.9513394023978996,0.9513394023978996,59,bed,0.9513394023978996,0,person,person|cup|chair|laptop|scissors,False,-0.0001318212879947,10,-4.98843900974796e-05,-0.0001318212879947408
59,bed,C:\Users\maxbe\Downloads\coco\train2017\000000117284.jpg,71,rbf,kernel_herding,direct,False,0.9053618820375384,-0.0001309910809421,0.001,0.9003657501673045,0.912341624454565,-6.778977006594022e-05,-0.0632013108762298,-6.979742417026699,0.938754473179282,0.938754473179282,59,bed,0.938754473179282,15,cat,cat,False,-0.0001309910809421,10,-6.32013108762298e-05,-0.00013099108094217002
59,bed,C:\Users\maxbe\Downloads\coco\train2017\000000332420.jpg,72,rbf,kernel_herding,direct,False,0.9052270133909504,-0.0001348686465879,0.001,0.9003657501673045,0.9122136647793022,-0.0001279596752628,-0.0069089713251181,-6.9866513883518175,0.9931148407457348,0.9931148407457348,59,bed,0.9931148407457348,59,bed,cat|suitcase|bed,True,-0.0001348686465879,10,-6.9089713251181e-06,-0.0001348686465879181
59,bed,C:\Users\maxbe\Downloads\coco\train2017\000000543364.jpg,73,rbf,kernel_herding,direct,False,0.9050935695136886,-0.0001334438772617,0.001,0.9003657501673045,0.9121448944925952,-6.877028670693175e-05,-0.0646735905548734,-7.051324978906691,0.9373733809716508,0.9373733809716508,59,bed,0.9373733809716508,57,couch,chair|couch|dining table|remote,False,-0.0001334438772618,10,-6.46735905548734e-05,-0.00013344387726180515
59,bed,C:\Users\maxbe\Downloads\coco\train2017\000000402639.jpg,74,rbf,kernel_herding,direct,False,0.9049607446774665,-0.0001328248362222,0.001,0.9003657501673045,0.91206156222777,-8.333226482515332e-05,-0.0494925713971212,-7.1008175503038125,0.9517122280013992,0.9517122280013992,59,bed,0.9517122280013992,59,bed,chair|bed|clock|teddy bear,True,-0.0001328248362222,10,-4.94925713971212e-05,-0.00013282483622227453
59,bed,C:\Users\maxbe\Downloads\coco\train2017\000000003353.jpg,75,rbf,kernel_herding,direct,False,0.904826901258218,-0.0001338434192484,0.001,0.9003657501673045,0.9119650798206416,-9.648240712867295e-05,-0.0373610121198414,-7.138178562423654,0.9633282993738694,0.9633282993738694,59,bed,0.9633282993738694,0,person,person|cat|bottle|cup|laptop|remote|vase,False,-0.0001338434192485,10,-3.73610121198414e-05,-0.00013384341924851435
59,bed,C:\Users\maxbe\Downloads\coco\train2017\000000191812.jpg,76,rbf,kernel_herding,direct,False,0.9046864053437372,-0.0001404959144805,0.001,0.9003657501673045,0.9118308692325812,-0.0001342105880601,-0.0062853264203266,-7.144463888843981,0.9937343849237442,0.9937343849237442,59,bed,0.9937343849237442,77,teddy bear,bed|teddy bear,True,-0.0001404959144804,10,-6.2853264203266e-06,-0.0001404959144804266
59,bed,C:\Users\maxbe\Downloads\coco\train2017\000000356570.jpg,77,rbf,kernel_herding,direct,False,0.90454504838001,-0.0001413569637274,0.001,0.9003657501673045,0.9118212487262574,-9.6205063239152e-06,-0.1317364574034783,-7.276200346247459,0.8765719786953291,0.8765719786953291,59,bed,0.8765719786953291,0,person,person|chair|dining table|laptop|mouse,False,-0.0001413569637273,10,-0.00013173645740347832,-0.00014135696372739352
59,bed,C:\Users\maxbe\Downloads\coco\train2017\000000524002.jpg,78,rbf,kernel_herding,direct,False,0.904400746607478,-0.0001443017725318,0.001,0.9003657501673045,0.911702662246273,-0.0001185864799843,-0.0257152925475053,-7.301915638794965,0.9746125295617252,0.9746125295617252,59,bed,0.9746125295617252,0,person,person|couch|laptop,False,-0.0001443017725318,10,-2.5715292547505298e-05,-0.0001443017725318053
59,bed,C:\Users\maxbe\Downloads\coco\train2017\000000298479.jpg,79,rbf,kernel_herding,direct,False,0.9042578463612376,-0.0001429002462404,0.001,0.9003657501673045,0.9115779285670816,-0.0001247336791915,-0.0181665670489095,-7.320082205843875,0.981997450316654,0.981997450316654,59,bed,0.981997450316654,59,bed,cat|bed,True,-0.0001429002462404,10,-1.81665670489095e-05,-0.0001429002462404095
59,bed,C:\Users\maxbe\Downloads\coco\train2017\000000396543.jpg,80,rbf,kernel_herding,direct,False,0.9041129812669528,-0.0001448650942847,0.001,0.9003657501673045,0.9117479314246284,0.0001700028575469,-0.3148679518317547,-7.634950157675629,0.7298852479149516,0.7298852479149516,59,bed,0.7298852479149516,16,dog,dog,False,-0.0001448650942848,10,-0.0003148679518317547,-0.00014486509428485473
59,bed,C:\Users\maxbe\Downloads\coco\train2017\000000262576.jpg,81,rbf,kernel_herding,direct,False,0.9039632317922368,-0.000149749474716,0.001,0.9003657501673045,0.9116059742163366,-0.0001419572082919,-0.0077922664241728,-7.642742424099802,0.9922380145792415,0.9922380145792415,59,bed,0.9922380145792415,59,bed,bed|laptop,True,-0.000149749474716,10,-7.7922664241728e-06,-0.00014974947471607279
59,bed,C:\Users\maxbe\Downloads\coco\train2017\000000241003.jpg,82,rbf,kernel_herding,direct,False,0.903810874097494,-0.0001523576947428,0.001,0.9003657501673045,0.9117381948109848,0.0001322205946481,-0.2845782893909796,-7.927320713490781,0.752331453586011,0.752331453586011,59,bed,0.752331453586011,62,tv,tv,False,-0.0001523576947428,10,-0.0002845782893909796,-0.00015235769474287962
59,bed,C:\Users\maxbe\Downloads\coco\train2017\000000358868.jpg,83,rbf,kernel_herding,direct,False,0.903656798592492,-0.000154075505002,0.001,0.9003657501673045,0.911630852205377,-0.0001073426056077,-0.0467328993943089,-7.97405361288509,0.9543422689477816,0.9543422689477816,59,bed,0.9543422689477816,59,bed,cat|handbag|bed,True,-0.000154075505002,10,-4.67328993943089e-05,-0.0001540755050020089
59,bed,C:\Users\maxbe\Downloads\coco\train2017\000000048398.jpg,84,rbf,kernel_herding,direct,False,0.9035036307351196,-0.0001531678573721,0.001,0.9003657501673045,0.9114986532448136,-0.0001321989605633,-0.0209688968088202,-7.99502250969391,0.9792494218767788,0.9792494218767788,59,bed,0.9792494218767788,59,bed,person|sports ball|couch|bed|cell phone,True,-0.0001531678573721,10,-2.09688968088202e-05,-0.0001531678573721202
59,bed,C:\Users\maxbe\Downloads\coco\train2017\000000159771.jpg,85,rbf,kernel_herding,direct,False,0.9033466061289214,-0.0001570246061983,0.001,0.9003657501673045,0.9113448308149852,-0.0001538224298283,-0.0032021763700525,-7.998224686063962,0.9968029451275942,0.9968029451275942,59,bed,0.9968029451275942,59,bed,bed|teddy bear,True,-0.0001570246061983,10,-3.2021763700525e-06,-0.0001570246061983525
59,bed,C:\Users\maxbe\Downloads\coco\train2017\000000362711.jpg,86,rbf,kernel_herding,direct,False,0.9031889573747844,-0.000157648754137,0.001,0.9003657501673045,0.9112623235972388,-8.250721774660796e-05,-0.0751415363903946,-8.073366222454357,0.9276121861553812,0.9276121861553812,59,bed,0.9276121861553812,61,toilet,cup|toilet,False,-0.000157648754137,10,-7.51415363903946e-05,-0.00015764875413700255
59,bed,C:\Users\maxbe\Downloads\coco\train2017\000000136570.jpg,87,rbf,kernel_herding,direct,False,0.9030242635625716,-0.0001646938122126,0.001,0.9003657501673045,0.9111709842659438,-9.1339331294904e-05,-0.0733544809177533,-8.146720703372111,0.9292713626678164,0.9292713626678164,59,bed,0.9292713626678164,0,person,person|cell phone,False,-0.0001646938122126,10,-7.335448091775331e-05,-0.0001646938122126573
59,bed,C:\Users\maxbe\Downloads\coco\train2017\000000227485.jpg,88,rbf,kernel_herding,direct,False,0.9028581049770636,-0.000166158585508,0.001,0.9003657501673045,0.9110078668997992,-0.0001631173661446,-0.0030412193634728,-8.149761922735584,0.9969634004586504,0.9969634004586504,59,bed,0.9969634004586504,0,person,person|tie|couch,False,-0.000166158585508,10,-3.0412193634728e-06,-0.0001661585855080728
59,bed,C:\Users\maxbe\Downloads\coco\train2017\000000401060.jpg,89,rbf,kernel_herding,direct,False,0.9026932167226044,-0.0001648882544591,0.001,0.9003657501673045,0.9108703461408796,-0.0001375207589197,-0.027367495539424,-8.177129418275008,0.9730036013284415,0.9730036013284415,59,bed,0.9730036013284415,59,bed,cat|bed|book,True,-0.0001648882544591,10,-2.7367495539424003e-05,-0.00016488825445912402
59,bed,C:\Users\maxbe\Downloads\coco\train2017\000000341006.jpg,90,rbf,kernel_herding,direct,False,0.9025263635718098,-0.0001668531507946,0.001,0.9003657501673045,0.9109388226785062,6.847653762676043e-05,-0.2353296884214516,-8.41245910669646,0.7903102505328884,0.7903102505328884,59,bed,0.7903102505328884,16,dog,dog|bowl,False,-0.0001668531507946,10,-0.00023532968842145162,-0.0001668531507946912
59,bed,C:\Users\maxbe\Downloads\coco\train2017\000000332015.jpg,91,rbf,kernel_herding,direct,False,0.9023510190769056,-0.0001753444949041,0.001,0.9003657501673045,0.9107769552097532,-0.000161867468753,-0.0134770261510852,-8.425936132847545,0.9866133823631522,0.9866133823631522,59,bed,0.9866133823631522,59,bed,apple|orange|chair|couch|potted plant|bed|dining table|tv|laptop,True,-0.000175344494904,10,-1.34770261510852e-05,-0.0001753444949040852
59,bed,C:\Users\maxbe\Downloads\coco\train2017\000000294108.jpg,92,rbf,kernel_herding,direct,False,0.9021756737155252,-0.0001753453613805,0.001,0.9003657501673045,0.9106028923182068,-0.0001740628915465,-0.0012824698340504,-8.427218602681595,0.9987183521779474,0.9987183521779474,59,bed,0.9987183521779474,59,bed,cat|bed,True,-0.0001753453613805,10,-1.2824698340504e-06,-0.0001753453613805504
59,bed,C:\Users\maxbe\Downloads\coco\train2017\000000411358.jpg,93,rbf,kernel_herding,direct,False,0.9019980978415916,-0.0001775758739336,0.001,0.9003657501673045,0.9104557230117468,-0.0001471693064598,-0.0304065674737984,-8.457625170155394,0.9700510621535272,0.9700510621535272,59,bed,0.9700510621535272,56,chair,bottle|chair|couch|tv|vase,False,-0.0001775758739335,10,-3.04065674737984e-05,-0.00017757587393359841
59,bed,C:\Users\maxbe\Downloads\coco\train2017\000000310227.jpg,94,rbf,kernel_herding,direct,False,0.901821582765824,-0.0001765150757674,0.001,0.9003657501673045,0.9102810517002397,-0.0001746713115071,-0.0018437642602551,-8.45946893441565,0.998157934427914,0.998157934427914,59,bed,0.998157934427914,59,bed,person|bed,True,-0.0001765150757673,10,-1.8437642602551e-06,-0.0001765150757673551
59,bed,C:\Users\maxbe\Downloads\coco\train2017\000000511739.jpg,95,rbf,kernel_herding,direct,False,0.9016457959101029,-0.0001757868557211,0.001,0.9003657501673045,0.9101783920320282,-0.0001026596682114,-0.0731271875097501,-8.5325961219254,0.9294826039287608,0.9294826039287608,59,bed,0.9294826039287608,61,toilet,toilet,False,-0.0001757868557211,10,-7.31271875097501e-05,-0.0001757868557211501
59,bed,C:\Users\maxbe\Downloads\coco\train2017\000000514773.jpg,96,rbf,kernel_herding,direct,False,0.901466746234346,-0.0001790496757567,0.001,0.9003657501673045,0.9100303649990764,-0.0001480270329518,-0.0310226428049286,-8.563618764730329,0.9694536216772632,0.9694536216772632,59,bed,0.9694536216772632,56,chair,person|suitcase|bottle|chair|potted plant|tv|mouse|keyboard|teddy bear,False,-0.0001790496757567,10,-3.10226428049286e-05,-0.0001790496757567286
59,bed,C:\Users\maxbe\Downloads\coco\train2017\000000296244.jpg,97,rbf,kernel_herding,direct,False,0.901285488437316,-0.00018125779703,0.001,0.9003657501673045,0.9099476467090604,-8.271829001615938e-05,-0.0985395070138462,-8.662158271744175,0.906159892234683,0.906159892234683,59,bed,0.906159892234683,56,chair,cat|chair|dining table,False,-0.00018125779703,10,-9.85395070138462e-05,-0.00018125779703000557
59,bed,C:\Users\maxbe\Downloads\coco\train2017\000000036484.jpg,98,rbf,kernel_herding,direct,False,0.901104888470067,-0.000180599967249,0.001,0.9003657501673045,0.9097839803894396,-0.0001636663196206,-0.0169336476284944,-8.67909191937267,0.9832089207131762,0.9832089207131762,59,bed,0.9832089207131762,15,cat,cat|tie|tv|mouse|keyboard,False,-0.000180599967249,10,-1.69336476284944e-05,-0.00018059996724909441
59,bed,C:\Users\maxbe\Downloads\coco\train2017\000000022432.jpg,99,rbf,kernel_herding,direct,False,0.9009254096282402,-0.0001794788418267,0.001,0.9003657501673045,0.9096072331493484,-0.0001767472400913,-0.0027316017355163,-8.681823521108186,0.9972721256927812,0.9972721256927812,59,bed,0.9972721256927812,59,bed,bed|tv,True,-0.0001794788418268,10,-2.7316017355163e-06,-0.0001794788418268163
59,bed,C:\Users\maxbe\Downloads\coco\train2017\000000454271.jpg,100,rbf,kernel_herding,direct,False,0.9007469658168532,-0.000178443811387,0.001,0.9003657501673045,0.9094631715811644,-0.0001440615681838,-0.0343822432032772,-8.716205764311463,0.966202109852198,0.966202109852198,59,bed,0.966202109852198,59,bed,bed,True,-0.000178443811387,10,-3.43822432032772e-05,-0.00017844381138707718
59,bed,C:\Users\maxbe\Downloads\coco\train2017\000000140332.jpg,101,rbf,kernel_herding,direct,False,0.9005689060751582,-0.0001780597416949,0.001,0.9003657501673045,0.9093570236222092,-0.0001061479589552,-0.0719117827396844,-8.788117547051147,0.930612988317408,0.930612988317408,59,bed,0.930612988317408,0,person,person|remote,False,-0.0001780597416948,10,-7.191178273968441e-05,-0.0001780597416948844
59,bed,C:\Users\maxbe\Downloads\coco\train2017\000000461855.jpg,102,rbf,kernel_herding,direct,False,0.900389374270607,-0.0001795318045512,0.001,0.9003657501673045,0.9091832880883433,-0.0001737355338661,-0.0057962706850762,-8.793913817736223,0.9942204952818476,0.9942204952818476,59,bed,0.9942204952818476,0,person,person|teddy bear,False,-0.0001795318045511,10,-5.7962706850762e-06,-0.00017953180455117622
59,bed,C:\Users\maxbe\Downloads\coco\train2017\000000110013.jpg,103,rbf,kernel_herding,direct,False,0.9002107698683085,-0.0001786044022984,0.001,0.9003657501673045,0.9090312263117678,-0.0001520617765753,-0.0265426257230977,-8.820456443459321,0.9738065337421844,0.9738065337421844,59,bed,0.9738065337421844,59,bed,cat|chair|couch|bed|book,True,-0.0001786044022983,10,-2.65426257230977e-05,-0.00017860440229839768
59,bed,C:\Users\maxbe\Downloads\coco\train2017\000000546451.jpg,104,rbf,kernel_herding,direct,False,0.9000310170426092,-0.0001797528256992,0.001,0.9003657501673045,0.908945280826344,-8.594548542373293e-05,-0.0938073402755034,-8.914263783734825,0.910458153960872,0.910458153960872,59,bed,0.910458153960872,61,toilet,toilet,False,-0.0001797528256992,10,-9.38073402755034e-05,-0.00017975282569923634
59,bed,C:\Users\maxbe\Downloads\coco\train2017\000000359037.jpg,105,rbf,kernel_herding,direct,False,0.8998507372240412,-0.000180279818568,0.001,0.9003657501673045,0.9088719539927614,-7.332683358263203e-05,-0.1069529849853856,-9.02121676872021,0.8985679181800239,0.8985679181800239,59,bed,0.8985679181800239,15,cat,cat|refrigerator,False,-0.000180279818568,10,-0.0001069529849853856,-0.00018027981856801764
59,bed,C:\Users\maxbe\Downloads\coco\train2017\000000122854.jpg,106,rbf,kernel_herding,direct,False,0.899670765123088,-0.0001799721009532,0.001,0.9003657501673045,0.9087333443004332,-0.0001386096923281,-0.0413624086251109,-9.062579177345322,0.9594813426158438,0.9594813426158438,59,bed,0.9594813426158438,59,bed,bottle|bed,True,-0.0001799721009532,10,-4.1362408625110895e-05,-0.00017997210095321088
59,bed,C:\Users\maxbe\Downloads\coco\train2017\000000521070.jpg,107,rbf,kernel_herding,direct,False,0.8994865148295703,-0.0001842502935176,0.001,0.9003657501673045,0.9085493646664726,-0.0001839796339606,-0.0002706595570087,-9.06284983690233,0.9997293770669848,0.9997293770669848,59,bed,0.9997293770669848,59,bed,person|bed,True,-0.0001842502935176,10,-2.706595570087e-07,-0.0001842502935176087
59,bed,C:\Users\maxbe\Downloads\coco\train2017\000000212553.jpg,108,rbf,kernel_herding,direct,False,0.8993023948420014,-0.0001841199875689,0.001,0.9003657501673045,0.9084470462400857,-0.000102318426387,-0.0818015611818819,-9.144651398084212,0.9214547929541048,0.9214547929541048,59,bed,0.9214547929541048,57,couch,chair|couch|dining table|remote|sink|book,False,-0.0001841199875688,10,-8.18015611818819e-05,-0.0001841199875688819
59,bed,C:\Users\maxbe\Downloads\coco\train2017\000000092776.jpg,109,rbf,kernel_herding,direct,False,0.8991189061169713,-0.00018348872503,0.001,0.9003657501673045,0.9082646829667526,-0.0001823632733329,-0.0011254516969741,-9.145776849781187,0.9988751813852632,0.9988751813852632,59,bed,0.9988751813852632,0,person,person|bed,True,-0.0001834887250298,10,-1.1254516969741e-06,-0.0001834887250298741
59,bed,C:\Users\maxbe\Downloads\coco\train2017\000000530086.jpg,110,rbf,kernel_herding,direct,False,0.898936929868077,-0.0001819762488942,0.001,0.9003657501673045,0.9080874095010484,-0.0001772734657042,-0.0047027831900711,-9.150479632971258,0.9953082575795644,0.9953082575795644,59,bed,0.9953082575795644,59,bed,bed,True,-0.0001819762488942,10,-4.7027831900711e-06,-0.0001819762488942711
59,bed,C:\Users\maxbe\Downloads\coco\train2017\000000036523.jpg,111,rbf,kernel_herding,direct,False,0.8987563213462324,-0.0001806085218446,0.001,0.9003657501673045,0.9079531104246484,-0.0001342990763999,-0.0463094454446415,-9.1967890784159,0.9547464745260869,0.9547464745260869,59,bed,0.9547464745260869,59,bed,cat|bed|laptop,True,-0.0001806085218445,10,-4.63094454446415e-05,-0.0001806085218445415
59,bed,C:\Users\maxbe\Downloads\coco\train2017\000000522360.jpg,112,rbf,kernel_herding,direct,False,0.8985733761022773,-0.0001829452439551,0.001,0.9003657501673045,0.9078408693350112,-0.0001122410896371,-0.0707041543179957,-9.267493232733896,0.931737501872296,0.931737501872296,59,bed,0.931737501872296,0,person,person|bed|laptop|book,True,-0.000182945243955,10,-7.070415431799571e-05,-0.0001829452439550957
59,bed,C:\Users\maxbe\Downloads\coco\train2017\000000374061.jpg,113,rbf,kernel_herding,direct,False,0.8983871738459064,-0.0001862022563708,0.001,0.9003657501673045,0.9076646967945804,-0.0001761725404308,-0.010029715939956,-9.277522948673852,0.990020413923876,0.990020413923876,59,bed,0.990020413923876,15,cat,cat|bed|teddy bear,True,-0.0001862022563707,10,-1.0029715939956e-05,-0.000186202256370756
59,bed,C:\Users\maxbe\Downloads\coco\train2017\000000356238.jpg,114,rbf,kernel_herding,direct,False,0.8982019093093312,-0.0001852645365751,0.001,0.9003657501673045,0.9075467185029696,-0.0001179782916106,-0.0672862449645712,-9.344809193638422,0.9349275447280084,0.9349275447280084,59,bed,0.9349275447280084,0,person,person|remote|book,False,-0.0001852645365751,10,-6.72862449645712e-05,-0.0001852645365751712
59,bed,C:\Users\maxbe\Downloads\coco\train2017\000000105877.jpg,115,rbf,kernel_herding,direct,False,0.898014530034346,-0.0001873792749852,0.001,0.9003657501673045,0.9073676296654092,-0.0001790888375604,-0.0082904374248468,-9.35309963106327,0.9917438334781784,0.9917438334781784,59,bed,0.9917438334781784,0,person,person|chair|bed,True,-0.0001873792749852,10,-8.2904374248468e-06,-0.0001873792749852468
59,bed,C:\Users\maxbe\Downloads\coco\train2017\000000250357.jpg,116,rbf,kernel_herding,direct,False,0.8978283573505391,-0.0001861726838068,0.001,0.9003657501673045,0.9072133555385362,-0.0001542741268729,-0.0318985569338331,-9.384998187997102,0.9686048353389582,0.9686048353389582,59,bed,0.9686048353389582,56,chair,person|chair|teddy bear,False,-0.0001861726838067,10,-3.18985569338331e-05,-0.0001861726838067331
59,bed,C:\Users\maxbe\Downloads\coco\train2017\000000542685.jpg,117,rbf,kernel_herding,direct,False,0.8976411423141778,-0.0001872150363613,0.001,0.9003657501673045,0.9070480080065646,-0.0001653475319716,-0.0218675043897033,-9.406865692386804,0.9783698561740952,0.9783698561740952,59,bed,0.9783698561740952,59,bed,potted plant|bed|vase,True,-0.0001872150363613,10,-2.18675043897033e-05,-0.0001872150363613033
59,bed,C:\Users\maxbe\Downloads\coco\train2017\000000412755.jpg,118,rbf,kernel_herding,direct,False,0.8974526556316635,-0.0001884866825142,0.001,0.9003657501673045,0.9068678902070952,-0.0001801177994694,-0.0083688830447339,-9.41523457543154,0.9916660385697668,0.9916660385697668,59,bed,0.9916660385697668,57,couch,dog|handbag|banana|chair|couch|dining table|tv|laptop|keyboard|book,False,-0.0001884866825141,10,-8.3688830447339e-06,-0.0001884866825141339
59,bed,C:\Users\maxbe\Downloads\coco\train2017\000000437872.jpg,119,rbf,kernel_herding,direct,False,0.897264327119963,-0.0001883285117005,0.001,0.9003657501673045,0.9066829811886538,-0.0001849090184413,-0.0034194932592241,-9.418654068690763,0.9965863465485588,0.9965863465485588,59,bed,0.9965863465485588,0,person,person|bed,True,-0.0001883285117005,10,-3.4194932592241e-06,-0.0001883285117005241
59,bed,C:\Users\maxbe\Downloads\coco\train2017\000000025421.jpg,120,rbf,kernel_herding,direct,False,0.8970770927056189,-0.000187234414344,0.001,0.9003657501673045,0.9065614755992762,-0.0001215055893775,-0.0657288249665739,-9.484382893657337,0.936384754031758,0.936384754031758,59,bed,0.936384754031758,62,tv,cat|tv|remote,False,-0.000187234414344,10,-6.57288249665739e-05,-0.0001872344143440739
