false_positive_rate,M_0_macro_true_positive_rate,M_0_micro_true_positive_rate,M_1_macro_true_positive_rate,M_1_micro_true_positive_rate,M_rand_macro_true_positive_rate,M_rand_micro_true_positive_rate
0.0,0.0,0.0,0.0,0.0,0.0,0.0
0.001,0.72953216374269,0.710691823899371,0.7757488960496479,0.7688679245283019,0.6694116242988424,0.6588050314465409
0.002,0.760890321040697,0.7704402515723271,0.8112244897959184,0.809748427672956,0.6949516648764769,0.7075471698113207
0.003,0.7852070652822531,0.7924528301886793,0.8299618092851175,0.8364779874213837,0.7250865258384056,0.7279874213836478
0.004,0.8022138680033417,0.8050314465408805,0.8411504952858336,0.8490566037735849,0.7301885666547321,0.7374213836477987
0.005,0.8134025540040577,0.8191823899371069,0.8593805943430004,0.860062893081761,0.7516111707841031,0.7468553459119497
0.006,0.8165652225802602,0.8223270440251572,0.862781954887218,0.8663522012578616,0.7664399092970522,0.7672955974842768
0.007,0.8216672633965867,0.8301886792452831,0.8642439431913116,0.8694968553459119,0.7713032581453634,0.7720125786163522
0.008,0.8299319727891157,0.8333333333333334,0.8708079723117317,0.8710691823899371,0.7788518916338465,0.7751572327044025
0.009000000000000001,0.8333333333333334,0.839622641509434,0.8725086525838406,0.8726415094339622,0.7837152404821577,0.7845911949685535
0.01,0.8350340136054422,0.8427672955974843,0.8768946174961212,0.8726415094339622,0.7900405776345626,0.789308176100629
0.011,0.8447607113020646,0.8427672955974843,0.8783566058002148,0.8789308176100629,0.793203246210765,0.7940251572327044
0.012,0.8464613915741734,0.8459119496855346,0.8798185941043084,0.8805031446540881,0.7949039264828739,0.7940251572327044
0.013000000000000001,0.8464613915741734,0.8459119496855346,0.8815192743764172,0.8836477987421384,0.7949039264828739,0.7971698113207547
0.014,0.8464613915741734,0.85062893081761,0.8829812626805108,0.8852201257861635,0.7966046067549827,0.7987421383647799
0.015,0.856188089270796,0.8553459119496856,0.8863826232247285,0.8867924528301887,0.8029299439073876,0.8066037735849056
0.016,0.856188089270796,0.8553459119496856,0.8863826232247285,0.8883647798742138,0.8114333452679318,0.8113207547169812
0.017,0.8620360424871703,0.8553459119496856,0.8912459720730397,0.8930817610062893,0.8128953335720253,0.8128930817610063
0.018000000000000002,0.8649600190953575,0.8632075471698113,0.8946473326172575,0.8946540880503144,0.8145960138441342,0.8128930817610063
0.019,0.866422007399451,0.8663522012578616,0.896109320921351,0.8962264150943396,0.8145960138441342,0.8144654088050315
0.02,0.866422007399451,0.8663522012578616,0.9024346580737559,0.9025157232704403,0.8194593626924453,0.8160377358490566
0.021,0.8693459840076381,0.8694968553459119,0.9058360186179735,0.9056603773584906,0.8226220312686479,0.8238993710691824
0.022,0.8708079723117317,0.8710691823899371,0.9109380594343001,0.9088050314465409,0.8257846998448503,0.8254716981132075
0.023,0.8759100131280582,0.8726415094339622,0.9141007280105025,0.9119496855345912,0.827485380116959,0.8254716981132075
0.024,0.8773720014321518,0.8773584905660378,0.9158014082826114,0.9135220125786163,0.827485380116959,0.8270440251572327
0.025,0.8790726817042607,0.8805031446540881,0.9158014082826114,0.9150943396226415,0.827485380116959,0.8286163522012578
0.026000000000000002,0.8853980188566655,0.8805031446540881,0.9158014082826114,0.9182389937106918,0.8289473684210527,0.8286163522012578
0.027,0.8870986991287744,0.8805031446540881,0.9189640768588136,0.9182389937106918,0.8289473684210527,0.8286163522012578
0.028,0.890500059672992,0.8836477987421384,0.9221267454350162,0.9213836477987422,0.8306480486931616,0.8317610062893082
0.029,0.8922007399451009,0.8852201257861635,0.9221267454350162,0.9213836477987422,0.8352727055734575,0.8349056603773585
0.03,0.8936627282491945,0.8867924528301887,0.9255281059792337,0.9229559748427673,0.8401360544217688,0.8364779874213837
0.031,0.897064088793412,0.889937106918239,0.928452082587421,0.9245283018867925,0.8418367346938775,0.839622641509434
0.032,0.8985260770975056,0.8930817610062893,0.928452082587421,0.9245283018867925,0.8418367346938775,0.8411949685534591
0.033,0.9002267573696145,0.8962264150943396,0.9318534431316386,0.9245283018867925,0.8418367346938775,0.8443396226415094
0.034,0.9002267573696145,0.9009433962264151,0.9333154314357321,0.9261006289308176,0.8432987229979712,0.8443396226415094
0.035,0.9002267573696145,0.9009433962264151,0.9333154314357321,0.9292452830188679,0.8447607113020646,0.8443396226415094
0.036000000000000004,0.903389425945817,0.9009433962264151,0.9333154314357321,0.9292452830188679,0.8464613915741734,0.8443396226415094
0.037,0.903389425945817,0.9009433962264151,0.935016111707841,0.9292452830188679,0.8481620718462823,0.8459119496855346
0.038,0.9065520945220193,0.9040880503144654,0.935016111707841,0.9308176100628931,0.8481620718462823,0.8459119496855346
0.039,0.9094760711302065,0.9040880503144654,0.935016111707841,0.9308176100628931,0.8481620718462823,0.8474842767295597
0.04,0.9094760711302065,0.9072327044025157,0.935016111707841,0.9323899371069182,0.849624060150376,0.8490566037735849
0.041,0.9111767514023152,0.9072327044025157,0.9379400883160283,0.9323899371069182,0.8513247404224847,0.85062893081761
0.042,0.9128774316744241,0.9072327044025157,0.9379400883160283,0.9323899371069182,0.8530254206945935,0.85062893081761
0.043000000000000003,0.914578111946533,0.9088050314465409,0.9379400883160283,0.9323899371069182,0.856188089270796,0.8522012578616353
0.044,0.914578111946533,0.9088050314465409,0.9379400883160283,0.9323899371069182,0.856188089270796,0.8553459119496856
0.045,0.914578111946533,0.910377358490566,0.9396407685881369,0.9355345911949685,0.856188089270796,0.8569182389937107
0.046,0.914578111946533,0.9119496855345912,0.9396407685881369,0.9355345911949685,0.8576500775748896,0.8584905660377359
0.047,0.9162787922186418,0.9119496855345912,0.9396407685881369,0.9355345911949685,0.8591120658789831,0.8584905660377359
0.048,0.9177407805227354,0.9119496855345912,0.9396407685881369,0.9371069182389937,0.8591120658789831,0.8584905660377359
0.049,0.9211421410669531,0.9135220125786163,0.9396407685881369,0.9371069182389937,0.8608127461510919,0.860062893081761
0.05,0.9211421410669531,0.9135220125786163,0.9396407685881369,0.9386792452830188,0.8625134264232008,0.860062893081761
0.051000000000000004,0.9211421410669531,0.9150943396226415,0.9413414488602458,0.9386792452830188,0.8642141066953097,0.8616352201257862
0.052000000000000005,0.9243048096431555,0.9166666666666666,0.9413414488602458,0.9386792452830188,0.8656760949994032,0.8616352201257862
0.053,0.9260054899152643,0.9166666666666666,0.9413414488602458,0.9386792452830188,0.8656760949994032,0.8632075471698113
0.054,0.929406850459482,0.9182389937106918,0.9413414488602458,0.9386792452830188,0.8656760949994032,0.8647798742138365
0.055,0.929406850459482,0.9198113207547169,0.9413414488602458,0.9386792452830188,0.8671380833034968,0.8663522012578616
0.056,0.929406850459482,0.9198113207547169,0.9413414488602458,0.9386792452830188,0.8671380833034968,0.8679245283018868
0.057,0.929406850459482,0.9213836477987422,0.9413414488602458,0.940251572327044,0.8671380833034968,0.8679245283018868
0.058,0.9308688387635755,0.9213836477987422,0.9413414488602458,0.9418238993710691,0.8671380833034968,0.8679245283018868
0.059000000000000004,0.9308688387635755,0.9213836477987422,0.9413414488602458,0.9418238993710691,0.8686000716075903,0.8679245283018868
0.06,0.9308688387635755,0.9229559748427673,0.9413414488602458,0.9418238993710691,0.8686000716075903,0.8679245283018868
0.061,0.9308688387635755,0.9229559748427673,0.9428034371643395,0.9418238993710691,0.8686000716075903,0.8679245283018868
0.062,0.9308688387635755,0.9229559748427673,0.9428034371643395,0.9418238993710691,0.8686000716075903,0.8679245283018868
0.063,0.9308688387635755,0.9245283018867925,0.9428034371643395,0.9418238993710691,0.8686000716075903,0.8679245283018868
0.064,0.9308688387635755,0.9261006289308176,0.9428034371643395,0.9433962264150944,0.8686000716075903,0.8679245283018868
0.065,0.9308688387635755,0.9261006289308176,0.9428034371643395,0.9433962264150944,0.8686000716075903,0.8679245283018868
0.066,0.9323308270676691,0.9276729559748428,0.9428034371643395,0.9433962264150944,0.8686000716075903,0.8679245283018868
0.067,0.9323308270676691,0.9276729559748428,0.9428034371643395,0.9433962264150944,0.8703007518796992,0.8679245283018868
0.068,0.9323308270676691,0.9308176100628931,0.9428034371643395,0.9433962264150944,0.8737021124239169,0.8679245283018868
0.069,0.9323308270676691,0.9308176100628931,0.9428034371643395,0.9433962264150944,0.8737021124239169,0.8679245283018868
0.07,0.9337928153717627,0.9323899371069182,0.9428034371643395,0.9433962264150944,0.8754027926960257,0.8679245283018868
0.07100000000000001,0.9337928153717627,0.9339622641509434,0.946204797708557,0.9433962264150944,0.8771034729681346,0.8679245283018868
0.07200000000000001,0.9337928153717627,0.9339622641509434,0.9479054779806659,0.9433962264150944,0.8771034729681346,0.8679245283018868
0.073,0.9337928153717627,0.9355345911949685,0.9479054779806659,0.9449685534591195,0.8771034729681346,0.8679245283018868
0.074,0.9337928153717627,0.9371069182389937,0.9493674662847595,0.9465408805031447,0.8771034729681346,0.8679245283018868
0.075,0.9337928153717627,0.9371069182389937,0.9493674662847595,0.9465408805031447,0.8771034729681346,0.8694968553459119
0.076,0.9354934956438716,0.9371069182389937,0.950829454588853,0.9481132075471698,0.8771034729681346,0.8726415094339622
0.077,0.9354934956438716,0.9371069182389937,0.9542308151330707,0.9512578616352201,0.8771034729681346,0.8742138364779874
0.078,0.9371941759159804,0.9371069182389937,0.9542308151330707,0.9528301886792453,0.8771034729681346,0.8742138364779874
0.079,0.9386561642200739,0.9371069182389937,0.9542308151330707,0.9528301886792453,0.8771034729681346,0.8757861635220126
0.08,0.9403568444921828,0.9386792452830188,0.9542308151330707,0.9528301886792453,0.8771034729681346,0.8773584905660378
0.081,0.9403568444921828,0.9386792452830188,0.9542308151330707,0.9528301886792453,0.8771034729681346,0.8773584905660378
0.082,0.9403568444921828,0.9386792452830188,0.9542308151330707,0.9528301886792453,0.8771034729681346,0.8789308176100629
0.083,0.9403568444921828,0.9386792452830188,0.9542308151330707,0.9528301886792453,0.8771034729681346,0.8805031446540881
0.084,0.9420575247642917,0.9386792452830188,0.9542308151330707,0.9528301886792453,0.8771034729681346,0.8805031446540881
0.085,0.9449815013724787,0.9386792452830188,0.9542308151330707,0.9528301886792453,0.880266141544337,0.8805031446540881
0.08600000000000001,0.9449815013724787,0.9386792452830188,0.9542308151330707,0.9528301886792453,0.8819668218164458,0.8805031446540881
0.08700000000000001,0.9449815013724787,0.9386792452830188,0.9542308151330707,0.9528301886792453,0.8836675020885547,0.8805031446540881
0.088,0.9449815013724787,0.9386792452830188,0.9542308151330707,0.9528301886792453,0.8836675020885547,0.8805031446540881
0.089,0.9449815013724787,0.940251572327044,0.9542308151330707,0.9528301886792453,0.8851294903926483,0.8805031446540881
0.09,0.9466821816445876,0.940251572327044,0.9576321756772884,0.9528301886792453,0.8868301706647571,0.8820754716981132
0.091,0.9466821816445876,0.940251572327044,0.9576321756772884,0.9528301886792453,0.8885308509368659,0.8820754716981132
0.092,0.9466821816445876,0.940251572327044,0.9576321756772884,0.9528301886792453,0.8885308509368659,0.8820754716981132
0.093,0.9466821816445876,0.940251572327044,0.9576321756772884,0.9528301886792453,0.8902315312089748,0.8820754716981132
0.094,0.9483828619166965,0.940251572327044,0.9576321756772884,0.9559748427672956,0.8933941997851773,0.8820754716981132
0.095,0.9500835421888053,0.940251572327044,0.9576321756772884,0.9559748427672956,0.8933941997851773,0.8836477987421384
0.096,0.9500835421888053,0.940251572327044,0.9576321756772884,0.9559748427672956,0.8933941997851773,0.8836477987421384
0.097,0.9500835421888053,0.940251572327044,0.959094163981382,0.9559748427672956,0.8933941997851773,0.8836477987421384
0.098,0.9500835421888053,0.940251572327044,0.9605561522854755,0.9559748427672956,0.8933941997851773,0.8836477987421384
0.099,0.9500835421888053,0.940251572327044,0.9605561522854755,0.9559748427672956,0.8933941997851773,0.8852201257861635
0.1,0.9500835421888053,0.9418238993710691,0.9605561522854755,0.9559748427672956,0.8933941997851773,0.8852201257861635
0.101,0.9500835421888053,0.9418238993710691,0.9620181405895691,0.9559748427672956,0.8933941997851773,0.8867924528301887
0.10200000000000001,0.9500835421888053,0.9418238993710691,0.9620181405895691,0.9559748427672956,0.8933941997851773,0.8867924528301887
0.10300000000000001,0.9515455304928989,0.9418238993710691,0.9634801288936627,0.9559748427672956,0.8933941997851773,0.8883647798742138
0.10400000000000001,0.9515455304928989,0.9418238993710691,0.9649421171977564,0.9559748427672956,0.8950948800572861,0.8883647798742138
0.105,0.9515455304928989,0.9433962264150944,0.9649421171977564,0.9559748427672956,0.8982575486334885,0.8915094339622641
0.106,0.9515455304928989,0.9449685534591195,0.9649421171977564,0.9575471698113207,0.8982575486334885,0.8915094339622641
0.107,0.9515455304928989,0.9449685534591195,0.9649421171977564,0.9591194968553459,0.8982575486334885,0.8930817610062893
0.108,0.9515455304928989,0.9449685534591195,0.9649421171977564,0.9591194968553459,0.8982575486334885,0.8930817610062893
0.109,0.9515455304928989,0.9465408805031447,0.9649421171977564,0.9591194968553459,0.8982575486334885,0.8930817610062893
0.11,0.9515455304928989,0.9481132075471698,0.9649421171977564,0.960691823899371,0.8982575486334885,0.8946540880503144
0.111,0.9515455304928989,0.9481132075471698,0.9649421171977564,0.960691823899371,0.8997195369375821,0.8962264150943396
0.112,0.9515455304928989,0.9481132075471698,0.9649421171977564,0.960691823899371,0.8997195369375821,0.8962264150943396
0.113,0.9515455304928989,0.9512578616352201,0.9649421171977564,0.960691823899371,0.8997195369375821,0.89937106918239
0.114,0.9515455304928989,0.9512578616352201,0.9649421171977564,0.960691823899371,0.8997195369375821,0.9025157232704403
0.115,0.9515455304928989,0.9512578616352201,0.9649421171977564,0.960691823899371,0.9011815252416756,0.9025157232704403
0.116,0.9515455304928989,0.9528301886792453,0.9649421171977564,0.960691823899371,0.9011815252416756,0.9040880503144654
0.117,0.9530075187969924,0.9528301886792453,0.9649421171977564,0.960691823899371,0.9028822055137844,0.9040880503144654
0.11800000000000001,0.9530075187969924,0.9528301886792453,0.9649421171977564,0.9638364779874213,0.9028822055137844,0.9040880503144654
0.11900000000000001,0.9530075187969924,0.9528301886792453,0.9649421171977564,0.9638364779874213,0.904344193817878,0.9040880503144654
0.12,0.9530075187969924,0.9528301886792453,0.9649421171977564,0.9638364779874213,0.904344193817878,0.9040880503144654
0.121,0.9530075187969924,0.9528301886792453,0.9649421171977564,0.9654088050314465,0.904344193817878,0.9040880503144654
0.122,0.9530075187969924,0.9544025157232704,0.9649421171977564,0.9654088050314465,0.904344193817878,0.9040880503144654
0.123,0.9530075187969924,0.9544025157232704,0.9649421171977564,0.9654088050314465,0.904344193817878,0.9040880503144654
0.124,0.9530075187969924,0.9575471698113207,0.9649421171977564,0.9654088050314465,0.9058061821219716,0.9040880503144654
0.125,0.9530075187969924,0.9575471698113207,0.9649421171977564,0.9654088050314465,0.9058061821219716,0.9040880503144654
0.126,0.9530075187969924,0.9575471698113207,0.9678660938059434,0.9654088050314465,0.9058061821219716,0.9040880503144654
0.127,0.9530075187969924,0.9575471698113207,0.9678660938059434,0.9654088050314465,0.9058061821219716,0.9056603773584906
0.128,0.9530075187969924,0.9575471698113207,0.9678660938059434,0.9654088050314465,0.9058061821219716,0.9072327044025157
0.129,0.9530075187969924,0.9591194968553459,0.9678660938059434,0.9654088050314465,0.9058061821219716,0.9072327044025157
0.13,0.9530075187969924,0.9591194968553459,0.9678660938059434,0.9654088050314465,0.9058061821219716,0.9072327044025157
0.131,0.954469507101086,0.9591194968553459,0.9678660938059434,0.9654088050314465,0.9072681704260652,0.9072327044025157
0.132,0.954469507101086,0.9591194968553459,0.9678660938059434,0.9654088050314465,0.9072681704260652,0.9072327044025157
0.133,0.954469507101086,0.9591194968553459,0.9678660938059434,0.9654088050314465,0.9072681704260652,0.9072327044025157
0.134,0.954469507101086,0.9591194968553459,0.9678660938059434,0.9654088050314465,0.9072681704260652,0.9072327044025157
0.135,0.954469507101086,0.9591194968553459,0.9678660938059434,0.9685534591194969,0.9087301587301587,0.9072327044025157
0.136,0.954469507101086,0.9591194968553459,0.9678660938059434,0.9685534591194969,0.9101921470342523,0.9072327044025157
0.137,0.954469507101086,0.960691823899371,0.9678660938059434,0.970125786163522,0.9101921470342523,0.9072327044025157
0.138,0.9559314954051796,0.960691823899371,0.9678660938059434,0.970125786163522,0.9101921470342523,0.9072327044025157
0.139,0.9573934837092732,0.960691823899371,0.9678660938059434,0.970125786163522,0.9101921470342523,0.9072327044025157
0.14,0.9573934837092732,0.9622641509433962,0.9678660938059434,0.970125786163522,0.9101921470342523,0.9072327044025157
0.14100000000000001,0.9573934837092732,0.9622641509433962,0.9678660938059434,0.9716981132075472,0.9101921470342523,0.9088050314465409
0.14200000000000002,0.9588554720133667,0.9622641509433962,0.9678660938059434,0.9716981132075472,0.9101921470342523,0.9088050314465409
0.14300000000000002,0.9588554720133667,0.9622641509433962,0.9678660938059434,0.9716981132075472,0.9118928273063611,0.9088050314465409
0.14400000000000002,0.9588554720133667,0.9622641509433962,0.9678660938059434,0.9716981132075472,0.9118928273063611,0.9088050314465409
0.145,0.9588554720133667,0.9622641509433962,0.9678660938059434,0.9716981132075472,0.9118928273063611,0.910377358490566
0.146,0.9588554720133667,0.9622641509433962,0.9678660938059434,0.9732704402515723,0.91359350757847,0.910377358490566
0.147,0.9588554720133667,0.9622641509433962,0.9678660938059434,0.9732704402515723,0.91359350757847,0.910377358490566
0.148,0.9603174603174602,0.9622641509433962,0.9678660938059434,0.9732704402515723,0.91359350757847,0.9119496855345912
0.149,0.9603174603174602,0.9622641509433962,0.9678660938059434,0.9732704402515723,0.91359350757847,0.9119496855345912
0.15,0.9603174603174602,0.9622641509433962,0.9678660938059434,0.9732704402515723,0.91359350757847,0.9119496855345912
0.151,0.9603174603174602,0.9622641509433962,0.9678660938059434,0.9732704402515723,0.91359350757847,0.9119496855345912
0.152,0.9620181405895691,0.9622641509433962,0.9678660938059434,0.9732704402515723,0.91359350757847,0.9119496855345912
0.153,0.9620181405895691,0.9638364779874213,0.9678660938059434,0.9732704402515723,0.91359350757847,0.9119496855345912
0.154,0.9620181405895691,0.9638364779874213,0.9678660938059434,0.9732704402515723,0.9152941878505789,0.9119496855345912
0.155,0.963718820861678,0.9638364779874213,0.9678660938059434,0.9732704402515723,0.9152941878505789,0.9119496855345912
0.156,0.963718820861678,0.9638364779874213,0.9678660938059434,0.9732704402515723,0.9152941878505789,0.9119496855345912
0.157,0.963718820861678,0.9638364779874213,0.9678660938059434,0.9732704402515723,0.9169948681226877,0.9119496855345912
0.158,0.963718820861678,0.9638364779874213,0.9678660938059434,0.9732704402515723,0.9169948681226877,0.9119496855345912
0.159,0.963718820861678,0.9638364779874213,0.9678660938059434,0.9732704402515723,0.9169948681226877,0.9135220125786163
0.16,0.963718820861678,0.9638364779874213,0.9678660938059434,0.9732704402515723,0.9169948681226877,0.9135220125786163
0.161,0.963718820861678,0.9638364779874213,0.9678660938059434,0.9732704402515723,0.9169948681226877,0.9150943396226415
0.162,0.963718820861678,0.9638364779874213,0.969328082110037,0.9732704402515723,0.9169948681226877,0.9150943396226415
0.163,0.9666427974698651,0.9654088050314465,0.969328082110037,0.9732704402515723,0.9169948681226877,0.9150943396226415
0.164,0.9666427974698651,0.9654088050314465,0.969328082110037,0.9732704402515723,0.9186955483947965,0.9150943396226415
0.165,0.9666427974698651,0.9654088050314465,0.969328082110037,0.9732704402515723,0.9186955483947965,0.9150943396226415
0.166,0.9666427974698651,0.9654088050314465,0.969328082110037,0.9732704402515723,0.9186955483947965,0.9166666666666666
0.167,0.9666427974698651,0.9654088050314465,0.969328082110037,0.9732704402515723,0.9186955483947965,0.9182389937106918
0.168,0.9666427974698651,0.9654088050314465,0.969328082110037,0.9732704402515723,0.9186955483947965,0.9182389937106918
0.169,0.9666427974698651,0.9654088050314465,0.969328082110037,0.9732704402515723,0.9186955483947965,0.9182389937106918
0.17,0.9666427974698651,0.9654088050314465,0.969328082110037,0.9732704402515723,0.9201575366988901,0.9182389937106918
0.171,0.9666427974698651,0.9654088050314465,0.969328082110037,0.9732704402515723,0.9201575366988901,0.9198113207547169
0.17200000000000001,0.9666427974698651,0.9654088050314465,0.969328082110037,0.9732704402515723,0.921858216970999,0.9198113207547169
0.17300000000000001,0.9666427974698651,0.9654088050314465,0.969328082110037,0.9732704402515723,0.921858216970999,0.9198113207547169
0.17400000000000002,0.9666427974698651,0.9654088050314465,0.969328082110037,0.9732704402515723,0.9233202052750925,0.9198113207547169
0.17500000000000002,0.9666427974698651,0.9654088050314465,0.969328082110037,0.9732704402515723,0.9233202052750925,0.9213836477987422
0.176,0.9666427974698651,0.9654088050314465,0.969328082110037,0.9732704402515723,0.9250208855472013,0.9213836477987422
0.177,0.9666427974698651,0.9654088050314465,0.969328082110037,0.9732704402515723,0.9250208855472013,0.9229559748427673
0.178,0.9666427974698651,0.9654088050314465,0.969328082110037,0.9732704402515723,0.9250208855472013,0.9229559748427673
0.179,0.9666427974698651,0.9654088050314465,0.969328082110037,0.9732704402515723,0.9250208855472013,0.9229559748427673
0.18,0.9666427974698651,0.9654088050314465,0.969328082110037,0.9732704402515723,0.9250208855472013,0.9229559748427673
0.181,0.9666427974698651,0.9654088050314465,0.969328082110037,0.9732704402515723,0.9250208855472013,0.9229559748427673
0.182,0.9666427974698651,0.9654088050314465,0.969328082110037,0.9732704402515723,0.9250208855472013,0.9229559748427673
0.183,0.9666427974698651,0.9654088050314465,0.969328082110037,0.9732704402515723,0.9250208855472013,0.9229559748427673
0.184,0.9666427974698651,0.9654088050314465,0.9707900704141306,0.9732704402515723,0.9267215658193102,0.9229559748427673
0.185,0.9666427974698651,0.9654088050314465,0.9707900704141306,0.9732704402515723,0.9281835541234037,0.9245283018867925
0.186,0.9666427974698651,0.9654088050314465,0.9707900704141306,0.9732704402515723,0.9281835541234037,0.9245283018867925
0.187,0.9666427974698651,0.9654088050314465,0.9707900704141306,0.9732704402515723,0.9296455424274973,0.9245283018867925
0.188,0.9666427974698651,0.9654088050314465,0.9722520587182242,0.9732704402515723,0.9296455424274973,0.9261006289308176
0.189,0.9666427974698651,0.9654088050314465,0.9722520587182242,0.9732704402515723,0.9296455424274973,0.9261006289308176
0.19,0.9666427974698651,0.9654088050314465,0.9722520587182242,0.9732704402515723,0.9296455424274973,0.9261006289308176
0.191,0.9666427974698651,0.9654088050314465,0.9722520587182242,0.9732704402515723,0.9296455424274973,0.9261006289308176
0.192,0.9666427974698651,0.9654088050314465,0.9722520587182242,0.9732704402515723,0.9296455424274973,0.9261006289308176
0.193,0.9666427974698651,0.9654088050314465,0.9722520587182242,0.9732704402515723,0.9311075307315908,0.9261006289308176
0.194,0.9666427974698651,0.9654088050314465,0.9722520587182242,0.9732704402515723,0.9311075307315908,0.9261006289308176
0.195,0.9666427974698651,0.9654088050314465,0.9722520587182242,0.9732704402515723,0.9325695190356844,0.9261006289308176
0.196,0.9666427974698651,0.9654088050314465,0.9722520587182242,0.9732704402515723,0.9325695190356844,0.9276729559748428
0.197,0.9666427974698651,0.9654088050314465,0.9722520587182242,0.9732704402515723,0.9325695190356844,0.9276729559748428
0.198,0.9666427974698651,0.9654088050314465,0.9737140470223177,0.9732704402515723,0.9325695190356844,0.9276729559748428
0.199,0.9666427974698651,0.9654088050314465,0.9737140470223177,0.9732704402515723,0.9325695190356844,0.9276729559748428
0.2,0.9666427974698651,0.9654088050314465,0.9737140470223177,0.9732704402515723,0.9325695190356844,0.9276729559748428
0.201,0.9666427974698651,0.9654088050314465,0.9737140470223177,0.9732704402515723,0.9325695190356844,0.9292452830188679
0.202,0.9666427974698651,0.9654088050314465,0.9737140470223177,0.9732704402515723,0.9325695190356844,0.9308176100628931
0.203,0.9666427974698651,0.9654088050314465,0.9737140470223177,0.9732704402515723,0.9325695190356844,0.9308176100628931
0.20400000000000001,0.9681047857739586,0.9654088050314465,0.9737140470223177,0.9732704402515723,0.9325695190356844,0.9308176100628931
0.20500000000000002,0.9681047857739586,0.9654088050314465,0.9737140470223177,0.9732704402515723,0.9325695190356844,0.9308176100628931
0.20600000000000002,0.9681047857739586,0.9654088050314465,0.9737140470223177,0.9732704402515723,0.934031507339778,0.9323899371069182
0.20700000000000002,0.9681047857739586,0.9669811320754716,0.9737140470223177,0.9732704402515723,0.934031507339778,0.9323899371069182
0.20800000000000002,0.9681047857739586,0.9669811320754716,0.9737140470223177,0.9732704402515723,0.934031507339778,0.9323899371069182
0.209,0.9681047857739586,0.9669811320754716,0.9737140470223177,0.9732704402515723,0.934031507339778,0.9323899371069182
0.21,0.9681047857739586,0.9669811320754716,0.9737140470223177,0.9732704402515723,0.934031507339778,0.9323899371069182
0.211,0.9681047857739586,0.9669811320754716,0.9737140470223177,0.9732704402515723,0.934031507339778,0.9323899371069182
0.212,0.9681047857739586,0.9669811320754716,0.9737140470223177,0.9732704402515723,0.934031507339778,0.9339622641509434
0.213,0.9681047857739586,0.9669811320754716,0.9737140470223177,0.9732704402515723,0.934031507339778,0.9339622641509434
0.214,0.9681047857739586,0.9669811320754716,0.9737140470223177,0.9732704402515723,0.934031507339778,0.9339622641509434
0.215,0.9681047857739586,0.9669811320754716,0.9737140470223177,0.9732704402515723,0.934031507339778,0.9339622641509434
0.216,0.9681047857739586,0.9669811320754716,0.9737140470223177,0.9748427672955975,0.934031507339778,0.9339622641509434
0.217,0.9681047857739586,0.9669811320754716,0.9737140470223177,0.9748427672955975,0.934031507339778,0.9355345911949685
0.218,0.9695667740780523,0.9669811320754716,0.9737140470223177,0.9748427672955975,0.9357321876118868,0.9355345911949685
0.219,0.9695667740780523,0.9669811320754716,0.9737140470223177,0.9748427672955975,0.9357321876118868,0.9355345911949685
0.22,0.9695667740780523,0.9669811320754716,0.9737140470223177,0.9748427672955975,0.9357321876118868,0.9371069182389937
0.221,0.9695667740780523,0.9669811320754716,0.9737140470223177,0.9748427672955975,0.9374328678839956,0.9386792452830188
0.222,0.9695667740780523,0.9685534591194969,0.9737140470223177,0.9748427672955975,0.9374328678839956,0.9386792452830188
0.223,0.9695667740780523,0.9685534591194969,0.9737140470223177,0.9748427672955975,0.9391335481561045,0.9386792452830188
0.224,0.9695667740780523,0.9685534591194969,0.9737140470223177,0.9748427672955975,0.9391335481561045,0.9386792452830188
0.225,0.9695667740780523,0.9685534591194969,0.9737140470223177,0.9764150943396226,0.9391335481561045,0.940251572327044
0.226,0.9695667740780523,0.9685534591194969,0.9737140470223177,0.9764150943396226,0.9391335481561045,0.940251572327044
0.227,0.9695667740780523,0.9685534591194969,0.9737140470223177,0.9764150943396226,0.9391335481561045,0.940251572327044
0.228,0.9695667740780523,0.9685534591194969,0.9737140470223177,0.9764150943396226,0.9391335481561045,0.940251572327044
0.229,0.9695667740780523,0.9685534591194969,0.9737140470223177,0.9764150943396226,0.9391335481561045,0.940251572327044
0.23,0.9695667740780523,0.970125786163522,0.9737140470223177,0.9764150943396226,0.9391335481561045,0.940251572327044
0.231,0.9695667740780523,0.970125786163522,0.9737140470223177,0.9764150943396226,0.9391335481561045,0.940251572327044
0.232,0.9695667740780523,0.970125786163522,0.9737140470223177,0.9764150943396226,0.9391335481561045,0.940251572327044
0.233,0.9695667740780523,0.970125786163522,0.9737140470223177,0.9764150943396226,0.9391335481561045,0.940251572327044
0.234,0.9695667740780523,0.970125786163522,0.9737140470223177,0.9764150943396226,0.9391335481561045,0.940251572327044
0.23500000000000001,0.9695667740780523,0.970125786163522,0.9737140470223177,0.9764150943396226,0.9391335481561045,0.940251572327044
0.23600000000000002,0.9695667740780523,0.9716981132075472,0.9737140470223177,0.9764150943396226,0.9405955364601981,0.940251572327044
0.23700000000000002,0.9695667740780523,0.9716981132075472,0.9737140470223177,0.9764150943396226,0.9420575247642917,0.9418238993710691
0.23800000000000002,0.9695667740780523,0.9732704402515723,0.9737140470223177,0.9764150943396226,0.9420575247642917,0.9418238993710691
0.23900000000000002,0.9695667740780523,0.9732704402515723,0.9737140470223177,0.9764150943396226,0.9420575247642917,0.9418238993710691
0.24,0.9695667740780523,0.9732704402515723,0.9737140470223177,0.9764150943396226,0.9420575247642917,0.9418238993710691
0.241,0.9695667740780523,0.9732704402515723,0.9737140470223177,0.9764150943396226,0.9420575247642917,0.9418238993710691
0.242,0.9695667740780523,0.9732704402515723,0.9737140470223177,0.9764150943396226,0.9420575247642917,0.9418238993710691
0.243,0.9695667740780523,0.9732704402515723,0.9754147272944265,0.9764150943396226,0.9420575247642917,0.9418238993710691
0.244,0.9695667740780523,0.9732704402515723,0.9754147272944265,0.9764150943396226,0.9420575247642917,0.9433962264150944
0.245,0.9695667740780523,0.9748427672955975,0.9754147272944265,0.9764150943396226,0.9420575247642917,0.9433962264150944
0.246,0.9695667740780523,0.9748427672955975,0.9754147272944265,0.9764150943396226,0.9420575247642917,0.9433962264150944
0.247,0.9695667740780523,0.9748427672955975,0.9754147272944265,0.9764150943396226,0.9420575247642917,0.9433962264150944
0.248,0.9695667740780523,0.9748427672955975,0.9754147272944265,0.9779874213836478,0.9420575247642917,0.9433962264150944
0.249,0.9695667740780523,0.9748427672955975,0.9754147272944265,0.9779874213836478,0.9420575247642917,0.9433962264150944
0.25,0.9695667740780523,0.9748427672955975,0.9754147272944265,0.9779874213836478,0.9437582050364005,0.9433962264150944
0.251,0.9695667740780523,0.9748427672955975,0.9754147272944265,0.9779874213836478,0.9437582050364005,0.9433962264150944
0.252,0.9695667740780523,0.9748427672955975,0.9754147272944265,0.9779874213836478,0.9437582050364005,0.9433962264150944
0.253,0.9695667740780523,0.9748427672955975,0.9754147272944265,0.9779874213836478,0.945220193340494,0.9433962264150944
0.254,0.9695667740780523,0.9748427672955975,0.9754147272944265,0.9779874213836478,0.945220193340494,0.9449685534591195
0.255,0.9695667740780523,0.9748427672955975,0.9754147272944265,0.9779874213836478,0.945220193340494,0.9465408805031447
0.256,0.9695667740780523,0.9748427672955975,0.9754147272944265,0.9779874213836478,0.945220193340494,0.9465408805031447
0.257,0.9695667740780523,0.9748427672955975,0.9754147272944265,0.9779874213836478,0.945220193340494,0.9465408805031447
0.258,0.9695667740780523,0.9748427672955975,0.9754147272944265,0.9779874213836478,0.9466821816445876,0.9465408805031447
0.259,0.9695667740780523,0.9764150943396226,0.9754147272944265,0.9779874213836478,0.9466821816445876,0.9481132075471698
0.26,0.9695667740780523,0.9764150943396226,0.9754147272944265,0.9779874213836478,0.9466821816445876,0.949685534591195
0.261,0.9695667740780523,0.9764150943396226,0.9754147272944265,0.9779874213836478,0.9481441699486812,0.949685534591195
0.262,0.9695667740780523,0.9764150943396226,0.9754147272944265,0.9779874213836478,0.9481441699486812,0.949685534591195
0.263,0.9695667740780523,0.9764150943396226,0.9754147272944265,0.9779874213836478,0.9481441699486812,0.949685534591195
0.264,0.9695667740780523,0.9764150943396226,0.9754147272944265,0.9779874213836478,0.9481441699486812,0.949685534591195
0.265,0.9695667740780523,0.9764150943396226,0.9754147272944265,0.9779874213836478,0.9481441699486812,0.949685534591195
0.266,0.9695667740780523,0.9764150943396226,0.9754147272944265,0.9779874213836478,0.9481441699486812,0.949685534591195
0.267,0.9695667740780523,0.9764150943396226,0.9754147272944265,0.9779874213836478,0.9481441699486812,0.949685534591195
0.268,0.9695667740780523,0.9764150943396226,0.9754147272944265,0.9779874213836478,0.9481441699486812,0.949685534591195
0.269,0.9695667740780523,0.9764150943396226,0.9771154075665354,0.9779874213836478,0.9481441699486812,0.949685534591195
0.27,0.9695667740780523,0.9764150943396226,0.9771154075665354,0.9779874213836478,0.9481441699486812,0.949685534591195
0.271,0.9695667740780523,0.9764150943396226,0.9771154075665354,0.9779874213836478,0.9481441699486812,0.949685534591195
0.272,0.9695667740780523,0.9779874213836478,0.9771154075665354,0.9779874213836478,0.9481441699486812,0.949685534591195
0.273,0.9695667740780523,0.9779874213836478,0.9771154075665354,0.9779874213836478,0.9513068385248836,0.949685534591195
0.274,0.9695667740780523,0.9779874213836478,0.9771154075665354,0.9779874213836478,0.9513068385248836,0.949685534591195
0.275,0.9695667740780523,0.9779874213836478,0.9771154075665354,0.9779874213836478,0.9513068385248836,0.9512578616352201
0.276,0.9695667740780523,0.9779874213836478,0.9771154075665354,0.9779874213836478,0.9513068385248836,0.9512578616352201
0.277,0.9710287623821459,0.9779874213836478,0.9771154075665354,0.9779874213836478,0.9513068385248836,0.9512578616352201
0.278,0.9710287623821459,0.9779874213836478,0.9771154075665354,0.9779874213836478,0.9513068385248836,0.9512578616352201
0.279,0.9710287623821459,0.9779874213836478,0.9771154075665354,0.9779874213836478,0.9513068385248836,0.9512578616352201
0.28,0.9710287623821459,0.9779874213836478,0.9771154075665354,0.9779874213836478,0.9513068385248836,0.9512578616352201
0.281,0.9710287623821459,0.9779874213836478,0.9771154075665354,0.9779874213836478,0.9527688268289771,0.9512578616352201
0.28200000000000003,0.9710287623821459,0.9779874213836478,0.9771154075665354,0.9779874213836478,0.954469507101086,0.9512578616352201
0.28300000000000003,0.9710287623821459,0.9779874213836478,0.9771154075665354,0.9779874213836478,0.954469507101086,0.9512578616352201
0.28400000000000003,0.9710287623821459,0.9779874213836478,0.9771154075665354,0.9779874213836478,0.954469507101086,0.9512578616352201
0.28500000000000003,0.9710287623821459,0.9779874213836478,0.9771154075665354,0.9779874213836478,0.954469507101086,0.9512578616352201
0.28600000000000003,0.9710287623821459,0.9779874213836478,0.9771154075665354,0.9779874213836478,0.954469507101086,0.9512578616352201
0.28700000000000003,0.9710287623821459,0.9779874213836478,0.9771154075665354,0.9795597484276729,0.954469507101086,0.9512578616352201
0.28800000000000003,0.9710287623821459,0.9779874213836478,0.9771154075665354,0.9795597484276729,0.954469507101086,0.9512578616352201
0.289,0.9710287623821459,0.9779874213836478,0.9771154075665354,0.9795597484276729,0.954469507101086,0.9528301886792453
0.29,0.9710287623821459,0.9779874213836478,0.9771154075665354,0.9795597484276729,0.954469507101086,0.9528301886792453
0.291,0.9710287623821459,0.9811320754716981,0.9771154075665354,0.9795597484276729,0.9559314954051796,0.9544025157232704
0.292,0.9710287623821459,0.9811320754716981,0.9771154075665354,0.9795597484276729,0.9559314954051796,0.9544025157232704
0.293,0.9710287623821459,0.9811320754716981,0.9771154075665354,0.9795597484276729,0.9559314954051796,0.9544025157232704
0.294,0.9710287623821459,0.9811320754716981,0.9771154075665354,0.9795597484276729,0.9559314954051796,0.9544025157232704
0.295,0.9710287623821459,0.9811320754716981,0.9771154075665354,0.9795597484276729,0.9559314954051796,0.9544025157232704
0.296,0.9710287623821459,0.9811320754716981,0.978577395870629,0.9795597484276729,0.9559314954051796,0.9544025157232704
0.297,0.9710287623821459,0.9811320754716981,0.978577395870629,0.9795597484276729,0.9559314954051796,0.9544025157232704
0.298,0.9710287623821459,0.9811320754716981,0.978577395870629,0.9795597484276729,0.9559314954051796,0.9559748427672956
0.299,0.9724907506862395,0.9811320754716981,0.978577395870629,0.9795597484276729,0.9559314954051796,0.9559748427672956
0.3,0.9724907506862395,0.9811320754716981,0.978577395870629,0.9795597484276729,0.9559314954051796,0.9559748427672956
0.301,0.9741914309583483,0.9811320754716981,0.978577395870629,0.9795597484276729,0.9559314954051796,0.9559748427672956
0.302,0.9741914309583483,0.9811320754716981,0.978577395870629,0.9795597484276729,0.9559314954051796,0.9559748427672956
0.303,0.9741914309583483,0.9811320754716981,0.978577395870629,0.9795597484276729,0.9559314954051796,0.9559748427672956
0.304,0.9741914309583483,0.9811320754716981,0.978577395870629,0.9795597484276729,0.9559314954051796,0.9559748427672956
0.305,0.9741914309583483,0.9811320754716981,0.978577395870629,0.9795597484276729,0.9559314954051796,0.9559748427672956
0.306,0.9741914309583483,0.9811320754716981,0.978577395870629,0.9795597484276729,0.9559314954051796,0.9559748427672956
0.307,0.9741914309583483,0.9811320754716981,0.9800393841747226,0.9795597484276729,0.9559314954051796,0.9575471698113207
0.308,0.9741914309583483,0.9811320754716981,0.9800393841747226,0.9795597484276729,0.9559314954051796,0.9575471698113207
0.309,0.9741914309583483,0.9811320754716981,0.9800393841747226,0.9795597484276729,0.9559314954051796,0.9575471698113207
0.31,0.9741914309583483,0.9811320754716981,0.9800393841747226,0.9795597484276729,0.9559314954051796,0.9575471698113207
0.311,0.9741914309583483,0.9811320754716981,0.9800393841747226,0.9795597484276729,0.9559314954051796,0.9575471698113207
0.312,0.9741914309583483,0.9811320754716981,0.9800393841747226,0.9795597484276729,0.9559314954051796,0.9591194968553459
0.313,0.9741914309583483,0.9811320754716981,0.9800393841747226,0.9795597484276729,0.9559314954051796,0.9591194968553459
0.314,0.9741914309583483,0.9811320754716981,0.9800393841747226,0.9795597484276729,0.9559314954051796,0.9591194968553459
0.315,0.9741914309583483,0.9811320754716981,0.9800393841747226,0.9795597484276729,0.9573934837092732,0.9591194968553459
0.316,0.9741914309583483,0.9811320754716981,0.9800393841747226,0.9795597484276729,0.9573934837092732,0.9591194968553459
0.317,0.9741914309583483,0.9811320754716981,0.9800393841747226,0.9795597484276729,0.9573934837092732,0.9591194968553459
0.318,0.9741914309583483,0.9811320754716981,0.9800393841747226,0.9795597484276729,0.9573934837092732,0.9591194968553459
0.319,0.9741914309583483,0.9811320754716981,0.9800393841747226,0.9795597484276729,0.9573934837092732,0.9591194968553459
0.32,0.9756534192624418,0.9811320754716981,0.9800393841747226,0.9795597484276729,0.9573934837092732,0.9591194968553459
0.321,0.9756534192624418,0.9811320754716981,0.9800393841747226,0.9795597484276729,0.9573934837092732,0.9591194968553459
0.322,0.9756534192624418,0.9811320754716981,0.9800393841747226,0.9795597484276729,0.9573934837092732,0.960691823899371
0.323,0.9756534192624418,0.9811320754716981,0.9800393841747226,0.9795597484276729,0.9573934837092732,0.960691823899371
0.324,0.9756534192624418,0.9811320754716981,0.9800393841747226,0.9795597484276729,0.9573934837092732,0.960691823899371
0.325,0.9756534192624418,0.9811320754716981,0.9800393841747226,0.9795597484276729,0.9573934837092732,0.960691823899371
0.326,0.9756534192624418,0.9811320754716981,0.9800393841747226,0.9795597484276729,0.9573934837092732,0.960691823899371
0.327,0.9756534192624418,0.9811320754716981,0.9800393841747226,0.9795597484276729,0.9573934837092732,0.960691823899371
0.328,0.9756534192624418,0.9811320754716981,0.9800393841747226,0.9795597484276729,0.9573934837092732,0.960691823899371
0.329,0.9771154075665354,0.9811320754716981,0.9800393841747226,0.9795597484276729,0.9573934837092732,0.960691823899371
0.33,0.9771154075665354,0.9811320754716981,0.9800393841747226,0.9795597484276729,0.9573934837092732,0.960691823899371
0.331,0.9771154075665354,0.9811320754716981,0.9800393841747226,0.9795597484276729,0.9573934837092732,0.960691823899371
0.332,0.9771154075665354,0.9811320754716981,0.9800393841747226,0.9795597484276729,0.9588554720133667,0.9622641509433962
0.333,0.9771154075665354,0.9811320754716981,0.9800393841747226,0.9795597484276729,0.9588554720133667,0.9622641509433962
0.334,0.9771154075665354,0.9811320754716981,0.9800393841747226,0.9795597484276729,0.9588554720133667,0.9622641509433962
0.335,0.9771154075665354,0.9811320754716981,0.9800393841747226,0.9795597484276729,0.9588554720133667,0.9622641509433962
0.336,0.9771154075665354,0.9811320754716981,0.9800393841747226,0.9795597484276729,0.9588554720133667,0.9622641509433962
0.337,0.9771154075665354,0.9811320754716981,0.9800393841747226,0.9795597484276729,0.9588554720133667,0.9622641509433962
0.338,0.9771154075665354,0.9811320754716981,0.9800393841747226,0.9795597484276729,0.9620181405895691,0.9622641509433962
0.339,0.9771154075665354,0.9811320754716981,0.9800393841747226,0.9795597484276729,0.9620181405895691,0.9622641509433962
0.34,0.9771154075665354,0.9811320754716981,0.9815013724788161,0.9795597484276729,0.9620181405895691,0.9622641509433962
0.341,0.9771154075665354,0.9811320754716981,0.9832020527509249,0.9795597484276729,0.9620181405895691,0.9622641509433962
0.342,0.9771154075665354,0.9811320754716981,0.9832020527509249,0.9795597484276729,0.9620181405895691,0.9622641509433962
0.343,0.9771154075665354,0.9811320754716981,0.9832020527509249,0.9795597484276729,0.9620181405895691,0.9622641509433962
0.34400000000000003,0.9771154075665354,0.9811320754716981,0.9832020527509249,0.9795597484276729,0.9620181405895691,0.9622641509433962
0.34500000000000003,0.9771154075665354,0.9811320754716981,0.9832020527509249,0.9795597484276729,0.9620181405895691,0.9622641509433962
0.34600000000000003,0.9771154075665354,0.9811320754716981,0.9832020527509249,0.9795597484276729,0.9620181405895691,0.9622641509433962
0.34700000000000003,0.9771154075665354,0.9811320754716981,0.9832020527509249,0.9811320754716981,0.9634801288936627,0.9622641509433962
0.34800000000000003,0.978577395870629,0.9811320754716981,0.9832020527509249,0.9811320754716981,0.9634801288936627,0.9622641509433962
0.34900000000000003,0.978577395870629,0.9811320754716981,0.9832020527509249,0.9811320754716981,0.9634801288936627,0.9622641509433962
0.35000000000000003,0.978577395870629,0.9811320754716981,0.9832020527509249,0.9811320754716981,0.9634801288936627,0.9622641509433962
0.35100000000000003,0.978577395870629,0.9811320754716981,0.9832020527509249,0.9811320754716981,0.9634801288936627,0.9638364779874213
0.352,0.978577395870629,0.9811320754716981,0.9832020527509249,0.9811320754716981,0.9634801288936627,0.9638364779874213
0.353,0.978577395870629,0.9811320754716981,0.9832020527509249,0.9811320754716981,0.9634801288936627,0.9638364779874213
0.354,0.978577395870629,0.9811320754716981,0.9832020527509249,0.9811320754716981,0.9634801288936627,0.9638364779874213
0.355,0.978577395870629,0.9811320754716981,0.9832020527509249,0.9811320754716981,0.9634801288936627,0.9638364779874213
0.356,0.978577395870629,0.9811320754716981,0.9832020527509249,0.9811320754716981,0.9634801288936627,0.9638364779874213
0.357,0.978577395870629,0.9811320754716981,0.9832020527509249,0.9811320754716981,0.9634801288936627,0.9638364779874213
0.358,0.978577395870629,0.9811320754716981,0.9832020527509249,0.9811320754716981,0.9634801288936627,0.9638364779874213
0.359,0.978577395870629,0.9811320754716981,0.9832020527509249,0.9811320754716981,0.9634801288936627,0.9638364779874213
0.36,0.978577395870629,0.9811320754716981,0.9832020527509249,0.9811320754716981,0.9634801288936627,0.9638364779874213
0.361,0.978577395870629,0.9811320754716981,0.9832020527509249,0.9811320754716981,0.9634801288936627,0.9654088050314465
0.362,0.978577395870629,0.9811320754716981,0.9832020527509249,0.9811320754716981,0.9634801288936627,0.9654088050314465
0.363,0.978577395870629,0.9811320754716981,0.9832020527509249,0.9811320754716981,0.9634801288936627,0.9654088050314465
0.364,0.9800393841747226,0.9811320754716981,0.9832020527509249,0.9811320754716981,0.9634801288936627,0.9654088050314465
0.365,0.9800393841747226,0.9811320754716981,0.9832020527509249,0.9811320754716981,0.9634801288936627,0.9654088050314465
0.366,0.9800393841747226,0.9811320754716981,0.9832020527509249,0.9811320754716981,0.9634801288936627,0.9654088050314465
0.367,0.9800393841747226,0.9811320754716981,0.9832020527509249,0.9827044025157232,0.9634801288936627,0.9654088050314465
0.368,0.9800393841747226,0.9811320754716981,0.9832020527509249,0.9827044025157232,0.9634801288936627,0.9654088050314465
0.369,0.9800393841747226,0.9811320754716981,0.9832020527509249,0.9827044025157232,0.9634801288936627,0.9654088050314465
0.37,0.9800393841747226,0.9811320754716981,0.9832020527509249,0.9827044025157232,0.9634801288936627,0.9654088050314465
0.371,0.9800393841747226,0.9811320754716981,0.9832020527509249,0.9827044025157232,0.9634801288936627,0.9654088050314465
0.372,0.9800393841747226,0.9811320754716981,0.9832020527509249,0.9827044025157232,0.9651808091657715,0.9654088050314465
0.373,0.9800393841747226,0.9811320754716981,0.9832020527509249,0.9827044025157232,0.9666427974698651,0.9654088050314465
0.374,0.9800393841747226,0.9811320754716981,0.9832020527509249,0.9827044025157232,0.9666427974698651,0.9654088050314465
0.375,0.9800393841747226,0.9811320754716981,0.9832020527509249,0.9827044025157232,0.9666427974698651,0.9654088050314465
0.376,0.9800393841747226,0.9811320754716981,0.9832020527509249,0.9827044025157232,0.9666427974698651,0.9654088050314465
0.377,0.9800393841747226,0.9811320754716981,0.9832020527509249,0.9827044025157232,0.9666427974698651,0.9654088050314465
0.378,0.9800393841747226,0.9811320754716981,0.9832020527509249,0.9827044025157232,0.9666427974698651,0.9654088050314465
0.379,0.9800393841747226,0.9811320754716981,0.9832020527509249,0.9827044025157232,0.9666427974698651,0.9654088050314465
0.38,0.9800393841747226,0.9811320754716981,0.9832020527509249,0.9827044025157232,0.9666427974698651,0.9654088050314465
0.381,0.9800393841747226,0.9811320754716981,0.9832020527509249,0.9827044025157232,0.9666427974698651,0.9654088050314465
0.382,0.9800393841747226,0.9811320754716981,0.9832020527509249,0.9827044025157232,0.9666427974698651,0.9654088050314465
0.383,0.9800393841747226,0.9811320754716981,0.9832020527509249,0.9827044025157232,0.9666427974698651,0.9669811320754716
0.384,0.9800393841747226,0.9811320754716981,0.9832020527509249,0.9827044025157232,0.9666427974698651,0.9669811320754716
0.385,0.9800393841747226,0.9811320754716981,0.9832020527509249,0.9827044025157232,0.9666427974698651,0.9669811320754716
0.386,0.9800393841747226,0.9811320754716981,0.9832020527509249,0.9827044025157232,0.9666427974698651,0.9669811320754716
0.387,0.9800393841747226,0.9811320754716981,0.9832020527509249,0.9827044025157232,0.9666427974698651,0.9669811320754716
0.388,0.9800393841747226,0.9811320754716981,0.9832020527509249,0.9827044025157232,0.9666427974698651,0.9669811320754716
0.389,0.9800393841747226,0.9811320754716981,0.9832020527509249,0.9827044025157232,0.9666427974698651,0.9669811320754716
0.39,0.9815013724788161,0.9811320754716981,0.9846640410550185,0.9827044025157232,0.9666427974698651,0.9669811320754716
0.391,0.9829633607829096,0.9811320754716981,0.9846640410550185,0.9827044025157232,0.9666427974698651,0.9669811320754716
0.392,0.9829633607829096,0.9811320754716981,0.9846640410550185,0.9827044025157232,0.9666427974698651,0.9685534591194969
0.393,0.9829633607829096,0.9811320754716981,0.9846640410550185,0.9827044025157232,0.9666427974698651,0.9685534591194969
0.394,0.9829633607829096,0.9811320754716981,0.9846640410550185,0.9827044025157232,0.9666427974698651,0.9685534591194969
0.395,0.9846640410550185,0.9811320754716981,0.9846640410550185,0.9827044025157232,0.9666427974698651,0.9685534591194969
0.396,0.9846640410550185,0.9811320754716981,0.9846640410550185,0.9827044025157232,0.9681047857739586,0.9685534591194969
0.397,0.9846640410550185,0.9811320754716981,0.9846640410550185,0.9827044025157232,0.9681047857739586,0.9685534591194969
0.398,0.9846640410550185,0.9811320754716981,0.9846640410550185,0.9842767295597484,0.9681047857739586,0.9685534591194969
0.399,0.9846640410550185,0.9811320754716981,0.9846640410550185,0.9842767295597484,0.9681047857739586,0.9685534591194969
0.4,0.9846640410550185,0.9811320754716981,0.9846640410550185,0.9842767295597484,0.9681047857739586,0.9685534591194969
0.401,0.9846640410550185,0.9811320754716981,0.9846640410550185,0.9842767295597484,0.9681047857739586,0.9685534591194969
0.402,0.9846640410550185,0.9811320754716981,0.9846640410550185,0.9842767295597484,0.9681047857739586,0.9685534591194969
0.403,0.9846640410550185,0.9811320754716981,0.9846640410550185,0.9842767295597484,0.9681047857739586,0.9685534591194969
0.404,0.9846640410550185,0.9811320754716981,0.9846640410550185,0.9842767295597484,0.9681047857739586,0.9685534591194969
0.405,0.9846640410550185,0.9811320754716981,0.9846640410550185,0.9842767295597484,0.9681047857739586,0.9685534591194969
0.406,0.9846640410550185,0.9811320754716981,0.9846640410550185,0.9842767295597484,0.9695667740780523,0.9685534591194969
0.40700000000000003,0.9846640410550185,0.9811320754716981,0.9846640410550185,0.9842767295597484,0.9695667740780523,0.9685534591194969
0.40800000000000003,0.9846640410550185,0.9811320754716981,0.9846640410550185,0.9842767295597484,0.9695667740780523,0.9685534591194969
0.40900000000000003,0.9846640410550185,0.9811320754716981,0.9846640410550185,0.9842767295597484,0.9695667740780523,0.9685534591194969
0.41000000000000003,0.9846640410550185,0.9811320754716981,0.9846640410550185,0.9842767295597484,0.9695667740780523,0.9685534591194969
0.41100000000000003,0.9846640410550185,0.9811320754716981,0.9846640410550185,0.9842767295597484,0.9695667740780523,0.9685534591194969
0.41200000000000003,0.9846640410550185,0.9811320754716981,0.9846640410550185,0.9842767295597484,0.9695667740780523,0.9685534591194969
0.41300000000000003,0.9846640410550185,0.9811320754716981,0.9846640410550185,0.9842767295597484,0.9695667740780523,0.970125786163522
0.41400000000000003,0.9846640410550185,0.9827044025157232,0.9846640410550185,0.9842767295597484,0.9695667740780523,0.970125786163522
0.41500000000000004,0.9846640410550185,0.9827044025157232,0.9846640410550185,0.9842767295597484,0.9695667740780523,0.970125786163522
0.41600000000000004,0.9846640410550185,0.9827044025157232,0.9846640410550185,0.9842767295597484,0.9695667740780523,0.970125786163522
0.417,0.9846640410550185,0.9827044025157232,0.9846640410550185,0.9842767295597484,0.9695667740780523,0.970125786163522
0.418,0.9846640410550185,0.9827044025157232,0.9846640410550185,0.9842767295597484,0.9695667740780523,0.9716981132075472
0.419,0.9846640410550185,0.9827044025157232,0.9846640410550185,0.9842767295597484,0.9695667740780523,0.9716981132075472
0.42,0.9846640410550185,0.9827044025157232,0.9846640410550185,0.9842767295597484,0.9712674543501612,0.9716981132075472
0.421,0.9846640410550185,0.9827044025157232,0.9846640410550185,0.9842767295597484,0.9712674543501612,0.9716981132075472
0.422,0.9846640410550185,0.9827044025157232,0.9846640410550185,0.9842767295597484,0.9712674543501612,0.9716981132075472
0.423,0.9846640410550185,0.9827044025157232,0.9846640410550185,0.9842767295597484,0.9712674543501612,0.9716981132075472
0.424,0.9846640410550185,0.9827044025157232,0.9846640410550185,0.9842767295597484,0.9712674543501612,0.9716981132075472
0.425,0.9846640410550185,0.9827044025157232,0.9846640410550185,0.9842767295597484,0.9712674543501612,0.9716981132075472
0.426,0.9846640410550185,0.9842767295597484,0.9846640410550185,0.9842767295597484,0.9712674543501612,0.9716981132075472
0.427,0.9846640410550185,0.9842767295597484,0.9863647213271274,0.9842767295597484,0.9712674543501612,0.9716981132075472
0.428,0.9846640410550185,0.9842767295597484,0.9863647213271274,0.9842767295597484,0.9712674543501612,0.9716981132075472
0.429,0.9846640410550185,0.9842767295597484,0.9863647213271274,0.9842767295597484,0.9712674543501612,0.9716981132075472
0.43,0.9846640410550185,0.9842767295597484,0.9863647213271274,0.9842767295597484,0.9712674543501612,0.9716981132075472
0.431,0.9846640410550185,0.9842767295597484,0.9863647213271274,0.9842767295597484,0.9712674543501612,0.9716981132075472
0.432,0.9846640410550185,0.9842767295597484,0.9863647213271274,0.9842767295597484,0.9712674543501612,0.9716981132075472
0.433,0.9846640410550185,0.9842767295597484,0.9863647213271274,0.9842767295597484,0.9712674543501612,0.9716981132075472
0.434,0.9846640410550185,0.9842767295597484,0.9863647213271274,0.9842767295597484,0.9712674543501612,0.9716981132075472
0.435,0.9846640410550185,0.9842767295597484,0.9863647213271274,0.9842767295597484,0.9712674543501612,0.9716981132075472
0.436,0.9846640410550185,0.9842767295597484,0.9863647213271274,0.9842767295597484,0.9712674543501612,0.9716981132075472
0.437,0.9846640410550185,0.9842767295597484,0.9863647213271274,0.9842767295597484,0.9712674543501612,0.9716981132075472
0.438,0.9846640410550185,0.9842767295597484,0.9863647213271274,0.9842767295597484,0.9727294426542547,0.9716981132075472
0.439,0.9846640410550185,0.9842767295597484,0.9863647213271274,0.9842767295597484,0.9727294426542547,0.9716981132075472
0.44,0.9846640410550185,0.9842767295597484,0.9863647213271274,0.9842767295597484,0.9727294426542547,0.9716981132075472
0.441,0.9846640410550185,0.9842767295597484,0.9863647213271274,0.9842767295597484,0.9727294426542547,0.9716981132075472
0.442,0.9846640410550185,0.9842767295597484,0.9863647213271274,0.9842767295597484,0.9727294426542547,0.9716981132075472
0.443,0.9846640410550185,0.9842767295597484,0.9863647213271274,0.9842767295597484,0.9727294426542547,0.9716981132075472
0.444,0.9846640410550185,0.9842767295597484,0.9863647213271274,0.9842767295597484,0.9727294426542547,0.9716981132075472
0.445,0.9846640410550185,0.9858490566037735,0.9863647213271274,0.9842767295597484,0.9727294426542547,0.9716981132075472
0.446,0.9846640410550185,0.9858490566037735,0.9863647213271274,0.9842767295597484,0.9727294426542547,0.9716981132075472
0.447,0.9846640410550185,0.9858490566037735,0.9863647213271274,0.9842767295597484,0.9727294426542547,0.9716981132075472
0.448,0.9846640410550185,0.9858490566037735,0.9863647213271274,0.9842767295597484,0.9744301229263634,0.9716981132075472
0.449,0.9846640410550185,0.9858490566037735,0.9863647213271274,0.9842767295597484,0.9744301229263634,0.9716981132075472
0.45,0.9846640410550185,0.9858490566037735,0.9863647213271274,0.9842767295597484,0.9744301229263634,0.9716981132075472
0.451,0.9846640410550185,0.9858490566037735,0.9863647213271274,0.9842767295597484,0.9744301229263634,0.9716981132075472
0.452,0.9846640410550185,0.9858490566037735,0.9863647213271274,0.9842767295597484,0.9744301229263634,0.9716981132075472
0.453,0.9846640410550185,0.9858490566037735,0.9863647213271274,0.9842767295597484,0.9744301229263634,0.9716981132075472
0.454,0.9846640410550185,0.9858490566037735,0.9863647213271274,0.9842767295597484,0.9744301229263634,0.9716981132075472
0.455,0.9846640410550185,0.9858490566037735,0.9863647213271274,0.9842767295597484,0.9744301229263634,0.9716981132075472
0.456,0.9846640410550185,0.9858490566037735,0.9863647213271274,0.9842767295597484,0.9744301229263634,0.9716981132075472
0.457,0.9846640410550185,0.9858490566037735,0.9863647213271274,0.9842767295597484,0.9744301229263634,0.9716981132075472
0.458,0.9846640410550185,0.9858490566037735,0.9863647213271274,0.9842767295597484,0.9744301229263634,0.9716981132075472
0.459,0.9846640410550185,0.9858490566037735,0.9863647213271274,0.9842767295597484,0.975892111230457,0.9716981132075472
0.46,0.9846640410550185,0.9858490566037735,0.9863647213271274,0.9842767295597484,0.975892111230457,0.9716981132075472
0.461,0.9846640410550185,0.9858490566037735,0.9863647213271274,0.9842767295597484,0.975892111230457,0.9716981132075472
0.462,0.9846640410550185,0.9858490566037735,0.9863647213271274,0.9842767295597484,0.975892111230457,0.9716981132075472
0.463,0.9846640410550185,0.9858490566037735,0.9863647213271274,0.9842767295597484,0.975892111230457,0.9716981132075472
0.464,0.9846640410550185,0.9858490566037735,0.9863647213271274,0.9842767295597484,0.975892111230457,0.9716981132075472
0.465,0.9846640410550185,0.9858490566037735,0.9863647213271274,0.9842767295597484,0.975892111230457,0.9716981132075472
0.466,0.9846640410550185,0.9858490566037735,0.9878267096312209,0.9842767295597484,0.975892111230457,0.9748427672955975
0.467,0.9846640410550185,0.9858490566037735,0.9878267096312209,0.9842767295597484,0.975892111230457,0.9748427672955975
0.468,0.9846640410550185,0.9858490566037735,0.9878267096312209,0.9842767295597484,0.975892111230457,0.9748427672955975
0.46900000000000003,0.9846640410550185,0.9858490566037735,0.9878267096312209,0.9842767295597484,0.975892111230457,0.9748427672955975
0.47000000000000003,0.9846640410550185,0.9858490566037735,0.9878267096312209,0.9842767295597484,0.975892111230457,0.9748427672955975
0.47100000000000003,0.9846640410550185,0.9858490566037735,0.9878267096312209,0.9842767295597484,0.975892111230457,0.9748427672955975
0.47200000000000003,0.9846640410550185,0.9858490566037735,0.9878267096312209,0.9842767295597484,0.975892111230457,0.9748427672955975
0.47300000000000003,0.9846640410550185,0.9858490566037735,0.9878267096312209,0.9842767295597484,0.975892111230457,0.9748427672955975
0.47400000000000003,0.9846640410550185,0.9858490566037735,0.9878267096312209,0.9842767295597484,0.975892111230457,0.9748427672955975
0.47500000000000003,0.9846640410550185,0.9858490566037735,0.9878267096312209,0.9842767295597484,0.975892111230457,0.9748427672955975
0.47600000000000003,0.9846640410550185,0.9858490566037735,0.9878267096312209,0.9842767295597484,0.975892111230457,0.9748427672955975
0.47700000000000004,0.9846640410550185,0.9858490566037735,0.9878267096312209,0.9842767295597484,0.975892111230457,0.9748427672955975
0.47800000000000004,0.9846640410550185,0.9858490566037735,0.9878267096312209,0.9842767295597484,0.975892111230457,0.9748427672955975
0.47900000000000004,0.9846640410550185,0.9858490566037735,0.9878267096312209,0.9842767295597484,0.975892111230457,0.9748427672955975
0.48,0.9846640410550185,0.9858490566037735,0.9878267096312209,0.9842767295597484,0.975892111230457,0.9748427672955975
0.481,0.9846640410550185,0.9858490566037735,0.9878267096312209,0.9858490566037735,0.977592791502566,0.9748427672955975
0.482,0.9846640410550185,0.9858490566037735,0.9878267096312209,0.9858490566037735,0.977592791502566,0.9748427672955975
0.483,0.9846640410550185,0.9858490566037735,0.9878267096312209,0.9858490566037735,0.977592791502566,0.9748427672955975
0.484,0.9846640410550185,0.9858490566037735,0.9878267096312209,0.9858490566037735,0.977592791502566,0.9748427672955975
0.485,0.9846640410550185,0.9858490566037735,0.9878267096312209,0.9858490566037735,0.977592791502566,0.9748427672955975
0.486,0.9846640410550185,0.9858490566037735,0.9878267096312209,0.9874213836477987,0.977592791502566,0.9748427672955975
0.487,0.9846640410550185,0.9858490566037735,0.9878267096312209,0.9874213836477987,0.977592791502566,0.9748427672955975
0.488,0.9846640410550185,0.9858490566037735,0.9878267096312209,0.9874213836477987,0.977592791502566,0.9748427672955975
0.489,0.9846640410550185,0.9858490566037735,0.9878267096312209,0.9874213836477987,0.977592791502566,0.9748427672955975
0.49,0.9846640410550185,0.9858490566037735,0.9878267096312209,0.9874213836477987,0.977592791502566,0.9748427672955975
0.491,0.9846640410550185,0.9858490566037735,0.9878267096312209,0.9874213836477987,0.977592791502566,0.9748427672955975
0.492,0.9846640410550185,0.9858490566037735,0.9878267096312209,0.9874213836477987,0.977592791502566,0.9748427672955975
0.493,0.9846640410550185,0.9858490566037735,0.9878267096312209,0.9874213836477987,0.977592791502566,0.9748427672955975
0.494,0.9846640410550185,0.9858490566037735,0.9878267096312209,0.9874213836477987,0.977592791502566,0.9764150943396226
0.495,0.9846640410550185,0.9858490566037735,0.9878267096312209,0.9874213836477987,0.977592791502566,0.9764150943396226
0.496,0.9846640410550185,0.9858490566037735,0.9878267096312209,0.9874213836477987,0.977592791502566,0.9764150943396226
0.497,0.9846640410550185,0.9858490566037735,0.9878267096312209,0.9874213836477987,0.977592791502566,0.9764150943396226
0.498,0.9846640410550185,0.9858490566037735,0.9878267096312209,0.9874213836477987,0.977592791502566,0.9764150943396226
0.499,0.9846640410550185,0.9858490566037735,0.9878267096312209,0.9874213836477987,0.977592791502566,0.9764150943396226
0.5,0.9846640410550185,0.9858490566037735,0.9878267096312209,0.9874213836477987,0.977592791502566,0.9764150943396226
0.501,0.9846640410550185,0.9858490566037735,0.9878267096312209,0.9874213836477987,0.977592791502566,0.9764150943396226
0.502,0.9846640410550185,0.9858490566037735,0.9878267096312209,0.9874213836477987,0.977592791502566,0.9764150943396226
0.503,0.9846640410550185,0.9858490566037735,0.9878267096312209,0.9874213836477987,0.977592791502566,0.9764150943396226
0.504,0.9846640410550185,0.9858490566037735,0.9878267096312209,0.9874213836477987,0.977592791502566,0.9764150943396226
0.505,0.9846640410550185,0.9858490566037735,0.9878267096312209,0.9874213836477987,0.977592791502566,0.9764150943396226
0.506,0.9846640410550185,0.9858490566037735,0.9878267096312209,0.9874213836477987,0.977592791502566,0.9764150943396226
0.507,0.9846640410550185,0.9858490566037735,0.9878267096312209,0.9874213836477987,0.977592791502566,0.9764150943396226
0.508,0.9846640410550185,0.9858490566037735,0.9878267096312209,0.9874213836477987,0.977592791502566,0.9764150943396226
0.509,0.9846640410550185,0.9858490566037735,0.9878267096312209,0.9874213836477987,0.977592791502566,0.9764150943396226
0.51,0.9846640410550185,0.9858490566037735,0.9878267096312209,0.9874213836477987,0.977592791502566,0.9764150943396226
0.511,0.9846640410550185,0.9858490566037735,0.9878267096312209,0.9874213836477987,0.977592791502566,0.9764150943396226
0.512,0.9846640410550185,0.9858490566037735,0.9878267096312209,0.9874213836477987,0.977592791502566,0.9764150943396226
0.513,0.9846640410550185,0.9858490566037735,0.9878267096312209,0.9874213836477987,0.9790547798066596,0.9764150943396226
0.514,0.9846640410550185,0.9858490566037735,0.9878267096312209,0.9874213836477987,0.9790547798066596,0.9764150943396226
0.515,0.9846640410550185,0.9858490566037735,0.9878267096312209,0.9874213836477987,0.9790547798066596,0.9764150943396226
0.516,0.9846640410550185,0.9858490566037735,0.9878267096312209,0.9874213836477987,0.9790547798066596,0.9764150943396226
0.517,0.9846640410550185,0.9858490566037735,0.9878267096312209,0.9874213836477987,0.9790547798066596,0.9764150943396226
0.518,0.9846640410550185,0.9858490566037735,0.9878267096312209,0.9874213836477987,0.9790547798066596,0.9764150943396226
0.519,0.9846640410550185,0.9858490566037735,0.9878267096312209,0.9874213836477987,0.9790547798066596,0.9764150943396226
0.52,0.9846640410550185,0.9858490566037735,0.9878267096312209,0.9874213836477987,0.9790547798066596,0.9764150943396226
0.521,0.9846640410550185,0.9858490566037735,0.9878267096312209,0.9874213836477987,0.9790547798066596,0.9764150943396226
0.522,0.9846640410550185,0.9858490566037735,0.9878267096312209,0.9874213836477987,0.9790547798066596,0.9764150943396226
0.523,0.9846640410550185,0.9874213836477987,0.9878267096312209,0.9874213836477987,0.9790547798066596,0.9764150943396226
0.524,0.9846640410550185,0.9874213836477987,0.9878267096312209,0.9889937106918238,0.9790547798066596,0.9779874213836478
0.525,0.9846640410550185,0.9874213836477987,0.9878267096312209,0.9889937106918238,0.9790547798066596,0.9795597484276729
0.526,0.9846640410550185,0.9874213836477987,0.9878267096312209,0.9889937106918238,0.9790547798066596,0.9795597484276729
0.527,0.9846640410550185,0.9874213836477987,0.9878267096312209,0.9889937106918238,0.9790547798066596,0.9795597484276729
0.528,0.9846640410550185,0.9874213836477987,0.9878267096312209,0.9889937106918238,0.9790547798066596,0.9795597484276729
0.529,0.9846640410550185,0.9874213836477987,0.9878267096312209,0.9889937106918238,0.9790547798066596,0.9795597484276729
0.53,0.9846640410550185,0.9874213836477987,0.9878267096312209,0.9889937106918238,0.9790547798066596,0.9795597484276729
0.531,0.9846640410550185,0.9874213836477987,0.9878267096312209,0.9889937106918238,0.9790547798066596,0.9795597484276729
0.532,0.9846640410550185,0.9874213836477987,0.9878267096312209,0.9889937106918238,0.9790547798066596,0.9795597484276729
0.533,0.9846640410550185,0.9874213836477987,0.9878267096312209,0.9889937106918238,0.9790547798066596,0.9795597484276729
0.534,0.9846640410550185,0.9874213836477987,0.9878267096312209,0.9889937106918238,0.9790547798066596,0.9795597484276729
0.535,0.9846640410550185,0.9874213836477987,0.9878267096312209,0.9889937106918238,0.9790547798066596,0.9795597484276729
0.536,0.9846640410550185,0.9874213836477987,0.9878267096312209,0.9889937106918238,0.9790547798066596,0.9795597484276729
0.537,0.9846640410550185,0.9874213836477987,0.9878267096312209,0.9889937106918238,0.9790547798066596,0.9795597484276729
0.538,0.9846640410550185,0.9874213836477987,0.9878267096312209,0.9889937106918238,0.9790547798066596,0.9795597484276729
0.539,0.9861260293591121,0.9874213836477987,0.9878267096312209,0.9889937106918238,0.9790547798066596,0.9795597484276729
0.54,0.9861260293591121,0.9874213836477987,0.9878267096312209,0.9889937106918238,0.9790547798066596,0.9795597484276729
0.541,0.9861260293591121,0.9874213836477987,0.9878267096312209,0.9889937106918238,0.9790547798066596,0.9795597484276729
0.542,0.9861260293591121,0.9874213836477987,0.9878267096312209,0.9889937106918238,0.9790547798066596,0.9795597484276729
0.543,0.9861260293591121,0.9874213836477987,0.9878267096312209,0.9889937106918238,0.9790547798066596,0.9795597484276729
0.544,0.9861260293591121,0.9874213836477987,0.9878267096312209,0.9889937106918238,0.9790547798066596,0.9795597484276729
0.545,0.9861260293591121,0.9874213836477987,0.9878267096312209,0.9889937106918238,0.9790547798066596,0.9795597484276729
0.546,0.9861260293591121,0.9889937106918238,0.9878267096312209,0.9889937106918238,0.9790547798066596,0.9795597484276729
0.547,0.9861260293591121,0.9889937106918238,0.9878267096312209,0.9889937106918238,0.9790547798066596,0.9795597484276729
0.548,0.9861260293591121,0.9889937106918238,0.9878267096312209,0.9889937106918238,0.9790547798066596,0.9795597484276729
0.549,0.9861260293591121,0.9889937106918238,0.9878267096312209,0.9889937106918238,0.9790547798066596,0.9795597484276729
0.55,0.9861260293591121,0.9889937106918238,0.9878267096312209,0.9889937106918238,0.9790547798066596,0.9795597484276729
0.551,0.9861260293591121,0.9889937106918238,0.9878267096312209,0.9889937106918238,0.9790547798066596,0.9795597484276729
0.552,0.9861260293591121,0.9889937106918238,0.9878267096312209,0.9889937106918238,0.9790547798066596,0.9795597484276729
0.553,0.9861260293591121,0.9889937106918238,0.9878267096312209,0.9889937106918238,0.9790547798066596,0.9795597484276729
0.554,0.9861260293591121,0.9889937106918238,0.9878267096312209,0.9889937106918238,0.9790547798066596,0.9795597484276729
0.555,0.9861260293591121,0.9889937106918238,0.9878267096312209,0.9889937106918238,0.9790547798066596,0.9795597484276729
0.556,0.9861260293591121,0.9889937106918238,0.9878267096312209,0.9889937106918238,0.9790547798066596,0.9795597484276729
0.557,0.9861260293591121,0.9889937106918238,0.9878267096312209,0.9889937106918238,0.9790547798066596,0.9795597484276729
0.558,0.9861260293591121,0.9889937106918238,0.9878267096312209,0.9889937106918238,0.9790547798066596,0.9795597484276729
0.559,0.9861260293591121,0.9889937106918238,0.9878267096312209,0.9889937106918238,0.9790547798066596,0.9795597484276729
0.56,0.9861260293591121,0.9889937106918238,0.9878267096312209,0.9889937106918238,0.9790547798066596,0.9795597484276729
0.561,0.9861260293591121,0.9889937106918238,0.9878267096312209,0.9889937106918238,0.9790547798066596,0.9795597484276729
0.562,0.9861260293591121,0.9889937106918238,0.9878267096312209,0.9889937106918238,0.9790547798066596,0.9795597484276729
0.5630000000000001,0.9861260293591121,0.9889937106918238,0.9878267096312209,0.9889937106918238,0.9790547798066596,0.9795597484276729
0.5640000000000001,0.9861260293591121,0.9889937106918238,0.9878267096312209,0.9889937106918238,0.9790547798066596,0.9795597484276729
0.5650000000000001,0.9861260293591121,0.9889937106918238,0.9878267096312209,0.9889937106918238,0.9790547798066596,0.9795597484276729
0.5660000000000001,0.9861260293591121,0.9889937106918238,0.9878267096312209,0.9889937106918238,0.9790547798066596,0.9795597484276729
0.5670000000000001,0.9861260293591121,0.9889937106918238,0.9878267096312209,0.9905660377358491,0.9805167681107531,0.9795597484276729
0.5680000000000001,0.9861260293591121,0.9889937106918238,0.9878267096312209,0.9905660377358491,0.9805167681107531,0.9795597484276729
0.5690000000000001,0.9861260293591121,0.9889937106918238,0.9878267096312209,0.9905660377358491,0.9805167681107531,0.9795597484276729
0.5700000000000001,0.9861260293591121,0.9889937106918238,0.9878267096312209,0.9905660377358491,0.9805167681107531,0.9795597484276729
0.5710000000000001,0.9861260293591121,0.9889937106918238,0.9878267096312209,0.9905660377358491,0.9805167681107531,0.9795597484276729
0.5720000000000001,0.9875880176632057,0.9889937106918238,0.9878267096312209,0.9905660377358491,0.9805167681107531,0.9795597484276729
0.5730000000000001,0.9875880176632057,0.9889937106918238,0.9878267096312209,0.9905660377358491,0.9805167681107531,0.9795597484276729
0.5740000000000001,0.9875880176632057,0.9889937106918238,0.9878267096312209,0.9905660377358491,0.9805167681107531,0.9795597484276729
0.5750000000000001,0.9875880176632057,0.9889937106918238,0.9878267096312209,0.9905660377358491,0.9805167681107531,0.9795597484276729
0.5760000000000001,0.9875880176632057,0.9889937106918238,0.9878267096312209,0.9905660377358491,0.9805167681107531,0.9795597484276729
0.577,0.9875880176632057,0.9889937106918238,0.9878267096312209,0.9921383647798742,0.9805167681107531,0.9795597484276729
0.578,0.9875880176632057,0.9889937106918238,0.9878267096312209,0.9921383647798742,0.9805167681107531,0.9795597484276729
0.579,0.9875880176632057,0.9889937106918238,0.9878267096312209,0.9921383647798742,0.9805167681107531,0.9795597484276729
0.58,0.9875880176632057,0.9889937106918238,0.9878267096312209,0.9921383647798742,0.9805167681107531,0.9795597484276729
0.581,0.9875880176632057,0.9889937106918238,0.9878267096312209,0.9921383647798742,0.9805167681107531,0.9811320754716981
0.582,0.9875880176632057,0.9889937106918238,0.9878267096312209,0.9921383647798742,0.9805167681107531,0.9811320754716981
0.583,0.9875880176632057,0.9889937106918238,0.9878267096312209,0.9921383647798742,0.9805167681107531,0.9811320754716981
0.584,0.9875880176632057,0.9889937106918238,0.9878267096312209,0.9921383647798742,0.9805167681107531,0.9811320754716981
0.585,0.9875880176632057,0.9889937106918238,0.9878267096312209,0.9921383647798742,0.9805167681107531,0.9811320754716981
0.586,0.9875880176632057,0.9889937106918238,0.9878267096312209,0.9921383647798742,0.9805167681107531,0.9827044025157232
0.587,0.9875880176632057,0.9889937106918238,0.9878267096312209,0.9921383647798742,0.9805167681107531,0.9842767295597484
0.588,0.9875880176632057,0.9889937106918238,0.9878267096312209,0.9921383647798742,0.9805167681107531,0.9842767295597484
0.589,0.9875880176632057,0.9889937106918238,0.9878267096312209,0.9921383647798742,0.9805167681107531,0.9842767295597484
0.59,0.9875880176632057,0.9889937106918238,0.9878267096312209,0.9921383647798742,0.9805167681107531,0.9842767295597484
0.591,0.9875880176632057,0.9889937106918238,0.9878267096312209,0.9921383647798742,0.9805167681107531,0.9842767295597484
0.592,0.9875880176632057,0.9889937106918238,0.9878267096312209,0.9921383647798742,0.9805167681107531,0.9842767295597484
0.593,0.9875880176632057,0.9889937106918238,0.9878267096312209,0.9921383647798742,0.9805167681107531,0.9842767295597484
0.594,0.9875880176632057,0.9889937106918238,0.9878267096312209,0.9921383647798742,0.9805167681107531,0.9858490566037735
0.595,0.9875880176632057,0.9889937106918238,0.9878267096312209,0.9921383647798742,0.9805167681107531,0.9858490566037735
0.596,0.9875880176632057,0.9889937106918238,0.9878267096312209,0.9921383647798742,0.9805167681107531,0.9858490566037735
0.597,0.9875880176632057,0.9889937106918238,0.9878267096312209,0.9921383647798742,0.9805167681107531,0.9858490566037735
0.598,0.9875880176632057,0.9889937106918238,0.9878267096312209,0.9921383647798742,0.9805167681107531,0.9858490566037735
0.599,0.9875880176632057,0.9889937106918238,0.9878267096312209,0.9921383647798742,0.9805167681107531,0.9874213836477987
0.6,0.9875880176632057,0.9889937106918238,0.9878267096312209,0.9921383647798742,0.9805167681107531,0.9874213836477987
0.601,0.9892886979353145,0.9889937106918238,0.9878267096312209,0.9921383647798742,0.9805167681107531,0.9874213836477987
0.602,0.9892886979353145,0.9889937106918238,0.9878267096312209,0.9921383647798742,0.9805167681107531,0.9874213836477987
0.603,0.9892886979353145,0.9889937106918238,0.9878267096312209,0.9921383647798742,0.9805167681107531,0.9874213836477987
0.604,0.9892886979353145,0.9889937106918238,0.9878267096312209,0.9921383647798742,0.9805167681107531,0.9874213836477987
0.605,0.9892886979353145,0.9889937106918238,0.9878267096312209,0.9921383647798742,0.9805167681107531,0.9874213836477987
0.606,0.9892886979353145,0.9889937106918238,0.9878267096312209,0.9921383647798742,0.9805167681107531,0.9874213836477987
0.607,0.9892886979353145,0.9889937106918238,0.9878267096312209,0.9921383647798742,0.9805167681107531,0.9874213836477987
0.608,0.9892886979353145,0.9889937106918238,0.9878267096312209,0.9921383647798742,0.9805167681107531,0.9874213836477987
0.609,0.9892886979353145,0.9889937106918238,0.9878267096312209,0.9921383647798742,0.9805167681107531,0.9874213836477987
0.61,0.9892886979353145,0.9889937106918238,0.9878267096312209,0.9921383647798742,0.9805167681107531,0.9874213836477987
0.611,0.9892886979353145,0.9889937106918238,0.9878267096312209,0.9921383647798742,0.9805167681107531,0.9874213836477987
0.612,0.9892886979353145,0.9889937106918238,0.9878267096312209,0.9921383647798742,0.9805167681107531,0.9874213836477987
0.613,0.9892886979353145,0.9889937106918238,0.9878267096312209,0.9921383647798742,0.9805167681107531,0.9874213836477987
0.614,0.9892886979353145,0.9889937106918238,0.9878267096312209,0.9921383647798742,0.9805167681107531,0.9874213836477987
0.615,0.9892886979353145,0.9889937106918238,0.9878267096312209,0.9921383647798742,0.9805167681107531,0.9874213836477987
0.616,0.9892886979353145,0.9889937106918238,0.9878267096312209,0.9921383647798742,0.9805167681107531,0.9874213836477987
0.617,0.9892886979353145,0.9889937106918238,0.9878267096312209,0.9921383647798742,0.9805167681107531,0.9874213836477987
0.618,0.9892886979353145,0.9889937106918238,0.9878267096312209,0.9921383647798742,0.9805167681107531,0.9874213836477987
0.619,0.9892886979353145,0.9889937106918238,0.9878267096312209,0.9921383647798742,0.9805167681107531,0.9874213836477987
0.62,0.9892886979353145,0.9889937106918238,0.9878267096312209,0.9937106918238994,0.9805167681107531,0.9874213836477987
0.621,0.9892886979353145,0.9889937106918238,0.9878267096312209,0.9937106918238994,0.9805167681107531,0.9874213836477987
0.622,0.9892886979353145,0.9889937106918238,0.9878267096312209,0.9937106918238994,0.9805167681107531,0.9874213836477987
0.623,0.9892886979353145,0.9889937106918238,0.9878267096312209,0.9937106918238994,0.9819787564148466,0.9874213836477987
0.624,0.9892886979353145,0.9889937106918238,0.9878267096312209,0.9937106918238994,0.9819787564148466,0.9874213836477987
0.625,0.9892886979353145,0.9889937106918238,0.9878267096312209,0.9937106918238994,0.9819787564148466,0.9874213836477987
0.626,0.9892886979353145,0.9889937106918238,0.9878267096312209,0.9937106918238994,0.9819787564148466,0.9874213836477987
0.627,0.9892886979353145,0.9889937106918238,0.9892886979353145,0.9937106918238994,0.9834407447189402,0.9874213836477987
0.628,0.9892886979353145,0.9889937106918238,0.9892886979353145,0.9937106918238994,0.9849027330230338,0.9874213836477987
0.629,0.9892886979353145,0.9889937106918238,0.9892886979353145,0.9937106918238994,0.9849027330230338,0.9874213836477987
0.63,0.9892886979353145,0.9889937106918238,0.9892886979353145,0.9937106918238994,0.9849027330230338,0.9874213836477987
0.631,0.9892886979353145,0.9889937106918238,0.9892886979353145,0.9937106918238994,0.9849027330230338,0.9874213836477987
0.632,0.9892886979353145,0.9889937106918238,0.9892886979353145,0.9937106918238994,0.9849027330230338,0.9874213836477987
0.633,0.9892886979353145,0.9889937106918238,0.9892886979353145,0.9937106918238994,0.9849027330230338,0.9874213836477987
0.634,0.9892886979353145,0.9889937106918238,0.9892886979353145,0.9937106918238994,0.9849027330230338,0.9874213836477987
0.635,0.9892886979353145,0.9889937106918238,0.9892886979353145,0.9937106918238994,0.9863647213271274,0.9874213836477987
0.636,0.9892886979353145,0.9889937106918238,0.9892886979353145,0.9937106918238994,0.9863647213271274,0.9874213836477987
0.637,0.9892886979353145,0.9889937106918238,0.9892886979353145,0.9937106918238994,0.9863647213271274,0.9874213836477987
0.638,0.9892886979353145,0.9889937106918238,0.9892886979353145,0.9937106918238994,0.9863647213271274,0.9889937106918238
0.639,0.9892886979353145,0.9889937106918238,0.9892886979353145,0.9937106918238994,0.9863647213271274,0.9889937106918238
0.64,0.9892886979353145,0.9889937106918238,0.9892886979353145,0.9937106918238994,0.9878267096312209,0.9889937106918238
0.641,0.9892886979353145,0.9889937106918238,0.9892886979353145,0.9937106918238994,0.9878267096312209,0.9889937106918238
0.642,0.9892886979353145,0.9889937106918238,0.9892886979353145,0.9937106918238994,0.9878267096312209,0.9889937106918238
0.643,0.9892886979353145,0.9889937106918238,0.9892886979353145,0.9937106918238994,0.9878267096312209,0.9889937106918238
0.644,0.9892886979353145,0.9889937106918238,0.9892886979353145,0.9937106918238994,0.9878267096312209,0.9889937106918238
0.645,0.9892886979353145,0.9889937106918238,0.9892886979353145,0.9937106918238994,0.9878267096312209,0.9889937106918238
0.646,0.9892886979353145,0.9889937106918238,0.9892886979353145,0.9937106918238994,0.9878267096312209,0.9889937106918238
0.647,0.9892886979353145,0.9889937106918238,0.9892886979353145,0.9937106918238994,0.9878267096312209,0.9889937106918238
0.648,0.9892886979353145,0.9889937106918238,0.9892886979353145,0.9937106918238994,0.9878267096312209,0.9889937106918238
0.649,0.9892886979353145,0.9889937106918238,0.9892886979353145,0.9937106918238994,0.9878267096312209,0.9889937106918238
0.65,0.9892886979353145,0.9889937106918238,0.9892886979353145,0.9937106918238994,0.9878267096312209,0.9889937106918238
0.651,0.9892886979353145,0.9889937106918238,0.9892886979353145,0.9937106918238994,0.9878267096312209,0.9889937106918238
0.652,0.9892886979353145,0.9889937106918238,0.9892886979353145,0.9937106918238994,0.9878267096312209,0.9889937106918238
0.653,0.9892886979353145,0.9889937106918238,0.9892886979353145,0.9937106918238994,0.9878267096312209,0.9889937106918238
0.654,0.9892886979353145,0.9889937106918238,0.9892886979353145,0.9937106918238994,0.9878267096312209,0.9889937106918238
0.655,0.9892886979353145,0.9889937106918238,0.9892886979353145,0.9937106918238994,0.9878267096312209,0.9889937106918238
0.656,0.9892886979353145,0.9889937106918238,0.9892886979353145,0.9937106918238994,0.9878267096312209,0.9889937106918238
0.657,0.9892886979353145,0.9889937106918238,0.9892886979353145,0.9937106918238994,0.9878267096312209,0.9889937106918238
0.658,0.9892886979353145,0.9889937106918238,0.9892886979353145,0.9937106918238994,0.9878267096312209,0.9889937106918238
0.659,0.9892886979353145,0.9889937106918238,0.9892886979353145,0.9937106918238994,0.9878267096312209,0.9889937106918238
0.66,0.9892886979353145,0.9889937106918238,0.9892886979353145,0.9937106918238994,0.9878267096312209,0.9889937106918238
0.661,0.9892886979353145,0.9889937106918238,0.9892886979353145,0.9937106918238994,0.9878267096312209,0.9889937106918238
0.662,0.9892886979353145,0.9889937106918238,0.9892886979353145,0.9937106918238994,0.9878267096312209,0.9889937106918238
0.663,0.9892886979353145,0.9889937106918238,0.9892886979353145,0.9937106918238994,0.9878267096312209,0.9889937106918238
0.664,0.9892886979353145,0.9889937106918238,0.9892886979353145,0.9937106918238994,0.9878267096312209,0.9889937106918238
0.665,0.9892886979353145,0.9889937106918238,0.9892886979353145,0.9937106918238994,0.9878267096312209,0.9889937106918238
0.666,0.9892886979353145,0.9889937106918238,0.990750686239408,0.9937106918238994,0.9878267096312209,0.9889937106918238
0.667,0.9892886979353145,0.9889937106918238,0.990750686239408,0.9937106918238994,0.9878267096312209,0.9889937106918238
0.668,0.9892886979353145,0.9889937106918238,0.990750686239408,0.9937106918238994,0.9878267096312209,0.9889937106918238
0.669,0.9892886979353145,0.9889937106918238,0.990750686239408,0.9937106918238994,0.9878267096312209,0.9889937106918238
0.67,0.9892886979353145,0.9889937106918238,0.990750686239408,0.9937106918238994,0.9878267096312209,0.9889937106918238
0.671,0.9892886979353145,0.9889937106918238,0.990750686239408,0.9937106918238994,0.9878267096312209,0.9889937106918238
0.672,0.9892886979353145,0.9889937106918238,0.990750686239408,0.9937106918238994,0.9878267096312209,0.9889937106918238
0.673,0.9892886979353145,0.9889937106918238,0.990750686239408,0.9937106918238994,0.9878267096312209,0.9889937106918238
0.674,0.9892886979353145,0.9889937106918238,0.990750686239408,0.9937106918238994,0.9892886979353145,0.9889937106918238
0.675,0.9892886979353145,0.9889937106918238,0.990750686239408,0.9937106918238994,0.9892886979353145,0.9889937106918238
0.676,0.9892886979353145,0.9889937106918238,0.990750686239408,0.9937106918238994,0.9892886979353145,0.9889937106918238
0.677,0.990750686239408,0.9889937106918238,0.990750686239408,0.9937106918238994,0.9892886979353145,0.9889937106918238
0.678,0.990750686239408,0.9889937106918238,0.990750686239408,0.9937106918238994,0.9892886979353145,0.9889937106918238
0.679,0.990750686239408,0.9889937106918238,0.990750686239408,0.9937106918238994,0.9892886979353145,0.9889937106918238
0.68,0.990750686239408,0.9889937106918238,0.990750686239408,0.9937106918238994,0.9892886979353145,0.9889937106918238
0.681,0.990750686239408,0.9889937106918238,0.990750686239408,0.9937106918238994,0.9892886979353145,0.9889937106918238
0.682,0.990750686239408,0.9889937106918238,0.990750686239408,0.9937106918238994,0.9892886979353145,0.9889937106918238
0.683,0.990750686239408,0.9889937106918238,0.990750686239408,0.9937106918238994,0.9892886979353145,0.9889937106918238
0.684,0.990750686239408,0.9889937106918238,0.990750686239408,0.9937106918238994,0.9892886979353145,0.9889937106918238
0.685,0.990750686239408,0.9889937106918238,0.990750686239408,0.9937106918238994,0.9892886979353145,0.9889937106918238
0.686,0.990750686239408,0.9889937106918238,0.990750686239408,0.9937106918238994,0.9892886979353145,0.9889937106918238
0.687,0.990750686239408,0.9889937106918238,0.990750686239408,0.9937106918238994,0.9892886979353145,0.9889937106918238
0.6880000000000001,0.990750686239408,0.9889937106918238,0.990750686239408,0.9937106918238994,0.9892886979353145,0.9889937106918238
0.6890000000000001,0.990750686239408,0.9889937106918238,0.990750686239408,0.9937106918238994,0.9892886979353145,0.9889937106918238
0.6900000000000001,0.990750686239408,0.9889937106918238,0.990750686239408,0.9937106918238994,0.9892886979353145,0.9889937106918238
0.6910000000000001,0.990750686239408,0.9889937106918238,0.990750686239408,0.9937106918238994,0.9892886979353145,0.9889937106918238
0.6920000000000001,0.990750686239408,0.9889937106918238,0.990750686239408,0.9937106918238994,0.9892886979353145,0.9889937106918238
0.6930000000000001,0.990750686239408,0.9889937106918238,0.990750686239408,0.9937106918238994,0.9892886979353145,0.9889937106918238
0.6940000000000001,0.990750686239408,0.9889937106918238,0.990750686239408,0.9937106918238994,0.9892886979353145,0.9889937106918238
0.6950000000000001,0.990750686239408,0.9889937106918238,0.990750686239408,0.9937106918238994,0.9892886979353145,0.9889937106918238
0.6960000000000001,0.990750686239408,0.9889937106918238,0.9924513665115169,0.9937106918238994,0.9892886979353145,0.9889937106918238
0.6970000000000001,0.990750686239408,0.9889937106918238,0.9924513665115169,0.9937106918238994,0.9892886979353145,0.9889937106918238
0.6980000000000001,0.990750686239408,0.9889937106918238,0.9924513665115169,0.9937106918238994,0.9892886979353145,0.9889937106918238
0.6990000000000001,0.990750686239408,0.9889937106918238,0.9924513665115169,0.9937106918238994,0.9892886979353145,0.9889937106918238
0.7000000000000001,0.990750686239408,0.9889937106918238,0.9924513665115169,0.9937106918238994,0.9892886979353145,0.9889937106918238
0.7010000000000001,0.990750686239408,0.9889937106918238,0.9924513665115169,0.9937106918238994,0.9892886979353145,0.9889937106918238
0.7020000000000001,0.990750686239408,0.9889937106918238,0.9924513665115169,0.9937106918238994,0.9892886979353145,0.9889937106918238
0.7030000000000001,0.990750686239408,0.9889937106918238,0.9924513665115169,0.9937106918238994,0.9892886979353145,0.9889937106918238
0.704,0.990750686239408,0.9889937106918238,0.9924513665115169,0.9937106918238994,0.9892886979353145,0.9889937106918238
0.705,0.990750686239408,0.9889937106918238,0.9924513665115169,0.9937106918238994,0.9892886979353145,0.9889937106918238
0.706,0.990750686239408,0.9905660377358491,0.9924513665115169,0.9937106918238994,0.9892886979353145,0.9889937106918238
0.707,0.990750686239408,0.9905660377358491,0.9924513665115169,0.9937106918238994,0.9892886979353145,0.9889937106918238
0.708,0.990750686239408,0.9905660377358491,0.9924513665115169,0.9937106918238994,0.9892886979353145,0.9889937106918238
0.709,0.990750686239408,0.9921383647798742,0.9924513665115169,0.9937106918238994,0.9892886979353145,0.9889937106918238
0.71,0.990750686239408,0.9921383647798742,0.9924513665115169,0.9937106918238994,0.9892886979353145,0.9889937106918238
0.711,0.990750686239408,0.9921383647798742,0.9924513665115169,0.9937106918238994,0.9892886979353145,0.9889937106918238
0.712,0.990750686239408,0.9921383647798742,0.9924513665115169,0.9937106918238994,0.9892886979353145,0.9889937106918238
0.713,0.990750686239408,0.9921383647798742,0.9924513665115169,0.9937106918238994,0.9892886979353145,0.9889937106918238
0.714,0.990750686239408,0.9921383647798742,0.9924513665115169,0.9937106918238994,0.9892886979353145,0.9889937106918238
0.715,0.990750686239408,0.9921383647798742,0.9939133548156105,0.9937106918238994,0.9892886979353145,0.9889937106918238
0.716,0.990750686239408,0.9921383647798742,0.9939133548156105,0.9937106918238994,0.9892886979353145,0.9889937106918238
0.717,0.990750686239408,0.9921383647798742,0.9939133548156105,0.9937106918238994,0.9892886979353145,0.9889937106918238
0.718,0.990750686239408,0.9921383647798742,0.9939133548156105,0.9937106918238994,0.9892886979353145,0.9889937106918238
0.719,0.990750686239408,0.9921383647798742,0.9939133548156105,0.9937106918238994,0.9892886979353145,0.9889937106918238
0.72,0.990750686239408,0.9921383647798742,0.9939133548156105,0.9937106918238994,0.9892886979353145,0.9889937106918238
0.721,0.990750686239408,0.9921383647798742,0.9939133548156105,0.9937106918238994,0.9892886979353145,0.9889937106918238
0.722,0.990750686239408,0.9921383647798742,0.9939133548156105,0.9937106918238994,0.9892886979353145,0.9889937106918238
0.723,0.990750686239408,0.9921383647798742,0.9939133548156105,0.9937106918238994,0.9892886979353145,0.9889937106918238
0.724,0.990750686239408,0.9921383647798742,0.9939133548156105,0.9937106918238994,0.9892886979353145,0.9889937106918238
0.725,0.990750686239408,0.9921383647798742,0.9939133548156105,0.9937106918238994,0.9892886979353145,0.9889937106918238
0.726,0.990750686239408,0.9921383647798742,0.9939133548156105,0.9937106918238994,0.9892886979353145,0.9889937106918238
0.727,0.990750686239408,0.9921383647798742,0.9939133548156105,0.9937106918238994,0.9892886979353145,0.9889937106918238
0.728,0.990750686239408,0.9921383647798742,0.9939133548156105,0.9937106918238994,0.9892886979353145,0.9889937106918238
0.729,0.990750686239408,0.9921383647798742,0.9939133548156105,0.9937106918238994,0.9892886979353145,0.9889937106918238
0.73,0.990750686239408,0.9921383647798742,0.9939133548156105,0.9937106918238994,0.9892886979353145,0.9889937106918238
0.731,0.990750686239408,0.9921383647798742,0.9939133548156105,0.9937106918238994,0.9892886979353145,0.9889937106918238
0.732,0.990750686239408,0.9921383647798742,0.9939133548156105,0.9937106918238994,0.9892886979353145,0.9889937106918238
0.733,0.990750686239408,0.9921383647798742,0.9939133548156105,0.9937106918238994,0.9892886979353145,0.9889937106918238
0.734,0.990750686239408,0.9921383647798742,0.9939133548156105,0.9937106918238994,0.9892886979353145,0.9889937106918238
0.735,0.990750686239408,0.9921383647798742,0.9939133548156105,0.9937106918238994,0.9892886979353145,0.9889937106918238
0.736,0.990750686239408,0.9921383647798742,0.9939133548156105,0.9937106918238994,0.9892886979353145,0.9889937106918238
0.737,0.990750686239408,0.9921383647798742,0.9939133548156105,0.9937106918238994,0.9892886979353145,0.9905660377358491
0.738,0.990750686239408,0.9921383647798742,0.9939133548156105,0.9937106918238994,0.9892886979353145,0.9905660377358491
0.739,0.990750686239408,0.9921383647798742,0.9939133548156105,0.9937106918238994,0.9892886979353145,0.9905660377358491
0.74,0.990750686239408,0.9937106918238994,0.9939133548156105,0.9937106918238994,0.9892886979353145,0.9905660377358491
0.741,0.990750686239408,0.9937106918238994,0.9939133548156105,0.9937106918238994,0.9892886979353145,0.9905660377358491
0.742,0.990750686239408,0.9937106918238994,0.9939133548156105,0.9937106918238994,0.9892886979353145,0.9905660377358491
0.743,0.990750686239408,0.9937106918238994,0.9939133548156105,0.9937106918238994,0.9892886979353145,0.9905660377358491
0.744,0.990750686239408,0.9937106918238994,0.9939133548156105,0.9937106918238994,0.9892886979353145,0.9905660377358491
0.745,0.990750686239408,0.9937106918238994,0.9939133548156105,0.9937106918238994,0.9892886979353145,0.9905660377358491
0.746,0.990750686239408,0.9937106918238994,0.9939133548156105,0.9937106918238994,0.9892886979353145,0.9905660377358491
0.747,0.990750686239408,0.9937106918238994,0.9939133548156105,0.9952830188679245,0.9892886979353145,0.9905660377358491
0.748,0.990750686239408,0.9937106918238994,0.9939133548156105,0.9952830188679245,0.9892886979353145,0.9905660377358491
0.749,0.990750686239408,0.9937106918238994,0.9939133548156105,0.9952830188679245,0.9892886979353145,0.9905660377358491
0.75,0.990750686239408,0.9937106918238994,0.9939133548156105,0.9952830188679245,0.9892886979353145,0.9905660377358491
0.751,0.990750686239408,0.9937106918238994,0.9939133548156105,0.9952830188679245,0.9892886979353145,0.9905660377358491
0.752,0.990750686239408,0.9937106918238994,0.9939133548156105,0.9952830188679245,0.9892886979353145,0.9905660377358491
0.753,0.990750686239408,0.9937106918238994,0.9939133548156105,0.9952830188679245,0.9892886979353145,0.9905660377358491
0.754,0.990750686239408,0.9937106918238994,0.9939133548156105,0.9952830188679245,0.9892886979353145,0.9905660377358491
0.755,0.990750686239408,0.9937106918238994,0.995375343119704,0.9952830188679245,0.9892886979353145,0.9905660377358491
0.756,0.990750686239408,0.9937106918238994,0.995375343119704,0.9952830188679245,0.9892886979353145,0.9905660377358491
0.757,0.990750686239408,0.9937106918238994,0.995375343119704,0.9952830188679245,0.9892886979353145,0.9905660377358491
0.758,0.9924513665115169,0.9937106918238994,0.995375343119704,0.9952830188679245,0.9892886979353145,0.9905660377358491
0.759,0.9924513665115169,0.9937106918238994,0.995375343119704,0.9952830188679245,0.9892886979353145,0.9905660377358491
0.76,0.9924513665115169,0.9937106918238994,0.995375343119704,0.9952830188679245,0.9892886979353145,0.9905660377358491
0.761,0.9924513665115169,0.9937106918238994,0.995375343119704,0.9952830188679245,0.9892886979353145,0.9905660377358491
0.762,0.9924513665115169,0.9937106918238994,0.995375343119704,0.9952830188679245,0.990750686239408,0.9905660377358491
0.763,0.9924513665115169,0.9937106918238994,0.995375343119704,0.9952830188679245,0.990750686239408,0.9905660377358491
0.764,0.9924513665115169,0.9937106918238994,0.995375343119704,0.9952830188679245,0.990750686239408,0.9905660377358491
0.765,0.9924513665115169,0.9937106918238994,0.995375343119704,0.9952830188679245,0.990750686239408,0.9905660377358491
0.766,0.9924513665115169,0.9937106918238994,0.995375343119704,0.9952830188679245,0.990750686239408,0.9905660377358491
0.767,0.9924513665115169,0.9937106918238994,0.995375343119704,0.9952830188679245,0.990750686239408,0.9905660377358491
0.768,0.9924513665115169,0.9937106918238994,0.995375343119704,0.9952830188679245,0.990750686239408,0.9905660377358491
0.769,0.9924513665115169,0.9937106918238994,0.995375343119704,0.9952830188679245,0.990750686239408,0.9905660377358491
0.77,0.9924513665115169,0.9937106918238994,0.995375343119704,0.9952830188679245,0.990750686239408,0.9905660377358491
0.771,0.9924513665115169,0.9937106918238994,0.995375343119704,0.9952830188679245,0.990750686239408,0.9905660377358491
0.772,0.9924513665115169,0.9937106918238994,0.995375343119704,0.9952830188679245,0.990750686239408,0.9905660377358491
0.773,0.9924513665115169,0.9937106918238994,0.995375343119704,0.9968553459119497,0.990750686239408,0.9905660377358491
0.774,0.9924513665115169,0.9937106918238994,0.995375343119704,0.9968553459119497,0.990750686239408,0.9905660377358491
0.775,0.9924513665115169,0.9937106918238994,0.995375343119704,0.9968553459119497,0.990750686239408,0.9905660377358491
0.776,0.9924513665115169,0.9937106918238994,0.995375343119704,0.9968553459119497,0.990750686239408,0.9905660377358491
0.777,0.9924513665115169,0.9937106918238994,0.995375343119704,0.9968553459119497,0.990750686239408,0.9905660377358491
0.778,0.9924513665115169,0.9937106918238994,0.995375343119704,0.9968553459119497,0.9924513665115169,0.9905660377358491
0.779,0.9924513665115169,0.9937106918238994,0.995375343119704,0.9968553459119497,0.9924513665115169,0.9905660377358491
0.78,0.9924513665115169,0.9937106918238994,0.995375343119704,0.9968553459119497,0.9924513665115169,0.9905660377358491
0.781,0.9924513665115169,0.9937106918238994,0.995375343119704,0.9968553459119497,0.9924513665115169,0.9905660377358491
0.782,0.9924513665115169,0.9937106918238994,0.995375343119704,0.9968553459119497,0.9924513665115169,0.9905660377358491
0.783,0.9924513665115169,0.9937106918238994,0.995375343119704,0.9968553459119497,0.9924513665115169,0.9905660377358491
0.784,0.9924513665115169,0.9937106918238994,0.995375343119704,0.9968553459119497,0.9924513665115169,0.9905660377358491
0.785,0.9924513665115169,0.9952830188679245,0.995375343119704,0.9968553459119497,0.9924513665115169,0.9905660377358491
0.786,0.9924513665115169,0.9952830188679245,0.995375343119704,0.9984276729559748,0.9924513665115169,0.9905660377358491
0.787,0.9924513665115169,0.9952830188679245,0.995375343119704,0.9984276729559748,0.9924513665115169,0.9905660377358491
0.788,0.9924513665115169,0.9952830188679245,0.995375343119704,0.9984276729559748,0.9924513665115169,0.9905660377358491
0.789,0.9924513665115169,0.9952830188679245,0.995375343119704,0.9984276729559748,0.9924513665115169,0.9905660377358491
0.79,0.9924513665115169,0.9952830188679245,0.995375343119704,0.9984276729559748,0.9924513665115169,0.9905660377358491
0.791,0.9924513665115169,0.9952830188679245,0.995375343119704,0.9984276729559748,0.9924513665115169,0.9905660377358491
0.792,0.9924513665115169,0.9952830188679245,0.995375343119704,0.9984276729559748,0.9924513665115169,0.9905660377358491
0.793,0.9924513665115169,0.9952830188679245,0.995375343119704,0.9984276729559748,0.9924513665115169,0.9905660377358491
0.794,0.9924513665115169,0.9952830188679245,0.995375343119704,0.9984276729559748,0.9924513665115169,0.9905660377358491
0.795,0.9924513665115169,0.9952830188679245,0.995375343119704,0.9984276729559748,0.9924513665115169,0.9905660377358491
0.796,0.9924513665115169,0.9952830188679245,0.995375343119704,0.9984276729559748,0.9924513665115169,0.9921383647798742
0.797,0.9924513665115169,0.9952830188679245,0.995375343119704,0.9984276729559748,0.9924513665115169,0.9921383647798742
0.798,0.9924513665115169,0.9952830188679245,0.995375343119704,0.9984276729559748,0.9924513665115169,0.9921383647798742
0.799,0.9924513665115169,0.9952830188679245,0.995375343119704,0.9984276729559748,0.9924513665115169,0.9921383647798742
0.8,0.9924513665115169,0.9952830188679245,0.995375343119704,0.9984276729559748,0.9924513665115169,0.9921383647798742
0.801,0.9924513665115169,0.9952830188679245,0.995375343119704,0.9984276729559748,0.9924513665115169,0.9921383647798742
0.802,0.9924513665115169,0.9952830188679245,0.995375343119704,0.9984276729559748,0.9924513665115169,0.9921383647798742
0.803,0.9924513665115169,0.9952830188679245,0.995375343119704,0.9984276729559748,0.9924513665115169,0.9921383647798742
0.804,0.9924513665115169,0.9952830188679245,0.995375343119704,0.9984276729559748,0.9924513665115169,0.9921383647798742
0.805,0.9924513665115169,0.9952830188679245,0.995375343119704,0.9984276729559748,0.9924513665115169,0.9921383647798742
0.806,0.9924513665115169,0.9952830188679245,0.995375343119704,0.9984276729559748,0.9924513665115169,0.9921383647798742
0.807,0.9924513665115169,0.9952830188679245,0.995375343119704,0.9984276729559748,0.9924513665115169,0.9921383647798742
0.808,0.9924513665115169,0.9952830188679245,0.995375343119704,0.9984276729559748,0.9924513665115169,0.9921383647798742
0.809,0.9924513665115169,0.9952830188679245,0.995375343119704,0.9984276729559748,0.9924513665115169,0.9921383647798742
0.81,0.9924513665115169,0.9952830188679245,0.995375343119704,0.9984276729559748,0.9924513665115169,0.9921383647798742
0.811,0.9924513665115169,0.9952830188679245,0.995375343119704,0.9984276729559748,0.9924513665115169,0.9921383647798742
0.812,0.9924513665115169,0.9952830188679245,0.995375343119704,0.9984276729559748,0.9924513665115169,0.9921383647798742
0.8130000000000001,0.9924513665115169,0.9952830188679245,0.995375343119704,0.9984276729559748,0.9924513665115169,0.9921383647798742
0.8140000000000001,0.9924513665115169,0.9952830188679245,0.995375343119704,0.9984276729559748,0.9924513665115169,0.9921383647798742
0.8150000000000001,0.9939133548156105,0.9952830188679245,0.995375343119704,0.9984276729559748,0.9924513665115169,0.9921383647798742
0.8160000000000001,0.9939133548156105,0.9952830188679245,0.995375343119704,0.9984276729559748,0.9924513665115169,0.9921383647798742
0.8170000000000001,0.9939133548156105,0.9952830188679245,0.995375343119704,0.9984276729559748,0.9924513665115169,0.9921383647798742
0.8180000000000001,0.9939133548156105,0.9952830188679245,0.995375343119704,0.9984276729559748,0.9924513665115169,0.9921383647798742
0.8190000000000001,0.9939133548156105,0.9952830188679245,0.995375343119704,0.9984276729559748,0.9924513665115169,0.9921383647798742
0.8200000000000001,0.9939133548156105,0.9952830188679245,0.995375343119704,0.9984276729559748,0.9924513665115169,0.9921383647798742
0.8210000000000001,0.9939133548156105,0.9952830188679245,0.995375343119704,0.9984276729559748,0.9924513665115169,0.9921383647798742
0.8220000000000001,0.9939133548156105,0.9952830188679245,0.995375343119704,0.9984276729559748,0.9924513665115169,0.9921383647798742
0.8230000000000001,0.9939133548156105,0.9952830188679245,0.995375343119704,0.9984276729559748,0.9924513665115169,0.9921383647798742
0.8240000000000001,0.9939133548156105,0.9952830188679245,0.995375343119704,0.9984276729559748,0.9924513665115169,0.9921383647798742
0.8250000000000001,0.9939133548156105,0.9952830188679245,0.995375343119704,0.9984276729559748,0.9924513665115169,0.9921383647798742
0.8260000000000001,0.9939133548156105,0.9952830188679245,0.995375343119704,0.9984276729559748,0.9924513665115169,0.9921383647798742
0.8270000000000001,0.9939133548156105,0.9952830188679245,0.995375343119704,0.9984276729559748,0.9924513665115169,0.9921383647798742
0.8280000000000001,0.9939133548156105,0.9968553459119497,0.995375343119704,0.9984276729559748,0.9924513665115169,0.9921383647798742
0.8290000000000001,0.9939133548156105,0.9968553459119497,0.995375343119704,0.9984276729559748,0.9924513665115169,0.9921383647798742
0.8300000000000001,0.9939133548156105,0.9968553459119497,0.995375343119704,0.9984276729559748,0.9924513665115169,0.9921383647798742
0.8310000000000001,0.9939133548156105,0.9968553459119497,0.995375343119704,0.9984276729559748,0.9924513665115169,0.9921383647798742
0.8320000000000001,0.9939133548156105,0.9968553459119497,0.995375343119704,0.9984276729559748,0.9924513665115169,0.9921383647798742
0.833,0.9939133548156105,0.9968553459119497,0.995375343119704,0.9984276729559748,0.9924513665115169,0.9921383647798742
0.834,0.9939133548156105,0.9968553459119497,0.995375343119704,0.9984276729559748,0.9924513665115169,0.9921383647798742
0.835,0.9939133548156105,0.9968553459119497,0.995375343119704,0.9984276729559748,0.9924513665115169,0.9921383647798742
0.836,0.9939133548156105,0.9968553459119497,0.995375343119704,0.9984276729559748,0.9924513665115169,0.9921383647798742
0.837,0.9939133548156105,0.9968553459119497,0.995375343119704,0.9984276729559748,0.9924513665115169,0.9921383647798742
0.838,0.9939133548156105,0.9968553459119497,0.995375343119704,0.9984276729559748,0.9924513665115169,0.9921383647798742
0.839,0.9939133548156105,0.9968553459119497,0.995375343119704,0.9984276729559748,0.9924513665115169,0.9921383647798742
0.84,0.9939133548156105,0.9968553459119497,0.995375343119704,0.9984276729559748,0.9924513665115169,0.9921383647798742
0.841,0.995375343119704,0.9968553459119497,0.995375343119704,0.9984276729559748,0.9924513665115169,0.9921383647798742
0.842,0.995375343119704,0.9968553459119497,0.995375343119704,0.9984276729559748,0.9924513665115169,0.9921383647798742
0.843,0.995375343119704,0.9968553459119497,0.995375343119704,0.9984276729559748,0.9924513665115169,0.9921383647798742
0.844,0.995375343119704,0.9968553459119497,0.995375343119704,0.9984276729559748,0.9924513665115169,0.9921383647798742
0.845,0.995375343119704,0.9968553459119497,0.995375343119704,0.9984276729559748,0.9924513665115169,0.9921383647798742
0.846,0.995375343119704,0.9968553459119497,0.995375343119704,0.9984276729559748,0.9924513665115169,0.9921383647798742
0.847,0.995375343119704,0.9968553459119497,0.995375343119704,0.9984276729559748,0.9924513665115169,0.9921383647798742
0.848,0.995375343119704,0.9968553459119497,0.995375343119704,0.9984276729559748,0.9924513665115169,0.9921383647798742
0.849,0.995375343119704,0.9968553459119497,0.995375343119704,0.9984276729559748,0.9924513665115169,0.9921383647798742
0.85,0.995375343119704,0.9968553459119497,0.995375343119704,0.9984276729559748,0.9924513665115169,0.9921383647798742
0.851,0.995375343119704,0.9968553459119497,0.995375343119704,0.9984276729559748,0.9924513665115169,0.9921383647798742
0.852,0.995375343119704,0.9968553459119497,0.995375343119704,0.9984276729559748,0.9924513665115169,0.9921383647798742
0.853,0.995375343119704,0.9968553459119497,0.9968373314237976,0.9984276729559748,0.9924513665115169,0.9921383647798742
0.854,0.995375343119704,0.9968553459119497,0.9968373314237976,0.9984276729559748,0.9924513665115169,0.9921383647798742
0.855,0.995375343119704,0.9968553459119497,0.9968373314237976,0.9984276729559748,0.9924513665115169,0.9921383647798742
0.856,0.995375343119704,0.9968553459119497,0.9968373314237976,0.9984276729559748,0.9924513665115169,0.9921383647798742
0.857,0.995375343119704,0.9968553459119497,0.9968373314237976,0.9984276729559748,0.9924513665115169,0.9921383647798742
0.858,0.995375343119704,0.9968553459119497,0.9968373314237976,0.9984276729559748,0.9924513665115169,0.9921383647798742
0.859,0.995375343119704,0.9968553459119497,0.9968373314237976,0.9984276729559748,0.9924513665115169,0.9921383647798742
0.86,0.995375343119704,0.9968553459119497,0.9968373314237976,0.9984276729559748,0.9924513665115169,0.9921383647798742
0.861,0.995375343119704,0.9968553459119497,0.9968373314237976,0.9984276729559748,0.9924513665115169,0.9921383647798742
0.862,0.995375343119704,0.9968553459119497,0.9968373314237976,0.9984276729559748,0.9924513665115169,0.9921383647798742
0.863,0.995375343119704,0.9968553459119497,0.9968373314237976,0.9984276729559748,0.9924513665115169,0.9921383647798742
0.864,0.995375343119704,0.9968553459119497,0.9968373314237976,0.9984276729559748,0.9924513665115169,0.9921383647798742
0.865,0.995375343119704,0.9968553459119497,0.9968373314237976,0.9984276729559748,0.9924513665115169,0.9921383647798742
0.866,0.995375343119704,0.9968553459119497,0.9968373314237976,0.9984276729559748,0.9924513665115169,0.9921383647798742
0.867,0.995375343119704,0.9968553459119497,0.9968373314237976,0.9984276729559748,0.9924513665115169,0.9921383647798742
0.868,0.995375343119704,0.9968553459119497,0.9968373314237976,0.9984276729559748,0.9924513665115169,0.9921383647798742
0.869,0.995375343119704,0.9968553459119497,0.9982993197278911,0.9984276729559748,0.9924513665115169,0.9921383647798742
0.87,0.995375343119704,0.9968553459119497,0.9982993197278911,0.9984276729559748,0.9924513665115169,0.9921383647798742
0.871,0.9968373314237976,0.9984276729559748,0.9982993197278911,0.9984276729559748,0.9924513665115169,0.9921383647798742
0.872,0.9968373314237976,0.9984276729559748,0.9982993197278911,0.9984276729559748,0.9924513665115169,0.9921383647798742
0.873,0.9968373314237976,0.9984276729559748,0.9982993197278911,0.9984276729559748,0.9924513665115169,0.9921383647798742
0.874,0.9968373314237976,0.9984276729559748,0.9982993197278911,0.9984276729559748,0.9924513665115169,0.9921383647798742
0.875,0.9968373314237976,0.9984276729559748,0.9982993197278911,0.9984276729559748,0.9924513665115169,0.9921383647798742
0.876,0.9968373314237976,0.9984276729559748,0.9982993197278911,0.9984276729559748,0.9924513665115169,0.9921383647798742
0.877,0.9968373314237976,0.9984276729559748,0.9982993197278911,0.9984276729559748,0.9924513665115169,0.9921383647798742
0.878,0.9968373314237976,0.9984276729559748,0.9982993197278911,0.9984276729559748,0.9924513665115169,0.9921383647798742
0.879,0.9968373314237976,0.9984276729559748,0.9982993197278911,0.9984276729559748,0.9924513665115169,0.9921383647798742
0.88,0.9968373314237976,0.9984276729559748,0.9982993197278911,0.9984276729559748,0.9924513665115169,0.9921383647798742
0.881,0.9968373314237976,0.9984276729559748,0.9982993197278911,0.9984276729559748,0.9924513665115169,0.9921383647798742
0.882,0.9968373314237976,0.9984276729559748,0.9982993197278911,0.9984276729559748,0.9924513665115169,0.9921383647798742
0.883,0.9968373314237976,0.9984276729559748,0.9982993197278911,0.9984276729559748,0.9924513665115169,0.9921383647798742
0.884,0.9968373314237976,0.9984276729559748,0.9982993197278911,0.9984276729559748,0.9924513665115169,0.9921383647798742
0.885,0.9968373314237976,0.9984276729559748,0.9982993197278911,0.9984276729559748,0.9924513665115169,0.9921383647798742
0.886,0.9968373314237976,0.9984276729559748,0.9982993197278911,0.9984276729559748,0.9924513665115169,0.9921383647798742
0.887,0.9968373314237976,0.9984276729559748,0.9982993197278911,0.9984276729559748,0.9924513665115169,0.9921383647798742
0.888,0.9968373314237976,0.9984276729559748,0.9982993197278911,0.9984276729559748,0.9924513665115169,0.9921383647798742
0.889,0.9968373314237976,0.9984276729559748,0.9982993197278911,0.9984276729559748,0.9924513665115169,0.9921383647798742
0.89,0.9968373314237976,0.9984276729559748,0.9982993197278911,0.9984276729559748,0.9924513665115169,0.9921383647798742
0.891,0.9968373314237976,0.9984276729559748,0.9982993197278911,0.9984276729559748,0.9924513665115169,0.9937106918238994
0.892,0.9968373314237976,0.9984276729559748,0.9982993197278911,0.9984276729559748,0.9924513665115169,0.9937106918238994
0.893,0.9968373314237976,0.9984276729559748,0.9982993197278911,0.9984276729559748,0.9924513665115169,0.9937106918238994
0.894,0.9968373314237976,0.9984276729559748,0.9982993197278911,0.9984276729559748,0.9924513665115169,0.9937106918238994
0.895,0.9968373314237976,0.9984276729559748,0.9982993197278911,0.9984276729559748,0.9939133548156105,0.9937106918238994
0.896,0.9968373314237976,0.9984276729559748,0.9982993197278911,0.9984276729559748,0.9939133548156105,0.9937106918238994
0.897,0.9968373314237976,0.9984276729559748,0.9982993197278911,0.9984276729559748,0.9939133548156105,0.9937106918238994
0.898,0.9968373314237976,0.9984276729559748,0.9982993197278911,0.9984276729559748,0.9939133548156105,0.9937106918238994
0.899,0.9968373314237976,0.9984276729559748,0.9982993197278911,0.9984276729559748,0.9939133548156105,0.9937106918238994
0.9,0.9968373314237976,0.9984276729559748,0.9982993197278911,0.9984276729559748,0.9939133548156105,0.9937106918238994
0.901,0.9968373314237976,0.9984276729559748,0.9982993197278911,0.9984276729559748,0.9939133548156105,0.9937106918238994
0.902,0.9968373314237976,0.9984276729559748,0.9982993197278911,0.9984276729559748,0.9939133548156105,0.9937106918238994
0.903,0.9968373314237976,0.9984276729559748,0.9982993197278911,0.9984276729559748,0.9939133548156105,0.9937106918238994
0.904,0.9968373314237976,0.9984276729559748,0.9982993197278911,0.9984276729559748,0.9939133548156105,0.9937106918238994
0.905,0.9968373314237976,0.9984276729559748,0.9982993197278911,0.9984276729559748,0.9939133548156105,0.9937106918238994
0.906,0.9968373314237976,0.9984276729559748,0.9982993197278911,0.9984276729559748,0.9939133548156105,0.9937106918238994
0.907,0.9968373314237976,0.9984276729559748,0.9982993197278911,0.9984276729559748,0.9939133548156105,0.9937106918238994
0.908,0.9968373314237976,0.9984276729559748,0.9982993197278911,0.9984276729559748,0.9939133548156105,0.9937106918238994
0.909,0.9968373314237976,0.9984276729559748,0.9982993197278911,0.9984276729559748,0.9939133548156105,0.9937106918238994
0.91,0.9968373314237976,0.9984276729559748,0.9982993197278911,0.9984276729559748,0.9939133548156105,0.9937106918238994
0.911,0.9968373314237976,0.9984276729559748,0.9982993197278911,0.9984276729559748,0.9939133548156105,0.9937106918238994
0.912,0.9968373314237976,0.9984276729559748,0.9982993197278911,0.9984276729559748,0.9939133548156105,0.9937106918238994
0.913,0.9968373314237976,0.9984276729559748,0.9982993197278911,0.9984276729559748,0.9939133548156105,0.9937106918238994
0.914,0.9968373314237976,0.9984276729559748,0.9982993197278911,0.9984276729559748,0.9939133548156105,0.9937106918238994
0.915,0.9968373314237976,0.9984276729559748,0.9982993197278911,0.9984276729559748,0.9939133548156105,0.9937106918238994
0.916,0.9968373314237976,0.9984276729559748,0.9982993197278911,0.9984276729559748,0.9939133548156105,0.9937106918238994
0.917,0.9968373314237976,0.9984276729559748,0.9982993197278911,0.9984276729559748,0.9939133548156105,0.9937106918238994
0.918,0.9968373314237976,0.9984276729559748,0.9982993197278911,0.9984276729559748,0.9939133548156105,0.9937106918238994
0.919,0.9968373314237976,0.9984276729559748,0.9982993197278911,0.9984276729559748,0.9939133548156105,0.9937106918238994
0.92,0.9968373314237976,0.9984276729559748,0.9982993197278911,0.9984276729559748,0.9939133548156105,0.9937106918238994
0.921,0.9968373314237976,0.9984276729559748,0.9982993197278911,0.9984276729559748,0.9939133548156105,0.9937106918238994
0.922,0.9968373314237976,0.9984276729559748,0.9982993197278911,0.9984276729559748,0.9939133548156105,0.9937106918238994
0.923,0.9968373314237976,0.9984276729559748,0.9982993197278911,0.9984276729559748,0.9939133548156105,0.9937106918238994
0.924,0.9968373314237976,0.9984276729559748,0.9982993197278911,0.9984276729559748,0.9939133548156105,0.9937106918238994
0.925,0.9968373314237976,0.9984276729559748,0.9982993197278911,0.9984276729559748,0.9939133548156105,0.9937106918238994
0.926,0.9968373314237976,0.9984276729559748,0.9982993197278911,0.9984276729559748,0.9939133548156105,0.9937106918238994
0.927,0.9982993197278911,0.9984276729559748,0.9982993197278911,0.9984276729559748,0.9939133548156105,0.9937106918238994
0.928,0.9982993197278911,0.9984276729559748,0.9982993197278911,0.9984276729559748,0.9939133548156105,0.9937106918238994
0.929,0.9982993197278911,0.9984276729559748,0.9982993197278911,0.9984276729559748,0.9939133548156105,0.9937106918238994
0.93,0.9982993197278911,0.9984276729559748,0.9982993197278911,0.9984276729559748,0.9939133548156105,0.9937106918238994
0.931,0.9982993197278911,0.9984276729559748,0.9982993197278911,0.9984276729559748,0.9939133548156105,0.9937106918238994
0.932,0.9982993197278911,0.9984276729559748,0.9982993197278911,0.9984276729559748,0.9939133548156105,0.9937106918238994
0.933,0.9982993197278911,0.9984276729559748,0.9982993197278911,0.9984276729559748,0.9939133548156105,0.9937106918238994
0.934,0.9982993197278911,0.9984276729559748,0.9982993197278911,0.9984276729559748,0.9939133548156105,0.9937106918238994
0.935,0.9982993197278911,0.9984276729559748,0.9982993197278911,0.9984276729559748,0.9939133548156105,0.9937106918238994
0.936,0.9982993197278911,0.9984276729559748,0.9982993197278911,0.9984276729559748,0.9939133548156105,0.9937106918238994
0.937,0.9982993197278911,0.9984276729559748,0.9982993197278911,0.9984276729559748,0.9939133548156105,0.9937106918238994
0.9380000000000001,0.9982993197278911,0.9984276729559748,0.9982993197278911,0.9984276729559748,0.9939133548156105,0.9937106918238994
0.9390000000000001,0.9982993197278911,0.9984276729559748,0.9982993197278911,0.9984276729559748,0.9939133548156105,0.9937106918238994
0.9400000000000001,0.9982993197278911,0.9984276729559748,0.9982993197278911,0.9984276729559748,0.9939133548156105,0.9937106918238994
0.9410000000000001,0.9982993197278911,0.9984276729559748,0.9982993197278911,0.9984276729559748,0.9939133548156105,0.9937106918238994
0.9420000000000001,0.9982993197278911,0.9984276729559748,0.9982993197278911,0.9984276729559748,0.9939133548156105,0.9937106918238994
0.9430000000000001,0.9982993197278911,0.9984276729559748,0.9982993197278911,0.9984276729559748,0.9939133548156105,0.9937106918238994
0.9440000000000001,0.9982993197278911,0.9984276729559748,0.9982993197278911,0.9984276729559748,0.9939133548156105,0.9937106918238994
0.9450000000000001,0.9982993197278911,0.9984276729559748,0.9982993197278911,0.9984276729559748,0.9939133548156105,0.9937106918238994
0.9460000000000001,0.9982993197278911,0.9984276729559748,0.9982993197278911,0.9984276729559748,0.9939133548156105,0.9952830188679245
0.9470000000000001,0.9982993197278911,0.9984276729559748,0.9982993197278911,0.9984276729559748,0.9939133548156105,0.9968553459119497
0.9480000000000001,0.9982993197278911,0.9984276729559748,0.9982993197278911,0.9984276729559748,0.9939133548156105,0.9968553459119497
0.9490000000000001,0.9982993197278911,0.9984276729559748,0.9982993197278911,0.9984276729559748,0.995375343119704,0.9968553459119497
0.9500000000000001,0.9982993197278911,0.9984276729559748,0.9982993197278911,0.9984276729559748,0.9968373314237976,0.9984276729559748
0.9510000000000001,0.9982993197278911,0.9984276729559748,0.9982993197278911,0.9984276729559748,0.9968373314237976,0.9984276729559748
0.9520000000000001,0.9982993197278911,0.9984276729559748,0.9982993197278911,0.9984276729559748,0.9968373314237976,0.9984276729559748
0.9530000000000001,0.9982993197278911,0.9984276729559748,0.9982993197278911,0.9984276729559748,0.9968373314237976,0.9984276729559748
0.9540000000000001,0.9982993197278911,0.9984276729559748,0.9982993197278911,0.9984276729559748,0.9982993197278911,0.9984276729559748
0.9550000000000001,0.9982993197278911,0.9984276729559748,0.9982993197278911,0.9984276729559748,0.9982993197278911,0.9984276729559748
0.9560000000000001,0.9982993197278911,0.9984276729559748,0.9982993197278911,0.9984276729559748,0.9982993197278911,0.9984276729559748
0.9570000000000001,0.9982993197278911,0.9984276729559748,0.9982993197278911,0.9984276729559748,0.9982993197278911,0.9984276729559748
0.9580000000000001,0.9982993197278911,0.9984276729559748,0.9982993197278911,0.9984276729559748,0.9982993197278911,0.9984276729559748
0.9590000000000001,0.9982993197278911,0.9984276729559748,0.9982993197278911,0.9984276729559748,0.9982993197278911,0.9984276729559748
0.96,0.9982993197278911,0.9984276729559748,0.9982993197278911,0.9984276729559748,0.9982993197278911,0.9984276729559748
0.961,0.9982993197278911,0.9984276729559748,0.9982993197278911,0.9984276729559748,0.9982993197278911,0.9984276729559748
0.962,0.9982993197278911,0.9984276729559748,0.9982993197278911,0.9984276729559748,0.9982993197278911,0.9984276729559748
0.963,0.9982993197278911,0.9984276729559748,0.9982993197278911,0.9984276729559748,0.9982993197278911,0.9984276729559748
0.964,0.9982993197278911,0.9984276729559748,0.9982993197278911,0.9984276729559748,0.9982993197278911,0.9984276729559748
0.965,0.9982993197278911,0.9984276729559748,0.9982993197278911,0.9984276729559748,0.9982993197278911,0.9984276729559748
0.966,0.9982993197278911,0.9984276729559748,0.9982993197278911,0.9984276729559748,0.9982993197278911,0.9984276729559748
0.967,0.9982993197278911,0.9984276729559748,0.9982993197278911,0.9984276729559748,0.9982993197278911,0.9984276729559748
0.968,0.9982993197278911,0.9984276729559748,0.9982993197278911,0.9984276729559748,0.9982993197278911,0.9984276729559748
0.969,0.9982993197278911,0.9984276729559748,0.9982993197278911,0.9984276729559748,0.9982993197278911,0.9984276729559748
0.97,0.9982993197278911,0.9984276729559748,0.9982993197278911,0.9984276729559748,0.9982993197278911,0.9984276729559748
0.971,0.9982993197278911,0.9984276729559748,0.9982993197278911,0.9984276729559748,0.9982993197278911,0.9984276729559748
0.972,0.9982993197278911,0.9984276729559748,0.9982993197278911,0.9984276729559748,0.9982993197278911,0.9984276729559748
0.973,0.9982993197278911,0.9984276729559748,0.9982993197278911,0.9984276729559748,0.9982993197278911,0.9984276729559748
0.974,0.9982993197278911,0.9984276729559748,0.9982993197278911,0.9984276729559748,0.9982993197278911,0.9984276729559748
0.975,0.9982993197278911,0.9984276729559748,0.9982993197278911,0.9984276729559748,0.9982993197278911,0.9984276729559748
0.976,0.9982993197278911,0.9984276729559748,0.9982993197278911,0.9984276729559748,0.9982993197278911,0.9984276729559748
0.977,0.9982993197278911,0.9984276729559748,0.9982993197278911,0.9984276729559748,0.9982993197278911,0.9984276729559748
0.978,0.9982993197278911,0.9984276729559748,0.9982993197278911,0.9984276729559748,0.9982993197278911,0.9984276729559748
0.979,0.9982993197278911,0.9984276729559748,0.9982993197278911,0.9984276729559748,0.9982993197278911,0.9984276729559748
0.98,0.9982993197278911,0.9984276729559748,0.9982993197278911,0.9984276729559748,0.9982993197278911,0.9984276729559748
0.981,0.9982993197278911,0.9984276729559748,0.9982993197278911,0.9984276729559748,0.9982993197278911,0.9984276729559748
0.982,0.9982993197278911,0.9984276729559748,0.9982993197278911,0.9984276729559748,0.9982993197278911,0.9984276729559748
0.983,0.9982993197278911,0.9984276729559748,0.9982993197278911,0.9984276729559748,0.9982993197278911,0.9984276729559748
0.984,0.9982993197278911,0.9984276729559748,0.9982993197278911,0.9984276729559748,0.9982993197278911,0.9984276729559748
0.985,0.9982993197278911,0.9984276729559748,1.0,0.9984276729559748,0.9982993197278911,0.9984276729559748
0.986,0.9982993197278911,0.9984276729559748,1.0,0.9984276729559748,0.9982993197278911,0.9984276729559748
0.987,0.9982993197278911,0.9984276729559748,1.0,0.9984276729559748,0.9982993197278911,0.9984276729559748
0.988,0.9982993197278911,0.9984276729559748,1.0,0.9984276729559748,0.9982993197278911,0.9984276729559748
0.989,0.9982993197278911,0.9984276729559748,1.0,1.0,0.9982993197278911,0.9984276729559748
0.99,1.0,0.9984276729559748,1.0,1.0,0.9982993197278911,0.9984276729559748
0.991,1.0,0.9984276729559748,1.0,1.0,0.9982993197278911,0.9984276729559748
0.992,1.0,0.9984276729559748,1.0,1.0,0.9982993197278911,0.9984276729559748
0.993,1.0,0.9984276729559748,1.0,1.0,1.0,0.9984276729559748
0.994,1.0,1.0,1.0,1.0,1.0,0.9984276729559748
0.995,1.0,1.0,1.0,1.0,1.0,1.0
0.996,1.0,1.0,1.0,1.0,1.0,1.0
0.997,1.0,1.0,1.0,1.0,1.0,1.0
0.998,1.0,1.0,1.0,1.0,1.0,1.0
0.999,1.0,1.0,1.0,1.0,1.0,1.0
1.0,1.0,1.0,1.0,1.0,1.0,1.0
