false_positive_rate,M_0_macro_true_positive_rate,M_0_micro_true_positive_rate,M_1_macro_true_positive_rate,M_1_micro_true_positive_rate,M_rand_macro_true_positive_rate,M_rand_micro_true_positive_rate
0.0,0.0,0.0,0.0,0.0,0.0,0.0
0.001,0.24436510305451595,0.31797534068786504,0.239031563076405,0.3449059052563271,0.24090858647318594,0.3789746917585983
0.002,0.31121468861693413,0.427319922128488,0.2831894473400225,0.42310188189487347,0.2819639290060386,0.4344581440622972
0.003,0.3364837095033637,0.45230369889682026,0.343126956428566,0.47047371836469826,0.3196679907239455,0.46658014276443865
0.004,0.3758581498404243,0.4844256975989617,0.4020905563336624,0.49935107073329005,0.37800113271952185,0.5077871512005191
0.005,0.4011271707268539,0.5074626865671642,0.4216586687484215,0.5100584036340039,0.4020656824252443,0.5376378974691759
0.006,0.41627251088711836,0.517845554834523,0.4284731629661945,0.5379623621025308,0.42475738372404503,0.5538611291369241
0.007,0.4336871168461415,0.5356911096690461,0.44820582585202706,0.5613238157040883,0.4345730106613398,0.5840363400389358
0.008,0.4508424601443452,0.5532121998702142,0.4585361513558194,0.5762491888384166,0.4548940371501389,0.5944192083062946
0.009000000000000001,0.46430689810881765,0.5629461388708631,0.48011426690851755,0.5872809863724854,0.4768959658347301,0.6103179753406879
0.01,0.49219533288942974,0.5794938351719663,0.5022912696408208,0.599935107073329,0.4991361100268638,0.6190785204412719
0.011,0.5039999158113869,0.59085009733939,0.5115080093985106,0.6073977936404932,0.5061572490222641,0.6239454899415964
0.012,0.5078869423461071,0.5986372485399092,0.5212710184526133,0.6207008436080467,0.5126110715679746,0.6288124594419209
0.013000000000000001,0.5211552591095906,0.6051265412070085,0.5270034976541991,0.6249188838416613,0.525147521410695,0.6330304996755354
0.014,0.5278157264329285,0.6112913692407528,0.5356739681154762,0.6294613887086308,0.5340035894963224,0.63659961064244
0.015,0.5285581169303301,0.6135626216742375,0.5393648734492075,0.63659961064244,0.5395399474969195,0.6427644386761843
0.016,0.5338983537299382,0.618429591174562,0.5508087846991022,0.6437378325762492,0.5450657819208781,0.6521739130434783
0.017,0.5464558507259354,0.6255678131083712,0.5702018230661493,0.6521739130434783,0.549499077752011,0.6589876703439325
0.018000000000000002,0.5512603418057692,0.6310837118754056,0.573728177928807,0.6632057105775471,0.5546537169272687,0.6612589227774173
0.019,0.5623225342303247,0.6375730045425049,0.5823881248134457,0.6664503569110967,0.5615103054515953,0.6628812459441921
0.02,0.5682511346328993,0.6466580142764439,0.5879455299673195,0.6700194678780013,0.5672427846531811,0.6706683971447113
0.021,0.5765504098454757,0.6508760545100584,0.5909045683802876,0.6716417910447762,0.5712943616589748,0.6719662556781311
0.022,0.5806125104279077,0.6593121349772875,0.5964514499575231,0.6765087605451006,0.5792119180462119,0.6748864373783258
0.023,0.5876336494233081,0.6619078520441272,0.6003490000688816,0.6804023361453602,0.5821709564591799,0.6800778715120052
0.024,0.589860820915513,0.6670992861778067,0.6034831125295617,0.6852693056456847,0.5884391813805402,0.6829980532121999
0.025,0.598881439472214,0.6687216093445815,0.608102005985045,0.6894873458792992,0.5963777849210541,0.6920830629461389
0.026000000000000002,0.6027684660069341,0.6761842959117457,0.6118034348954148,0.6956521739130435,0.5993262997573837,0.6933809214795588
0.027,0.6086654956795934,0.6794289422452953,0.6193603196105895,0.7060350421804024,0.6048626577579808,0.6959766385463985
0.028,0.6117996081402736,0.6839714471122648,0.6258141421562999,0.7099286177806619,0.6092959535891136,0.7027903958468527
0.029,0.6168002204210961,0.6878650227125244,0.6350308819139898,0.7141466580142765,0.6142755187166593,0.7060350421804024
0.03,0.6219653831729923,0.6898118105126542,0.6407633611155756,0.7170668397144712,0.6178018735793172,0.709604153147307
0.031,0.6232645665434451,0.6904607397793641,0.647588378909987,0.718689162881246,0.6216783765373989,0.7134977287475666
0.032,0.626769874252826,0.6953277092796886,0.6507330149473056,0.7229072031148605,0.6297815305489862,0.7160934458144063
0.033,0.6317494393803718,0.6969500324464634,0.65202167474112,0.72680077871512,0.6342043028034807,0.718364698247891
0.034,0.6350691494654024,0.6992212848799481,0.6536815297836353,0.7297209604153148,0.6386270750579754,0.7212848799480857
0.035,0.6376464690530312,0.7034393251135627,0.6564549705722529,0.7326411421155095,0.6426891756404075,0.7242050616482804
0.036000000000000004,0.6398736405452361,0.7047371836469825,0.6570117634453041,0.736534717715769,0.6445346283072731,0.7251784555483453
0.037,0.6424614837095033,0.708306294613887,0.6590428137365203,0.7375081116158339,0.6469473974238285,0.72744970798183
0.038,0.6455955961701834,0.7112264763140818,0.6640329024407045,0.7417261518494485,0.6500815098845085,0.7319922128487995
0.039,0.6465235842919355,0.7125243348475017,0.6693731392403126,0.7436729396495781,0.6521125601757246,0.736534717715769
0.04,0.6504000872500172,0.7164179104477612,0.6732496421983942,0.7465931213497728,0.6547109269166302,0.7391304347826086
0.041,0.6531630044619965,0.718364698247891,0.6787860001989913,0.7511356262167423,0.6563707819591456,0.7414016872160935
0.042,0.6544516642558109,0.7206359506813758,0.6846830298716506,0.7563270603504219,0.6604223589649392,0.7414016872160935
0.043000000000000003,0.6605553387060976,0.7255029201817002,0.6878171423323307,0.7582738481505515,0.6619071399597425,0.7430240103828682
0.044,0.6622151937486128,0.7287475665152499,0.6942709648780413,0.7608695652173914,0.6667011074629379,0.745295262816353
0.045,0.6666484895797458,0.7306943543153797,0.6977762725874221,0.7660609993510707,0.6683609625054532,0.7465931213497728
0.046,0.6723704452046931,0.7339390006489293,0.7012815802968031,0.7676833225178455,0.6731549300086485,0.7475665152498377
0.047,0.673844702622858,0.7349123945489942,0.7038694234610705,0.7712524334847501,0.6750003826755141,0.7504866969500325
0.048,0.6740303002472083,0.735885788449059,0.7060860713766369,0.77255029201817,0.6768458353423799,0.7517845554834524
0.049,0.6775461315332276,0.7381570408825439,0.7066428642496881,0.7738481505515898,0.6785162139615335,0.7534068786502272
0.05,0.6805051699461959,0.7397793640493187,0.7084883169165538,0.7754704737183648,0.6820320452475528,0.7556781310837118
0.051000000000000004,0.6841960752799272,0.7417261518494485,0.7127254915466978,0.7770927968851395,0.6833312286180057,0.7579493835171967
0.052000000000000005,0.68549525865038,0.744646333549643,0.7134678820440995,0.7806619078520441,0.6835168262423561,0.7602206359506813
0.053,0.6882581758623593,0.7472420506164829,0.718818642420346,0.781635301752109,0.6895994535393659,0.762816353017521
0.054,0.6882581758623593,0.7495133030499675,0.7210352903359125,0.782608695652174,0.6921767731269948,0.7654120700843609
0.055,0.6910210930743386,0.7511356262167423,0.7223239501297269,0.7845554834523037,0.6921767731269948,0.7673588578844905
0.056,0.6915778859473898,0.754055807916937,0.7245405980452935,0.7848799480856586,0.6951358115399628,0.7689811810512654
0.057,0.6950831936567707,0.7576249188838416,0.7258292578391079,0.7868267358857884,0.6953214091643132,0.7728747566515249
0.058,0.6958255841541723,0.7589227774172616,0.7276747105059735,0.7900713822193381,0.6971668618311788,0.7754704737183648
0.059000000000000004,0.6958255841541723,0.7621674237508111,0.7276747105059735,0.7923426346528228,0.6975380570798797,0.7764438676184295
0.06,0.6963823770272235,0.7670343932511356,0.7315406898874168,0.7939649578195976,0.6990123144980445,0.7774172615184944
0.061,0.6971247675246252,0.7683322517845554,0.732097482760468,0.7942894224529526,0.6997547049954462,0.7787151200519143
0.062,0.6980527556463771,0.7709279688513953,0.7346748023480969,0.7981829980532122,0.7004970954928478,0.7796885139519792
0.063,0.6997231342655309,0.7728747566515249,0.735602790469849,0.8004542504866969,0.701053888365899,0.780986372485399
0.064,0.7032284419749117,0.7728747566515249,0.737633840761065,0.8020765736534717,0.7025281457840639,0.7842310188189487
0.065,0.7035996372236126,0.7744970798182998,0.7393042193802187,0.8033744321868916,0.7027137434084143,0.7845554834523037
0.066,0.7039708324723134,0.7774172615184944,0.7400466098776204,0.8053212199870214,0.7041985244032175,0.7858533419857235
0.067,0.706744273260931,0.7783906554185593,0.7402322075019707,0.8072680077871512,0.7067758439908464,0.7874756651524983
0.068,0.7073010661339822,0.7806619078520441,0.7402322075019707,0.808890330953926,0.7073326368638977,0.7884490590525632
0.069,0.708971444753136,0.7819597663854639,0.7430161718672269,0.8108371187540558,0.7090030154830513,0.790720311486048
0.07,0.7091570423774864,0.7835820895522388,0.7432017694915773,0.8118105126541207,0.7104877964778545,0.7910447761194029
0.07100000000000001,0.7110130186209904,0.7842310188189487,0.745047222158443,0.8124594419208306,0.7110445893509059,0.7913692407527579
0.07200000000000001,0.7206114772040196,0.7845554834523037,0.7490987991642367,0.8124594419208306,0.7119725774726577,0.7926670992861778
0.073,0.7215394653257716,0.7852044127190136,0.7496555920372879,0.8144062297209604,0.7134468348908227,0.7933160285528877
0.074,0.727436494998431,0.7861778066190785,0.751686642328504,0.8157040882543802,0.7140036277638739,0.7942894224529526
0.075,0.7278076902471318,0.7884490590525632,0.7520578375772048,0.8157040882543802,0.7141892253882243,0.7946138870863076
0.076,0.7322409860782648,0.7887735236859182,0.7522434352015552,0.8160285528877352,0.7175194590498932,0.7972096041531473
0.077,0.7337152434964296,0.7913692407527579,0.7522434352015552,0.8192731992212848,0.7202823762618725,0.7975340687865022
0.078,0.7342720363694808,0.7933160285528877,0.7537282161963585,0.8195976638546398,0.721395962007975,0.7988319273199221
0.079,0.7379629417032122,0.7949383517196625,0.754841801942461,0.8205710577547047,0.7232414146748407,0.799805321219987
0.08,0.7418394446612939,0.7962362102530824,0.7550273995668113,0.8212199870214146,0.7260043318868199,0.8004542504866969
0.081,0.7425818351586955,0.7972096041531473,0.7555841924398625,0.8225178455548345,0.7263755271355208,0.8011031797534068
0.082,0.7425818351586955,0.7988319273199221,0.755769790064213,0.8234912394548994,0.728035382178036,0.8030499675535366
0.083,0.7455303499950252,0.8001297858533419,0.7570584498580274,0.8241401687216093,0.7300664324692521,0.8062946138870863
0.084,0.7455303499950252,0.8011031797534068,0.7594606953979443,0.8247890979883192,0.7319118851361177,0.8072680077871512
0.085,0.7481076695826541,0.8033744321868916,0.7614917456891603,0.8257624918883841,0.7333861425542825,0.8082414016872161
0.08600000000000001,0.7486644624557053,0.8046722907203114,0.7614917456891603,0.827060350421804,0.7343141306760346,0.808565866320571
0.08700000000000001,0.7488500600800557,0.8053212199870214,0.7627804054829748,0.8286826735885788,0.7344997283003849,0.8092147955872809
0.088,0.7505204386992094,0.8072680077871512,0.7638939912290772,0.8290071382219338,0.7346853259247355,0.8111615833874107
0.089,0.7534794771121776,0.8082414016872161,0.7642651864777781,0.8293316028552887,0.7350565211734361,0.8114860480207657
0.09,0.7564279919485072,0.8098637248539909,0.7642651864777781,0.8299805321219987,0.7370875714646523,0.8127839065541856
0.091,0.756799187197208,0.8105126541207008,0.7648219793508293,0.8303049967553536,0.7385618288828171,0.8147306943543153
0.092,0.7571703824459088,0.8111615833874107,0.7650075769751796,0.8316028552887735,0.738933024131518,0.8157040882543802
0.093,0.7573559800702592,0.8147306943543153,0.7651931745995301,0.8341985723556132,0.7391186217558683,0.8170019467878001
0.094,0.7573559800702592,0.8163530175210902,0.7666674320176949,0.8351719662556781,0.7400466098776204,0.8189487345879299
0.095,0.7577271753189601,0.81765087605451,0.7675954201394469,0.8377676833225178,0.7417064649201356,0.8205710577547047
0.096,0.7579127729433104,0.8202465931213497,0.7677810177637974,0.8377676833225178,0.7417064649201356,0.8212199870214146
0.097,0.7582839681920113,0.8208955223880597,0.769626470430663,0.8387410772225827,0.7422632577931868,0.8212199870214146
0.098,0.7584695658163616,0.8212199870214146,0.7714719230975287,0.8387410772225827,0.7424488554175372,0.8218689162881246
0.099,0.758655163440712,0.8231667748215444,0.7716575207218791,0.8403634003893575,0.7426344530418876,0.8238157040882543
0.1,0.7593975539381137,0.8247890979883192,0.7744309615104967,0.8419857235561323,0.7426344530418876,0.8254380272550292
0.101,0.759583151562464,0.8254380272550292,0.7744309615104967,0.8423101881894873,0.7431912459149388,0.8260869565217391
0.10200000000000001,0.7625316663987938,0.8286826735885788,0.7784825385162906,0.8436080467229072,0.7433768435392893,0.8277092796885139
0.10300000000000001,0.763088459271845,0.8290071382219338,0.7786681361406409,0.8445814406229721,0.7454078938305053,0.8277092796885139
0.10400000000000001,0.7638308497692468,0.8293316028552887,0.7799567959344553,0.8458792991563919,0.746150284327907,0.8280337443218689
0.105,0.7682536220237413,0.8303049967553536,0.7801423935588058,0.8471771576898118,0.7468926748253086,0.8280337443218689
0.106,0.7710165392357204,0.8303049967553536,0.7829053107707851,0.8478260869565217,0.7474494676983598,0.8280337443218689
0.107,0.7717589297331221,0.8312783906554185,0.7841939705645995,0.8500973393900065,0.7489237251165247,0.8293316028552887
0.108,0.7730475895269365,0.8316028552887735,0.7843795681889498,0.8510707332900714,0.7494805179895759,0.8303049967553536
0.109,0.773233187151287,0.8329007138221933,0.7864106184801659,0.8520441271901362,0.7507691777833904,0.8309539260220636
0.11,0.7750786398181526,0.8332251784555483,0.7871530089775676,0.8530175210902011,0.7520578375772048,0.8316028552887735
0.111,0.7754498350668534,0.8341985723556132,0.7877098018506188,0.8536664503569111,0.7550063524135344,0.8322517845554834
0.112,0.7758210303155542,0.8341985723556132,0.7891945828454221,0.854639844256976,0.7574191215300898,0.8325762491888384
0.113,0.7760066279399047,0.8345230369889682,0.7891945828454221,0.8572355613238157,0.7603676363664195,0.8332251784555483
0.114,0.7773058113103575,0.8348475016223231,0.7906688402635869,0.8595068137573004,0.7607388316151202,0.8335496430889033
0.115,0.7780482018077591,0.836145360155743,0.7923286953061022,0.8611291369240752,0.7611100268638211,0.835820895522388
0.116,0.7797080568502743,0.8367942894224529,0.7941741479729678,0.8617780661907852,0.7614812221125219,0.836145360155743
0.117,0.780450447347676,0.8374432186891628,0.794730940846019,0.8621025308241401,0.7618524173612227,0.836469824789098
0.11800000000000001,0.7815640330937785,0.8377676833225178,0.7965763935128847,0.8624269954574951,0.763337198356026,0.8371187540558079
0.11900000000000001,0.7819352283424792,0.8377676833225178,0.7980506509310494,0.8640493186242699,0.7638939912290772,0.8374432186891628
0.12,0.7832238881362936,0.8393900064892926,0.7982362485554,0.8656716417910447,0.7640795888534276,0.8380921479558728
0.121,0.7846981455544586,0.8406878650227125,0.800267298846616,0.8666450356911096,0.7655538462715925,0.8390655418559377
0.122,0.785811731300561,0.8410123296560675,0.8008240917196672,0.8682673588578845,0.7664818343933445,0.8397144711226476
0.123,0.7876571839674267,0.8426346528228423,0.8008240917196672,0.8698896820246593,0.7696159468540246,0.8397144711226476
0.124,0.7880283792161275,0.8429591174561972,0.8021127515134816,0.8708630759247242,0.769801544478375,0.8406878650227125
0.125,0.7887707697135291,0.8436080467229072,0.8037726065559969,0.8718364698247891,0.7705439349757766,0.8413367942894224
0.126,0.7898843554596315,0.8442569759896171,0.805803656847213,0.8731343283582089,0.7707295326001271,0.8419857235561323
0.127,0.7898843554596315,0.8458792991563919,0.8061748520959138,0.8741077222582738,0.7709151302244774,0.8429591174561972
0.128,0.7900699530839819,0.8462037637897469,0.8061748520959138,0.8741077222582738,0.7709151302244774,0.8442569759896171
0.129,0.7906267459570332,0.8475016223231667,0.8078347071384291,0.8741077222582738,0.7709151302244774,0.844905905256327
0.13,0.7906267459570332,0.8497728747566515,0.8128142722659748,0.8757300454250486,0.7709151302244774,0.845554834523037
0.131,0.7906267459570332,0.8510707332900714,0.8131854675146756,0.8763789746917586,0.7733173757643943,0.8465282284231019
0.132,0.7911835388300844,0.8520441271901362,0.8146597249328404,0.8773523685918235,0.7760802929763737,0.8471771576898118
0.133,0.7913691364544349,0.8530175210902011,0.8150309201815413,0.8786502271252433,0.7794000030614041,0.8471771576898118
0.134,0.7915547340787852,0.8533419857235561,0.8152165178058917,0.8786502271252433,0.7795856006857546,0.8475016223231667
0.135,0.7935857843700014,0.8536664503569111,0.8170619704727573,0.8796236210253082,0.7799567959344553,0.8478260869565217
0.136,0.7935857843700014,0.8549643088903309,0.8176187633458085,0.8805970149253731,0.7803279911831562,0.8481505515898767
0.137,0.795431237036867,0.8556132381570409,0.8189179467162614,0.881570408825438,0.7803279911831562,0.8484750162232316
0.138,0.795431237036867,0.8572355613238157,0.8215057898805287,0.8822193380921479,0.7805135888075065,0.8494484101232965
0.139,0.7967198968306815,0.8572355613238157,0.821691387504879,0.8828682673588579,0.781802248601321,0.8500973393900065
0.14,0.7981941542488462,0.8575600259571706,0.8220625827535799,0.8831927319922128,0.781802248601321,0.8500973393900065
0.14100000000000001,0.7994828140426606,0.8585334198572355,0.8235368401717447,0.8835171966255678,0.781802248601321,0.8517196625567813
0.14200000000000002,0.7994828140426606,0.8591823491239455,0.8248254999655591,0.8838416612589228,0.7825446390987226,0.8520441271901362
0.14300000000000002,0.7998540092913615,0.8598312783906554,0.8248254999655591,0.8851395197923426,0.7829158343474234,0.8523685918234912
0.14400000000000002,0.8005963997887631,0.8608046722907203,0.8264853550080744,0.8854639844256976,0.7829158343474234,0.8526930564568462
0.145,0.8005963997887631,0.8611291369240752,0.8268565502567753,0.8857884490590525,0.7831014319717738,0.8536664503569111
0.146,0.8005963997887631,0.8621025308241401,0.8285164052992906,0.8864373783257625,0.7832870295961243,0.8536664503569111
0.147,0.8033593170007424,0.8627514600908501,0.8290731981723418,0.8864373783257625,0.784761287014289,0.853990914990266
0.148,0.8035449146250928,0.863075924724205,0.8290731981723418,0.8870863075924724,0.7880809970993197,0.854315379623621
0.149,0.8048335744189072,0.863724853990915,0.830733053214857,0.8870863075924724,0.7880809970993197,0.854315379623621
0.15,0.8061222342127217,0.8646982478909799,0.8329497011304234,0.8890330953926022,0.7901120473905356,0.8552887735236859
0.151,0.8068646247101232,0.8653471771576898,0.8331352987547739,0.890979883192732,0.7921430976817517,0.8588578844905905
0.152,0.8070502223344738,0.8653471771576898,0.8336920916278251,0.8919532770927969,0.7950916125180814,0.8604802076573653
0.153,0.8096275419221026,0.8656716417910447,0.8342488845008764,0.8926022063595068,0.7965658699362462,0.8614536015574302
0.154,0.809813139546453,0.8679428942245295,0.8359087395433915,0.8932511356262167,0.796937065184947,0.8614536015574302
0.155,0.8105555300438546,0.8685918234912394,0.8373829969615565,0.8935756002595717,0.7998855800212767,0.8624269954574951
0.156,0.8105555300438546,0.8692407527579494,0.8392284496284221,0.8942245295262816,0.8017310326881424,0.8627514600908501
0.157,0.8109267252925554,0.8695652173913043,0.8397852425014734,0.8964957819597664,0.8057826096939361,0.8627514600908501
0.158,0.8109267252925554,0.8705386112913692,0.8399708401258237,0.8968202465931213,0.8057826096939361,0.8646982478909799
0.159,0.8109267252925554,0.8715120051914341,0.8399708401258237,0.8977936404931862,0.8074424647364513,0.8646982478909799
0.16,0.8135145684568227,0.8715120051914341,0.8399708401258237,0.8987670343932511,0.8078136599851522,0.8653471771576898
0.161,0.8155456187480388,0.872809863724854,0.8412594999196381,0.8990914990266061,0.8079992576095025,0.8659961064243997
0.162,0.8157312163723891,0.8741077222582738,0.8414450975439886,0.9003893575600259,0.8102159055250691,0.8666450356911096
0.163,0.8186902547853574,0.8744321868916288,0.8420018904170398,0.9003893575600259,0.8102159055250691,0.8672939649578196
0.164,0.8199894381558102,0.8757300454250486,0.8421874880413902,0.9020116807268008,0.8116901629432339,0.8682673588578845
0.165,0.8227523553677895,0.8776768332251784,0.8423730856657405,0.9020116807268008,0.8116901629432339,0.8689162881245944
0.166,0.8240410151616039,0.8780012978585334,0.8427442809144414,0.9033095392602206,0.8122469558162851,0.8692407527579494
0.167,0.8244122104103047,0.8783257624918884,0.8433010737874926,0.9039584685269305,0.8161129351977284,0.8692407527579494
0.168,0.8247834056590055,0.8783257624918884,0.8433010737874926,0.9039584685269305,0.8164841304464292,0.8702141466580143
0.169,0.8247834056590055,0.8786502271252433,0.8464351862481727,0.9042829331602855,0.8164841304464292,0.8708630759247242
0.17,0.8255257961564071,0.8796236210253082,0.8468063814968736,0.9046073977936405,0.8179583878645941,0.8715120051914341
0.171,0.8257113937807575,0.8809214795587281,0.8469919791212239,0.9049318624269954,0.8181439854889445,0.8718364698247891
0.17200000000000001,0.827000053574572,0.881245944192083,0.8484662365393887,0.9052563270603504,0.8194326452827589,0.8737832576249189
0.17300000000000001,0.827000053574572,0.8825438027255029,0.8486518341637392,0.9055807916937054,0.8196182429071094,0.8744321868916288
0.17400000000000002,0.8288455062414377,0.8825438027255029,0.84902302941244,0.9055807916937054,0.8205462310288614,0.8750811161583387
0.17500000000000002,0.829031103865788,0.8831927319922128,0.8492086270367905,0.9062297209604153,0.8205462310288614,0.8757300454250486
0.176,0.8292167014901384,0.8831927319922128,0.8504972868306049,0.9065541855937703,0.8205462310288614,0.8776768332251784
0.177,0.8295878967388393,0.8831927319922128,0.8506828844549552,0.9068786502271252,0.8211030239019126,0.8780012978585334
0.178,0.8295878967388393,0.8841661258922777,0.8506828844549552,0.9072031148604802,0.821288621526263,0.8780012978585334
0.179,0.8301446896118905,0.8844905905256327,0.8534458016669346,0.9078520441271901,0.8214742191506135,0.8799480856586632
0.18,0.8301446896118905,0.8844905905256327,0.8549200590850994,0.9081765087605451,0.8227628789444279,0.8809214795587281
0.181,0.8303302872362409,0.8857884490590525,0.8552912543338003,0.90914990266061,0.8227628789444279,0.881245944192083
0.182,0.8308870801092921,0.8877352368591823,0.8565799141276147,0.9094743672939649,0.8260825890294583,0.8825438027255029
0.183,0.8308870801092921,0.8880597014925373,0.856765511751965,0.9101232965606749,0.8260825890294583,0.8825438027255029
0.184,0.8325469351518073,0.8883841661258923,0.8580541715457795,0.9107722258273848,0.8262681866538089,0.8825438027255029
0.185,0.8325469351518073,0.8887086307592472,0.8580541715457795,0.9110966904607398,0.8264537842781592,0.8831927319922128
0.186,0.8327325327761578,0.8890330953926022,0.8580541715457795,0.9117456197274497,0.8264537842781592,0.8835171966255678
0.187,0.8336605208979098,0.8900064892926671,0.8608170887577588,0.9133679428942245,0.8268249795268601,0.8841661258922777
0.188,0.8336605208979098,0.890979883192732,0.8608170887577588,0.9143413367942894,0.8273817723999113,0.8844905905256327
0.189,0.8340317161466106,0.8916288124594419,0.8610026863821092,0.9143413367942894,0.8284953581460137,0.8867618429591174
0.19,0.8340317161466106,0.8922777417261518,0.8611882840064595,0.9143413367942894,0.8296089438921161,0.8874107722258274
0.191,0.8340317161466106,0.8926022063595068,0.8611882840064595,0.9143413367942894,0.8299801391408169,0.8883841661258923
0.192,0.834217313770961,0.8926022063595068,0.8621162721282116,0.9143413367942894,0.8301657367651674,0.8883841661258923
0.193,0.834217313770961,0.8942245295262816,0.8628586626256132,0.9143413367942894,0.8303513343895177,0.8887086307592472
0.194,0.8357020947657643,0.8942245295262816,0.8628586626256132,0.9143413367942894,0.8303513343895177,0.8893575600259571
0.195,0.8357020947657643,0.8945489941596366,0.8630442602499637,0.9146658014276444,0.8303513343895177,0.890330953926022
0.196,0.8357020947657643,0.8948734587929915,0.863229857874314,0.9146658014276444,0.8312793225112698,0.890655418559377
0.197,0.8371763521839292,0.8948734587929915,0.8648897129168294,0.9153147306943543,0.8312793225112698,0.890979883192732
0.198,0.8373619498082796,0.8951979234263465,0.8650753105411797,0.9159636599610642,0.8329391775537851,0.8919532770927969
0.199,0.8375475474326299,0.8958468526930564,0.8656321034142309,0.9166125892277742,0.8329391775537851,0.8926022063595068
0.2,0.8375475474326299,0.8974691758598313,0.8656321034142309,0.9172615184944841,0.8331247751781354,0.8929266709928618
0.201,0.8379187426813308,0.8987670343932511,0.8667456891603333,0.9172615184944841,0.8336815680511866,0.8929266709928618
0.202,0.8382899379300316,0.899740428293316,0.8667456891603333,0.918234912394549,0.8346095561729387,0.8939000648929266
0.203,0.838475535554382,0.900064892926671,0.8669312867846838,0.9195327709279688,0.8349807514216395,0.8939000648929266
0.20400000000000001,0.838475535554382,0.900064892926671,0.8671168844090342,0.9198572355613238,0.8349807514216395,0.8942245295262816
0.20500000000000002,0.8390323284274332,0.9003893575600259,0.8673024820333846,0.9211550940947437,0.8349807514216395,0.8951979234263465
0.20600000000000002,0.8403209882212477,0.9013627514600908,0.8693335323246006,0.9211550940947437,0.8349807514216395,0.8958468526930564
0.20700000000000002,0.8421664408881133,0.9023361453601557,0.8693335323246006,0.9218040233614536,0.8349807514216395,0.8971447112264763
0.20800000000000002,0.8434551006819277,0.9023361453601557,0.8693335323246006,0.9221284879948086,0.83516634904599,0.8977936404931862
0.209,0.8434551006819277,0.9026606099935107,0.8695191299489511,0.9227774172615185,0.8355375442946908,0.8977936404931862
0.21,0.8441974911793293,0.9029850746268657,0.8697047275733014,0.9227774172615185,0.8357231419190412,0.8981181051265412
0.211,0.8443830888036798,0.9036340038935756,0.8700759228220023,0.9234263465282284,0.8371973993372059,0.8981181051265412
0.212,0.8453110769254318,0.9039584685269305,0.8735812305313833,0.9234263465282284,0.8379397898346077,0.8981181051265412
0.213,0.8454966745497823,0.9052563270603504,0.8735812305313833,0.9237508111615834,0.8379397898346077,0.8984425697598962
0.214,0.8454966745497823,0.9052563270603504,0.8735812305313833,0.9240752757949383,0.8379397898346077,0.8990914990266061
0.215,0.846970931967947,0.9055807916937054,0.8735812305313833,0.9247242050616483,0.8395996448771229,0.8990914990266061
0.216,0.846970931967947,0.9059052563270603,0.8741380234044345,0.9256975989617132,0.8395996448771229,0.899415963659961
0.217,0.846970931967947,0.9062297209604153,0.8743236210287848,0.9256975989617132,0.8425481597134525,0.899415963659961
0.218,0.846970931967947,0.9062297209604153,0.8756122808225992,0.9260220635950681,0.842733757337803,0.899415963659961
0.219,0.849373177507864,0.9062297209604153,0.8756122808225992,0.9263465282284231,0.8445792100046686,0.899740428293316
0.22,0.849373177507864,0.9062297209604153,0.8757978784469497,0.9263465282284231,0.8445792100046686,0.899740428293316
0.221,0.8501155680052657,0.9068786502271252,0.8770865382407642,0.9263465282284231,0.8445792100046686,0.9003893575600259
0.222,0.8501155680052657,0.9068786502271252,0.8770865382407642,0.9263465282284231,0.8445792100046686,0.9016872160934458
0.223,0.850301165629616,0.9068786502271252,0.877457733489465,0.9263465282284231,0.8445792100046686,0.9020116807268008
0.224,0.850301165629616,0.9078520441271901,0.877457733489465,0.9263465282284231,0.845692795750771,0.9023361453601557
0.225,0.850301165629616,0.9078520441271901,0.8776433311138154,0.9263465282284231,0.845692795750771,0.9026606099935107
0.226,0.850301165629616,0.908825438027255,0.8776433311138154,0.9266709928617781,0.8462495886238224,0.9029850746268657
0.227,0.850301165629616,0.90914990266061,0.8776433311138154,0.926995457495133,0.8477238460419871,0.9029850746268657
0.228,0.8515898254234304,0.9094743672939649,0.8778289287381658,0.926995457495133,0.8477238460419871,0.9033095392602206
0.229,0.8517754230477809,0.9101232965606749,0.8780145263625162,0.9276443867618429,0.8479094436663375,0.9033095392602206
0.23,0.8532496804659457,0.9104477611940298,0.878385721611217,0.9279688513951979,0.8479094436663375,0.9033095392602206
0.231,0.8545383402597602,0.9104477611940298,0.878385721611217,0.9282933160285529,0.8479094436663375,0.9039584685269305
0.232,0.8552807307571617,0.9104477611940298,0.8796743814050314,0.9289422452952628,0.848095041290688,0.9046073977936405
0.233,0.8556519260058626,0.9107722258273848,0.8800455766537323,0.9292667099286178,0.8484662365393887,0.9055807916937054
0.234,0.8562087188789138,0.9107722258273848,0.8800455766537323,0.9299156391953277,0.8488374317880896,0.9059052563270603
0.23500000000000001,0.8563943165032643,0.9110966904607398,0.8804167719024331,0.9299156391953277,0.8493942246611408,0.9059052563270603
0.23600000000000002,0.8578685739214291,0.9117456197274497,0.8806023695267835,0.9302401038286827,0.8501366151585424,0.9062297209604153
0.23700000000000002,0.8580541715457795,0.9136924075275795,0.8806023695267835,0.9305645684620376,0.8501366151585424,0.9065541855937703
0.23800000000000002,0.8580541715457795,0.9146658014276444,0.8809735647754843,0.9305645684620376,0.8501366151585424,0.9068786502271252
0.23900000000000002,0.8595284289639443,0.9153147306943543,0.881344760024185,0.9308890330953926,0.8517964702010576,0.9078520441271901
0.24,0.8598996242126451,0.9156391953277093,0.8817159552728859,0.9321868916288124,0.8517964702010576,0.9078520441271901
0.241,0.8598996242126451,0.9162881245944192,0.8822727481459371,0.9325113562621674,0.8532707276192226,0.9085009733939
0.242,0.8606420147100468,0.9169370538611291,0.882643943394638,0.9328358208955224,0.8549305826617378,0.9085009733939
0.243,0.8608276123343972,0.9172615184944841,0.882643943394638,0.9331602855288773,0.855487375534789,0.908825438027255
0.244,0.8610132099587475,0.917910447761194,0.882643943394638,0.9331602855288773,0.8556729731591395,0.908825438027255
0.245,0.8610132099587475,0.9188838416612589,0.8839326031884525,0.9334847501622323,0.8560441684078403,0.9104477611940298
0.246,0.862301869752562,0.9188838416612589,0.8839326031884525,0.9338092147955873,0.8562297660321907,0.9110966904607398
0.247,0.8624874673769124,0.9192083062946139,0.8839326031884525,0.9344581440622972,0.8562297660321907,0.9114211550940947
0.248,0.8628586626256132,0.9192083062946139,0.8839326031884525,0.9344581440622972,0.8567865589052419,0.9117456197274497
0.249,0.8641473224194276,0.9192083062946139,0.8839326031884525,0.9344581440622972,0.8567865589052419,0.9120700843608047
0.25,0.865435982213242,0.9198572355613238,0.8865099227760813,0.9344581440622972,0.8567865589052419,0.9120700843608047
0.251,0.8656215798375926,0.9198572355613238,0.8877985825698957,0.936080467229072,0.8580752186990563,0.9127190136275146
0.252,0.8658071774619429,0.9198572355613238,0.8879841801942461,0.936080467229072,0.8582608163234067,0.9136924075275795
0.253,0.8658071774619429,0.9205061648280337,0.888355375442947,0.936080467229072,0.8586320115721076,0.9140168721609344
0.254,0.8658071774619429,0.9211550940947437,0.8887265706916477,0.9367293964957819,0.8593744020695092,0.9143413367942894
0.255,0.8672814348801077,0.9211550940947437,0.8889121683159982,0.9367293964957819,0.85974559731821,0.9143413367942894
0.256,0.8676526301288086,0.9214795587280986,0.8889121683159982,0.9370538611291369,0.8610342571120244,0.9149902660609993
0.257,0.8676526301288086,0.9218040233614536,0.8889121683159982,0.9370538611291369,0.8612198547363749,0.9159636599610642
0.258,0.868766215874911,0.9218040233614536,0.8889121683159982,0.9370538611291369,0.8612198547363749,0.9166125892277742
0.259,0.8695086063723126,0.9218040233614536,0.8898401564377502,0.9370538611291369,0.8612198547363749,0.9169370538611291
0.26,0.8696942039966631,0.9227774172615185,0.8902113516864509,0.9370538611291369,0.8614054523607253,0.9172615184944841
0.261,0.8696942039966631,0.9237508111615834,0.8902113516864509,0.9370538611291369,0.8617766476094261,0.917585983127839
0.262,0.8698798016210134,0.9243997404282933,0.8909537421838527,0.9370538611291369,0.8617766476094261,0.917910447761194
0.263,0.8706221921184151,0.9247242050616483,0.8909537421838527,0.9370538611291369,0.8619622452337765,0.918234912394549
0.264,0.8711789849914664,0.9247242050616483,0.8909537421838527,0.9373783257624919,0.8619622452337765,0.9185593770279039
0.265,0.8711789849914664,0.9247242050616483,0.8924279996020175,0.9373783257624919,0.8619622452337765,0.9195327709279688
0.266,0.8713645826158167,0.9250486696950032,0.8924279996020175,0.9373783257624919,0.8621478428581268,0.9195327709279688
0.267,0.8728388400339815,0.9260220635950681,0.8926135972263678,0.9373783257624919,0.8634365026519413,0.9195327709279688
0.268,0.873024437658332,0.9263465282284231,0.8927991948507183,0.9377027903958468,0.8643644907736934,0.9198572355613238
0.269,0.8743130974521465,0.926995457495133,0.8927991948507183,0.9380272550292018,0.8645500883980437,0.9205061648280337
0.27,0.8744986950764968,0.927319922128488,0.8927991948507183,0.9383517196625568,0.8647356860223943,0.9211550940947437
0.271,0.875055487949548,0.9276443867618429,0.8927991948507183,0.9386761842959117,0.8647356860223943,0.9211550940947437
0.272,0.8752410855738985,0.9282933160285529,0.8929847924750687,0.9390006489292667,0.8649212836467446,0.9218040233614536
0.273,0.8754266831982489,0.9289422452952628,0.8933559877237696,0.9390006489292667,0.8651068812710949,0.9221284879948086
0.274,0.8769009406164137,0.9292667099286178,0.8935415853481199,0.9393251135626217,0.8652924788954455,0.9224529526281635
0.275,0.8769009406164137,0.9295911745619727,0.8935415853481199,0.9399740428293316,0.8652924788954455,0.9224529526281635
0.276,0.8769009406164137,0.9299156391953277,0.8935415853481199,0.9399740428293316,0.8652924788954455,0.9231018818948734
0.277,0.8769009406164137,0.9302401038286827,0.8937271829724703,0.9399740428293316,0.8656636741441462,0.9237508111615834
0.278,0.8772721358651145,0.9305645684620376,0.8937271829724703,0.9399740428293316,0.8664060646415479,0.9237508111615834
0.279,0.8772721358651145,0.9305645684620376,0.8939127805968208,0.9402985074626866,0.8664060646415479,0.9247242050616483
0.28,0.8772721358651145,0.9308890330953926,0.8939127805968208,0.9406229720960415,0.8665916622658982,0.9256975989617132
0.281,0.8772721358651145,0.9312134977287476,0.8939127805968208,0.9406229720960415,0.8667772598902487,0.9260220635950681
0.28200000000000003,0.8772721358651145,0.9315379623621025,0.8939127805968208,0.9412719013627514,0.8667772598902487,0.9263465282284231
0.28300000000000003,0.8776433311138154,0.9315379623621025,0.8939127805968208,0.9415963659961064,0.8669628575145991,0.926995457495133
0.28400000000000003,0.8778289287381658,0.9318624269954575,0.8939127805968208,0.9422452952628163,0.8684371149327639,0.927319922128488
0.28500000000000003,0.8794887837806811,0.9318624269954575,0.8939127805968208,0.9425697598961713,0.8710144345203927,0.927319922128488
0.28600000000000003,0.8796743814050314,0.9325113562621674,0.8939127805968208,0.9432186891628812,0.8712000321447432,0.927319922128488
0.28700000000000003,0.8796743814050314,0.9328358208955224,0.8939127805968208,0.9441920830629461,0.8713856297690936,0.9279688513951979
0.28800000000000003,0.8798599790293818,0.9331602855288773,0.8939127805968208,0.9445165476963011,0.8713856297690936,0.9282933160285529
0.289,0.8804167719024331,0.9331602855288773,0.8940983782211711,0.945165476963011,0.8713856297690936,0.9282933160285529
0.29,0.8804167719024331,0.9331602855288773,0.8953870380149855,0.945489941596366,0.8713856297690936,0.9282933160285529
0.291,0.8804167719024331,0.9331602855288773,0.895572635639336,0.945489941596366,0.8713856297690936,0.9289422452952628
0.292,0.8804167719024331,0.9334847501622323,0.8968612954331504,0.9458144062297209,0.8713856297690936,0.9292667099286178
0.293,0.8804167719024331,0.9338092147955873,0.8970468930575008,0.9458144062297209,0.8728598871872584,0.9292667099286178
0.294,0.8806023695267835,0.9341336794289422,0.8972324906818512,0.9458144062297209,0.8739734729333608,0.9295911745619727
0.295,0.8806023695267835,0.9341336794289422,0.8972324906818512,0.9461388708630759,0.8754477303515258,0.9299156391953277
0.296,0.8807879671511338,0.9347826086956522,0.8999954078938305,0.9461388708630759,0.8754477303515258,0.9305645684620376
0.297,0.8822622245692987,0.9357560025957171,0.9012840676876449,0.9461388708630759,0.8756333279758761,0.9305645684620376
0.298,0.8833758103154012,0.9357560025957171,0.9018408605606961,0.9461388708630759,0.876004523224577,0.9305645684620376
0.299,0.8833758103154012,0.936080467229072,0.9031295203545107,0.9461388708630759,0.8765613160976282,0.9312134977287476
0.3,0.883747005564102,0.936080467229072,0.9031295203545107,0.9464633354964309,0.8767469137219785,0.9312134977287476
0.301,0.883747005564102,0.936404931862427,0.9036863132275619,0.9467878001297858,0.876932511346329,0.9312134977287476
0.302,0.8841182008128028,0.9367293964957819,0.9036863132275619,0.9471122647631408,0.8780460970924314,0.9312134977287476
0.303,0.8841182008128028,0.9367293964957819,0.9038719108519122,0.9477611940298507,0.8782316947167819,0.9318624269954575
0.304,0.8857780558553181,0.9377027903958468,0.9038719108519122,0.9477611940298507,0.8797059521349466,0.9328358208955224
0.305,0.8861492511040189,0.9386761842959117,0.9040575084762627,0.9477611940298507,0.8797059521349466,0.9328358208955224
0.306,0.8863348487283693,0.9386761842959117,0.9044287037249634,0.9480856586632057,0.8798915497592971,0.9328358208955224
0.307,0.8876235085221837,0.9386761842959117,0.9046143013493139,0.9480856586632057,0.8798915497592971,0.9328358208955224
0.308,0.8883658990195853,0.9390006489292667,0.9047998989736643,0.9480856586632057,0.8800771473836475,0.9328358208955224
0.309,0.8885514966439357,0.9390006489292667,0.9049854965980146,0.9480856586632057,0.8817370024261627,0.9328358208955224
0.31,0.8885514966439357,0.9393251135626217,0.9049854965980146,0.9484101232965607,0.8819226000505132,0.9328358208955224
0.311,0.8885514966439357,0.9396495781959766,0.9051710942223652,0.9487345879299156,0.8824793929235644,0.9331602855288773
0.312,0.8885514966439357,0.9396495781959766,0.9064597540161796,0.9487345879299156,0.8824793929235644,0.9334847501622323
0.313,0.8885514966439357,0.9396495781959766,0.9064597540161796,0.9487345879299156,0.8828505881722652,0.9338092147955873
0.314,0.8887370942682862,0.9399740428293316,0.90664535164053,0.9487345879299156,0.8830361857966156,0.9341336794289422
0.315,0.8887370942682862,0.9399740428293316,0.90664535164053,0.9490590525632706,0.883221783420966,0.9341336794289422
0.316,0.8887370942682862,0.9402985074626866,0.90664535164053,0.9506813757300454,0.8846960408391309,0.9341336794289422
0.317,0.8889226918926365,0.9406229720960415,0.90664535164053,0.9510058403634004,0.8846960408391309,0.9341336794289422
0.318,0.889108289516987,0.9406229720960415,0.9081196090586947,0.9510058403634004,0.8848816384634812,0.9344581440622972
0.319,0.8894794847656877,0.9406229720960415,0.9081196090586947,0.9516547696301103,0.8852528337121821,0.9344581440622972
0.32,0.8896650823900383,0.9406229720960415,0.9081196090586947,0.9516547696301103,0.8852528337121821,0.9344581440622972
0.321,0.8898506800143886,0.9406229720960415,0.908676401931746,0.9516547696301103,0.8863664194582845,0.9344581440622972
0.322,0.8898506800143886,0.9409474367293965,0.9090475971804468,0.9516547696301103,0.886552017082635,0.9351070733290071
0.323,0.8902218752630895,0.9415963659961064,0.9090475971804468,0.9516547696301103,0.8867376147069854,0.9351070733290071
0.324,0.8927991948507183,0.9415963659961064,0.9090475971804468,0.9519792342634653,0.8872944075800366,0.9351070733290071
0.325,0.8933559877237696,0.9415963659961064,0.9090475971804468,0.9519792342634653,0.8872944075800366,0.9351070733290071
0.326,0.8935415853481199,0.9415963659961064,0.9092331948047973,0.9523036988968202,0.887480005204387,0.9357560025957171
0.327,0.8948302451419343,0.9415963659961064,0.9092331948047973,0.9526281635301752,0.887480005204387,0.9357560025957171
0.328,0.8948302451419343,0.9425697598961713,0.9092331948047973,0.9526281635301752,0.8876656028287374,0.9357560025957171
0.329,0.8950158427662848,0.9425697598961713,0.9092331948047973,0.9526281635301752,0.8876656028287374,0.9357560025957171
0.33,0.8953870380149855,0.9432186891628812,0.9092331948047973,0.9529526281635302,0.8876656028287374,0.9357560025957171
0.331,0.895572635639336,0.9435431537962362,0.9105218545986117,0.9532770927968851,0.8878512004530879,0.936080467229072
0.332,0.8959438308880368,0.9435431537962362,0.9105218545986117,0.9532770927968851,0.8884079933261391,0.936404931862427
0.333,0.8961294285123872,0.9435431537962362,0.9105218545986117,0.9532770927968851,0.8884079933261391,0.936404931862427
0.334,0.898706748100016,0.9438676184295912,0.9105218545986117,0.9539260220635951,0.8885935909504894,0.936404931862427
0.335,0.8992635409730673,0.9441920830629461,0.9105218545986117,0.95425048669695,0.8889647861991903,0.936404931862427
0.336,0.899634736221768,0.9448410123296561,0.9107074522229621,0.95425048669695,0.8889647861991903,0.9367293964957819
0.337,0.899634736221768,0.9448410123296561,0.9107074522229621,0.95489941596366,0.890439043617355,0.9367293964957819
0.338,0.8998203338461185,0.945165476963011,0.9119961120167766,0.95489941596366,0.89191330103552,0.9367293964957819
0.339,0.9000059314704689,0.9461388708630759,0.9119961120167766,0.9552238805970149,0.89191330103552,0.9367293964957819
0.34,0.9012945912642834,0.9461388708630759,0.9121817096411269,0.9558728098637248,0.8932019608293345,0.9370538611291369
0.341,0.9014801888886337,0.9467878001297858,0.9123673072654773,0.9558728098637248,0.8932019608293345,0.9370538611291369
0.342,0.9014801888886337,0.9467878001297858,0.9123673072654773,0.9558728098637248,0.8935731560780352,0.9370538611291369
0.343,0.9027688486824481,0.9471122647631408,0.9123673072654773,0.9558728098637248,0.8935731560780352,0.9373783257624919
0.34400000000000003,0.9029544463067987,0.9471122647631408,0.9125529048898278,0.9558728098637248,0.8935731560780352,0.9373783257624919
0.34500000000000003,0.9029544463067987,0.9474367293964958,0.9127385025141781,0.9565217391304348,0.8948618158718497,0.9377027903958468
0.34600000000000003,0.9029544463067987,0.9474367293964958,0.9127385025141781,0.9565217391304348,0.8948618158718497,0.9377027903958468
0.34700000000000003,0.9029544463067987,0.9474367293964958,0.9127385025141781,0.9565217391304348,0.8948618158718497,0.9377027903958468
0.34800000000000003,0.9029544463067987,0.9474367293964958,0.9132952953872293,0.9571706683971447,0.8961504756656641,0.9377027903958468
0.34900000000000003,0.903140043931149,0.9474367293964958,0.9132952953872293,0.9574951330304997,0.8963360732900145,0.9377027903958468
0.35000000000000003,0.903140043931149,0.9477611940298507,0.9132952953872293,0.9574951330304997,0.8965216709143649,0.9377027903958468
0.35100000000000003,0.9036968368042002,0.9477611940298507,0.9132952953872293,0.9574951330304997,0.8965216709143649,0.9380272550292018
0.352,0.9036968368042002,0.9477611940298507,0.9132952953872293,0.9581440622972096,0.8965216709143649,0.9383517196625568
0.353,0.9036968368042002,0.9477611940298507,0.9134808930115798,0.9584685269305646,0.8965216709143649,0.9386761842959117
0.354,0.9036968368042002,0.9484101232965607,0.9136664906359302,0.9584685269305646,0.8965216709143649,0.9390006489292667
0.355,0.9040680320529011,0.9484101232965607,0.9136664906359302,0.9587929915639195,0.8965216709143649,0.9399740428293316
0.356,0.9055422894710659,0.9484101232965607,0.9136664906359302,0.9591174561972745,0.8967072685387153,0.9406229720960415
0.357,0.9059134847197667,0.9493835171966256,0.914037685884631,0.9591174561972745,0.8967072685387153,0.9406229720960415
0.358,0.9062846799684676,0.9497079818299805,0.9155119433027958,0.9591174561972745,0.8968928661630657,0.9406229720960415
0.359,0.9062846799684676,0.9500324464633355,0.9156975409271462,0.9591174561972745,0.8970784637874161,0.9409474367293965
0.36,0.9062846799684676,0.9500324464633355,0.9162543338001974,0.9591174561972745,0.8970784637874161,0.9412719013627514
0.361,0.906470277592818,0.9500324464633355,0.9164399314245479,0.9597663854639844,0.8970784637874161,0.9415963659961064
0.362,0.9066558752171684,0.9503569110966905,0.9164399314245479,0.9597663854639844,0.8983671235812305,0.9422452952628163
0.363,0.9070270704658692,0.9513303049967553,0.9169967242975992,0.9597663854639844,0.8985527212055809,0.9422452952628163
0.364,0.9075838633389204,0.9513303049967553,0.9169967242975992,0.9597663854639844,0.8985527212055809,0.9422452952628163
0.365,0.9075838633389204,0.9523036988968202,0.9169967242975992,0.9597663854639844,0.8985527212055809,0.9425697598961713
0.366,0.9075838633389204,0.9523036988968202,0.9169967242975992,0.9600908500973394,0.8985527212055809,0.9425697598961713
0.367,0.9077694609632708,0.9523036988968202,0.9171823219219495,0.9607397793640493,0.8987383188299314,0.9425697598961713
0.368,0.9077694609632708,0.9529526281635302,0.9171823219219495,0.9610642439974043,0.8987383188299314,0.9428942245295263
0.369,0.9077694609632708,0.9532770927968851,0.9173679195462999,0.9610642439974043,0.8987383188299314,0.9432186891628812
0.37,0.9079550585876213,0.9536015574302401,0.9173679195462999,0.9610642439974043,0.8987383188299314,0.9432186891628812
0.371,0.9081406562119716,0.9539260220635951,0.9173679195462999,0.9610642439974043,0.8987383188299314,0.9435431537962362
0.372,0.9081406562119716,0.9539260220635951,0.9173679195462999,0.9610642439974043,0.8987383188299314,0.9435431537962362
0.373,0.9081406562119716,0.95425048669695,0.9173679195462999,0.9610642439974043,0.8989239164542817,0.9435431537962362
0.374,0.9081406562119716,0.95425048669695,0.9188421769644648,0.9613887086307592,0.9002125762480961,0.9438676184295912
0.375,0.908326253836322,0.95425048669695,0.9188421769644648,0.9613887086307592,0.9003981738724466,0.9441920830629461
0.376,0.908326253836322,0.95425048669695,0.9190277745888151,0.9613887086307592,0.900583771496797,0.9441920830629461
0.377,0.908326253836322,0.95425048669695,0.9190277745888151,0.9613887086307592,0.900583771496797,0.9445165476963011
0.378,0.9098005112544869,0.954574951330305,0.9190277745888151,0.9613887086307592,0.900583771496797,0.9448410123296561
0.379,0.9098005112544869,0.954574951330305,0.919398969837516,0.9613887086307592,0.900583771496797,0.9448410123296561
0.38,0.9098005112544869,0.954574951330305,0.9195845674618663,0.9620376378974692,0.900583771496797,0.9448410123296561
0.381,0.9098005112544869,0.954574951330305,0.9195845674618663,0.9620376378974692,0.9007693691211474,0.9448410123296561
0.382,0.9098005112544869,0.954574951330305,0.9195845674618663,0.9620376378974692,0.9007693691211474,0.9448410123296561
0.383,0.9110891710483013,0.95489941596366,0.9197701650862168,0.9620376378974692,0.9009549667454978,0.945165476963011
0.384,0.9110891710483013,0.95489941596366,0.9210588248800312,0.9623621025308241,0.9029860170367139,0.9461388708630759
0.385,0.9125634284664661,0.95489941596366,0.9210588248800312,0.9623621025308241,0.9029860170367139,0.9461388708630759
0.386,0.9125634284664661,0.9555483452303699,0.9212444225043817,0.9623621025308241,0.9029860170367139,0.9461388708630759
0.387,0.9142232835089814,0.9555483452303699,0.9212444225043817,0.9623621025308241,0.9029860170367139,0.9461388708630759
0.388,0.9142232835089814,0.9561972744970798,0.9212444225043817,0.9630110317975341,0.9033572122854148,0.9461388708630759
0.389,0.9142232835089814,0.9561972744970798,0.9218012153774329,0.9630110317975341,0.9037284075341154,0.9461388708630759
0.39,0.9142232835089814,0.9561972744970798,0.9223580082504841,0.963335496430889,0.9037284075341154,0.9464633354964309
0.391,0.9142232835089814,0.9565217391304348,0.9225436058748344,0.963335496430889,0.9037284075341154,0.9464633354964309
0.392,0.9147800763820326,0.9565217391304348,0.922729203499185,0.963335496430889,0.9037284075341154,0.9464633354964309
0.393,0.9147800763820326,0.9565217391304348,0.9229148011235353,0.963984425697599,0.9040996027828163,0.9467878001297858
0.394,0.9147800763820326,0.9565217391304348,0.9242034609173497,0.9643088903309539,0.9040996027828163,0.9471122647631408
0.395,0.9162543338001974,0.9568462037637897,0.9242034609173497,0.9646333549643089,0.9040996027828163,0.9471122647631408
0.396,0.9164399314245479,0.9571706683971447,0.9242034609173497,0.9646333549643089,0.9042852004071668,0.9471122647631408
0.397,0.9164399314245479,0.9574951330304997,0.9242034609173497,0.9646333549643089,0.9042852004071668,0.9471122647631408
0.398,0.9166255290488983,0.9574951330304997,0.9242034609173497,0.9649578195976638,0.9044707980315172,0.9477611940298507
0.399,0.9168111266732487,0.9578195976638546,0.9256777183355145,0.9652822842310188,0.9057594578253316,0.9477611940298507
0.4,0.9169967242975992,0.9578195976638546,0.9256777183355145,0.9652822842310188,0.9072337152434964,0.9480856586632057
0.401,0.9173679195462999,0.9578195976638546,0.925863315959865,0.9652822842310188,0.9074193128678468,0.9480856586632057
0.402,0.9175535171706504,0.9578195976638546,0.925863315959865,0.9652822842310188,0.9074193128678468,0.9480856586632057
0.403,0.9179247124193511,0.9578195976638546,0.925863315959865,0.9652822842310188,0.9074193128678468,0.9480856586632057
0.404,0.9179247124193511,0.9578195976638546,0.925863315959865,0.9652822842310188,0.9074193128678468,0.9487345879299156
0.405,0.9179247124193511,0.9578195976638546,0.925863315959865,0.9652822842310188,0.9074193128678468,0.9487345879299156
0.406,0.9182959076680519,0.9578195976638546,0.9260489135842154,0.9652822842310188,0.907976105740898,0.9487345879299156
0.40700000000000003,0.9182959076680519,0.9578195976638546,0.9260489135842154,0.9652822842310188,0.907976105740898,0.9490590525632706
0.40800000000000003,0.9182959076680519,0.9581440622972096,0.9260489135842154,0.9652822842310188,0.907976105740898,0.9497079818299805
0.40900000000000003,0.9182959076680519,0.9581440622972096,0.9260489135842154,0.9652822842310188,0.9081617033652485,0.9500324464633355
0.41000000000000003,0.9184815052924024,0.9581440622972096,0.9260489135842154,0.9652822842310188,0.9081617033652485,0.9500324464633355
0.41100000000000003,0.9184815052924024,0.9581440622972096,0.9273375733780298,0.9652822842310188,0.9081617033652485,0.9500324464633355
0.41200000000000003,0.9197701650862168,0.9581440622972096,0.9286262331718442,0.9656067488643738,0.9083473009895988,0.9503569110966905
0.41300000000000003,0.9210588248800312,0.9584685269305646,0.9286262331718442,0.9659312134977287,0.9083473009895988,0.9503569110966905
0.41400000000000003,0.9223474846738456,0.9587929915639195,0.9288118307961947,0.9659312134977287,0.9083473009895988,0.9503569110966905
0.41500000000000004,0.9223474846738456,0.9591174561972745,0.9288118307961947,0.9659312134977287,0.9083473009895988,0.9503569110966905
0.41600000000000004,0.9225330822981961,0.9594419208306295,0.9288118307961947,0.9659312134977287,0.9083473009895988,0.9503569110966905
0.417,0.9227186799225464,0.9594419208306295,0.9293686236692459,0.9659312134977287,0.9087184962382997,0.9503569110966905
0.418,0.9229042775468969,0.9597663854639844,0.9293686236692459,0.9659312134977287,0.9087184962382997,0.9503569110966905
0.419,0.9230898751712473,0.9597663854639844,0.9306572834630604,0.9659312134977287,0.90890409386265,0.9503569110966905
0.42,0.9230898751712473,0.9597663854639844,0.9319459432568749,0.9659312134977287,0.90890409386265,0.9503569110966905
0.421,0.9230898751712473,0.9597663854639844,0.9323171385055756,0.9659312134977287,0.9092752891113509,0.9503569110966905
0.422,0.9230898751712473,0.9600908500973394,0.9323171385055756,0.9662556781310837,0.9092752891113509,0.9503569110966905
0.423,0.9232754727955976,0.9600908500973394,0.9326883337542764,0.9665801427644387,0.9107495465295157,0.9506813757300454
0.424,0.9236466680442985,0.9607397793640493,0.9326883337542764,0.9665801427644387,0.9109351441538662,0.9513303049967553
0.425,0.9238322656686488,0.9607397793640493,0.9328739313786268,0.9669046073977936,0.9111207417782166,0.9523036988968202
0.426,0.9240178632929994,0.9610642439974043,0.9343481887967917,0.9669046073977936,0.9111207417782166,0.9523036988968202
0.427,0.9240178632929994,0.9613887086307592,0.934533786421142,0.9669046073977936,0.9111207417782166,0.9523036988968202
0.428,0.9240178632929994,0.9613887086307592,0.934533786421142,0.9675535366645036,0.9111207417782166,0.9523036988968202
0.429,0.9240178632929994,0.9613887086307592,0.934533786421142,0.9678780012978585,0.9111207417782166,0.9526281635301752
0.43,0.9240178632929994,0.9617131732641142,0.934533786421142,0.9678780012978585,0.9111207417782166,0.9526281635301752
0.431,0.9240178632929994,0.9617131732641142,0.9360080438393069,0.9682024659312135,0.9111207417782166,0.9529526281635302
0.432,0.9247602537904009,0.9617131732641142,0.9360080438393069,0.9682024659312135,0.9111207417782166,0.9529526281635302
0.433,0.9247602537904009,0.9620376378974692,0.9360080438393069,0.9685269305645685,0.9111207417782166,0.9529526281635302
0.434,0.9247602537904009,0.9620376378974692,0.9360080438393069,0.9685269305645685,0.9111207417782166,0.9529526281635302
0.435,0.9247602537904009,0.9620376378974692,0.9363792390880077,0.9685269305645685,0.9111207417782166,0.9529526281635302
0.436,0.9247602537904009,0.9620376378974692,0.9363792390880077,0.9685269305645685,0.9113063394025669,0.9529526281635302
0.437,0.9262345112085658,0.9620376378974692,0.9376678988818221,0.9688513951979234,0.9114919370269174,0.9529526281635302
0.438,0.9262345112085658,0.9620376378974692,0.9378534965061726,0.9688513951979234,0.912234327524319,0.9529526281635302
0.439,0.9262345112085658,0.9620376378974692,0.938039094130523,0.9688513951979234,0.912234327524319,0.9529526281635302
0.44,0.9262345112085658,0.9630110317975341,0.938039094130523,0.9688513951979234,0.912234327524319,0.9532770927968851
0.441,0.9275231710023802,0.9630110317975341,0.9382246917548733,0.9688513951979234,0.912234327524319,0.9532770927968851
0.442,0.9277087686267307,0.963335496430889,0.9382246917548733,0.9688513951979234,0.912234327524319,0.9536015574302401
0.443,0.9277087686267307,0.963659961064244,0.9382246917548733,0.9688513951979234,0.9124199251486694,0.9536015574302401
0.444,0.9277087686267307,0.963659961064244,0.9395133515486878,0.9688513951979234,0.9124199251486694,0.9536015574302401
0.445,0.9277087686267307,0.963984425697599,0.9395133515486878,0.9688513951979234,0.913708584942484,0.9536015574302401
0.446,0.9277087686267307,0.963984425697599,0.9395133515486878,0.9688513951979234,0.913708584942484,0.9539260220635951
0.447,0.927894366251081,0.9643088903309539,0.9395133515486878,0.9688513951979234,0.913708584942484,0.9539260220635951
0.448,0.9282655614997819,0.9646333549643089,0.9395133515486878,0.9688513951979234,0.913708584942484,0.95425048669695
0.449,0.9282655614997819,0.9646333549643089,0.9395133515486878,0.9691758598312784,0.913708584942484,0.954574951330305
0.45,0.9282655614997819,0.9646333549643089,0.9395133515486878,0.9695003244646333,0.913708584942484,0.9552238805970149
0.451,0.9284511591241322,0.9649578195976638,0.9395133515486878,0.9698247890979883,0.9138941825668343,0.9555483452303699
0.452,0.9284511591241322,0.9649578195976638,0.9395133515486878,0.9698247890979883,0.9140797801911846,0.9558728098637248
0.453,0.9286367567484827,0.9649578195976638,0.9395133515486878,0.9701492537313433,0.9142653778155352,0.9558728098637248
0.454,0.9286367567484827,0.9649578195976638,0.9396989491730382,0.9704737183646982,0.9142653778155352,0.9561972744970798
0.455,0.9290079519971834,0.9649578195976638,0.9411732065912031,0.9704737183646982,0.9142653778155352,0.9565217391304348
0.456,0.9290079519971834,0.9649578195976638,0.9411732065912031,0.9704737183646982,0.9148221706885864,0.9565217391304348
0.457,0.9304822094153483,0.9649578195976638,0.9411732065912031,0.9704737183646982,0.9161108304824008,0.9565217391304348
0.458,0.9304822094153483,0.9649578195976638,0.9413588042155534,0.9707981829980532,0.9164820257311016,0.9565217391304348
0.459,0.9304822094153483,0.9649578195976638,0.9413588042155534,0.9711226476314082,0.9164820257311016,0.9565217391304348
0.46,0.9304822094153483,0.9656067488643738,0.9413588042155534,0.9711226476314082,0.916667623355452,0.9568462037637897
0.461,0.9304822094153483,0.9656067488643738,0.9413588042155534,0.9711226476314082,0.916667623355452,0.9568462037637897
0.462,0.9304822094153483,0.9659312134977287,0.9413588042155534,0.9711226476314082,0.916667623355452,0.9571706683971447
0.463,0.9304822094153483,0.9662556781310837,0.9413588042155534,0.9711226476314082,0.9181418807736168,0.9574951330304997
0.464,0.9304822094153483,0.9665801427644387,0.9428330616337183,0.9711226476314082,0.9181418807736168,0.9574951330304997
0.465,0.9304822094153483,0.9669046073977936,0.9428330616337183,0.9714471122647631,0.9181418807736168,0.9574951330304997
0.466,0.9304822094153483,0.9669046073977936,0.9430186592580687,0.9717715768981181,0.9181418807736168,0.9574951330304997
0.467,0.9304822094153483,0.9672290720311486,0.9430186592580687,0.9717715768981181,0.9194305405674312,0.9578195976638546
0.468,0.9304822094153483,0.9675535366645036,0.943204256882419,0.9717715768981181,0.9196161381917817,0.9578195976638546
0.46900000000000003,0.9304822094153483,0.9678780012978585,0.943204256882419,0.9720960415314731,0.9198017358161321,0.9581440622972096
0.47000000000000003,0.9304822094153483,0.9678780012978585,0.9459671740943985,0.972420506164828,0.9198017358161321,0.9581440622972096
0.47100000000000003,0.9304822094153483,0.9678780012978585,0.9461527717187488,0.972420506164828,0.9198017358161321,0.9584685269305646
0.47200000000000003,0.9304822094153483,0.9678780012978585,0.9465239669674497,0.972420506164828,0.9198017358161321,0.9584685269305646
0.47300000000000003,0.9304822094153483,0.9678780012978585,0.9465239669674497,0.972420506164828,0.9198017358161321,0.9584685269305646
0.47400000000000003,0.9319564668335132,0.9678780012978585,0.9465239669674497,0.972744970798183,0.9198017358161321,0.9587929915639195
0.47500000000000003,0.9319564668335132,0.9678780012978585,0.9465239669674497,0.973069435431538,0.9199873334404824,0.9594419208306295
0.47600000000000003,0.9319564668335132,0.9678780012978585,0.9465239669674497,0.973069435431538,0.9201729310648329,0.9594419208306295
0.47700000000000004,0.9321420644578636,0.9678780012978585,0.9478126267612641,0.973069435431538,0.9218327861073481,0.9597663854639844
0.47800000000000004,0.9321420644578636,0.9678780012978585,0.9479982243856144,0.973069435431538,0.9220183837316985,0.9600908500973394
0.47900000000000004,0.9321420644578636,0.9682024659312135,0.9479982243856144,0.973069435431538,0.922203981356049,0.9600908500973394
0.48,0.9321420644578636,0.9682024659312135,0.9479982243856144,0.973069435431538,0.922203981356049,0.9600908500973394
0.481,0.9349049816698429,0.9682024659312135,0.9479982243856144,0.973069435431538,0.9223895789803993,0.9604153147306943
0.482,0.9350905792941933,0.9682024659312135,0.9479982243856144,0.973069435431538,0.9223895789803993,0.9604153147306943
0.483,0.9352761769185437,0.9685269305645685,0.9479982243856144,0.9733939000648929,0.9223895789803993,0.9604153147306943
0.484,0.9354617745428941,0.9688513951979234,0.9492868841794289,0.9733939000648929,0.9223895789803993,0.9607397793640493
0.485,0.9354617745428941,0.9688513951979234,0.9492868841794289,0.9733939000648929,0.9223895789803993,0.9607397793640493
0.486,0.9356473721672445,0.9691758598312784,0.9492868841794289,0.9737183646982479,0.9223895789803993,0.9613887086307592
0.487,0.9356473721672445,0.9695003244646333,0.9492868841794289,0.9740428293316029,0.9223895789803993,0.9613887086307592
0.488,0.9356473721672445,0.9695003244646333,0.9492868841794289,0.9740428293316029,0.9251524961923787,0.9613887086307592
0.489,0.9356473721672445,0.9698247890979883,0.9492868841794289,0.9740428293316029,0.925338093816729,0.9613887086307592
0.49,0.9356473721672445,0.9701492537313433,0.9492868841794289,0.9740428293316029,0.925338093816729,0.9613887086307592
0.491,0.9358329697915949,0.9701492537313433,0.9494724818037793,0.9740428293316029,0.925338093816729,0.9613887086307592
0.492,0.9358329697915949,0.9701492537313433,0.9494724818037793,0.9740428293316029,0.925338093816729,0.9613887086307592
0.493,0.9358329697915949,0.9701492537313433,0.9494724818037793,0.9740428293316029,0.925338093816729,0.9620376378974692
0.494,0.9358329697915949,0.9701492537313433,0.9494724818037793,0.9740428293316029,0.925338093816729,0.9620376378974692
0.495,0.9358329697915949,0.9701492537313433,0.9494724818037793,0.9740428293316029,0.925338093816729,0.9626865671641791
0.496,0.9358329697915949,0.9707981829980532,0.9494724818037793,0.9743672939649578,0.9268123512348938,0.9626865671641791
0.497,0.9362041650402957,0.9707981829980532,0.9494724818037793,0.9743672939649578,0.9281010110287082,0.9626865671641791
0.498,0.9362041650402957,0.9707981829980532,0.9509467392219442,0.9743672939649578,0.9282866086530588,0.9626865671641791
0.499,0.9362041650402957,0.9707981829980532,0.9509467392219442,0.9743672939649578,0.9282866086530588,0.9626865671641791
0.5,0.9362041650402957,0.9707981829980532,0.9509467392219442,0.9743672939649578,0.9282866086530588,0.9626865671641791
0.501,0.9362041650402957,0.9707981829980532,0.9511323368462945,0.9743672939649578,0.9282866086530588,0.9626865671641791
0.502,0.9374928248341101,0.9707981829980532,0.9511323368462945,0.9743672939649578,0.9282866086530588,0.9626865671641791
0.503,0.9376784224584606,0.9714471122647631,0.9511323368462945,0.9743672939649578,0.9282866086530588,0.9626865671641791
0.504,0.937864020082811,0.9714471122647631,0.951317934470645,0.9743672939649578,0.9284722062774091,0.9630110317975341
0.505,0.9391526798766254,0.9714471122647631,0.9515035320949954,0.9750162232316677,0.9286578039017594,0.963335496430889
0.506,0.9391526798766254,0.9714471122647631,0.9516891297193458,0.9750162232316677,0.9286578039017594,0.963335496430889
0.507,0.9393382775009758,0.9714471122647631,0.9516891297193458,0.9750162232316677,0.9286578039017594,0.963335496430889
0.508,0.9393382775009758,0.9714471122647631,0.9518747273436963,0.9750162232316677,0.9286578039017594,0.963659961064244
0.509,0.9393382775009758,0.9714471122647631,0.9518747273436963,0.9750162232316677,0.9286578039017594,0.963659961064244
0.51,0.9395238751253263,0.9720960415314731,0.9518747273436963,0.9753406878650227,0.9286578039017594,0.963984425697599
0.511,0.9408125349191407,0.9720960415314731,0.9518747273436963,0.9756651524983777,0.9286578039017594,0.9646333549643089
0.512,0.9408125349191407,0.9720960415314731,0.9518747273436963,0.9756651524983777,0.9299464636955739,0.9646333549643089
0.513,0.9408125349191407,0.9720960415314731,0.9518747273436963,0.9756651524983777,0.9301320613199244,0.9646333549643089
0.514,0.9408125349191407,0.9720960415314731,0.9518747273436963,0.9756651524983777,0.9316063187380892,0.9652822842310188
0.515,0.9411837301678414,0.9720960415314731,0.9531633871375107,0.9756651524983777,0.9316063187380892,0.9652822842310188
0.516,0.9411837301678414,0.9720960415314731,0.9531633871375107,0.9756651524983777,0.9316063187380892,0.9652822842310188
0.517,0.941369327792192,0.9720960415314731,0.9531633871375107,0.9759896171317326,0.9328949785319036,0.9652822842310188
0.518,0.9415549254165423,0.9720960415314731,0.9544520469313251,0.9763140817650876,0.934183638325718,0.9652822842310188
0.519,0.9417405230408927,0.9720960415314731,0.9557407067251396,0.9763140817650876,0.934183638325718,0.9656067488643738
0.52,0.9417405230408927,0.9720960415314731,0.9557407067251396,0.9763140817650876,0.934183638325718,0.9656067488643738
0.521,0.9417405230408927,0.972744970798183,0.9557407067251396,0.9763140817650876,0.934183638325718,0.9659312134977287
0.522,0.9419261206652432,0.972744970798183,0.9557407067251396,0.9763140817650876,0.935657895743883,0.9662556781310837
0.523,0.9434003780834079,0.972744970798183,0.9557407067251396,0.9766385463984426,0.935657895743883,0.9662556781310837
0.524,0.9434003780834079,0.972744970798183,0.9557407067251396,0.9769630110317975,0.9358434933682334,0.9662556781310837
0.525,0.9434003780834079,0.972744970798183,0.9557407067251396,0.9769630110317975,0.9358434933682334,0.9662556781310837
0.526,0.9434003780834079,0.973069435431538,0.9557407067251396,0.9769630110317975,0.9358434933682334,0.9662556781310837
0.527,0.9434003780834079,0.9733939000648929,0.9559263043494899,0.9776119402985075,0.9358434933682334,0.9662556781310837
0.528,0.9434003780834079,0.9733939000648929,0.9559263043494899,0.9776119402985075,0.9358434933682334,0.9662556781310837
0.529,0.9434003780834079,0.9733939000648929,0.9559263043494899,0.9776119402985075,0.9358434933682334,0.9665801427644387
0.53,0.9446890378772224,0.9733939000648929,0.9559263043494899,0.9776119402985075,0.9358434933682334,0.9665801427644387
0.531,0.9446890378772224,0.9737183646982479,0.9561119019738403,0.9776119402985075,0.9358434933682334,0.9669046073977936
0.532,0.9446890378772224,0.9740428293316029,0.9562974995981908,0.9776119402985075,0.9358434933682334,0.9669046073977936
0.533,0.9446890378772224,0.9743672939649578,0.9562974995981908,0.9776119402985075,0.9358434933682334,0.9669046073977936
0.534,0.9446890378772224,0.9743672939649578,0.9562974995981908,0.9776119402985075,0.9358434933682334,0.9669046073977936
0.535,0.9448746355015728,0.9743672939649578,0.9562974995981908,0.9776119402985075,0.9358434933682334,0.9669046073977936
0.536,0.9448746355015728,0.9743672939649578,0.9575861593920052,0.9779364049318624,0.9360290909925837,0.9669046073977936
0.537,0.9448746355015728,0.9743672939649578,0.9575861593920052,0.9779364049318624,0.9360290909925837,0.9669046073977936
0.538,0.9448746355015728,0.9743672939649578,0.9575861593920052,0.9779364049318624,0.9364002862412846,0.9669046073977936
0.539,0.9448746355015728,0.9746917585983128,0.9575861593920052,0.9779364049318624,0.9364002862412846,0.9675535366645036
0.54,0.9450602331259232,0.9746917585983128,0.9575861593920052,0.9779364049318624,0.9364002862412846,0.9675535366645036
0.541,0.9450602331259232,0.9753406878650227,0.9575861593920052,0.9779364049318624,0.9364002862412846,0.9678780012978585
0.542,0.9452458307502736,0.9756651524983777,0.9575861593920052,0.9779364049318624,0.9378745436594494,0.9682024659312135
0.543,0.946534490544088,0.9756651524983777,0.9575861593920052,0.9779364049318624,0.9391632034532639,0.9682024659312135
0.544,0.946534490544088,0.9759896171317326,0.9577717570163555,0.9779364049318624,0.9391632034532639,0.9691758598312784
0.545,0.9467200881684384,0.9763140817650876,0.9577717570163555,0.9779364049318624,0.9404518632470783,0.9691758598312784
0.546,0.9467200881684384,0.9763140817650876,0.957957354640706,0.9779364049318624,0.9406374608714287,0.9691758598312784
0.547,0.9467200881684384,0.9763140817650876,0.957957354640706,0.9779364049318624,0.9419261206652432,0.9691758598312784
0.548,0.9469056857927889,0.9766385463984426,0.957957354640706,0.9779364049318624,0.9421117182895935,0.9691758598312784
0.549,0.9470912834171392,0.9766385463984426,0.957957354640706,0.9779364049318624,0.9421117182895935,0.9695003244646333
0.55,0.9470912834171392,0.9766385463984426,0.957957354640706,0.9779364049318624,0.9421117182895935,0.9695003244646333
0.551,0.9470912834171392,0.9769630110317975,0.957957354640706,0.9782608695652174,0.9421117182895935,0.9695003244646333
0.552,0.9470912834171392,0.9769630110317975,0.9581429522650564,0.9782608695652174,0.9424829135382944,0.9695003244646333
0.553,0.9470912834171392,0.9769630110317975,0.9594316120588708,0.9782608695652174,0.9424829135382944,0.9695003244646333
0.554,0.9485655408353041,0.9769630110317975,0.9594316120588708,0.9785853341985724,0.9424829135382944,0.9698247890979883
0.555,0.951142860422933,0.9769630110317975,0.9594316120588708,0.9789097988319273,0.9424829135382944,0.9701492537313433
0.556,0.9526171178410978,0.9772874756651525,0.9607202718526853,0.9789097988319273,0.9426685111626447,0.9701492537313433
0.557,0.9526171178410978,0.9776119402985075,0.9607202718526853,0.9792342634652823,0.9426685111626447,0.9701492537313433
0.558,0.9539057776349122,0.9776119402985075,0.9607202718526853,0.9792342634652823,0.9426685111626447,0.9701492537313433
0.559,0.9551944374287267,0.9776119402985075,0.9607202718526853,0.9792342634652823,0.9428541087869952,0.9704737183646982
0.56,0.9551944374287267,0.9779364049318624,0.9607202718526853,0.9792342634652823,0.9428541087869952,0.9704737183646982
0.561,0.9551944374287267,0.9779364049318624,0.9607202718526853,0.9792342634652823,0.9428541087869952,0.9707981829980532
0.562,0.9553800350530771,0.9779364049318624,0.9607202718526853,0.9792342634652823,0.9428541087869952,0.9707981829980532
0.5630000000000001,0.9553800350530771,0.9779364049318624,0.9607202718526853,0.9792342634652823,0.9430397064113456,0.9707981829980532
0.5640000000000001,0.9566686948468915,0.9779364049318624,0.9607202718526853,0.9792342634652823,0.9432253040356959,0.9711226476314082
0.5650000000000001,0.9566686948468915,0.9779364049318624,0.9607202718526853,0.9792342634652823,0.9432253040356959,0.9714471122647631
0.5660000000000001,0.9566686948468915,0.9779364049318624,0.9609058694770356,0.9792342634652823,0.9434109016600464,0.9714471122647631
0.5670000000000001,0.9566686948468915,0.9779364049318624,0.961091467101386,0.9792342634652823,0.9434109016600464,0.9714471122647631
0.5680000000000001,0.9566686948468915,0.9779364049318624,0.961091467101386,0.9795587280986372,0.9435964992843968,0.9717715768981181
0.5690000000000001,0.9566686948468915,0.9779364049318624,0.961091467101386,0.9795587280986372,0.9448851590782112,0.9720960415314731
0.5700000000000001,0.9566686948468915,0.9782608695652174,0.961091467101386,0.9798831927319922,0.9448851590782112,0.9720960415314731
0.5710000000000001,0.9566686948468915,0.9782608695652174,0.961091467101386,0.9798831927319922,0.9450707567025616,0.972420506164828
0.5720000000000001,0.9566686948468915,0.9782608695652174,0.961091467101386,0.9798831927319922,0.9450707567025616,0.972744970798183
0.5730000000000001,0.9566686948468915,0.9782608695652174,0.9623801268952005,0.9798831927319922,0.9450707567025616,0.972744970798183
0.5740000000000001,0.9566686948468915,0.9782608695652174,0.9623801268952005,0.9798831927319922,0.946359416496376,0.972744970798183
0.5750000000000001,0.957957354640706,0.9782608695652174,0.9623801268952005,0.9798831927319922,0.946359416496376,0.973069435431538
0.5760000000000001,0.957957354640706,0.9782608695652174,0.9623801268952005,0.9798831927319922,0.9465450141207264,0.9737183646982479
0.577,0.9583285498894067,0.9782608695652174,0.9623801268952005,0.9798831927319922,0.9465450141207264,0.9737183646982479
0.578,0.9596172096832212,0.9782608695652174,0.9623801268952005,0.9798831927319922,0.9465450141207264,0.9740428293316029
0.579,0.9596172096832212,0.9789097988319273,0.9623801268952005,0.9798831927319922,0.9465450141207264,0.9740428293316029
0.58,0.9596172096832212,0.9795587280986372,0.9623801268952005,0.9798831927319922,0.9465450141207264,0.9740428293316029
0.581,0.9596172096832212,0.9805321219987021,0.9623801268952005,0.9798831927319922,0.9491223337083553,0.9743672939649578
0.582,0.9599884049319221,0.9808565866320571,0.9623801268952005,0.9798831927319922,0.9491223337083553,0.9743672939649578
0.583,0.9599884049319221,0.9808565866320571,0.9623801268952005,0.9798831927319922,0.9491223337083553,0.9746917585983128
0.584,0.9599884049319221,0.9811810512654121,0.9623801268952005,0.9798831927319922,0.9491223337083553,0.9746917585983128
0.585,0.9599884049319221,0.981505515898767,0.9623801268952005,0.9802076573653472,0.9493079313327057,0.9746917585983128
0.586,0.9599884049319221,0.981505515898767,0.9623801268952005,0.9802076573653472,0.9493079313327057,0.9746917585983128
0.587,0.9612770647257365,0.981505515898767,0.9625657245195509,0.9805321219987021,0.9493079313327057,0.9746917585983128
0.588,0.9614626623500868,0.981829980532122,0.9625657245195509,0.9808565866320571,0.9493079313327057,0.9750162232316677
0.589,0.9614626623500868,0.981829980532122,0.9625657245195509,0.9811810512654121,0.9505965911265202,0.9750162232316677
0.59,0.9627513221439012,0.981829980532122,0.9625657245195509,0.9811810512654121,0.9505965911265202,0.9750162232316677
0.591,0.9627513221439012,0.981829980532122,0.9625657245195509,0.9811810512654121,0.9505965911265202,0.9753406878650227
0.592,0.9627513221439012,0.981829980532122,0.9625657245195509,0.9811810512654121,0.9505965911265202,0.9753406878650227
0.593,0.9627513221439012,0.981829980532122,0.9625657245195509,0.9811810512654121,0.9509677863752211,0.9753406878650227
0.594,0.9627513221439012,0.9824789097988319,0.9625657245195509,0.9811810512654121,0.9509677863752211,0.9753406878650227
0.595,0.9627513221439012,0.9824789097988319,0.9625657245195509,0.9811810512654121,0.9509677863752211,0.9756651524983777
0.596,0.9627513221439012,0.9824789097988319,0.9625657245195509,0.9811810512654121,0.9511533839995714,0.9763140817650876
0.597,0.9633081150169525,0.9824789097988319,0.9625657245195509,0.9811810512654121,0.9511533839995714,0.9763140817650876
0.598,0.9633081150169525,0.9824789097988319,0.9627513221439012,0.9811810512654121,0.9524420437933858,0.9766385463984426
0.599,0.9634937126413029,0.9828033744321869,0.9627513221439012,0.9811810512654121,0.9524420437933858,0.9766385463984426
0.6,0.9634937126413029,0.9831278390655419,0.9627513221439012,0.9811810512654121,0.9526276414177361,0.9766385463984426
0.601,0.9634937126413029,0.9837767683322518,0.9627513221439012,0.9811810512654121,0.952998836666437,0.9766385463984426
0.602,0.9662566298532822,0.9837767683322518,0.9629369197682517,0.981505515898767,0.9542874964602515,0.9766385463984426
0.603,0.9662566298532822,0.9837767683322518,0.9629369197682517,0.981505515898767,0.9568648160478803,0.9766385463984426
0.604,0.9664422274776325,0.9837767683322518,0.9631225173926021,0.981829980532122,0.9568648160478803,0.9766385463984426
0.605,0.9664422274776325,0.9837767683322518,0.9633081150169525,0.981829980532122,0.9568648160478803,0.9772874756651525
0.606,0.9664422274776325,0.9837767683322518,0.9633081150169525,0.981829980532122,0.9568648160478803,0.9772874756651525
0.607,0.9664422274776325,0.9837767683322518,0.9633081150169525,0.981829980532122,0.9570504136722308,0.9772874756651525
0.608,0.9664422274776325,0.9837767683322518,0.9633081150169525,0.981829980532122,0.9572360112965812,0.9772874756651525
0.609,0.9664422274776325,0.9841012329656067,0.9633081150169525,0.981829980532122,0.9572360112965812,0.9776119402985075
0.61,0.9666278251019831,0.9841012329656067,0.9633081150169525,0.981829980532122,0.9572360112965812,0.9776119402985075
0.611,0.9666278251019831,0.9841012329656067,0.9633081150169525,0.981829980532122,0.9574216089209315,0.9776119402985075
0.612,0.9666278251019831,0.9841012329656067,0.9633081150169525,0.981829980532122,0.9577928041696324,0.9779364049318624
0.613,0.9666278251019831,0.9844256975989617,0.9645967748107669,0.981829980532122,0.9577928041696324,0.9779364049318624
0.614,0.9666278251019831,0.9844256975989617,0.9645967748107669,0.981829980532122,0.9577928041696324,0.9779364049318624
0.615,0.9668134227263334,0.9847501622323167,0.9658854346045813,0.981829980532122,0.9577928041696324,0.9785853341985724
0.616,0.9668134227263334,0.9850746268656716,0.9658854346045813,0.981829980532122,0.9577928041696324,0.9792342634652823
0.617,0.9668134227263334,0.9850746268656716,0.9658854346045813,0.981829980532122,0.9579784017939827,0.9795587280986372
0.618,0.9668134227263334,0.9850746268656716,0.9658854346045813,0.982154445165477,0.9592670615877972,0.9798831927319922
0.619,0.9681020825201478,0.9850746268656716,0.9658854346045813,0.9828033744321869,0.9594526592121477,0.9798831927319922
0.62,0.9693907423139623,0.9850746268656716,0.9658854346045813,0.9828033744321869,0.9594526592121477,0.9798831927319922
0.621,0.9706794021077767,0.9850746268656716,0.9658854346045813,0.9828033744321869,0.9594526592121477,0.9798831927319922
0.622,0.9706794021077767,0.9853990914990266,0.9658854346045813,0.9828033744321869,0.9594526592121477,0.9798831927319922
0.623,0.9706794021077767,0.9857235561323816,0.9658854346045813,0.9831278390655419,0.963318638593591,0.9798831927319922
0.624,0.9706794021077767,0.9857235561323816,0.9658854346045813,0.9831278390655419,0.963318638593591,0.9802076573653472
0.625,0.9706794021077767,0.9857235561323816,0.9658854346045813,0.9831278390655419,0.963318638593591,0.9805321219987021
0.626,0.9706794021077767,0.9857235561323816,0.9658854346045813,0.9831278390655419,0.963318638593591,0.9808565866320571
0.627,0.9706794021077767,0.9857235561323816,0.9658854346045813,0.9831278390655419,0.963318638593591,0.9808565866320571
0.628,0.9706794021077767,0.9857235561323816,0.9658854346045813,0.9831278390655419,0.9635042362179413,0.9808565866320571
0.629,0.9710505973564776,0.9857235561323816,0.9660710322289318,0.9831278390655419,0.9635042362179413,0.9808565866320571
0.63,0.9710505973564776,0.9857235561323816,0.9660710322289318,0.9831278390655419,0.9636898338422918,0.9811810512654121
0.631,0.9712361949808279,0.9857235561323816,0.9660710322289318,0.9831278390655419,0.9636898338422918,0.981829980532122
0.632,0.9712361949808279,0.9857235561323816,0.9660710322289318,0.9834523036988968,0.9636898338422918,0.981829980532122
0.633,0.9714217926051785,0.9860480207657365,0.9660710322289318,0.9834523036988968,0.9649784936361062,0.981829980532122
0.634,0.9714217926051785,0.9860480207657365,0.9660710322289318,0.9834523036988968,0.9649784936361062,0.981829980532122
0.635,0.9714217926051785,0.9860480207657365,0.9660710322289318,0.9834523036988968,0.9649784936361062,0.981829980532122
0.636,0.9714217926051785,0.9860480207657365,0.9660710322289318,0.9834523036988968,0.9649784936361062,0.981829980532122
0.637,0.9714217926051785,0.9860480207657365,0.9660710322289318,0.9834523036988968,0.9649784936361062,0.981829980532122
0.638,0.9714217926051785,0.9860480207657365,0.9662566298532822,0.9834523036988968,0.9651640912604567,0.981829980532122
0.639,0.9714217926051785,0.9860480207657365,0.9662566298532822,0.9834523036988968,0.9651640912604567,0.982154445165477
0.64,0.9714217926051785,0.9863724853990915,0.9662566298532822,0.9837767683322518,0.9651640912604567,0.982154445165477
0.641,0.9714217926051785,0.9866969500324465,0.9662566298532822,0.9837767683322518,0.9651640912604567,0.982154445165477
0.642,0.9727104523989929,0.9870214146658014,0.9662566298532822,0.9837767683322518,0.9651640912604567,0.9824789097988319
0.643,0.9730816476476936,0.9870214146658014,0.9662566298532822,0.9841012329656067,0.965349688884807,0.9824789097988319
0.644,0.9730816476476936,0.9870214146658014,0.9662566298532822,0.9841012329656067,0.965349688884807,0.9828033744321869
0.645,0.9730816476476936,0.9870214146658014,0.9662566298532822,0.9841012329656067,0.965349688884807,0.9828033744321869
0.646,0.9730816476476936,0.9870214146658014,0.9662566298532822,0.9841012329656067,0.965349688884807,0.9828033744321869
0.647,0.9732672452720441,0.9870214146658014,0.9662566298532822,0.9844256975989617,0.965349688884807,0.9828033744321869
0.648,0.9734528428963944,0.9870214146658014,0.9701226092347255,0.9844256975989617,0.9655352865091574,0.9831278390655419
0.649,0.9734528428963944,0.9873458792991564,0.9701226092347255,0.9844256975989617,0.9655352865091574,0.9831278390655419
0.65,0.9734528428963944,0.9873458792991564,0.9714112690285399,0.9844256975989617,0.9655352865091574,0.9831278390655419
0.651,0.9734528428963944,0.9873458792991564,0.9714112690285399,0.9844256975989617,0.9657208841335079,0.9831278390655419
0.652,0.9734528428963944,0.9873458792991564,0.9715968666528904,0.9847501622323167,0.9657208841335079,0.9831278390655419
0.653,0.9734528428963944,0.9873458792991564,0.9717824642772408,0.9847501622323167,0.9657208841335079,0.9834523036988968
0.654,0.9747415026902089,0.9873458792991564,0.9717824642772408,0.9847501622323167,0.9659064817578582,0.9834523036988968
0.655,0.9747415026902089,0.9873458792991564,0.9717824642772408,0.9847501622323167,0.9659064817578582,0.9837767683322518
0.656,0.9760301624840233,0.9873458792991564,0.9717824642772408,0.9847501622323167,0.9671951415516726,0.9837767683322518
0.657,0.9760301624840233,0.9873458792991564,0.9717824642772408,0.9847501622323167,0.9671951415516726,0.9837767683322518
0.658,0.9764013577327242,0.9873458792991564,0.9717824642772408,0.9847501622323167,0.9671951415516726,0.9837767683322518
0.659,0.9764013577327242,0.9873458792991564,0.9730711240710552,0.9847501622323167,0.9671951415516726,0.9837767683322518
0.66,0.9764013577327242,0.9873458792991564,0.9730711240710552,0.9847501622323167,0.9671951415516726,0.9837767683322518
0.661,0.9764013577327242,0.9876703439325114,0.9730711240710552,0.9847501622323167,0.9684838013454871,0.9837767683322518
0.662,0.9764013577327242,0.9876703439325114,0.9730711240710552,0.9847501622323167,0.9684838013454871,0.9841012329656067
0.663,0.9776900175265386,0.9876703439325114,0.9730711240710552,0.9850746268656716,0.9684838013454871,0.9841012329656067
0.664,0.9776900175265386,0.9876703439325114,0.9732567216954056,0.9850746268656716,0.9684838013454871,0.9844256975989617
0.665,0.9776900175265386,0.9876703439325114,0.9732567216954056,0.9850746268656716,0.9684838013454871,0.9847501622323167
0.666,0.9776900175265386,0.9876703439325114,0.9732567216954056,0.9850746268656716,0.9684838013454871,0.9847501622323167
0.667,0.9776900175265386,0.9876703439325114,0.9758340412830344,0.9850746268656716,0.9684838013454871,0.9850746268656716
0.668,0.9776900175265386,0.9876703439325114,0.9758340412830344,0.9853990914990266,0.9684838013454871,0.9853990914990266
0.669,0.9776900175265386,0.9876703439325114,0.9771227010768488,0.9853990914990266,0.9684838013454871,0.9853990914990266
0.67,0.9776900175265386,0.9876703439325114,0.9771227010768488,0.9853990914990266,0.9686693989698375,0.9857235561323816
0.671,0.9776900175265386,0.9879948085658663,0.9771227010768488,0.9853990914990266,0.9686693989698375,0.9857235561323816
0.672,0.9776900175265386,0.9879948085658663,0.9784113608706633,0.9860480207657365,0.9686693989698375,0.9857235561323816
0.673,0.9776900175265386,0.9883192731992213,0.9784113608706633,0.9863724853990915,0.9686693989698375,0.9860480207657365
0.674,0.9778756151508889,0.9883192731992213,0.9784113608706633,0.9866969500324465,0.9686693989698375,0.9860480207657365
0.675,0.9791642749447034,0.9883192731992213,0.9789681537437145,0.9866969500324465,0.9686693989698375,0.9866969500324465
0.676,0.9791642749447034,0.9883192731992213,0.9789681537437145,0.9866969500324465,0.968854996594188,0.9866969500324465
0.677,0.9791642749447034,0.9883192731992213,0.9789681537437145,0.9866969500324465,0.9701436563880024,0.9866969500324465
0.678,0.9791642749447034,0.9883192731992213,0.979153751368065,0.9866969500324465,0.9714323161818168,0.9870214146658014
0.679,0.9817415945323322,0.9883192731992213,0.979153751368065,0.9866969500324465,0.9727209759756312,0.9870214146658014
0.68,0.9817415945323322,0.9886437378325762,0.979153751368065,0.9866969500324465,0.9727209759756312,0.9870214146658014
0.681,0.9817415945323322,0.9886437378325762,0.979153751368065,0.9866969500324465,0.9727209759756312,0.9870214146658014
0.682,0.9817415945323322,0.9886437378325762,0.979153751368065,0.9866969500324465,0.9740096357694457,0.9870214146658014
0.683,0.9817415945323322,0.9886437378325762,0.979153751368065,0.9866969500324465,0.9740096357694457,0.9870214146658014
0.684,0.9817415945323322,0.9886437378325762,0.9817310709556939,0.9870214146658014,0.9740096357694457,0.9870214146658014
0.685,0.9817415945323322,0.9886437378325762,0.9817310709556939,0.9870214146658014,0.9740096357694457,0.9870214146658014
0.686,0.9817415945323322,0.9886437378325762,0.9817310709556939,0.9870214146658014,0.9740096357694457,0.9870214146658014
0.687,0.9817415945323322,0.9886437378325762,0.9819166685800442,0.9870214146658014,0.9752982955632601,0.9870214146658014
0.6880000000000001,0.9817415945323322,0.9886437378325762,0.9819166685800442,0.9870214146658014,0.9752982955632601,0.9870214146658014
0.6890000000000001,0.9817415945323322,0.9886437378325762,0.9819166685800442,0.9873458792991564,0.9752982955632601,0.9870214146658014
0.6900000000000001,0.9817415945323322,0.9886437378325762,0.9819166685800442,0.9873458792991564,0.9752982955632601,0.9870214146658014
0.6910000000000001,0.9819271921566827,0.9889682024659312,0.9819166685800442,0.9876703439325114,0.9752982955632601,0.9870214146658014
0.6920000000000001,0.9819271921566827,0.9892926670992862,0.9819166685800442,0.9879948085658663,0.9752982955632601,0.9870214146658014
0.6930000000000001,0.9819271921566827,0.9892926670992862,0.9819166685800442,0.9879948085658663,0.9752982955632601,0.9873458792991564
0.6940000000000001,0.9819271921566827,0.9892926670992862,0.9819166685800442,0.9886437378325762,0.9752982955632601,0.9873458792991564
0.6950000000000001,0.9819271921566827,0.9892926670992862,0.9819166685800442,0.9886437378325762,0.9752982955632601,0.9873458792991564
0.6960000000000001,0.9819271921566827,0.9899415963659961,0.9819166685800442,0.9886437378325762,0.9752982955632601,0.9876703439325114
0.6970000000000001,0.9819271921566827,0.9899415963659961,0.9819166685800442,0.9889682024659312,0.9752982955632601,0.9876703439325114
0.6980000000000001,0.9819271921566827,0.9899415963659961,0.9819166685800442,0.9889682024659312,0.9754838931876105,0.9876703439325114
0.6990000000000001,0.9819271921566827,0.9899415963659961,0.9819166685800442,0.9889682024659312,0.9754838931876105,0.9876703439325114
0.7000000000000001,0.9819271921566827,0.9899415963659961,0.9821022662043946,0.9889682024659312,0.9754838931876105,0.9876703439325114
0.7010000000000001,0.9832158519504971,0.9899415963659961,0.9821022662043946,0.9889682024659312,0.9754838931876105,0.9876703439325114
0.7020000000000001,0.9832158519504971,0.9899415963659961,0.9821022662043946,0.9889682024659312,0.9754838931876105,0.9879948085658663
0.7030000000000001,0.9845045117443115,0.9899415963659961,0.9821022662043946,0.9889682024659312,0.9754838931876105,0.9879948085658663
0.704,0.985793171538126,0.9899415963659961,0.9821022662043946,0.9892926670992862,0.9754838931876105,0.9879948085658663
0.705,0.985793171538126,0.9899415963659961,0.9821022662043946,0.9892926670992862,0.9754838931876105,0.9879948085658663
0.706,0.985793171538126,0.9899415963659961,0.9835765236225595,0.9892926670992862,0.976772552981425,0.9883192731992213
0.707,0.985793171538126,0.9899415963659961,0.9835765236225595,0.9892926670992862,0.976772552981425,0.9883192731992213
0.708,0.985793171538126,0.9899415963659961,0.9835765236225595,0.9892926670992862,0.976772552981425,0.9883192731992213
0.709,0.985793171538126,0.9899415963659961,0.9835765236225595,0.9899415963659961,0.976772552981425,0.9883192731992213
0.71,0.985793171538126,0.9899415963659961,0.9835765236225595,0.9899415963659961,0.976772552981425,0.9883192731992213
0.711,0.985793171538126,0.9902660609993511,0.9835765236225595,0.9899415963659961,0.976772552981425,0.9883192731992213
0.712,0.985793171538126,0.9902660609993511,0.9861538432101884,0.9899415963659961,0.976772552981425,0.9883192731992213
0.713,0.985793171538126,0.990590525632706,0.9861538432101884,0.9902660609993511,0.976772552981425,0.9883192731992213
0.714,0.985793171538126,0.990590525632706,0.9861538432101884,0.9902660609993511,0.976772552981425,0.9883192731992213
0.715,0.985793171538126,0.990590525632706,0.9861538432101884,0.9902660609993511,0.976772552981425,0.9886437378325762
0.716,0.985793171538126,0.990590525632706,0.9863394408345387,0.9902660609993511,0.976772552981425,0.9886437378325762
0.717,0.985793171538126,0.990914990266061,0.9863394408345387,0.9902660609993511,0.9782468103995898,0.9886437378325762
0.718,0.985793171538126,0.990914990266061,0.9865250384588892,0.9902660609993511,0.9782468103995898,0.9886437378325762
0.719,0.985793171538126,0.9915639195327709,0.9865250384588892,0.9902660609993511,0.9784324080239402,0.9886437378325762
0.72,0.985793171538126,0.9915639195327709,0.9865250384588892,0.9902660609993511,0.9784324080239402,0.9886437378325762
0.721,0.985793171538126,0.9915639195327709,0.9865250384588892,0.990590525632706,0.9784324080239402,0.9886437378325762
0.722,0.9870818313319404,0.9915639195327709,0.9865250384588892,0.990590525632706,0.9784324080239402,0.9886437378325762
0.723,0.9870818313319404,0.9915639195327709,0.9878136982527037,0.990590525632706,0.9784324080239402,0.9886437378325762
0.724,0.9870818313319404,0.9915639195327709,0.9878136982527037,0.990590525632706,0.9784324080239402,0.9886437378325762
0.725,0.9870818313319404,0.9915639195327709,0.9878136982527037,0.990914990266061,0.9784324080239402,0.9886437378325762
0.726,0.9872674289562908,0.9915639195327709,0.9878136982527037,0.990914990266061,0.9784324080239402,0.9886437378325762
0.727,0.9872674289562908,0.9915639195327709,0.9878136982527037,0.990914990266061,0.9784324080239402,0.9886437378325762
0.728,0.9872674289562908,0.9915639195327709,0.9878136982527037,0.991239454899416,0.9784324080239402,0.9886437378325762
0.729,0.9872674289562908,0.9915639195327709,0.9878136982527037,0.991239454899416,0.9784324080239402,0.9886437378325762
0.73,0.9872674289562908,0.9915639195327709,0.9878136982527037,0.991239454899416,0.9784324080239402,0.9889682024659312
0.731,0.9872674289562908,0.9915639195327709,0.9878136982527037,0.991239454899416,0.9797210678177546,0.9889682024659312
0.732,0.9872674289562908,0.9915639195327709,0.9878136982527037,0.991239454899416,0.9797210678177546,0.9889682024659312
0.733,0.9872674289562908,0.9915639195327709,0.9878136982527037,0.991239454899416,0.9797210678177546,0.9889682024659312
0.734,0.9872674289562908,0.9918883841661259,0.9878136982527037,0.9922128487994809,0.9797210678177546,0.9889682024659312
0.735,0.9885560887501053,0.9918883841661259,0.9878136982527037,0.9922128487994809,0.979906665442105,0.9889682024659312
0.736,0.9885560887501053,0.9922128487994809,0.987999295877054,0.9922128487994809,0.979906665442105,0.9889682024659312
0.737,0.9885560887501053,0.9922128487994809,0.9905766154646829,0.9922128487994809,0.979906665442105,0.9889682024659312
0.738,0.9885560887501053,0.9922128487994809,0.9905766154646829,0.9922128487994809,0.979906665442105,0.9889682024659312
0.739,0.9885560887501053,0.9922128487994809,0.9905766154646829,0.9922128487994809,0.9800922630664555,0.9889682024659312
0.74,0.9885560887501053,0.9922128487994809,0.9905766154646829,0.9922128487994809,0.9800922630664555,0.9889682024659312
0.741,0.9885560887501053,0.9922128487994809,0.9905766154646829,0.9922128487994809,0.9800922630664555,0.9889682024659312
0.742,0.9887416863744557,0.9922128487994809,0.9905766154646829,0.9922128487994809,0.9800922630664555,0.9889682024659312
0.743,0.9887416863744557,0.9922128487994809,0.9907622130890332,0.9922128487994809,0.9800922630664555,0.9889682024659312
0.744,0.9887416863744557,0.9925373134328358,0.9907622130890332,0.9925373134328358,0.9800922630664555,0.9889682024659312
0.745,0.9889272839988061,0.9925373134328358,0.9907622130890332,0.9925373134328358,0.9800922630664555,0.9889682024659312
0.746,0.9889272839988061,0.9925373134328358,0.9907622130890332,0.9925373134328358,0.9800922630664555,0.9889682024659312
0.747,0.9889272839988061,0.9928617780661908,0.9907622130890332,0.9925373134328358,0.9800922630664555,0.9889682024659312
0.748,0.9889272839988061,0.9928617780661908,0.9907622130890332,0.9925373134328358,0.9800922630664555,0.9889682024659312
0.749,0.9889272839988061,0.9928617780661908,0.9907622130890332,0.9925373134328358,0.9800922630664555,0.9892926670992862
0.75,0.9889272839988061,0.9928617780661908,0.9907622130890332,0.9925373134328358,0.9800922630664555,0.9892926670992862
0.751,0.9902159437926206,0.9931862426995457,0.9907622130890332,0.9925373134328358,0.9800922630664555,0.9892926670992862
0.752,0.9902159437926206,0.9931862426995457,0.9907622130890332,0.9925373134328358,0.9800922630664555,0.9892926670992862
0.753,0.9902159437926206,0.9931862426995457,0.9907622130890332,0.9925373134328358,0.9804634583151562,0.9896171317326411
0.754,0.9902159437926206,0.9931862426995457,0.9907622130890332,0.9925373134328358,0.9804634583151562,0.9896171317326411
0.755,0.9902159437926206,0.9931862426995457,0.9909478107133838,0.9928617780661908,0.9804634583151562,0.990590525632706
0.756,0.9902159437926206,0.9931862426995457,0.9909478107133838,0.9931862426995457,0.9804634583151562,0.990590525632706
0.757,0.9902159437926206,0.9931862426995457,0.9909478107133838,0.9931862426995457,0.9804634583151562,0.990590525632706
0.758,0.9902159437926206,0.9931862426995457,0.9909478107133838,0.9931862426995457,0.9804634583151562,0.990914990266061
0.759,0.9902159437926206,0.9931862426995457,0.9909478107133838,0.9935107073329007,0.9804634583151562,0.990914990266061
0.76,0.9902159437926206,0.9931862426995457,0.9909478107133838,0.9935107073329007,0.9804634583151562,0.990914990266061
0.761,0.9902159437926206,0.9931862426995457,0.9909478107133838,0.9935107073329007,0.9804634583151562,0.990914990266061
0.762,0.9904015414169709,0.9938351719662557,0.9911334083377341,0.9935107073329007,0.9804634583151562,0.991239454899416
0.763,0.9904015414169709,0.9938351719662557,0.9911334083377341,0.9935107073329007,0.9804634583151562,0.991239454899416
0.764,0.9904015414169709,0.9938351719662557,0.9911334083377341,0.9935107073329007,0.9804634583151562,0.991239454899416
0.765,0.9904015414169709,0.9938351719662557,0.9911334083377341,0.9935107073329007,0.9804634583151562,0.991239454899416
0.766,0.9904015414169709,0.9938351719662557,0.9911334083377341,0.9935107073329007,0.9817521181089707,0.991239454899416
0.767,0.9904015414169709,0.9938351719662557,0.9913190059620846,0.9935107073329007,0.9817521181089707,0.991239454899416
0.768,0.9905871390413213,0.9938351719662557,0.992607665755899,0.9935107073329007,0.9817521181089707,0.991239454899416
0.769,0.9905871390413213,0.9938351719662557,0.992607665755899,0.9935107073329007,0.9817521181089707,0.991239454899416
0.77,0.9905871390413213,0.9938351719662557,0.992607665755899,0.9935107073329007,0.9817521181089707,0.991239454899416
0.771,0.9905871390413213,0.9938351719662557,0.992607665755899,0.9935107073329007,0.9817521181089707,0.991239454899416
0.772,0.9905871390413213,0.9938351719662557,0.9927932633802494,0.9935107073329007,0.9817521181089707,0.9915639195327709
0.773,0.9905871390413213,0.9938351719662557,0.9927932633802494,0.9935107073329007,0.9843294376965995,0.9915639195327709
0.774,0.9907727366656718,0.9938351719662557,0.9927932633802494,0.9935107073329007,0.9843294376965995,0.9915639195327709
0.775,0.9907727366656718,0.9938351719662557,0.9927932633802494,0.9935107073329007,0.9843294376965995,0.9915639195327709
0.776,0.9907727366656718,0.9938351719662557,0.9927932633802494,0.9935107073329007,0.985618097490414,0.9918883841661259
0.777,0.9907727366656718,0.9938351719662557,0.9927932633802494,0.9938351719662557,0.985618097490414,0.9918883841661259
0.778,0.9907727366656718,0.9938351719662557,0.9929788610045998,0.9938351719662557,0.985618097490414,0.9918883841661259
0.779,0.9920613964594862,0.9938351719662557,0.9929788610045998,0.9938351719662557,0.985618097490414,0.9922128487994809
0.78,0.9920613964594862,0.9938351719662557,0.9929788610045998,0.9938351719662557,0.9869067572842284,0.9922128487994809
0.781,0.9920613964594862,0.9938351719662557,0.9929788610045998,0.9938351719662557,0.9870923549085788,0.9922128487994809
0.782,0.9920613964594862,0.9938351719662557,0.9929788610045998,0.9941596365996106,0.9870923549085788,0.9922128487994809
0.783,0.9922469940838365,0.9938351719662557,0.9929788610045998,0.9941596365996106,0.9870923549085788,0.9922128487994809
0.784,0.9922469940838365,0.9938351719662557,0.9929788610045998,0.9941596365996106,0.9870923549085788,0.9922128487994809
0.785,0.9922469940838365,0.9938351719662557,0.9929788610045998,0.9941596365996106,0.9870923549085788,0.9922128487994809
0.786,0.9922469940838365,0.9938351719662557,0.9929788610045998,0.9944841012329656,0.9870923549085788,0.9922128487994809
0.787,0.9922469940838365,0.9941596365996106,0.9929788610045998,0.9944841012329656,0.9872779525329292,0.9922128487994809
0.788,0.9922469940838365,0.9941596365996106,0.9929788610045998,0.9944841012329656,0.9872779525329292,0.9922128487994809
0.789,0.9922469940838365,0.9941596365996106,0.9929788610045998,0.9948085658663206,0.9872779525329292,0.9922128487994809
0.79,0.9922469940838365,0.9941596365996106,0.9929788610045998,0.9948085658663206,0.9872779525329292,0.9922128487994809
0.791,0.9922469940838365,0.9944841012329656,0.9929788610045998,0.9951330304996755,0.9872779525329292,0.9922128487994809
0.792,0.9922469940838365,0.9944841012329656,0.9929788610045998,0.9951330304996755,0.9872779525329292,0.9922128487994809
0.793,0.9922469940838365,0.9944841012329656,0.9931644586289502,0.9951330304996755,0.9872779525329292,0.9922128487994809
0.794,0.9922469940838365,0.9944841012329656,0.9931644586289502,0.9951330304996755,0.9872779525329292,0.9922128487994809
0.795,0.9922469940838365,0.9944841012329656,0.9931644586289502,0.9951330304996755,0.9872779525329292,0.9928617780661908
0.796,0.9922469940838365,0.9944841012329656,0.9931644586289502,0.9951330304996755,0.9872779525329292,0.9928617780661908
0.797,0.9922469940838365,0.9944841012329656,0.9931644586289502,0.9954574951330305,0.9885666123267436,0.9928617780661908
0.798,0.9922469940838365,0.9944841012329656,0.9931644586289502,0.9954574951330305,0.9885666123267436,0.9928617780661908
0.799,0.9922469940838365,0.9944841012329656,0.9931644586289502,0.9954574951330305,0.9885666123267436,0.9928617780661908
0.8,0.9922469940838365,0.9944841012329656,0.9931644586289502,0.9954574951330305,0.9885666123267436,0.9928617780661908
0.801,0.9922469940838365,0.9944841012329656,0.9931644586289502,0.9954574951330305,0.9885666123267436,0.9928617780661908
0.802,0.9922469940838365,0.9944841012329656,0.9931644586289502,0.9954574951330305,0.9885666123267436,0.9931862426995457
0.803,0.9922469940838365,0.9944841012329656,0.9931644586289502,0.9954574951330305,0.9885666123267436,0.9931862426995457
0.804,0.9922469940838365,0.9944841012329656,0.9931644586289502,0.9954574951330305,0.9885666123267436,0.9931862426995457
0.805,0.9922469940838365,0.9944841012329656,0.9931644586289502,0.9954574951330305,0.9885666123267436,0.9931862426995457
0.806,0.992432591708187,0.9944841012329656,0.9933500562533006,0.9954574951330305,0.9885666123267436,0.9931862426995457
0.807,0.992432591708187,0.9944841012329656,0.9933500562533006,0.9954574951330305,0.9885666123267436,0.9931862426995457
0.808,0.992432591708187,0.9944841012329656,0.9933500562533006,0.9954574951330305,0.988752209951094,0.9931862426995457
0.809,0.992432591708187,0.9944841012329656,0.9933500562533006,0.9954574951330305,0.988752209951094,0.9931862426995457
0.81,0.992432591708187,0.9944841012329656,0.9933500562533006,0.9954574951330305,0.988752209951094,0.9931862426995457
0.811,0.992432591708187,0.9944841012329656,0.993535653877651,0.9957819597663855,0.988752209951094,0.9931862426995457
0.812,0.992432591708187,0.9944841012329656,0.993535653877651,0.9957819597663855,0.988752209951094,0.9931862426995457
0.8130000000000001,0.992432591708187,0.9944841012329656,0.993535653877651,0.9957819597663855,0.988752209951094,0.9931862426995457
0.8140000000000001,0.992432591708187,0.9944841012329656,0.9937212515020014,0.9961064243997404,0.988752209951094,0.9931862426995457
0.8150000000000001,0.992432591708187,0.9944841012329656,0.9937212515020014,0.9961064243997404,0.988752209951094,0.9931862426995457
0.8160000000000001,0.992432591708187,0.9944841012329656,0.9939068491263519,0.9961064243997404,0.988752209951094,0.9931862426995457
0.8170000000000001,0.992432591708187,0.9944841012329656,0.9939068491263519,0.9961064243997404,0.9889378075754445,0.9931862426995457
0.8180000000000001,0.992432591708187,0.9944841012329656,0.9939068491263519,0.9961064243997404,0.9889378075754445,0.9931862426995457
0.8190000000000001,0.992432591708187,0.9944841012329656,0.9939068491263519,0.9961064243997404,0.9889378075754445,0.9931862426995457
0.8200000000000001,0.992432591708187,0.9944841012329656,0.9939068491263519,0.9961064243997404,0.9889378075754445,0.9935107073329007
0.8210000000000001,0.992432591708187,0.9944841012329656,0.9939068491263519,0.9961064243997404,0.9891234051997948,0.9935107073329007
0.8220000000000001,0.992432591708187,0.9944841012329656,0.9940924467507022,0.9961064243997404,0.9891234051997948,0.9938351719662557
0.8230000000000001,0.992432591708187,0.9944841012329656,0.9940924467507022,0.9961064243997404,0.9904120649936093,0.9938351719662557
0.8240000000000001,0.992432591708187,0.9948085658663206,0.9940924467507022,0.9961064243997404,0.9904120649936093,0.9938351719662557
0.8250000000000001,0.992432591708187,0.9948085658663206,0.9940924467507022,0.9961064243997404,0.9904120649936093,0.9941596365996106
0.8260000000000001,0.992432591708187,0.9948085658663206,0.9940924467507022,0.9961064243997404,0.9904120649936093,0.9941596365996106
0.8270000000000001,0.992432591708187,0.9951330304996755,0.9940924467507022,0.9961064243997404,0.9904120649936093,0.9941596365996106
0.8280000000000001,0.992432591708187,0.9951330304996755,0.9940924467507022,0.9961064243997404,0.9904120649936093,0.9941596365996106
0.8290000000000001,0.9926181893325374,0.9951330304996755,0.9953811065445166,0.9961064243997404,0.9904120649936093,0.9941596365996106
0.8300000000000001,0.9926181893325374,0.9951330304996755,0.9955667041688671,0.9961064243997404,0.9904120649936093,0.9941596365996106
0.8310000000000001,0.9928037869568878,0.9951330304996755,0.9955667041688671,0.9961064243997404,0.9904120649936093,0.9941596365996106
0.8320000000000001,0.9928037869568878,0.9951330304996755,0.9957523017932175,0.9961064243997404,0.9904120649936093,0.9941596365996106
0.833,0.9928037869568878,0.9951330304996755,0.9957523017932175,0.9964308890330954,0.9904120649936093,0.9944841012329656
0.834,0.9928037869568878,0.9951330304996755,0.9957523017932175,0.9964308890330954,0.9905976626179598,0.9944841012329656
0.835,0.9928037869568878,0.9951330304996755,0.9957523017932175,0.9964308890330954,0.9905976626179598,0.9944841012329656
0.836,0.9940924467507022,0.9951330304996755,0.9957523017932175,0.9964308890330954,0.9905976626179598,0.9944841012329656
0.837,0.9940924467507022,0.9951330304996755,0.9957523017932175,0.9964308890330954,0.9905976626179598,0.9944841012329656
0.838,0.9940924467507022,0.9954574951330305,0.9957523017932175,0.9964308890330954,0.9905976626179598,0.9944841012329656
0.839,0.9940924467507022,0.9954574951330305,0.9957523017932175,0.9964308890330954,0.9905976626179598,0.9944841012329656
0.84,0.9940924467507022,0.9954574951330305,0.9957523017932175,0.9964308890330954,0.9905976626179598,0.9944841012329656
0.841,0.9940924467507022,0.9954574951330305,0.9957523017932175,0.9964308890330954,0.9905976626179598,0.9944841012329656
0.842,0.9940924467507022,0.9954574951330305,0.9957523017932175,0.9964308890330954,0.9918863224117742,0.9944841012329656
0.843,0.9940924467507022,0.9954574951330305,0.9957523017932175,0.9964308890330954,0.9918863224117742,0.9944841012329656
0.844,0.9940924467507022,0.9954574951330305,0.9957523017932175,0.9964308890330954,0.9918863224117742,0.9944841012329656
0.845,0.9940924467507022,0.9954574951330305,0.9957523017932175,0.9964308890330954,0.9931749822055886,0.9944841012329656
0.846,0.9942780443750526,0.9954574951330305,0.9957523017932175,0.9964308890330954,0.9931749822055886,0.9944841012329656
0.847,0.9942780443750526,0.9957819597663855,0.9957523017932175,0.9967553536664504,0.9931749822055886,0.9944841012329656
0.848,0.9942780443750526,0.9957819597663855,0.9957523017932175,0.9967553536664504,0.9931749822055886,0.9944841012329656
0.849,0.9942780443750526,0.9957819597663855,0.9957523017932175,0.9967553536664504,0.9931749822055886,0.9944841012329656
0.85,0.9942780443750526,0.9957819597663855,0.9959378994175678,0.9967553536664504,0.9931749822055886,0.9944841012329656
0.851,0.9942780443750526,0.9957819597663855,0.9959378994175678,0.9967553536664504,0.9931749822055886,0.9944841012329656
0.852,0.9942780443750526,0.9957819597663855,0.9959378994175678,0.9967553536664504,0.9931749822055886,0.9944841012329656
0.853,0.9942780443750526,0.9957819597663855,0.9959378994175678,0.9967553536664504,0.9931749822055886,0.9944841012329656
0.854,0.9942780443750526,0.9957819597663855,0.9959378994175678,0.9967553536664504,0.9931749822055886,0.9944841012329656
0.855,0.9942780443750526,0.9957819597663855,0.9959378994175678,0.9967553536664504,0.9931749822055886,0.9948085658663206
0.856,0.9942780443750526,0.9957819597663855,0.9959378994175678,0.9974042829331603,0.9931749822055886,0.9948085658663206
0.857,0.9942780443750526,0.9957819597663855,0.9961234970419183,0.9974042829331603,0.9931749822055886,0.9948085658663206
0.858,0.9942780443750526,0.9957819597663855,0.9961234970419183,0.9974042829331603,0.9931749822055886,0.9948085658663206
0.859,0.9942780443750526,0.9957819597663855,0.9963090946662687,0.9974042829331603,0.9931749822055886,0.9948085658663206
0.86,0.9944636419994031,0.9957819597663855,0.9963090946662687,0.9974042829331603,0.9931749822055886,0.9948085658663206
0.861,0.9944636419994031,0.9957819597663855,0.9963090946662687,0.9974042829331603,0.9931749822055886,0.9948085658663206
0.862,0.9944636419994031,0.9957819597663855,0.9963090946662687,0.9974042829331603,0.993360579829939,0.9948085658663206
0.863,0.9944636419994031,0.9961064243997404,0.9963090946662687,0.9974042829331603,0.993360579829939,0.9948085658663206
0.864,0.9944636419994031,0.9961064243997404,0.9963090946662687,0.9974042829331603,0.9935461774542894,0.9948085658663206
0.865,0.9944636419994031,0.9964308890330954,0.9963090946662687,0.9974042829331603,0.9935461774542894,0.9954574951330305
0.866,0.9957523017932175,0.9964308890330954,0.9963090946662687,0.9974042829331603,0.9935461774542894,0.9954574951330305
0.867,0.9957523017932175,0.9964308890330954,0.9963090946662687,0.9974042829331603,0.9935461774542894,0.9954574951330305
0.868,0.9957523017932175,0.9964308890330954,0.9963090946662687,0.9974042829331603,0.9935461774542894,0.9957819597663855
0.869,0.9957523017932175,0.9964308890330954,0.9963090946662687,0.9974042829331603,0.9937317750786399,0.9957819597663855
0.87,0.9957523017932175,0.9964308890330954,0.9963090946662687,0.9974042829331603,0.9937317750786399,0.9957819597663855
0.871,0.9957523017932175,0.9964308890330954,0.9963090946662687,0.9974042829331603,0.9937317750786399,0.9957819597663855
0.872,0.9957523017932175,0.9964308890330954,0.9963090946662687,0.9974042829331603,0.9937317750786399,0.9957819597663855
0.873,0.9957523017932175,0.9964308890330954,0.9963090946662687,0.9974042829331603,0.9937317750786399,0.9957819597663855
0.874,0.9957523017932175,0.9964308890330954,0.9963090946662687,0.9974042829331603,0.9937317750786399,0.9957819597663855
0.875,0.9957523017932175,0.9964308890330954,0.9963090946662687,0.9974042829331603,0.9937317750786399,0.9957819597663855
0.876,0.9959378994175678,0.9964308890330954,0.9963090946662687,0.9974042829331603,0.9937317750786399,0.9957819597663855
0.877,0.9959378994175678,0.9964308890330954,0.9963090946662687,0.9974042829331603,0.9939173727029902,0.9957819597663855
0.878,0.9959378994175678,0.9964308890330954,0.9963090946662687,0.9974042829331603,0.9939173727029902,0.9957819597663855
0.879,0.9959378994175678,0.9967553536664504,0.9963090946662687,0.9974042829331603,0.9941029703273406,0.9957819597663855
0.88,0.9959378994175678,0.9967553536664504,0.9963090946662687,0.9974042829331603,0.9941029703273406,0.9957819597663855
0.881,0.9959378994175678,0.9967553536664504,0.9963090946662687,0.9974042829331603,0.9941029703273406,0.9957819597663855
0.882,0.9959378994175678,0.9967553536664504,0.9963090946662687,0.9974042829331603,0.9941029703273406,0.9957819597663855
0.883,0.9972265592113823,0.9970798182998053,0.996494692290619,0.9974042829331603,0.9941029703273406,0.9961064243997404
0.884,0.9972265592113823,0.9970798182998053,0.996494692290619,0.9977287475665152,0.9941029703273406,0.9961064243997404
0.885,0.9972265592113823,0.9970798182998053,0.996494692290619,0.9977287475665152,0.9942885679516911,0.9961064243997404
0.886,0.9972265592113823,0.9970798182998053,0.996494692290619,0.9977287475665152,0.9942885679516911,0.9961064243997404
0.887,0.9974121568357327,0.9970798182998053,0.996494692290619,0.9977287475665152,0.9942885679516911,0.9961064243997404
0.888,0.9975977544600831,0.9970798182998053,0.996494692290619,0.9977287475665152,0.9942885679516911,0.9961064243997404
0.889,0.9975977544600831,0.9970798182998053,0.996494692290619,0.9977287475665152,0.9955772277455055,0.9961064243997404
0.89,0.9975977544600831,0.9970798182998053,0.996494692290619,0.9977287475665152,0.9955772277455055,0.9961064243997404
0.891,0.9975977544600831,0.9970798182998053,0.996494692290619,0.9977287475665152,0.9955772277455055,0.9961064243997404
0.892,0.9975977544600831,0.9970798182998053,0.996494692290619,0.9977287475665152,0.9955772277455055,0.9961064243997404
0.893,0.9975977544600831,0.9970798182998053,0.996494692290619,0.9977287475665152,0.9955772277455055,0.9961064243997404
0.894,0.9975977544600831,0.9970798182998053,0.996494692290619,0.9977287475665152,0.9955772277455055,0.9961064243997404
0.895,0.9975977544600831,0.9974042829331603,0.996494692290619,0.9977287475665152,0.9955772277455055,0.9961064243997404
0.896,0.9975977544600831,0.9974042829331603,0.996494692290619,0.9977287475665152,0.9955772277455055,0.9961064243997404
0.897,0.9975977544600831,0.9977287475665152,0.996494692290619,0.9977287475665152,0.9955772277455055,0.9961064243997404
0.898,0.9975977544600831,0.9977287475665152,0.996494692290619,0.9977287475665152,0.9955772277455055,0.9961064243997404
0.899,0.9975977544600831,0.9977287475665152,0.996494692290619,0.9977287475665152,0.9955772277455055,0.9961064243997404
0.9,0.9975977544600831,0.9977287475665152,0.996494692290619,0.9977287475665152,0.9955772277455055,0.9961064243997404
0.901,0.9975977544600831,0.9977287475665152,0.996494692290619,0.9977287475665152,0.9955772277455055,0.9961064243997404
0.902,0.9975977544600831,0.9977287475665152,0.996494692290619,0.9977287475665152,0.9955772277455055,0.9961064243997404
0.903,0.9975977544600831,0.9977287475665152,0.996494692290619,0.9977287475665152,0.9955772277455055,0.9961064243997404
0.904,0.9977833520844335,0.9977287475665152,0.996494692290619,0.9977287475665152,0.9955772277455055,0.9961064243997404
0.905,0.9979689497087839,0.9977287475665152,0.996494692290619,0.9977287475665152,0.9955772277455055,0.9961064243997404
0.906,0.9979689497087839,0.9977287475665152,0.996494692290619,0.9977287475665152,0.9955772277455055,0.9961064243997404
0.907,0.9979689497087839,0.9977287475665152,0.996494692290619,0.9977287475665152,0.9955772277455055,0.9961064243997404
0.908,0.9979689497087839,0.9977287475665152,0.996494692290619,0.9977287475665152,0.9955772277455055,0.9961064243997404
0.909,0.9979689497087839,0.9977287475665152,0.996494692290619,0.9977287475665152,0.9955772277455055,0.9961064243997404
0.91,0.9979689497087839,0.9977287475665152,0.996494692290619,0.9977287475665152,0.9955772277455055,0.9961064243997404
0.911,0.9979689497087839,0.9977287475665152,0.996494692290619,0.9977287475665152,0.9955772277455055,0.9964308890330954
0.912,0.9979689497087839,0.9977287475665152,0.996494692290619,0.9977287475665152,0.9955772277455055,0.9970798182998053
0.913,0.9979689497087839,0.9977287475665152,0.9966802899149695,0.9977287475665152,0.9955772277455055,0.9970798182998053
0.914,0.9979689497087839,0.9977287475665152,0.9966802899149695,0.9977287475665152,0.9955772277455055,0.9970798182998053
0.915,0.9979689497087839,0.9977287475665152,0.9966802899149695,0.9977287475665152,0.9955772277455055,0.9970798182998053
0.916,0.9979689497087839,0.9977287475665152,0.9966802899149695,0.9977287475665152,0.9955772277455055,0.9974042829331603
0.917,0.9979689497087839,0.9980532121998702,0.9966802899149695,0.9977287475665152,0.9955772277455055,0.9974042829331603
0.918,0.9979689497087839,0.9983776768332252,0.9966802899149695,0.9977287475665152,0.9955772277455055,0.9974042829331603
0.919,0.9979689497087839,0.9983776768332252,0.9966802899149695,0.9977287475665152,0.9955772277455055,0.9974042829331603
0.92,0.9979689497087839,0.9983776768332252,0.9966802899149695,0.9977287475665152,0.9955772277455055,0.9974042829331603
0.921,0.9979689497087839,0.9983776768332252,0.9966802899149695,0.9977287475665152,0.9955772277455055,0.9974042829331603
0.922,0.9979689497087839,0.9983776768332252,0.9966802899149695,0.9977287475665152,0.9955772277455055,0.9974042829331603
0.923,0.9979689497087839,0.9983776768332252,0.9966802899149695,0.9977287475665152,0.9955772277455055,0.9977287475665152
0.924,0.9979689497087839,0.9983776768332252,0.9966802899149695,0.9977287475665152,0.9955772277455055,0.9980532121998702
0.925,0.9979689497087839,0.9983776768332252,0.9966802899149695,0.9977287475665152,0.9955772277455055,0.9980532121998702
0.926,0.9979689497087839,0.9983776768332252,0.9968658875393199,0.9977287475665152,0.9955772277455055,0.9983776768332252
0.927,0.9979689497087839,0.9983776768332252,0.9968658875393199,0.9980532121998702,0.9955772277455055,0.9983776768332252
0.928,0.9979689497087839,0.9983776768332252,0.9968658875393199,0.9980532121998702,0.9955772277455055,0.9983776768332252
0.929,0.9979689497087839,0.9983776768332252,0.9968658875393199,0.9980532121998702,0.9955772277455055,0.9987021414665801
0.93,0.9979689497087839,0.9983776768332252,0.9968658875393199,0.9980532121998702,0.9955772277455055,0.9987021414665801
0.931,0.9979689497087839,0.9987021414665801,0.9968658875393199,0.9980532121998702,0.9955772277455055,0.9987021414665801
0.932,0.9979689497087839,0.9987021414665801,0.9968658875393199,0.9980532121998702,0.9955772277455055,0.9987021414665801
0.933,0.9981545473331344,0.9987021414665801,0.9968658875393199,0.9980532121998702,0.9955772277455055,0.9987021414665801
0.934,0.9981545473331344,0.9987021414665801,0.9968658875393199,0.9980532121998702,0.9955772277455055,0.9987021414665801
0.935,0.9981545473331344,0.9987021414665801,0.9968658875393199,0.9983776768332252,0.9955772277455055,0.9987021414665801
0.936,0.9981545473331344,0.9987021414665801,0.9968658875393199,0.9983776768332252,0.9968658875393199,0.9987021414665801
0.937,0.9981545473331344,0.9987021414665801,0.9968658875393199,0.9983776768332252,0.9968658875393199,0.9987021414665801
0.9380000000000001,0.9981545473331344,0.9987021414665801,0.9968658875393199,0.9983776768332252,0.9968658875393199,0.9987021414665801
0.9390000000000001,0.9981545473331344,0.9987021414665801,0.9968658875393199,0.9983776768332252,0.9968658875393199,0.9987021414665801
0.9400000000000001,0.9994432071269488,0.9987021414665801,0.9968658875393199,0.9983776768332252,0.9968658875393199,0.9987021414665801
0.9410000000000001,0.9994432071269488,0.9987021414665801,0.9968658875393199,0.9983776768332252,0.9968658875393199,0.9987021414665801
0.9420000000000001,0.9994432071269488,0.9987021414665801,0.9968658875393199,0.9983776768332252,0.9968658875393199,0.9987021414665801
0.9430000000000001,0.9994432071269488,0.9987021414665801,0.9981545473331344,0.9983776768332252,0.9968658875393199,0.9987021414665801
0.9440000000000001,0.9994432071269488,0.9987021414665801,0.9981545473331344,0.9987021414665801,0.9968658875393199,0.9987021414665801
0.9450000000000001,0.9994432071269488,0.9987021414665801,0.9981545473331344,0.9987021414665801,0.9968658875393199,0.9987021414665801
0.9460000000000001,0.9994432071269488,0.9987021414665801,0.9981545473331344,0.9987021414665801,0.9968658875393199,0.9987021414665801
0.9470000000000001,0.9994432071269488,0.9987021414665801,0.9981545473331344,0.9987021414665801,0.9968658875393199,0.9987021414665801
0.9480000000000001,0.9994432071269488,0.9987021414665801,0.9981545473331344,0.9987021414665801,0.9968658875393199,0.9987021414665801
0.9490000000000001,0.9994432071269488,0.9987021414665801,0.9981545473331344,0.9987021414665801,0.9981545473331344,0.9987021414665801
0.9500000000000001,0.9994432071269488,0.9987021414665801,0.9981545473331344,0.9987021414665801,0.9981545473331344,0.9987021414665801
0.9510000000000001,0.9994432071269488,0.9987021414665801,0.9981545473331344,0.9987021414665801,0.9981545473331344,0.9987021414665801
0.9520000000000001,0.9994432071269488,0.9987021414665801,0.9981545473331344,0.9987021414665801,0.9981545473331344,0.9987021414665801
0.9530000000000001,0.9994432071269488,0.9987021414665801,0.9981545473331344,0.9987021414665801,0.9981545473331344,0.9987021414665801
0.9540000000000001,0.9994432071269488,0.9987021414665801,0.9981545473331344,0.9987021414665801,0.9981545473331344,0.9987021414665801
0.9550000000000001,0.9994432071269488,0.9987021414665801,0.9981545473331344,0.9987021414665801,0.9981545473331344,0.9987021414665801
0.9560000000000001,0.9994432071269488,0.9990266060999351,0.9981545473331344,0.9987021414665801,0.9981545473331344,0.9987021414665801
0.9570000000000001,0.9994432071269488,0.9990266060999351,0.9981545473331344,0.9987021414665801,0.9981545473331344,0.9987021414665801
0.9580000000000001,0.9994432071269488,0.9990266060999351,0.9981545473331344,0.9987021414665801,0.9981545473331344,0.9987021414665801
0.9590000000000001,0.9994432071269488,0.9990266060999351,0.9981545473331344,0.9987021414665801,0.9981545473331344,0.9987021414665801
0.96,0.9994432071269488,0.9990266060999351,0.9981545473331344,0.9987021414665801,0.9981545473331344,0.9987021414665801
0.961,0.9994432071269488,0.9990266060999351,0.9981545473331344,0.9987021414665801,0.9981545473331344,0.9987021414665801
0.962,0.9994432071269488,0.9990266060999351,0.9981545473331344,0.9990266060999351,0.9981545473331344,0.9987021414665801
0.963,0.9994432071269488,0.9990266060999351,0.9981545473331344,0.9990266060999351,0.9981545473331344,0.9987021414665801
0.964,0.9994432071269488,0.9990266060999351,0.9981545473331344,0.9990266060999351,0.9981545473331344,0.9987021414665801
0.965,0.9994432071269488,0.9990266060999351,0.9981545473331344,0.9990266060999351,0.9981545473331344,0.9987021414665801
0.966,0.9994432071269488,0.9990266060999351,0.9981545473331344,0.9990266060999351,0.9981545473331344,0.9987021414665801
0.967,0.9994432071269488,0.9990266060999351,0.9981545473331344,0.9990266060999351,0.9981545473331344,0.9987021414665801
0.968,0.9994432071269488,0.9990266060999351,0.9981545473331344,0.9990266060999351,0.9983401449574847,0.9987021414665801
0.969,0.9994432071269488,0.9990266060999351,0.9981545473331344,0.9990266060999351,0.9983401449574847,0.9987021414665801
0.97,0.9994432071269488,0.9990266060999351,0.9981545473331344,0.9990266060999351,0.9983401449574847,0.9987021414665801
0.971,0.9994432071269488,0.9990266060999351,0.9994432071269488,0.9990266060999351,0.9983401449574847,0.9987021414665801
0.972,0.9994432071269488,0.9990266060999351,0.9994432071269488,0.9990266060999351,0.9983401449574847,0.9987021414665801
0.973,0.9994432071269488,0.9990266060999351,0.9994432071269488,0.9990266060999351,0.9983401449574847,0.9987021414665801
0.974,0.9994432071269488,0.9990266060999351,0.9994432071269488,0.9990266060999351,0.9983401449574847,0.9987021414665801
0.975,0.9994432071269488,0.9990266060999351,0.9994432071269488,0.9990266060999351,0.9983401449574847,0.9987021414665801
0.976,0.9996288047512991,0.9990266060999351,0.9994432071269488,0.9990266060999351,0.9983401449574847,0.9987021414665801
0.977,0.9996288047512991,0.9990266060999351,0.9994432071269488,0.9990266060999351,0.9983401449574847,0.9987021414665801
0.978,0.9996288047512991,0.9990266060999351,0.9994432071269488,0.9990266060999351,0.9983401449574847,0.9987021414665801
0.979,0.9996288047512991,0.9990266060999351,0.9994432071269488,0.9990266060999351,0.9983401449574847,0.9987021414665801
0.98,0.9996288047512991,0.9990266060999351,0.9994432071269488,0.9990266060999351,0.9983401449574847,0.9987021414665801
0.981,0.9996288047512991,0.9990266060999351,0.9994432071269488,0.9990266060999351,0.9983401449574847,0.9987021414665801
0.982,0.9996288047512991,0.9990266060999351,0.9994432071269488,0.9990266060999351,0.9983401449574847,0.9987021414665801
0.983,0.9996288047512991,0.9990266060999351,0.9994432071269488,0.9990266060999351,0.9983401449574847,0.9987021414665801
0.984,0.9996288047512991,0.9990266060999351,0.9996288047512991,0.9990266060999351,0.9983401449574847,0.9987021414665801
0.985,0.9996288047512991,0.9990266060999351,0.9996288047512991,0.9990266060999351,0.9983401449574847,0.9987021414665801
0.986,0.9996288047512991,0.9990266060999351,0.9996288047512991,0.9990266060999351,0.9983401449574847,0.9987021414665801
0.987,0.9996288047512991,0.9990266060999351,0.9996288047512991,0.9990266060999351,0.9983401449574847,0.9987021414665801
0.988,0.9996288047512991,0.9993510707332901,0.9996288047512991,0.9990266060999351,0.9983401449574847,0.9993510707332901
0.989,0.9996288047512991,0.9993510707332901,0.9996288047512991,0.9990266060999351,0.9983401449574847,0.9993510707332901
0.99,0.9996288047512991,0.9993510707332901,0.9996288047512991,0.9990266060999351,0.9983401449574847,0.9993510707332901
0.991,0.9996288047512991,0.9993510707332901,0.9996288047512991,0.9990266060999351,0.9983401449574847,0.9993510707332901
0.992,0.9996288047512991,0.9993510707332901,0.9996288047512991,0.9990266060999351,0.9983401449574847,0.9993510707332901
0.993,0.9996288047512991,0.9993510707332901,0.9996288047512991,0.9993510707332901,0.9983401449574847,0.9993510707332901
0.994,0.9996288047512991,0.9993510707332901,0.9996288047512991,0.9993510707332901,0.9983401449574847,0.9993510707332901
0.995,0.9996288047512991,0.9993510707332901,0.9996288047512991,0.9993510707332901,0.9983401449574847,0.9993510707332901
0.996,0.9996288047512991,0.9993510707332901,0.9996288047512991,0.9993510707332901,0.9983401449574847,0.9993510707332901
0.997,0.9996288047512991,0.9993510707332901,0.9996288047512991,0.9993510707332901,0.9983401449574847,0.9993510707332901
0.998,0.9996288047512991,0.9993510707332901,0.9996288047512991,0.9993510707332901,0.9996288047512991,0.9993510707332901
0.999,0.9996288047512991,0.9993510707332901,0.9998144023756497,0.9993510707332901,0.9998144023756497,0.9993510707332901
1.0,1.0,1.0,1.0,1.0,1.0,1.0
