subset_label_id,subset_label_name,path,optimization_rank,kernel,reference_method,eigenvalue_method,stop_when_objective_decreases,objective,objective_gain,probability_lambda,base_von_neumann_entropy,von_neumann_entropy,von_neumann_entropy_gain,log_probability,log_probability_sum,positive_probability,subset_probability,best_predicted_subset_label_id,best_predicted_subset_label_name,best_predicted_subset_probability,actual_label_id,actual_label_name,all_label_names,true_assigned_class,net_gain_at_selected_lambda
13,bench,C:\Users\maxbe\Downloads\coco\train2017\000000299641.jpg,1,rbf,kernel_herding,direct,False,0.915778414083191,-0.0003660764108439,0.01,0.916144490385894,0.9160702778153552,-7.421267867968595e-05,-0.0291863732164229,-0.0291863732164229,0.9712354353246516,0.9712354353246516,13,bench,0.9712354353246516,8,boat,car|truck|boat,False,-0.00036607641084391494
13,bench,C:\Users\maxbe\Downloads\coco\train2017\000000065080.jpg,2,rbf,kernel_herding,direct,False,0.9153639967890128,-0.0004144172941781,0.01,0.916144490385894,0.915807655976813,-0.0002626218385423,-0.0151795455635874,-0.0443659187800104,0.984935083001054,0.984935083001054,13,bench,0.984935083001054,13,bench,bench,True,-0.000414417294178174
13,bench,C:\Users\maxbe\Downloads\coco\train2017\000000107941.jpg,3,rbf,kernel_herding,direct,False,0.9149375099117932,-0.0004264868772196,0.01,0.916144490385894,0.91593674003654,0.000129084059727,-0.0555570936946634,-0.0999230124746739,0.9459580138896309,0.9459580138896309,13,bench,0.9459580138896309,-1,unlabeled,,False,-0.000426486877219634
13,bench,C:\Users\maxbe\Downloads\coco\train2017\000000390154.jpg,4,rbf,kernel_herding,direct,False,0.9144721500729148,-0.0004653598388785,0.01,0.916144490385894,0.9158160608971574,-0.0001206791393826,-0.0344680699495954,-0.1343910824242694,0.9661191874273554,0.9661191874273554,13,bench,0.9661191874273554,13,bench,bench,True,-0.000465359838878554
13,bench,C:\Users\maxbe\Downloads\coco\train2017\000000516812.jpg,5,rbf,kernel_herding,direct,False,0.9139595040540416,-0.0005126460188732,0.01,0.916144490385894,0.91571961007127,-9.645082588738418e-05,-0.0416195192985806,-0.17601060172285,0.9592346814326324,0.9592346814326324,13,bench,0.9592346814326324,10,fire hydrant,fire hydrant|chair,False,-0.0005126460188731902
13,bench,C:\Users\maxbe\Downloads\coco\train2017\000000447476.jpg,6,rbf,kernel_herding,direct,False,0.9133921495992232,-0.0005673544548182,0.01,0.916144490385894,0.9157587712570396,3.91611857697427e-05,-0.0606515640588039,-0.236662165781654,0.9411511135242422,0.9411511135242422,13,bench,0.9411511135242422,58,potted plant,potted plant,False,-0.0005673544548182963
13,bench,C:\Users\maxbe\Downloads\coco\train2017\000000138200.jpg,7,rbf,kernel_herding,direct,False,0.9128023780078772,-0.000589771591346,0.01,0.916144490385894,0.9152930373865406,-0.0004657338704991,-0.0124037720846885,-0.2490659378663425,0.9876728376183698,0.9876728376183698,13,bench,0.9876728376183698,13,bench,person|bench|umbrella,True,-0.000589771591345985
13,bench,C:\Users\maxbe\Downloads\coco\train2017\000000152614.jpg,8,rbf,kernel_herding,direct,False,0.912208383658514,-0.0005939943493631,0.01,0.916144490385894,0.9152315435256204,-6.149386092002551e-05,-0.0532500488443089,-0.3023159867106514,0.9481429008011976,0.9481429008011976,13,bench,0.9481429008011976,0,person,person|cell phone,False,-0.0005939943493631145
13,bench,C:\Users\maxbe\Downloads\coco\train2017\000000273710.jpg,9,rbf,kernel_herding,direct,False,0.9115992526400613,-0.0006091310184527,0.01,0.916144490385894,0.9153021655590404,7.062203341989814e-05,-0.0679753051872665,-0.370291291897918,0.934283545248527,0.934283545248527,13,bench,0.934283545248527,14,bird,bird,False,-0.0006091310184527668
13,bench,C:\Users\maxbe\Downloads\coco\train2017\000000038726.jpg,10,rbf,kernel_herding,direct,False,0.9109791706289329,-0.0006200820111285,0.01,0.916144490385894,0.9151961356037794,-0.0001060299552609,-0.051405205586752,-0.42169649748467,0.949893690308492,0.949893690308492,13,bench,0.949893690308492,0,person,person|bench,True,-0.00062008201112842
13,bench,C:\Users\maxbe\Downloads\coco\train2017\000000323019.jpg,11,rbf,kernel_herding,direct,False,0.9103534150428272,-0.0006257555861054,0.01,0.916144490385894,0.9148301143773716,-0.0003660212264078,-0.0259734359697642,-0.4476699334544342,0.9743609722183012,0.9743609722183012,13,bench,0.9743609722183012,13,bench,bench|bird,True,-0.0006257555861054419
13,bench,C:\Users\maxbe\Downloads\coco\train2017\000000149232.jpg,12,rbf,kernel_herding,direct,False,0.9097259077678266,-0.0006275072750007,0.01,0.916144490385894,0.9148857055408202,5.559116344855397e-05,-0.068309843844928,-0.5159797772993622,0.9339710435602862,0.9339710435602862,13,bench,0.9339710435602862,20,elephant,elephant,False,-0.000627507275000726
13,bench,C:\Users\maxbe\Downloads\coco\train2017\000000279477.jpg,13,rbf,kernel_herding,direct,False,0.9090966719156086,-0.0006292358522179,0.01,0.916144490385894,0.9145187043626334,-0.0003670011781867,-0.0262234674031183,-0.5422032447024806,0.9741173818017124,0.9741173818017124,13,bench,0.9741173818017124,58,potted plant,bench|chair|potted plant|dining table,True,-0.000629235852217883
13,bench,C:\Users\maxbe\Downloads\coco\train2017\000000405660.jpg,14,rbf,kernel_herding,direct,False,0.9084690607625896,-0.0006276111530189,0.01,0.916144490385894,0.9140401225029546,-0.0004785818596787,-0.0149029293340158,-0.5571061740364964,0.9852075697154732,0.9852075697154732,13,bench,0.9852075697154732,13,bench,bench,True,-0.0006276111530188579
13,bench,C:\Users\maxbe\Downloads\coco\train2017\000000013302.jpg,15,rbf,kernel_herding,direct,False,0.907792451790472,-0.0006766089721176,0.01,0.916144490385894,0.9137424810169014,-0.0002976414860532,-0.0378967486064282,-0.5950029226429246,0.962812347474802,0.962812347474802,13,bench,0.962812347474802,13,bench,person|bench|kite|chair,True,-0.000676608972117482
13,bench,C:\Users\maxbe\Downloads\coco\train2017\000000463019.jpg,16,rbf,kernel_herding,direct,False,0.9071235731440396,-0.0006688786464323,0.01,0.916144490385894,0.913162503186032,-0.0005799778308694,-0.0088900815562943,-0.603893004199219,0.991149318375094,0.991149318375094,13,bench,0.991149318375094,13,bench,bench,True,-0.000668878646432343
13,bench,C:\Users\maxbe\Downloads\coco\train2017\000000197941.jpg,17,rbf,kernel_herding,direct,False,0.9064502623904516,-0.0006733107535882,0.01,0.916144490385894,0.9128442593960652,-0.0003182437899668,-0.0355066963621365,-0.6393997005613555,0.9651162714393045,0.9651162714393045,13,bench,0.9651162714393045,13,bench,bench,True,-0.0006733107535881651
13,bench,C:\Users\maxbe\Downloads\coco\train2017\000000388391.jpg,18,rbf,kernel_herding,direct,False,0.9057709627442508,-0.0006792996462006,0.01,0.916144490385894,0.9126622940765486,-0.0001819653195164,-0.0497334326684207,-0.6891331332297762,0.951483024988424,0.951483024988424,13,bench,0.951483024988424,13,bench,bench|bird,True,-0.000679299646200607
13,bench,C:\Users\maxbe\Downloads\coco\train2017\000000208718.jpg,19,rbf,kernel_herding,direct,False,0.9050790429252682,-0.0006919198189826,0.01,0.916144490385894,0.9124865145809782,-0.0001757794955704,-0.0516140323412178,-0.7407471655709941,0.9496953478023888,0.9496953478023888,13,bench,0.9496953478023888,74,clock,bench|clock,True,-0.000691919818982578
13,bench,C:\Users\maxbe\Downloads\coco\train2017\000000061498.jpg,20,rbf,kernel_herding,direct,False,0.9043770102222592,-0.000702032703009,0.01,0.916144490385894,0.9122668592845534,-0.0002196552964247,-0.04823774065843,-0.7889849062294241,0.9529072153561152,0.9529072153561152,13,bench,0.9529072153561152,0,person,person|sports ball|tennis racket,False,-0.000702032703009
13,bench,C:\Users\maxbe\Downloads\coco\train2017\000000534459.jpg,21,rbf,kernel_herding,direct,False,0.9036792260457264,-0.0006977841765327,0.01,0.916144490385894,0.9116339614498772,-0.0006328978346761,-0.0064886341856641,-0.7954735404150882,0.9935323715427464,0.9935323715427464,13,bench,0.9935323715427464,13,bench,person|bench,True,-0.000697784176532741
13,bench,C:\Users\maxbe\Downloads\coco\train2017\000000509485.jpg,22,rbf,kernel_herding,direct,False,0.9029834137084582,-0.0006958123372681,0.01,0.916144490385894,0.9113782017799196,-0.0002557596699576,-0.0440052667310578,-0.8394788071461461,0.9569489174661902,0.9569489174661902,13,bench,0.9569489174661902,13,bench,person|bench,True,-0.0006958123372681781
13,bench,C:\Users\maxbe\Downloads\coco\train2017\000000406500.jpg,23,rbf,kernel_herding,direct,False,0.90227266038301,-0.0007107533254482,0.01,0.916144490385894,0.9107894921520608,-0.0005887096278589,-0.012204369758927,-0.8516831769050731,0.9878698015161596,0.9878698015161596,13,bench,0.9878698015161596,13,bench,person|bench|handbag|book,True,-0.0007107533254481701
13,bench,C:\Users\maxbe\Downloads\coco\train2017\000000239417.jpg,24,rbf,kernel_herding,direct,False,0.9015643879786178,-0.0007082724043921,0.01,0.916144490385894,0.910684249173392,-0.0001052429786686,-0.0603029425723531,-0.9119861194774262,0.9414792762233746,0.9414792762233746,13,bench,0.9414792762233746,6,train,person|train|bench|handbag|suitcase|bottle,True,-0.000708272404392131
13,bench,C:\Users\maxbe\Downloads\coco\train2017\000000131099.jpg,25,rbf,kernel_herding,direct,False,0.9008282506640964,-0.0007361373145214,0.01,0.916144490385894,0.910099205330306,-0.0005850438430859,-0.0151093471435519,-0.9270954666209782,0.9850042263145656,0.9850042263145656,13,bench,0.9850042263145656,13,bench,bench,True,-0.000736137314521419
13,bench,C:\Users\maxbe\Downloads\coco\train2017\000000047857.jpg,26,rbf,kernel_herding,direct,False,0.9000752467804131,-0.0007530038836832,0.01,0.916144490385894,0.9099288045836244,-0.0001704007466817,-0.0582603137001517,-0.98535578032113,0.9434043343959398,0.9434043343959398,13,bench,0.9434043343959398,14,bird,bird,False,-0.000753003883683217
13,bench,C:\Users\maxbe\Downloads\coco\train2017\000000576855.jpg,27,rbf,kernel_herding,direct,False,0.8993106678428634,-0.0007645789375496,0.01,0.916144490385894,0.9096667556756178,-0.0002620489080065,-0.0502530029543111,-1.035608783275441,0.9509887910868534,0.9509887910868534,13,bench,0.9509887910868534,13,bench,person|bench|dog|cup,True,-0.000764578937549611
13,bench,C:\Users\maxbe\Downloads\coco\train2017\000000078117.jpg,28,rbf,kernel_herding,direct,False,0.8985462498975619,-0.0007644179453014,0.01,0.916144490385894,0.9089282809760928,-0.000738474699525,-0.0025943245776485,-1.0382031078530896,0.9974090377730528,0.9974090377730528,13,bench,0.9974090377730528,13,bench,bench,True,-0.0007644179453014851
13,bench,C:\Users\maxbe\Downloads\coco\train2017\000000514541.jpg,29,rbf,kernel_herding,direct,False,0.8977822224582191,-0.0007640274393427,0.01,0.916144490385894,0.9090038319525136,7.555097642075737e-05,-0.0839578415763511,-1.122160949429441,0.9194700186836142,0.9194700186836142,13,bench,0.9194700186836142,1,bicycle,bicycle|car|bench,True,-0.0007640274393427536
13,bench,C:\Users\maxbe\Downloads\coco\train2017\000000315939.jpg,30,rbf,kernel_herding,direct,False,0.897005803261277,-0.0007764191969421,0.01,0.916144490385894,0.908306831817361,-0.0006970001351525,-0.0079419061789693,-1.13010285560841,0.9920895474346106,0.9920895474346106,13,bench,0.9920895474346106,13,bench,person|bench|handbag,True,-0.000776419196942193
13,bench,C:\Users\maxbe\Downloads\coco\train2017\000000198176.jpg,31,rbf,kernel_herding,direct,False,0.8962315295321752,-0.0007742737291017,0.01,0.916144490385894,0.907702464109792,-0.0006043677075689,-0.016990602153277,-1.1470934577616871,0.98315292411098,0.98315292411098,13,bench,0.98315292411098,13,bench,person|bicycle|truck|traffic light|stop sign|bench|dog|umbrella,True,-0.00077427372910167
13,bench,C:\Users\maxbe\Downloads\coco\train2017\000000399956.jpg,32,rbf,kernel_herding,direct,False,0.8954550123985209,-0.0007765171336543,0.01,0.916144490385894,0.9069629396251234,-0.0007395244846686,-0.003699264898572,-1.1507927226602592,0.996307568951484,0.996307568951484,13,bench,0.996307568951484,13,bench,person|bench,True,-0.00077651713365432
13,bench,C:\Users\maxbe\Downloads\coco\train2017\000000473573.jpg,33,rbf,kernel_herding,direct,False,0.894661426323156,-0.0007935860753648,0.01,0.916144490385894,0.9067836411289876,-0.0001792984961359,-0.0614287579228842,-1.2122214805831435,0.9404199408219112,0.9404199408219112,13,bench,0.9404199408219112,25,umbrella,umbrella|chair|dining table,False,-0.000793586075364742
13,bench,C:\Users\maxbe\Downloads\coco\train2017\000000211281.jpg,34,rbf,kernel_herding,direct,False,0.8938634632673569,-0.0007979630557991,0.01,0.916144490385894,0.9065093856288358,-0.0002742555001516,-0.0523707555647456,-1.2645922361478892,0.9489769631208964,0.9489769631208964,13,bench,0.9489769631208964,0,person,person|backpack|sports ball|tennis racket,False,-0.000797963055799056
13,bench,C:\Users\maxbe\Downloads\coco\train2017\000000186338.jpg,35,rbf,kernel_herding,direct,False,0.8930585859884658,-0.0008048772788911,0.01,0.916144490385894,0.905950602506198,-0.0005587831226377,-0.0246094156253256,-1.2892016517732148,0.9756909272438872,0.9756909272438872,13,bench,0.9756909272438872,0,person,person|bench|skateboard,True,-0.000804877278890956
13,bench,C:\Users\maxbe\Downloads\coco\train2017\000000581180.jpg,36,rbf,kernel_herding,direct,False,0.8922556003206772,-0.0008029856677885,0.01,0.916144490385894,0.9052961739618848,-0.0006544285443133,-0.0148557123475283,-1.3040573641207431,0.9852540893462296,0.9852540893462296,13,bench,0.9852540893462296,13,bench,bench,True,-0.0008029856677885831
13,bench,C:\Users\maxbe\Downloads\coco\train2017\000000158737.jpg,37,rbf,kernel_herding,direct,False,0.8914535731990485,-0.0008020271216286,0.01,0.916144490385894,0.9047671332275248,-0.0005290407343597,-0.0272986387268905,-1.3313560028476337,0.9730706015616976,0.9730706015616976,13,bench,0.9730706015616976,0,person,person|bench|frisbee,True,-0.000802027121628605
13,bench,C:\Users\maxbe\Downloads\coco\train2017\000000375245.jpg,38,rbf,kernel_herding,direct,False,0.8906445238579949,-0.0008090493410536,0.01,0.916144490385894,0.9048687133841428,0.0001015801566179,-0.0910629497671631,-1.4224189526147968,0.9129602384549064,0.9129602384549064,13,bench,0.9129602384549064,0,person,person|tie|bottle,False,-0.0008090493410537311
13,bench,C:\Users\maxbe\Downloads\coco\train2017\000000318706.jpg,39,rbf,kernel_herding,direct,False,0.889828065731494,-0.0008164581265008,0.01,0.916144490385894,0.904484246342261,-0.0003844670418818,-0.0431991084619018,-1.465618061076699,0.9577206807890616,0.9577206807890616,13,bench,0.9577206807890616,0,person,person|bench,True,-0.000816458126500818
13,bench,C:\Users\maxbe\Downloads\coco\train2017\000000126833.jpg,40,rbf,kernel_herding,direct,False,0.889011400081789,-0.0008166656497049,0.01,0.916144490385894,0.9040155239797272,-0.0004687223625339,-0.0347943287171041,-1.5004123897938029,0.9658040339855808,0.9658040339855808,13,bench,0.9658040339855808,0,person,person|bench|chair|dining table,True,-0.0008166656497049409
13,bench,C:\Users\maxbe\Downloads\coco\train2017\000000549599.jpg,41,rbf,kernel_herding,direct,False,0.8881974929827464,-0.0008139070990426,0.01,0.916144490385894,0.9035228066816688,-0.0004927172980582,-0.0321189800984398,-1.5325313698922427,0.9683913559246676,0.9683913559246676,13,bench,0.9683913559246676,0,person,person|bench|handbag|cell phone,True,-0.0008139070990425981
13,bench,C:\Users\maxbe\Downloads\coco\train2017\000000256403.jpg,42,rbf,kernel_herding,direct,False,0.8873551332344727,-0.0008423597482737,0.01,0.916144490385894,0.9035219991128682,-8.075688006092818e-07,-0.0841552179473154,-1.6166865878395582,0.9192885549370328,0.9192885549370328,13,bench,0.9192885549370328,13,bench,bench|chair,True,-0.0008423597482737633
13,bench,C:\Users\maxbe\Downloads\coco\train2017\000000041770.jpg,43,rbf,kernel_herding,direct,False,0.8865156850726283,-0.0008394481618443,0.01,0.916144490385894,0.9027499326266952,-0.0007720664861728,-0.0067381675671462,-1.6234247554067045,0.9932844829799852,0.9932844829799852,13,bench,0.9932844829799852,13,bench,person|bicycle|bench,True,-0.000839448161844262
13,bench,C:\Users\maxbe\Downloads\coco\train2017\000000039911.jpg,44,rbf,kernel_herding,direct,False,0.8856745623120265,-0.0008411227606018,0.01,0.916144490385894,0.902076136383218,-0.0006737962434772,-0.0167326517124531,-1.6401574071191576,0.9834065615526906,0.9834065615526906,13,bench,0.9834065615526906,0,person,person|car|bus|sports ball|baseball glove|chair,False,-0.000841122760601731
13,bench,C:\Users\maxbe\Downloads\coco\train2017\000000556485.jpg,45,rbf,kernel_herding,direct,False,0.8848452349548912,-0.0008293273571352,0.01,0.916144490385894,0.9013856458359276,-0.0006904905472905,-0.013883680984478,-1.6540410881036356,0.9862122528286836,0.9862122528286836,13,bench,0.9862122528286836,13,bench,bench,True,-0.00082932735713528
13,bench,C:\Users\maxbe\Downloads\coco\train2017\000000305624.jpg,46,rbf,kernel_herding,direct,False,0.8840097032403564,-0.0008355317145347,0.01,0.916144490385894,0.9007706319052384,-0.0006150139306891,-0.0220517783845474,-1.6760928664881831,0.9781895846624488,0.9781895846624488,13,bench,0.9781895846624488,13,bench,person|boat|bench|handbag,True,-0.0008355317145345739
13,bench,C:\Users\maxbe\Downloads\coco\train2017\000000138299.jpg,47,rbf,kernel_herding,direct,False,0.8831587726165133,-0.0008509306238431,0.01,0.916144490385894,0.9005894626765205,-0.0001811692287178,-0.0669761395125368,-1.74306900600072,0.9352175158153698,0.9352175158153698,13,bench,0.9352175158153698,15,cat,cat|sports ball|tennis racket|chair,False,-0.000850930623843168
13,bench,C:\Users\maxbe\Downloads\coco\train2017\000000156405.jpg,48,rbf,kernel_herding,direct,False,0.8823093377348484,-0.0008494348816648,0.01,0.916144490385894,0.9001853289214734,-0.0004041337550471,-0.0445301126617733,-1.787599118662493,0.9564467985000292,0.9564467985000292,13,bench,0.9564467985000292,13,bench,bench,True,-0.000849434881664833
13,bench,C:\Users\maxbe\Downloads\coco\train2017\000000158861.jpg,49,rbf,kernel_herding,direct,False,0.8814508772856452,-0.0008584604492032,0.01,0.916144490385894,0.8998782116518393,-0.000307117269634,-0.055134317956922,-1.8427334366194152,0.9463580265386892,0.9463580265386892,13,bench,0.9463580265386892,56,chair,person|car|bench|chair,True,-0.00085846044920322
13,bench,C:\Users\maxbe\Downloads\coco\train2017\000000559721.jpg,50,rbf,kernel_herding,direct,False,0.8805761050320442,-0.0008747722536009,0.01,0.916144490385894,0.8997571601847775,-0.0001210514670618,-0.0753720786539105,-1.9181055152733255,0.9273983569915966,0.9273983569915966,13,bench,0.9273983569915966,75,vase,bench|vase,True,-0.000874772253600905
13,bench,C:\Users\maxbe\Downloads\coco\train2017\000000412001.jpg,51,rbf,kernel_herding,direct,False,0.8797032877090506,-0.0008728173229936,0.01,0.916144490385894,0.8993655441649444,-0.000391616019833,-0.0481201303160573,-1.9662256455893832,0.9530192936906192,0.9530192936906192,13,bench,0.9530192936906192,0,person,person|frisbee,False,-0.000872817322993573
13,bench,C:\Users\maxbe\Downloads\coco\train2017\000000452694.jpg,52,rbf,kernel_herding,direct,False,0.8788031784644085,-0.0009001092446421,0.01,0.916144490385894,0.899249559376415,-0.0001159847885293,-0.0784124456112726,-2.044638091200656,0.9245830076869016,0.9245830076869016,13,bench,0.9245830076869016,13,bench,bench|dining table,True,-0.000900109244642026
13,bench,C:\Users\maxbe\Downloads\coco\train2017\000000028858.jpg,53,rbf,kernel_herding,direct,False,0.8778993729070543,-0.0009038055573541,0.01,0.916144490385894,0.8983567528495083,-0.0008928065269067,-0.0010999030447478,-2.045737994245404,0.9989007016258924,0.9989007016258924,13,bench,0.9989007016258924,13,bench,person|car|truck|bench|chair|potted plant,True,-0.000903805557354178
13,bench,C:\Users\maxbe\Downloads\coco\train2017\000000503660.jpg,54,rbf,kernel_herding,direct,False,0.8769867504418776,-0.0009126224651767,0.01,0.916144490385894,0.8983900824766379,3.332962712954135e-05,-0.0945952092306226,-2.1403332034760263,0.9097411147499884,0.9097411147499884,13,bench,0.9097411147499884,13,bench,bench|bird|bottle,True,-0.0009126224651766847
13,bench,C:\Users\maxbe\Downloads\coco\train2017\000000144582.jpg,55,rbf,kernel_herding,direct,False,0.8760734745005061,-0.0009132759413714,0.01,0.916144490385894,0.8979683549790102,-0.0004217274976276,-0.0491548443743842,-2.18948804785041,0.952033701220706,0.952033701220706,13,bench,0.952033701220706,13,bench,person|bench|handbag|cup|book,True,-0.000913275941371442
13,bench,C:\Users\maxbe\Downloads\coco\train2017\000000106199.jpg,56,rbf,kernel_herding,direct,False,0.8751130095948234,-0.0009604649056826,0.01,0.916144490385894,0.8982166392450054,0.0002482842659952,-0.1208749171677841,-2.3103629650181947,0.8861447941605873,0.8861447941605873,13,bench,0.8861447941605873,0,person,person|tie,False,-0.000960464905682641
13,bench,C:\Users\maxbe\Downloads\coco\train2017\000000218776.jpg,57,rbf,kernel_herding,direct,False,0.8741529569887635,-0.0009600526060599,0.01,0.916144490385894,0.8977961160710749,-0.0004205231739304,-0.053952943212945,-2.36431590823114,0.9474766906606684,0.9474766906606684,13,bench,0.9474766906606684,0,person,person|baseball bat|baseball glove,False,-0.00096005260605985
13,bench,C:\Users\maxbe\Downloads\coco\train2017\000000327896.jpg,58,rbf,kernel_herding,direct,False,0.8731873888087985,-0.0009655681799649,0.01,0.916144490385894,0.8968750165671782,-0.0009210995038967,-0.004446867606825,-2.368762775837965,0.9955630050683486,0.9955630050683486,13,bench,0.9955630050683486,13,bench,bench,True,-0.0009655681799649499
13,bench,C:\Users\maxbe\Downloads\coco\train2017\000000485595.jpg,59,rbf,kernel_herding,direct,False,0.872211766997559,-0.0009756218112395,0.01,0.916144490385894,0.8967640862370236,-0.0001109303301545,-0.0864691481085,-2.455231923946465,0.9171638445866348,0.9171638445866348,13,bench,0.9171638445866348,0,person,person|bench|tie|chair,True,-0.0009756218112394999
13,bench,C:\Users\maxbe\Downloads\coco\train2017\000000346062.jpg,60,rbf,kernel_herding,direct,False,0.8712361776266382,-0.0009755893709207,0.01,0.916144490385894,0.8964103233743834,-0.0003537628626402,-0.0621826508280615,-2.5174145747745267,0.9397112320794504,0.9397112320794504,13,bench,0.9397112320794504,0,person,person|tennis racket,False,-0.0009755893709208149
13,bench,C:\Users\maxbe\Downloads\coco\train2017\000000260099.jpg,61,rbf,kernel_herding,direct,False,0.8702437997496977,-0.0009923778769405,0.01,0.916144490385894,0.8966823953314026,0.0002720719570191,-0.1264449833959689,-2.643859558170496,0.8812226300853886,0.8812226300853886,13,bench,0.8812226300853886,56,chair,bench|chair|potted plant,True,-0.000992377876940589
13,bench,C:\Users\maxbe\Downloads\coco\train2017\000000199381.jpg,62,rbf,kernel_herding,direct,False,0.869250157360919,-0.0009936423887786,0.01,0.916144490385894,0.8958626762415383,-0.0008197190898643,-0.0173923298914293,-2.661251888061925,0.98275804363305,0.98275804363305,13,bench,0.98275804363305,56,chair,person|sports ball|baseball glove|chair,False,-0.000993642388778593
13,bench,C:\Users\maxbe\Downloads\coco\train2017\000000071346.jpg,63,rbf,kernel_herding,direct,False,0.8682631076742436,-0.0009870496866754,0.01,0.916144490385894,0.8955669186103845,-0.0002957576311537,-0.0691292055521666,-2.7303810936140915,0.9332060968783278,0.9332060968783278,13,bench,0.9332060968783278,0,person,person|skateboard,False,-0.0009870496866753661
13,bench,C:\Users\maxbe\Downloads\coco\train2017\000000509030.jpg,64,rbf,kernel_herding,direct,False,0.8672683736963107,-0.0009947339779329,0.01,0.916144490385894,0.8948957823806677,-0.0006711362297168,-0.0323597748216076,-2.7627408684356998,0.9681582004686278,0.9681582004686278,13,bench,0.9681582004686278,0,person,person|car|sports ball|baseball bat,False,-0.000994733977932876
13,bench,C:\Users\maxbe\Downloads\coco\train2017\000000404759.jpg,65,rbf,kernel_herding,direct,False,0.8662736316919804,-0.0009947420043303,0.01,0.916144490385894,0.8948678682858041,-2.791409486357921e-05,-0.0966827909466811,-2.8594236593823803,0.9078439367785016,0.9078439367785016,13,bench,0.9078439367785016,13,bench,person|car|boat|bench,True,-0.00099474200433039
13,bench,C:\Users\maxbe\Downloads\coco\train2017\000000402143.jpg,66,rbf,kernel_herding,direct,False,0.86527995120912,-0.0009936804828603,0.01,0.916144490385894,0.8939239341854642,-0.0009439341003398,-0.0049746382520326,-2.864398297634413,0.9950377147674118,0.9950377147674118,13,bench,0.9950377147674118,13,bench,person|bench|cat,True,-0.0009936804828601258
13,bench,C:\Users\maxbe\Downloads\coco\train2017\000000174356.jpg,67,rbf,kernel_herding,direct,False,0.864260738891534,-0.001019212317586,0.01,0.916144490385894,0.8931854945422388,-0.0007384396432253,-0.0280772674360691,-2.892475565070482,0.97231323574691,0.97231323574691,13,bench,0.97231323574691,13,bench,person|bench|skateboard,True,-0.001019212317585991
13,bench,C:\Users\maxbe\Downloads\coco\train2017\000000458229.jpg,68,rbf,kernel_herding,direct,False,0.8632012365991142,-0.0010595022924198,0.01,0.916144490385894,0.8932167372921723,3.124274993349108e-05,-0.1090745042353309,-3.001550069305813,0.8966636097719419,0.8966636097719419,13,bench,0.8966636097719419,10,fire hydrant,fire hydrant,False,-0.0010595022924198179
13,bench,C:\Users\maxbe\Downloads\coco\train2017\000000034354.jpg,69,rbf,kernel_herding,direct,False,0.8621370618565093,-0.0010641747426048,0.01,0.916144490385894,0.892832013496413,-0.0003847237957593,-0.0679450946845517,-3.0694951639903647,0.9343117708504598,0.9343117708504598,13,bench,0.9343117708504598,0,person,person|baseball bat,False,-0.001064174742604817
13,bench,C:\Users\maxbe\Downloads\coco\train2017\000000122105.jpg,70,rbf,kernel_herding,direct,False,0.861079664276258,-0.0010573975802512,0.01,0.916144490385894,0.8918092670984836,-0.0010227463979293,-0.0034651182321979,-3.072960282222563,0.9965408783606818,0.9965408783606818,13,bench,0.9965408783606818,13,bench,person|bench|potted plant,True,-0.001057397580251279
13,bench,C:\Users\maxbe\Downloads\coco\train2017\000000479477.jpg,71,rbf,kernel_herding,direct,False,0.8600241023623904,-0.0010555619138676,0.01,0.916144490385894,0.8914826388737801,-0.0003266282247035,-0.0728933689164158,-3.1458536511389785,0.929699959653655,0.929699959653655,13,bench,0.929699959653655,0,person,person|sports ball|baseball bat|baseball glove,False,-0.0010555619138676582
13,bench,C:\Users\maxbe\Downloads\coco\train2017\000000292410.jpg,72,rbf,kernel_herding,direct,False,0.8589499465528183,-0.001074155809572,0.01,0.916144490385894,0.891826614833724,0.0003439759599439,-0.1418131769515962,-3.2876668280905745,0.8677833632750815,0.8677833632750815,13,bench,0.8677833632750815,16,dog,dog,False,-0.001074155809572062
13,bench,C:\Users\maxbe\Downloads\coco\train2017\000000540863.jpg,73,rbf,kernel_herding,direct,False,0.857878681396117,-0.0010712651567013,0.01,0.916144490385894,0.8907649182801893,-0.0010616965535347,-0.0009568603166566,-3.288623688407231,0.9990435973271972,0.9990435973271972,13,bench,0.9990435973271972,13,bench,bench,True,-0.001071265156701266
13,bench,C:\Users\maxbe\Downloads\coco\train2017\000000201993.jpg,74,rbf,kernel_herding,direct,False,0.8568078000313523,-0.0010708813647647,0.01,0.916144490385894,0.8905651324910532,-0.0001997857891361,-0.0871095575628611,-3.375733245970092,0.9165766722247964,0.9165766722247964,13,bench,0.9165766722247964,13,bench,bench,True,-0.001070881364764711
13,bench,C:\Users\maxbe\Downloads\coco\train2017\000000571721.jpg,75,rbf,kernel_herding,direct,False,0.8557301681595527,-0.0010776318717995,0.01,0.916144490385894,0.8906530588231192,8.792633206600176e-05,-0.1165558203865512,-3.4922890663566437,0.8899804165382256,0.8899804165382256,13,bench,0.8899804165382256,13,bench,bench|cup|hot dog|donut|book,True,-0.0010776318717995103
13,bench,C:\Users\maxbe\Downloads\coco\train2017\000000441412.jpg,76,rbf,kernel_herding,direct,False,0.8546490428895401,-0.0010811252700125,0.01,0.916144490385894,0.8900731507511663,-0.0005799080719528,-0.0501217198059802,-3.5424107861626237,0.9511136480850054,0.9511136480850054,13,bench,0.9511136480850054,0,person,person|bench|handbag|cell phone,True,-0.0010811252700126022
13,bench,C:\Users\maxbe\Downloads\coco\train2017\000000282176.jpg,77,rbf,kernel_herding,direct,False,0.8535576315741229,-0.0010914113154172,0.01,0.916144490385894,0.8901800844760467,0.0001069337248803,-0.1198345040297543,-3.6622452901923777,0.8870672306209275,0.8870672306209275,13,bench,0.8870672306209275,13,bench,bench,True,-0.0010914113154172431
13,bench,C:\Users\maxbe\Downloads\coco\train2017\000000489409.jpg,78,rbf,kernel_herding,direct,False,0.8524186343776273,-0.0011389971964955,0.01,0.916144490385894,0.8895394968435103,-0.0006405876325363,-0.0498409563959241,-3.712086246588302,0.9513807234869388,0.9513807234869388,13,bench,0.9513807234869388,0,person,person|baseball bat|baseball glove,False,-0.0011389971964955409
13,bench,C:\Users\maxbe\Downloads\coco\train2017\000000039080.jpg,79,rbf,kernel_herding,direct,False,0.8512765228684592,-0.001142111509168,0.01,0.916144490385894,0.8893228030383854,-0.0002166938051249,-0.0925417704043167,-3.804628016992619,0.9116111318026212,0.9116111318026212,13,bench,0.9116111318026212,60,dining table,person|bottle|cup|fork|knife|spoon|bowl|banana|apple|orange|chair|dining table,False,-0.001142111509168067
13,bench,C:\Users\maxbe\Downloads\coco\train2017\000000101913.jpg,80,rbf,kernel_herding,direct,False,0.850124022330136,-0.0011525005383232,0.01,0.916144490385894,0.889221738018052,-0.0001010650203333,-0.1051435517989909,-3.90977156879161,0.9001952886564761,0.9001952886564761,13,bench,0.9001952886564761,6,train,person|train|bench|bottle,True,-0.001152500538323209
13,bench,C:\Users\maxbe\Downloads\coco\train2017\000000196773.jpg,81,rbf,kernel_herding,direct,False,0.8489656554347044,-0.0011583668954315,0.01,0.916144490385894,0.8891009444638467,-0.0001207935542053,-0.1037573341226253,-4.013528902914235,0.9014440205849668,0.9014440205849668,13,bench,0.9014440205849668,0,person,person|car|backpack|bottle|cup|cell phone,False,-0.0011583668954315532
13,bench,C:\Users\maxbe\Downloads\coco\train2017\000000377450.jpg,82,rbf,kernel_herding,direct,False,0.8478058055812367,-0.0011598498534676,0.01,0.916144490385894,0.8890428773196449,-5.806714420175663e-05,-0.1101782709265778,-4.123707173840812,0.8956744483483619,0.8956744483483619,13,bench,0.8956744483483619,0,person,person|tennis racket,False,-0.0011598498534675346
13,bench,C:\Users\maxbe\Downloads\coco\train2017\000000521874.jpg,83,rbf,kernel_herding,direct,False,0.8466400587903108,-0.0011657467909259,0.01,0.916144490385894,0.8892912362592728,0.0002483589396278,-0.1414105730553833,-4.265117746896196,0.8681328065771026,0.8681328065771026,13,bench,0.8681328065771026,6,train,person|train|bench,True,-0.001165746790926033
13,bench,C:\Users\maxbe\Downloads\coco\train2017\000000466941.jpg,84,rbf,kernel_herding,direct,False,0.8454632291452362,-0.0011768296450745,0.01,0.916144490385894,0.8891101499023301,-0.0001810863569426,-0.0995743288131961,-4.364692075709391,0.9052226632406344,0.9052226632406344,13,bench,0.9052226632406344,60,dining table,apple|orange|dining table,False,-0.001176829645074561
13,bench,C:\Users\maxbe\Downloads\coco\train2017\000000045049.jpg,85,rbf,kernel_herding,direct,False,0.8442888142637917,-0.0011744148814445,0.01,0.916144490385894,0.8887855578517034,-0.0003245920506266,-0.0849822830817888,-4.449674358791181,0.9185285577516324,0.9185285577516324,13,bench,0.9185285577516324,0,person,person|sports ball|tennis racket,False,-0.001174414881444488
13,bench,C:\Users\maxbe\Downloads\coco\train2017\000000125390.jpg,86,rbf,kernel_herding,direct,False,0.8431053237132321,-0.0011834905505595,0.01,0.916144490385894,0.8886245314341465,-0.0001610264175568,-0.1022464133002603,-4.5519207720914405,0.9028070605893238,0.9028070605893238,13,bench,0.9028070605893238,0,person,person|frisbee,False,-0.001183490550559403
13,bench,C:\Users\maxbe\Downloads\coco\train2017\000000107542.jpg,87,rbf,kernel_herding,direct,False,0.8419241563213709,-0.0011811673918612,0.01,0.916144490385894,0.8874522237484788,-0.0011723076856677,-0.000885970619351,-4.552806742710792,0.9991144217357376,0.9991144217357376,13,bench,0.9991144217357376,13,bench,bench|dog,True,-0.00118116739186121
13,bench,C:\Users\maxbe\Downloads\coco\train2017\000000207943.jpg,88,rbf,kernel_herding,direct,False,0.8407412738868629,-0.0011828824345079,0.01,0.916144490385894,0.886654006046103,-0.0007982177023757,-0.0384664732132138,-4.591273215924006,0.9622639658168234,0.9622639658168234,13,bench,0.9622639658168234,0,person,person|sports ball|baseball glove,False,-0.001182882434507838
13,bench,C:\Users\maxbe\Downloads\coco\train2017\000000406055.jpg,89,rbf,kernel_herding,direct,False,0.839536479954382,-0.0012047939324809,0.01,0.916144490385894,0.8859815756546624,-0.0006724303914406,-0.0532363541040408,-4.644509570028047,0.9481558854608716,0.9481558854608716,13,bench,0.9481558854608716,0,person,person|bench|baseball bat,True,-0.001204793932481008
13,bench,C:\Users\maxbe\Downloads\coco\train2017\000000049648.jpg,90,rbf,kernel_herding,direct,False,0.8383342508837472,-0.0012022290706347,0.01,0.916144490385894,0.8860964900775403,0.0001149144228779,-0.1317143493512594,-4.776223919379307,0.8765913582086285,0.8765913582086285,13,bench,0.8765913582086285,0,person,person|sports ball,False,-0.0012022290706346938
13,bench,C:\Users\maxbe\Downloads\coco\train2017\000000056638.jpg,91,rbf,kernel_herding,direct,False,0.8371204400010805,-0.0012138108826666,0.01,0.916144490385894,0.8860952291877052,-1.260889835097423e-06,-0.1212549992831584,-4.897478918662465,0.8858080503718941,0.8858080503718941,13,bench,0.8858080503718941,13,bench,traffic light|bench|chair,True,-0.0012138108826666816
13,bench,C:\Users\maxbe\Downloads\coco\train2017\000000383390.jpg,92,rbf,kernel_herding,direct,False,0.8358990305411184,-0.0012214094599621,0.01,0.916144490385894,0.8852915275816542,-0.000803701606051,-0.0417707853911223,-4.939249704053587,0.959089592724319,0.959089592724319,13,bench,0.959089592724319,0,person,person|bench|sports ball|baseball bat|baseball glove,True,-0.001221409459962223
13,bench,C:\Users\maxbe\Downloads\coco\train2017\000000468789.jpg,93,rbf,kernel_herding,direct,False,0.8346804288901334,-0.0012186016509849,0.01,0.916144490385894,0.8849667746021115,-0.0003247529795427,-0.0893848671442217,-5.028634571197809,0.914493547316162,0.914493547316162,13,bench,0.914493547316162,0,person,person|sports ball|tennis racket,False,-0.001218601650984917
13,bench,C:\Users\maxbe\Downloads\coco\train2017\000000391371.jpg,94,rbf,kernel_herding,direct,False,0.8334585450192193,-0.001221883870914,0.01,0.916144490385894,0.8851452567333336,0.000178482131222,-0.1400366002136147,-5.168671171411424,0.869326417282961,0.869326417282961,13,bench,0.869326417282961,13,bench,bench,True,-0.001221883870914147
13,bench,C:\Users\maxbe\Downloads\coco\train2017\000000392967.jpg,95,rbf,kernel_herding,direct,False,0.8322331052732039,-0.0012254397460154,0.01,0.916144490385894,0.8842312649458002,-0.0009139917875333,-0.0311447958481957,-5.19981596725962,0.9693352071995606,0.9693352071995606,13,bench,0.9693352071995606,0,person,person|sports ball|baseball bat|baseball glove,False,-0.001225439746015257
13,bench,C:\Users\maxbe\Downloads\coco\train2017\000000270254.jpg,96,rbf,kernel_herding,direct,False,0.8309487969619646,-0.0012843083112393,0.01,0.916144490385894,0.884463146616314,0.0002318816705138,-0.1516189981753228,-5.351434965434943,0.859315619196777,0.859315619196777,13,bench,0.859315619196777,8,boat,boat,False,-0.001284308311239428
13,bench,C:\Users\maxbe\Downloads\coco\train2017\000000411443.jpg,97,rbf,kernel_herding,direct,False,0.82966250375125,-0.0012862932107146,0.01,0.916144490385894,0.8843979212612025,-6.522535511144234e-05,-0.122106785560314,-5.473541750995257,0.8850538524836983,0.8850538524836983,13,bench,0.8850538524836983,0,person,person|sports ball|tennis racket,False,-0.0012862932107145823
13,bench,C:\Users\maxbe\Downloads\coco\train2017\000000412658.jpg,98,rbf,kernel_herding,direct,False,0.8283687292548605,-0.0012937744963894,0.01,0.916144490385894,0.88367360738889,-0.0007243138723125,-0.0569460624076958,-5.530487813402953,0.9446450198693912,0.9446450198693912,13,bench,0.9446450198693912,0,person,person|baseball bat,False,-0.0012937744963894579
13,bench,C:\Users\maxbe\Downloads\coco\train2017\000000032577.jpg,99,rbf,kernel_herding,direct,False,0.8270641575017218,-0.0013045717531386,0.01,0.916144490385894,0.8831208415768039,-0.000552765812086,-0.0751805941052596,-5.605668407508213,0.9275759564506384,0.9275759564506384,13,bench,0.9275759564506384,2,car,person|car|tennis racket,False,-0.001304571753138596
13,bench,C:\Users\maxbe\Downloads\coco\train2017\000000498630.jpg,100,rbf,kernel_herding,direct,False,0.8257354495917067,-0.001328707910015,0.01,0.916144490385894,0.8821089358642142,-0.0010119057125896,-0.0316802197425395,-5.637348627250752,0.9688163408871032,0.9688163408871032,13,bench,0.9688163408871032,0,person,person|bench|tie|baseball bat,True,-0.001328707910014995
13,bench,C:\Users\maxbe\Downloads\coco\train2017\000000254711.jpg,101,rbf,kernel_herding,direct,False,0.8244129655057846,-0.0013224840859221,0.01,0.916144490385894,0.8815401017992234,-0.0005688340649908,-0.0753650020931232,-5.712713629343876,0.927404919805665,0.927404919805665,13,bench,0.927404919805665,0,person,person|bench|baseball bat|baseball glove,True,-0.0013224840859220321
13,bench,C:\Users\maxbe\Downloads\coco\train2017\000000569075.jpg,102,rbf,kernel_herding,direct,False,0.8230919885610102,-0.0013209769447743,0.01,0.916144490385894,0.8814960791193394,-4.402267988401487e-05,-0.1276954264890412,-5.840409055832917,0.8801213999904121,0.8801213999904121,13,bench,0.8801213999904121,1,bicycle,person|bicycle|bench,True,-0.0013209769447744268
13,bench,C:\Users\maxbe\Downloads\coco\train2017\000000166489.jpg,103,rbf,kernel_herding,direct,False,0.8217573670506187,-0.0013346215103914,0.01,0.916144490385894,0.8805510257940048,-0.0009450533253345,-0.0389568185056862,-5.879365874338603,0.961792239874818,0.961792239874818,13,bench,0.961792239874818,0,person,person|baseball bat|baseball glove,False,-0.001334621510391362
13,bench,C:\Users\maxbe\Downloads\coco\train2017\000000311784.jpg,104,rbf,kernel_herding,direct,False,0.8203974883806193,-0.0013598786699994,0.01,0.916144490385894,0.8800955110380446,-0.0004555147559601,-0.0904363914039249,-5.969802265742528,0.9135324405679052,0.9135324405679052,13,bench,0.9135324405679052,0,person,person|sports ball|baseball bat|baseball glove,False,-0.0013598786699993489
13,bench,C:\Users\maxbe\Downloads\coco\train2017\000000404526.jpg,105,rbf,kernel_herding,direct,False,0.8190276216535253,-0.001369866727094,0.01,0.916144490385894,0.8801465165657867,5.1005527742065127e-05,-0.1420872254836119,-6.11188949122614,0.867545581101684,0.867545581101684,13,bench,0.867545581101684,39,bottle,person|boat|bench|umbrella|bottle|chair|dining table,True,-0.001369866727094054
13,bench,C:\Users\maxbe\Downloads\coco\train2017\000000580374.jpg,106,rbf,kernel_herding,direct,False,0.8176382456466212,-0.001389376006904,0.01,0.916144490385894,0.8799577824285216,-0.000188734137265,-0.1200641869638979,-6.231953678190038,0.8868635098131077,0.8868635098131077,13,bench,0.8868635098131077,0,person,person|bicycle|cup|dining table|cell phone,False,-0.001389376006903979
13,bench,C:\Users\maxbe\Downloads\coco\train2017\000000151896.jpg,107,rbf,kernel_herding,direct,False,0.8162469109526681,-0.0013913346939531,0.01,0.916144490385894,0.8800137943023957,5.601187387405116e-05,-0.1447346567827171,-6.376688334972755,0.8652518513625325,0.8652518513625325,13,bench,0.8652518513625325,58,potted plant,person|umbrella|potted plant,False,-0.00139133469395312
13,bench,C:\Users\maxbe\Downloads\coco\train2017\000000177954.jpg,108,rbf,kernel_herding,direct,False,0.8148535202391805,-0.0013933907134876,0.01,0.916144490385894,0.8799525304182054,-6.126388419025464e-05,-0.1332126829297375,-6.509901017902493,0.8752789154261014,0.8752789154261014,13,bench,0.8752789154261014,0,person,person|boat|bench|backpack|dining table|book,True,-0.0013933907134876296
13,bench,C:\Users\maxbe\Downloads\coco\train2017\000000504531.jpg,109,rbf,kernel_herding,direct,False,0.8134574455897168,-0.0013960746494636,0.01,0.916144490385894,0.8799096267330229,-4.290368518256038e-05,-0.1353170964281152,-6.645218114330608,0.8734389034137389,0.8734389034137389,13,bench,0.8734389034137389,6,train,person|train,False,-0.0013960746494637124
13,bench,C:\Users\maxbe\Downloads\coco\train2017\000000516088.jpg,110,rbf,kernel_herding,direct,False,0.8120595779105876,-0.0013978676791291,0.01,0.916144490385894,0.8798704911983002,-3.91355347226785e-05,-0.1358732144406503,-6.781091328771258,0.8729533033446887,0.8729533033446887,13,bench,0.8729533033446887,75,vase,bench|potted plant|vase,True,-0.0013978676791291814
13,bench,C:\Users\maxbe\Downloads\coco\train2017\000000450903.jpg,111,rbf,kernel_herding,direct,False,0.8106557832830444,-0.0014037946275431,0.01,0.916144490385894,0.8789128040658496,-0.0009576871324505,-0.0446107495092526,-6.825702078280511,0.9563696767548854,0.9563696767548854,13,bench,0.9563696767548854,0,person,person|sports ball|baseball glove,False,-0.001403794627543026
13,bench,C:\Users\maxbe\Downloads\coco\train2017\000000099112.jpg,112,rbf,kernel_herding,direct,False,0.8092438311315335,-0.0014119521515109,0.01,0.916144490385894,0.8786290033856474,-0.0002838006802021,-0.1128151471308733,-6.938517225411384,0.8933157768377802,0.8933157768377802,13,bench,0.8933157768377802,0,person,person|tennis racket|chair,False,-0.0014119521515108331
13,bench,C:\Users\maxbe\Downloads\coco\train2017\000000443689.jpg,113,rbf,kernel_herding,direct,False,0.8078175886036219,-0.0014262425279116,0.01,0.916144490385894,0.8788218761258482,0.0001928727402007,-0.1619115268112512,-7.100428752222635,0.8505164491129567,0.8505164491129567,13,bench,0.8505164491129567,0,person,person|tie,False,-0.0014262425279118122
13,bench,C:\Users\maxbe\Downloads\coco\train2017\000000333855.jpg,114,rbf,kernel_herding,direct,False,0.8063796322240188,-0.001437956379603,0.01,0.916144490385894,0.8782146676790467,-0.0006072084468015,-0.0830747932801573,-7.183503545502792,0.9202823137121016,0.9202823137121016,13,bench,0.9202823137121016,0,person,person|baseball bat,False,-0.001437956379603073
13,bench,C:\Users\maxbe\Downloads\coco\train2017\000000117040.jpg,115,rbf,kernel_herding,direct,False,0.8049448259031775,-0.0014348063208412,0.01,0.916144490385894,0.8780435565022202,-0.0001711111768264,-0.1263695144014809,-7.309873059904273,0.8812891375807966,0.8812891375807966,13,bench,0.8812891375807966,0,person,person|sports ball|tennis racket,False,-0.001434806320841209
13,bench,C:\Users\maxbe\Downloads\coco\train2017\000000183973.jpg,116,rbf,kernel_herding,direct,False,0.8035092009522726,-0.0014356249509048,0.01,0.916144490385894,0.8768986906814492,-0.001144865820771,-0.0290759130133843,-7.338948972917658,0.9713427241134976,0.9713427241134976,13,bench,0.9713427241134976,0,person,person|bench|backpack|sports ball|baseball bat|baseball glove,True,-0.0014356249509048429
13,bench,C:\Users\maxbe\Downloads\coco\train2017\000000272735.jpg,117,rbf,kernel_herding,direct,False,0.8020646258310866,-0.001444575121186,0.01,0.916144490385894,0.8765372233492755,-0.0003614673321736,-0.10831077890123,-7.447259751818888,0.8973486760548312,0.8973486760548312,13,bench,0.8973486760548312,0,person,person|car|handbag|sports ball|tennis racket,False,-0.0014445751211858999
13,bench,C:\Users\maxbe\Downloads\coco\train2017\000000336675.jpg,118,rbf,kernel_herding,direct,False,0.8006167231719711,-0.0014479026591155,0.01,0.916144490385894,0.8765296814831552,-7.5418661202864e-06,-0.1440360792995274,-7.591295831118415,0.8658565079983488,0.8658565079983488,13,bench,0.8658565079983488,13,bench,person|boat|bench|handbag,True,-0.0014479026591155604
13,bench,C:\Users\maxbe\Downloads\coco\train2017\000000127268.jpg,119,rbf,kernel_herding,direct,False,0.799168438336923,-0.0014482848350481,0.01,0.916144490385894,0.8757639245100822,-0.000765756973073,-0.0682527861975081,-7.659548617315924,0.9340243352711254,0.9340243352711254,13,bench,0.9340243352711254,0,person,person|bench|sports ball|baseball glove,True,-0.0014482848350480812
13,bench,C:\Users\maxbe\Downloads\coco\train2017\000000312686.jpg,120,rbf,kernel_herding,direct,False,0.7977085531510317,-0.0014598851858912,0.01,0.916144490385894,0.8760643392781067,0.0003004147680244,-0.1760299953915695,-7.835578612707494,0.8385928290385449,0.8385928290385449,13,bench,0.8385928290385449,7,truck,person|car|truck|clock,False,-0.0014598851858912952
13,bench,C:\Users\maxbe\Downloads\coco\train2017\000000491900.jpg,121,rbf,kernel_herding,direct,False,0.7962426171081922,-0.0014659360428395,0.01,0.916144490385894,0.8751036440584555,-0.0009606952196511,-0.0505240823188433,-7.886102695026337,0.9507310325877716,0.9507310325877716,13,bench,0.9507310325877716,0,person,person|sports ball|baseball bat|baseball glove,False,-0.0014659360428395329
13,bench,C:\Users\maxbe\Downloads\coco\train2017\000000253072.jpg,122,rbf,kernel_herding,direct,False,0.7947716007696671,-0.001471016338525,0.01,0.916144490385894,0.8748452963355579,-0.0002583477228976,-0.1212668615627395,-8.007369556589076,0.8857975427314678,0.8857975427314678,13,bench,0.8857975427314678,0,person,person|sports ball|tennis racket,False,-0.001471016338524995
13,bench,C:\Users\maxbe\Downloads\coco\train2017\000000189153.jpg,123,rbf,kernel_herding,direct,False,0.7932976705086536,-0.0014739302610135,0.01,0.916144490385894,0.873945440969405,-0.0008998553661528,-0.0574074894860503,-8.064777046075127,0.9442092356268472,0.9442092356268472,13,bench,0.9442092356268472,0,person,person|baseball bat,False,-0.001473930261013303
13,bench,C:\Users\maxbe\Downloads\coco\train2017\000000051777.jpg,124,rbf,kernel_herding,direct,False,0.7918021861900959,-0.0014954843185577,0.01,0.916144490385894,0.8739670512315956,2.16102621906078e-05,-0.1517094580748397,-8.216486504149966,0.8592378891079921,0.8592378891079921,13,bench,0.8592378891079921,13,bench,person|bench|dog,True,-0.0014954843185577894
13,bench,C:\Users\maxbe\Downloads\coco\train2017\000000359403.jpg,125,rbf,kernel_herding,direct,False,0.7903118908616628,-0.0014902953284331,0.01,0.916144490385894,0.8729733386479025,-0.000993712583693,-0.0496582744740075,-8.266144778623973,0.9515545394220112,0.9515545394220112,13,bench,0.9515545394220112,0,person,person|baseball bat|baseball glove,False,-0.001490295328433075
13,bench,C:\Users\maxbe\Downloads\coco\train2017\000000081761.jpg,126,rbf,kernel_herding,direct,False,0.7888120468562254,-0.0014998440054373,0.01,0.916144490385894,0.872982927160848,9.588512945524208e-06,-0.1509432518382907,-8.417088030462264,0.8598964948189874,0.8598964948189874,13,bench,0.8598964948189874,0,person,person|sports ball|tennis racket,False,-0.0014998440054373827
13,bench,C:\Users\maxbe\Downloads\coco\train2017\000000367260.jpg,127,rbf,kernel_herding,direct,False,0.7873091456820207,-0.0015029011742047,0.01,0.916144490385894,0.8731896394131303,0.0002067122522823,-0.1709613426486975,-8.58804937311096,0.8428541553500315,0.8428541553500315,13,bench,0.8428541553500315,0,person,person|bird|giraffe,False,-0.001502901174204675
13,bench,C:\Users\maxbe\Downloads\coco\train2017\000000390692.jpg,128,rbf,kernel_herding,direct,False,0.7857965601789001,-0.0015125855031206,0.01,0.916144490385894,0.8728526649996066,-0.0003369744135237,-0.1175611089596832,-8.705610482070643,0.8890861789538901,0.8890861789538901,13,bench,0.8890861789538901,0,person,person|bench|skateboard,True,-0.001512585503120532
13,bench,C:\Users\maxbe\Downloads\coco\train2017\000000260500.jpg,129,rbf,kernel_herding,direct,False,0.7842877909315257,-0.0015087692473744,0.01,0.916144490385894,0.8720218321495429,-0.0008308328500636,-0.0677936397310798,-8.773404121801724,0.9344532877126868,0.9344532877126868,13,bench,0.9344532877126868,0,person,person|bench|baseball bat,True,-0.001508769247374398
13,bench,C:\Users\maxbe\Downloads\coco\train2017\000000321390.jpg,130,rbf,kernel_herding,direct,False,0.7827795888936272,-0.0015082020378984,0.01,0.916144490385894,0.8721052631276495,8.343097810659117e-05,-0.159163301600507,-8.932567423402231,0.8528570746704691,0.8528570746704691,13,bench,0.8528570746704691,0,person,person|bench|fork|cake,True,-0.001508202037898479
13,bench,C:\Users\maxbe\Downloads\coco\train2017\000000198550.jpg,131,rbf,kernel_herding,direct,False,0.7812684814453854,-0.0015111074482417,0.01,0.916144490385894,0.8720782625872593,-2.7000540390176297e-05,-0.1484106907851583,-9.08097811418739,0.8620769951511495,0.8620769951511495,13,bench,0.8620769951511495,6,train,train|bench,True,-0.0015111074482417595
13,bench,C:\Users\maxbe\Downloads\coco\train2017\000000473607.jpg,132,rbf,kernel_herding,direct,False,0.7797384390811488,-0.0015300423642365,0.01,0.916144490385894,0.8711765863195888,-0.0009016762676704,-0.0628366096566113,-9.143814723844002,0.9390969005186118,0.9390969005186118,13,bench,0.9390969005186118,0,person,person|sports ball,False,-0.001530042364236513
13,bench,C:\Users\maxbe\Downloads\coco\train2017\000000362545.jpg,133,rbf,kernel_herding,direct,False,0.7782096544396961,-0.0015287846414526,0.01,0.916144490385894,0.8708324092041432,-0.0003441771154456,-0.1184607526006996,-9.2622754764447,0.8882866779136148,0.8882866779136148,13,bench,0.8882866779136148,0,person,person|sports ball|tennis racket,False,-0.001528784641452596
13,bench,C:\Users\maxbe\Downloads\coco\train2017\000000442630.jpg,134,rbf,kernel_herding,direct,False,0.7766818928985747,-0.0015277615411214,0.01,0.916144490385894,0.8708614957119395,2.9086507796316496e-05,-0.1556848048917823,-9.417960281336484,0.8558289009451081,0.8558289009451081,13,bench,0.8558289009451081,13,bench,person|car|bench,True,-0.0015277615411215064
13,bench,C:\Users\maxbe\Downloads\coco\train2017\000000112493.jpg,135,rbf,kernel_herding,direct,False,0.7751510184164316,-0.001530874482143,0.01,0.916144490385894,0.8704071923320937,-0.0004543033798457,-0.1076571102297231,-9.525617391566207,0.8979354365243627,0.8979354365243627,13,bench,0.8979354365243627,0,person,person|tennis racket,False,-0.0015308744821429313
13,bench,C:\Users\maxbe\Downloads\coco\train2017\000000476198.jpg,136,rbf,kernel_herding,direct,False,0.7736162144443958,-0.0015348039720358,0.01,0.916144490385894,0.8696924430506846,-0.0007147492814091,-0.0820054690626751,-9.607622860628885,0.9212669202150436,0.9212669202150436,13,bench,0.9212669202150436,0,person,person|baseball bat|baseball glove|chair,False,-0.001534803972035851
13,bench,C:\Users\maxbe\Downloads\coco\train2017\000000040894.jpg,137,rbf,kernel_herding,direct,False,0.7720827401068486,-0.0015334743375471,0.01,0.916144490385894,0.869993316980973,0.0003008739302884,-0.183434826783559,-9.791057687412442,0.832406124553613,0.832406124553613,13,bench,0.832406124553613,8,boat,person|boat|bench,True,-0.00153347433754719
13,bench,C:\Users\maxbe\Downloads\coco\train2017\000000029894.jpg,138,rbf,kernel_herding,direct,False,0.7705439783491111,-0.0015387617577374,0.01,0.916144490385894,0.8698912334485657,-0.0001020835324073,-0.1436678225330057,-9.934725509945448,0.8661754242341833,0.8661754242341833,13,bench,0.8661754242341833,0,person,person|sports ball|tennis racket,False,-0.001538761757737357
13,bench,C:\Users\maxbe\Downloads\coco\train2017\000000247216.jpg,139,rbf,kernel_herding,direct,False,0.769009009964776,-0.0015349683843352,0.01,0.916144490385894,0.868849528304014,-0.0010417051445517,-0.0493263239783594,-9.984051833923807,0.951870460855246,0.951870460855246,13,bench,0.951870460855246,0,person,person|car|sports ball|baseball glove,False,-0.001534968384335294
13,bench,C:\Users\maxbe\Downloads\coco\train2017\000000416596.jpg,140,rbf,kernel_herding,direct,False,0.7674676601245534,-0.0015413498402225,0.01,0.916144490385894,0.8678792491211498,-0.0009702791828641,-0.057107065735827,-10.041158899659637,0.9444929411202104,0.9444929411202104,13,bench,0.9444929411202104,5,bus,person|bus|bench|baseball bat|baseball glove,True,-0.00154134984022237
24,backpack,C:\Users\maxbe\Downloads\coco\train2017\000000196777.jpg,1,rbf,kernel_herding,direct,False,0.9201131011735056,-0.0003048051844291,0.01,0.9204178495803228,0.920322361341338,-9.55450165968097e-05,-0.0209260167832281,-0.0209260167832281,0.979291413017334,0.979291413017334,24,backpack,0.979291413017334,3,motorcycle,person|motorcycle,False,-0.0003048051844290907
24,backpack,C:\Users\maxbe\Downloads\coco\train2017\000000045089.jpg,2,rbf,kernel_herding,direct,False,0.9197210855179276,-0.0003920156555781,0.01,0.9204178495803228,0.920489741370806,0.0001673800294679,-0.0559395685046038,-0.076865585287832,0.9455962779599068,0.9455962779599068,24,backpack,0.9455962779599068,5,bus,person|car|bus|traffic light|horse|tie|cell phone,False,-0.000392015655578138
24,backpack,C:\Users\maxbe\Downloads\coco\train2017\000000120360.jpg,3,rbf,kernel_herding,direct,False,0.9193290612973408,-0.0003920242205865,0.01,0.9204178495803228,0.9201774691483178,-0.000312272222488,-0.007975199809856,-0.084840785097688,0.9920565177212544,0.9920565177212544,24,backpack,0.9920565177212544,0,person,person|handbag|cell phone,False,-0.00039202422058656
24,backpack,C:\Users\maxbe\Downloads\coco\train2017\000000541643.jpg,4,rbf,kernel_herding,direct,False,0.9188936568946908,-0.0004354044026502,0.01,0.9204178495803228,0.9202097696067382,3.230045842039786e-05,-0.0467704861070611,-0.1316112712047492,0.9543063990331716,0.9543063990331716,24,backpack,0.9543063990331716,0,person,person|backpack|kite,True,-0.00043540440265021316
24,backpack,C:\Users\maxbe\Downloads\coco\train2017\000000525376.jpg,5,rbf,kernel_herding,direct,False,0.9184528793046272,-0.0004407775900635,0.01,0.9204178495803228,0.9199455734671764,-0.0002641961395618,-0.0176581450501651,-0.1492694162549143,0.9824968463643172,0.9824968463643172,24,backpack,0.9824968463643172,24,backpack,backpack|suitcase|bottle,True,-0.00044077759006345106
24,backpack,C:\Users\maxbe\Downloads\coco\train2017\000000179672.jpg,6,rbf,kernel_herding,direct,False,0.9180007356113314,-0.0004521436932957,0.01,0.9204178495803228,0.9195448780872502,-0.0004006953799261,-0.0051448313369626,-0.154414247591877,0.9948683806392712,0.9948683806392712,24,backpack,0.9948683806392712,0,person,person|bicycle|backpack,True,-0.00045214369329572596
24,backpack,C:\Users\maxbe\Downloads\coco\train2017\000000154095.jpg,7,rbf,kernel_herding,direct,False,0.9175154218874634,-0.000485313723868,0.01,0.9204178495803228,0.919149384496809,-0.0003954935904411,-0.0089820133426914,-0.1633962609345684,0.9910582044358672,0.9910582044358672,24,backpack,0.9910582044358672,59,bed,person|backpack|bottle|banana|bed|tv|book,True,-0.000485313723868014
24,backpack,C:\Users\maxbe\Downloads\coco\train2017\000000526401.jpg,8,rbf,kernel_herding,direct,False,0.9170248049653416,-0.0004906169221217,0.01,0.9204178495803228,0.919147806373096,-1.57812371304189e-06,-0.0489038798408681,-0.2123001407754365,0.952272657897996,0.952272657897996,24,backpack,0.952272657897996,0,person,person|car|motorcycle|cow|backpack,True,-0.0004906169221217229
24,backpack,C:\Users\maxbe\Downloads\coco\train2017\000000013364.jpg,9,rbf,kernel_herding,direct,False,0.916511805042003,-0.0005129999233386,0.01,0.9204178495803228,0.9191666261463918,1.881977329576401e-05,-0.0531819696634424,-0.265482110438879,0.9482074517904928,0.9482074517904928,24,backpack,0.9482074517904928,0,person,person|motorcycle|umbrella|handbag|potted plant,False,-0.00051299992333866
24,backpack,C:\Users\maxbe\Downloads\coco\train2017\000000195955.jpg,10,rbf,kernel_herding,direct,False,0.9159929385039718,-0.0005188665380312,0.01,0.9204178495803228,0.918973356354527,-0.0001932697918647,-0.0325596746166475,-0.2980417850555266,0.9679646851852648,0.9679646851852648,24,backpack,0.9679646851852648,0,person,person|backpack|suitcase|bottle|chair|cell phone,True,-0.0005188665380311749
24,backpack,C:\Users\maxbe\Downloads\coco\train2017\000000273951.jpg,11,rbf,kernel_herding,direct,False,0.915466027663976,-0.0005269108399956,0.01,0.9204178495803228,0.9186162227318064,-0.0003571336227206,-0.0169777217275043,-0.315019506783031,0.9831655876207978,0.9831655876207978,24,backpack,0.9831655876207978,0,person,person|backpack|skis,True,-0.000526910839995643
24,backpack,C:\Users\maxbe\Downloads\coco\train2017\000000300758.jpg,12,rbf,kernel_herding,direct,False,0.9149405327529024,-0.0005254949110737,0.01,0.9204178495803228,0.9185190920133918,-9.713071841466192e-05,-0.0428364192659162,-0.3578559260489473,0.9580680987313148,0.9580680987313148,24,backpack,0.9580680987313148,17,horse,person|truck|horse,False,-0.0005254949110738239
24,backpack,C:\Users\maxbe\Downloads\coco\train2017\000000068866.jpg,13,rbf,kernel_herding,direct,False,0.9144112478588612,-0.0005292848940412,0.01,0.9204178495803228,0.918435436434438,-8.365557895384512e-05,-0.044562931508742,-0.4024188575576893,0.9564154095339932,0.9564154095339932,24,backpack,0.9564154095339932,28,suitcase,handbag|suitcase,False,-0.0005292848940412652
24,backpack,C:\Users\maxbe\Downloads\coco\train2017\000000004069.jpg,14,rbf,kernel_herding,direct,False,0.9138620781999112,-0.0005491696589499,0.01,0.9204178495803228,0.9183877741969714,-4.7662237466550295e-05,-0.0501507421483302,-0.4525695997060196,0.9510860449396528,0.9510860449396528,24,backpack,0.9510860449396528,0,person,person|bicycle|backpack|handbag,True,-0.0005491696589498523
24,backpack,C:\Users\maxbe\Downloads\coco\train2017\000000182710.jpg,15,rbf,kernel_herding,direct,False,0.9132886142126898,-0.0005734639872213,0.01,0.9204178495803228,0.9182570324920374,-0.0001307417049339,-0.0442722282287387,-0.4968418279347583,0.9566934830470736,0.9566934830470736,24,backpack,0.9566934830470736,0,person,person|handbag|cell phone,False,-0.000573463987221287
24,backpack,C:\Users\maxbe\Downloads\coco\train2017\000000566043.jpg,16,rbf,kernel_herding,direct,False,0.912635052865218,-0.0006535613474717,0.01,0.9204178495803228,0.9180807242437636,-0.0001763082482738,-0.047725309919791,-0.5445671378545494,0.9533956394354032,0.9533956394354032,24,backpack,0.9533956394354032,3,motorcycle,person|car|motorcycle,False,-0.00065356134747171
24,backpack,C:\Users\maxbe\Downloads\coco\train2017\000000513145.jpg,17,rbf,kernel_herding,direct,False,0.9119824865103476,-0.0006525663548704,0.01,0.9204178495803228,0.9179079066604756,-0.0001728175832879,-0.0479748771582437,-0.5925420150127931,0.9531577328066012,0.9531577328066012,24,backpack,0.9531577328066012,0,person,person|backpack|umbrella,True,-0.000652566354870337
24,backpack,C:\Users\maxbe\Downloads\coco\train2017\000000543202.jpg,18,rbf,kernel_herding,direct,False,0.9113075005370516,-0.0006749859732961,0.01,0.9204178495803228,0.9174231013178052,-0.0004848053426703,-0.019018063062581,-0.6115600780753742,0.9811616392976484,0.9811616392976484,24,backpack,0.9811616392976484,0,person,person|skis,False,-0.0006749859732961101
24,backpack,C:\Users\maxbe\Downloads\coco\train2017\000000375450.jpg,19,rbf,kernel_herding,direct,False,0.910629178059244,-0.0006783224778075,0.01,0.9204178495803228,0.917184157527278,-0.0002389437905273,-0.0439378687280167,-0.6554979468033909,0.9570134160857544,0.9570134160857544,24,backpack,0.9570134160857544,58,potted plant,person|car|motorcycle|stop sign|dog|backpack|chair|potted plant|cell phone,True,-0.0006783224778074671
24,backpack,C:\Users\maxbe\Downloads\coco\train2017\000000393553.jpg,20,rbf,kernel_herding,direct,False,0.9099236284541196,-0.0007055496051243,0.01,0.9204178495803228,0.91685369620244,-0.0003304613248378,-0.0375088280286559,-0.6930067748320469,0.9631859146494336,0.9631859146494336,24,backpack,0.9631859146494336,7,truck,person|car|truck|backpack|suitcase,True,-0.000705549605124359
24,backpack,C:\Users\maxbe\Downloads\coco\train2017\000000431627.jpg,21,rbf,kernel_herding,direct,False,0.9092129289152638,-0.0007106995388557,0.01,0.9204178495803228,0.916485292597644,-0.0003684036047959,-0.0342295934059784,-0.7272363682380253,0.9663496116661914,0.9663496116661914,24,backpack,0.9663496116661914,0,person,person|snowboard|remote,False,-0.000710699538855684
24,backpack,C:\Users\maxbe\Downloads\coco\train2017\000000171435.jpg,22,rbf,kernel_herding,direct,False,0.908490728473266,-0.0007222004419977,0.01,0.9204178495803228,0.916248365124518,-0.0002369274731259,-0.0485272968871769,-0.7757636651252022,0.9526313350798444,0.9526313350798444,24,backpack,0.9526313350798444,59,bed,dog|bed|laptop,False,-0.000722200441997669
24,backpack,C:\Users\maxbe\Downloads\coco\train2017\000000345172.jpg,23,rbf,kernel_herding,direct,False,0.9077684834211408,-0.0007222450521252,0.01,0.9204178495803228,0.915862654414974,-0.0003857107095441,-0.0336534342581098,-0.8094170993833121,0.9669065432602024,0.9669065432602024,24,backpack,0.9669065432602024,3,motorcycle,person|motorcycle|backpack,True,-0.0007222450521251981
24,backpack,C:\Users\maxbe\Downloads\coco\train2017\000000027616.jpg,24,rbf,kernel_herding,direct,False,0.9070386036338984,-0.0007298797872422,0.01,0.9204178495803228,0.9157321607426336,-0.0001304936723404,-0.0599386114901897,-0.8693557108735018,0.9418223488791369,0.9418223488791369,24,backpack,0.9418223488791369,3,motorcycle,car|motorcycle|backpack|suitcase|bottle,True,-0.000729879787242297
24,backpack,C:\Users\maxbe\Downloads\coco\train2017\000000479573.jpg,25,rbf,kernel_herding,direct,False,0.906302331120904,-0.0007362725129946,0.01,0.9204178495803228,0.9153052390895344,-0.0004269216530992,-0.0309350859895459,-0.9002907968630478,0.9695385076651578,0.9695385076651578,24,backpack,0.9695385076651578,0,person,person|cell phone,False,-0.000736272512994659
24,backpack,C:\Users\maxbe\Downloads\coco\train2017\000000303264.jpg,26,rbf,kernel_herding,direct,False,0.9055598673688634,-0.0007424637520404,0.01,0.9204178495803228,0.9147682487568112,-0.0005369903327232,-0.0205473419317179,-0.9208381387947656,0.9796623162691788,0.9796623162691788,24,backpack,0.9796623162691788,0,person,person|backpack|handbag|suitcase|cell phone,True,-0.000742463752040379
24,backpack,C:\Users\maxbe\Downloads\coco\train2017\000000022222.jpg,27,rbf,kernel_herding,direct,False,0.9048161407528746,-0.0007437266159887,0.01,0.9204178495803228,0.9143258746327768,-0.0004423741240342,-0.0301352491954518,-0.9509733879902176,0.970314290445328,0.970314290445328,24,backpack,0.970314290445328,2,car,person|car|backpack|umbrella|handbag|tie,True,-0.000743726615988718
24,backpack,C:\Users\maxbe\Downloads\coco\train2017\000000246265.jpg,28,rbf,kernel_herding,direct,False,0.904071351450388,-0.0007447893024867,0.01,0.9204178495803228,0.9139972921901603,-0.0003285824426163,-0.0416206859870428,-0.9925940739772604,0.9592335623052498,0.9592335623052498,24,backpack,0.9592335623052498,3,motorcycle,person|motorcycle|chair,False,-0.000744789302486728
24,backpack,C:\Users\maxbe\Downloads\coco\train2017\000000136979.jpg,29,rbf,kernel_herding,direct,False,0.9033164014800256,-0.0007549499703622,0.01,0.9204178495803228,0.9136518444233828,-0.0003454477667775,-0.0409502203584692,-1.0335442943357296,0.9598769110860726,0.9598769110860726,24,backpack,0.9598769110860726,5,bus,person|bicycle|car|bus|backpack|handbag,True,-0.0007549499703621921
24,backpack,C:\Users\maxbe\Downloads\coco\train2017\000000205904.jpg,30,rbf,kernel_herding,direct,False,0.9025657434020588,-0.0007506580779668,0.01,0.9204178495803228,0.9131566107693204,-0.0004952336540623,-0.0255424423904435,-1.0590867367261732,0.9747810060507088,0.9747810060507088,24,backpack,0.9747810060507088,0,person,person|handbag|tie|suitcase|cell phone,False,-0.000750658077966735
24,backpack,C:\Users\maxbe\Downloads\coco\train2017\000000510782.jpg,31,rbf,kernel_herding,direct,False,0.9018161386952802,-0.0007496047067785,0.01,0.9204178495803228,0.9127788276526436,-0.000377783116677,-0.0371821590101513,-1.0962688957363245,0.963500609044466,0.963500609044466,24,backpack,0.963500609044466,2,car,car|handbag|suitcase,False,-0.0007496047067785131
24,backpack,C:\Users\maxbe\Downloads\coco\train2017\000000226587.jpg,32,rbf,kernel_herding,direct,False,0.9010707994445912,-0.0007453392506889,0.01,0.9204178495803228,0.9124936208252232,-0.0002852068274201,-0.0460132423268819,-1.1422821380632064,0.9550293152956026,0.9550293152956026,24,backpack,0.9550293152956026,57,couch,person|chair|couch|potted plant|keyboard,False,-0.0007453392506889191
24,backpack,C:\Users\maxbe\Downloads\coco\train2017\000000042493.jpg,33,rbf,kernel_herding,direct,False,0.9003287281384862,-0.000742071306105,0.01,0.9204178495803228,0.912241039071546,-0.0002525817536773,-0.048948955242776,-1.1912310933059824,0.9522297347926106,0.9522297347926106,24,backpack,0.9522297347926106,0,person,person|bicycle|backpack,True,-0.0007420713061050601
24,backpack,C:\Users\maxbe\Downloads\coco\train2017\000000352180.jpg,34,rbf,kernel_herding,direct,False,0.8995888411020971,-0.000739887036389,0.01,0.9204178495803228,0.9117631310481176,-0.0004779080234283,-0.0261979012960629,-1.2174289946020451,0.974142286509337,0.974142286509337,24,backpack,0.974142286509337,0,person,person|traffic light|backpack|cell phone,True,-0.000739887036388929
24,backpack,C:\Users\maxbe\Downloads\coco\train2017\000000573125.jpg,35,rbf,kernel_herding,direct,False,0.8988501308616329,-0.0007387102404642,0.01,0.9204178495803228,0.9113198519793724,-0.0004432790687453,-0.0295431171718925,-1.246972111773938,0.9708890147491585,0.9708890147491585,24,backpack,0.9708890147491585,0,person,person|bicycle|car|motorcycle|truck|traffic light|cell phone|scissors,False,-0.000738710240464225
24,backpack,C:\Users\maxbe\Downloads\coco\train2017\000000270515.jpg,36,rbf,kernel_herding,direct,False,0.898116072952905,-0.0007340579087279,0.01,0.9204178495803228,0.910827095659552,-0.0004927563198203,-0.0241301588907523,-1.2711022706646902,0.9761586457613036,0.9761586457613036,24,backpack,0.9761586457613036,28,suitcase,person|suitcase|chair|couch|laptop,False,-0.000734057908727823
24,backpack,C:\Users\maxbe\Downloads\coco\train2017\000000499810.jpg,37,rbf,kernel_herding,direct,False,0.8973718963304328,-0.0007441766224721,0.01,0.9204178495803228,0.910416754155648,-0.0004103415039039,-0.0333835118568214,-1.3044857825215117,0.9671675682228386,0.9671675682228386,24,backpack,0.9671675682228386,0,person,person|backpack|suitcase,True,-0.000744176622472114
24,backpack,C:\Users\maxbe\Downloads\coco\train2017\000000356394.jpg,38,rbf,kernel_herding,direct,False,0.8966266029139175,-0.0007452934165153,0.01,0.9204178495803228,0.9099156465781296,-0.0005011075775182,-0.0244185838997161,-1.3289043664212277,0.97587713779407,0.97587713779407,24,backpack,0.97587713779407,0,person,person|bicycle|car|truck|traffic light|backpack,True,-0.000745293416515361
24,backpack,C:\Users\maxbe\Downloads\coco\train2017\000000390269.jpg,39,rbf,kernel_herding,direct,False,0.8958661083014896,-0.0007604946124278,0.01,0.9204178495803228,0.9094015239953184,-0.0005141225828114,-0.0246372029616373,-1.353541569382865,0.9756638157686351,0.9756638157686351,24,backpack,0.9756638157686351,0,person,person|backpack|skis,True,-0.000760494612427773
24,backpack,C:\Users\maxbe\Downloads\coco\train2017\000000170950.jpg,40,rbf,kernel_herding,direct,False,0.8950790755190088,-0.0007870327824808,0.01,0.9204178495803228,0.9091365827702736,-0.0002649412250446,-0.0522091557436203,-1.4057507251264854,0.9491303300200868,0.9491303300200868,24,backpack,0.9491303300200868,0,person,person|car|backpack|handbag|suitcase,True,-0.000787032782480803
24,backpack,C:\Users\maxbe\Downloads\coco\train2017\000000133210.jpg,41,rbf,kernel_herding,direct,False,0.8942867445374346,-0.0007923309815741,0.01,0.9204178495803228,0.9086369302052,-0.0004996525650736,-0.0292678416500536,-1.435018566776539,0.9711563135180576,0.9711563135180576,24,backpack,0.9711563135180576,0,person,person|backpack|handbag|suitcase|chair|cell phone,True,-0.0007923309815741359
24,backpack,C:\Users\maxbe\Downloads\coco\train2017\000000433156.jpg,42,rbf,kernel_herding,direct,False,0.893492552544487,-0.0007941919929476,0.01,0.9204178495803228,0.9085931764622756,-4.375374292431289e-05,-0.0750438250023242,-1.5100623917788631,0.9277028288580216,0.9277028288580216,24,backpack,0.9277028288580216,25,umbrella,umbrella|tv,False,-0.000794191992947555
24,backpack,C:\Users\maxbe\Downloads\coco\train2017\000000259028.jpg,43,rbf,kernel_herding,direct,False,0.8927010792909814,-0.0007914732535055,0.01,0.9204178495803228,0.9078768036325964,-0.0007163728296792,-0.0075100423826339,-1.5175724341614971,0.9925180875216848,0.9925180875216848,24,backpack,0.9925180875216848,0,person,person|backpack|skis,True,-0.0007914732535055389
24,backpack,C:\Users\maxbe\Downloads\coco\train2017\000000314092.jpg,44,rbf,kernel_herding,direct,False,0.8918806897621142,-0.0008203895288672,0.01,0.9204178495803228,0.9071384925520516,-0.0007383110805446,-0.0082078448322566,-1.5257802789937538,0.9918257475552722,0.9918257475552722,24,backpack,0.9918257475552722,0,person,person|backpack|handbag|skateboard|cell phone,True,-0.000820389528867166
24,backpack,C:\Users\maxbe\Downloads\coco\train2017\000000139518.jpg,45,rbf,kernel_herding,direct,False,0.8910579198966101,-0.0008227698655041,0.01,0.9204178495803228,0.9068357875910222,-0.0003027049610294,-0.0520064904474582,-1.577786769441212,0.9493227052927544,0.9493227052927544,24,backpack,0.9493227052927544,2,car,person|car|handbag|surfboard|cup|chair,False,-0.000822769865503982
24,backpack,C:\Users\maxbe\Downloads\coco\train2017\000000174871.jpg,46,rbf,kernel_herding,direct,False,0.8902327609366578,-0.0008251589599522,0.01,0.9204178495803228,0.906986859844783,0.0001510722537607,-0.0976231213713064,-1.6754098908125183,0.9069906647456362,0.9069906647456362,24,backpack,0.9069906647456362,16,dog,person|motorcycle|cat|dog,False,-0.000825158959952364
24,backpack,C:\Users\maxbe\Downloads\coco\train2017\000000027364.jpg,47,rbf,kernel_herding,direct,False,0.8894076546026181,-0.0008251063340397,0.01,0.9204178495803228,0.906567956977612,-0.000418902867171,-0.0406203466868686,-1.716030237499387,0.9601936014380504,0.9601936014380504,24,backpack,0.9601936014380504,0,person,person|skis,False,-0.000825106334039686
24,backpack,C:\Users\maxbe\Downloads\coco\train2017\000000331426.jpg,48,rbf,kernel_herding,direct,False,0.8885732845213155,-0.0008343700813026,0.01,0.9204178495803228,0.905910886728988,-0.000657070248624,-0.0177299832678524,-1.7337602207672396,0.9824262680771304,0.9824262680771304,24,backpack,0.9824262680771304,28,suitcase,person|backpack|suitcase,True,-0.000834370081302524
24,backpack,C:\Users\maxbe\Downloads\coco\train2017\000000045396.jpg,49,rbf,kernel_herding,direct,False,0.8877394153907138,-0.0008338691306016,0.01,0.9204178495803228,0.90570214965599,-0.0002087370729979,-0.0625132057603768,-1.7962734265276163,0.9394006572305862,0.9394006572305862,24,backpack,0.9394006572305862,59,bed,chair|couch|bed,False,-0.000833869130601668
24,backpack,C:\Users\maxbe\Downloads\coco\train2017\000000131299.jpg,50,rbf,kernel_herding,direct,False,0.8869078274195437,-0.0008315879711701,0.01,0.9204178495803228,0.9053982462546396,-0.0003039034013502,-0.0527684569819841,-1.8490418835096003,0.9485996286759314,0.9485996286759314,24,backpack,0.9485996286759314,2,car,person|car|truck|backpack|skis,True,-0.000831587971170041
24,backpack,C:\Users\maxbe\Downloads\coco\train2017\000000538517.jpg,51,rbf,kernel_herding,direct,False,0.8860474182472651,-0.0008604091722785,0.01,0.9204178495803228,0.9053165286528444,-8.171760179542797e-05,-0.0778691570483229,-1.9269110405579235,0.925085459536289,0.925085459536289,24,backpack,0.925085459536289,0,person,person|backpack|handbag|cell phone,True,-0.000860409172278657
24,backpack,C:\Users\maxbe\Downloads\coco\train2017\000000559470.jpg,52,rbf,kernel_herding,direct,False,0.8851852295904884,-0.0008621886567766,0.01,0.9204178495803228,0.9050912480902764,-0.0002252805625679,-0.0636908094208634,-1.990601849978787,0.9382950666794716,0.9382950666794716,24,backpack,0.9382950666794716,0,person,person|backpack|handbag|suitcase,True,-0.000862188656776534
24,backpack,C:\Users\maxbe\Downloads\coco\train2017\000000292146.jpg,53,rbf,kernel_herding,direct,False,0.884312995821441,-0.0008722337690474,0.01,0.9204178495803228,0.9047254165357278,-0.0003658315545485,-0.0506402214498973,-2.0412420714286843,0.950620621923404,0.950620621923404,24,backpack,0.950620621923404,1,bicycle,person|bicycle|car|stop sign|backpack,True,-0.0008722337690474731
24,backpack,C:\Users\maxbe\Downloads\coco\train2017\000000254167.jpg,54,rbf,kernel_herding,direct,False,0.8834325750273365,-0.0008804207941044,0.01,0.9204178495803228,0.904629528978768,-9.588755695988382e-05,-0.0784533237144608,-2.119695395143145,0.9245452132597948,0.9245452132597948,24,backpack,0.9245452132597948,0,person,person|backpack|handbag|scissors,True,-0.0008804207941044918
24,backpack,C:\Users\maxbe\Downloads\coco\train2017\000000062995.jpg,55,rbf,kernel_herding,direct,False,0.8825493921199369,-0.0008831829073996,0.01,0.9204178495803228,0.9044774553517648,-0.000152073627003,-0.0731109280396479,-2.192806323182793,0.9294977169462344,0.9294977169462344,24,backpack,0.9294977169462344,7,truck,person|truck|traffic light|backpack,True,-0.0008831829073994791
24,backpack,C:\Users\maxbe\Downloads\coco\train2017\000000205963.jpg,56,rbf,kernel_herding,direct,False,0.8816636116815104,-0.0008857804384264,0.01,0.9204178495803228,0.9036877008384916,-0.0007897545132731,-0.0096025925153361,-2.202408915698129,0.9904433651532738,0.9904433651532738,24,backpack,0.9904433651532738,0,person,person|train|suitcase,False,-0.000885780438426461
24,backpack,C:\Users\maxbe\Downloads\coco\train2017\000000375492.jpg,57,rbf,kernel_herding,direct,False,0.8807668399914927,-0.0008967716900176,0.01,0.9204178495803228,0.9035274760524412,-0.0001602247860504,-0.0736546903967208,-2.27606360609485,0.9289924284676506,0.9289924284676506,24,backpack,0.9289924284676506,0,person,person|skis|snowboard,False,-0.0008967716900176081
24,backpack,C:\Users\maxbe\Downloads\coco\train2017\000000072567.jpg,58,rbf,kernel_herding,direct,False,0.8798694348026604,-0.0008974051888323,0.01,0.9204178495803228,0.9035534269141616,2.5950861720414053e-05,-0.0923356050552719,-2.368399211150122,0.9117990938047628,0.9117990938047628,24,backpack,0.9117990938047628,0,person,person|backpack|tie,True,-0.0008974051888323049
24,backpack,C:\Users\maxbe\Downloads\coco\train2017\000000578225.jpg,59,rbf,kernel_herding,direct,False,0.8789640454147032,-0.0009053893879572,0.01,0.9204178495803228,0.9035206328704825,-3.279404367928507e-05,-0.0872595344277983,-2.4556587455779204,0.9164392172368132,0.9164392172368132,24,backpack,0.9164392172368132,57,couch,backpack|handbag|couch|tv,True,-0.000905389387957268
24,backpack,C:\Users\maxbe\Downloads\coco\train2017\000000514930.jpg,60,rbf,kernel_herding,direct,False,0.87805847617955,-0.0009055692351531,0.01,0.9204178495803228,0.903332827803342,-0.0001878050671404,-0.0717764168012633,-2.5274351623791835,0.9307389701445103,0.9307389701445103,24,backpack,0.9307389701445103,0,person,person|remote,False,-0.0009055692351530331
24,backpack,C:\Users\maxbe\Downloads\coco\train2017\000000464725.jpg,61,rbf,kernel_herding,direct,False,0.8771431838835606,-0.0009152922959894,0.01,0.9204178495803228,0.9033853567348158,5.252893147389415e-05,-0.0967821227463362,-2.62421728512552,0.9077537634850672,0.9077537634850672,24,backpack,0.9077537634850672,0,person,person|backpack|cell phone,True,-0.0009152922959894679
24,backpack,C:\Users\maxbe\Downloads\coco\train2017\000000332221.jpg,62,rbf,kernel_herding,direct,False,0.8762194834353744,-0.0009237004481862,0.01,0.9204178495803228,0.903139814930107,-0.0002455418047088,-0.0678158643477396,-2.6920331494732594,0.934432520077358,0.934432520077358,24,backpack,0.934432520077358,3,motorcycle,person|motorcycle|traffic light|umbrella|handbag,False,-0.000923700448186196
24,backpack,C:\Users\maxbe\Downloads\coco\train2017\000000015663.jpg,63,rbf,kernel_herding,direct,False,0.8752871631166774,-0.0009323203186969,0.01,0.9204178495803228,0.9026333021730936,-0.0005065127570134,-0.0425807561683596,-2.734613905641619,0.9583130727031748,0.9583130727031748,24,backpack,0.9583130727031748,5,bus,person|bicycle|car|bus|traffic light|backpack,True,-0.000932320318696996
24,backpack,C:\Users\maxbe\Downloads\coco\train2017\000000551906.jpg,64,rbf,kernel_herding,direct,False,0.8743256576265291,-0.0009615054901482,0.01,0.9204178495803228,0.9025316281168716,-0.0001016740562218,-0.0859831433926376,-2.8205970490342565,0.9176096988751904,0.9176096988751904,24,backpack,0.9176096988751904,0,person,person|bicycle|traffic light|dog|surfboard,False,-0.000961505490148176
24,backpack,C:\Users\maxbe\Downloads\coco\train2017\000000526172.jpg,65,rbf,kernel_herding,direct,False,0.8733581255313159,-0.0009675320952132,0.01,0.9204178495803228,0.902413801247796,-0.0001178268690757,-0.0849705226137425,-2.905567571647999,0.918539360140906,0.918539360140906,24,backpack,0.918539360140906,3,motorcycle,person|car|motorcycle|bus|handbag,False,-0.0009675320952131249
24,backpack,C:\Users\maxbe\Downloads\coco\train2017\000000420769.jpg,66,rbf,kernel_herding,direct,False,0.8723833821221391,-0.0009747434091768,0.01,0.9204178495803228,0.9016036009985764,-0.0008102002492194,-0.0164543159957493,-2.9220218876437487,0.9836803168189786,0.9836803168189786,24,backpack,0.9836803168189786,0,person,person|backpack,True,-0.000974743409176893
24,backpack,C:\Users\maxbe\Downloads\coco\train2017\000000370602.jpg,67,rbf,kernel_herding,direct,False,0.8714142608632096,-0.0009691212589294,0.01,0.9204178495803228,0.9015125915856302,-9.100941294626352e-05,-0.0878111845983144,-3.009833072242063,0.9159338028051522,0.9159338028051522,24,backpack,0.9159338028051522,5,bus,person|car|bus|handbag,False,-0.0009691212589294075
24,backpack,C:\Users\maxbe\Downloads\coco\train2017\000000379261.jpg,68,rbf,kernel_herding,direct,False,0.8704345802130522,-0.0009796806501574,0.01,0.9204178495803228,0.9010604525982632,-0.0004521389873669,-0.0527541662790463,-3.0625872385211093,0.9486131849282956,0.9486131849282956,24,backpack,0.9486131849282956,0,person,person|backpack|cell phone,True,-0.000979680650157363
24,backpack,C:\Users\maxbe\Downloads\coco\train2017\000000074354.jpg,69,rbf,kernel_herding,direct,False,0.8694504387356264,-0.0009841414774257,0.01,0.9204178495803228,0.9009452119315396,-0.0001152406667236,-0.0868900810702163,-3.149477319591325,0.9167778613353892,0.9167778613353892,24,backpack,0.9167778613353892,0,person,person|backpack|snowboard,True,-0.000984141477425763
24,backpack,C:\Users\maxbe\Downloads\coco\train2017\000000554373.jpg,70,rbf,kernel_herding,direct,False,0.8684642756641475,-0.0009861630714789,0.01,0.9204178495803228,0.9002430199723145,-0.0007021919592251,-0.0283971112253662,-3.177874430816692,0.9720022971257488,0.9720022971257488,24,backpack,0.9720022971257488,0,person,person|snowboard,False,-0.0009861630714787621
24,backpack,C:\Users\maxbe\Downloads\coco\train2017\000000385098.jpg,71,rbf,kernel_herding,direct,False,0.8674726480306728,-0.0009916276334747,0.01,0.9204178495803228,0.8998857089785341,-0.0003573109937803,-0.0634316639694463,-3.2413060947861383,0.9385382530870536,0.9385382530870536,24,backpack,0.9385382530870536,28,suitcase,person|backpack|handbag|suitcase,True,-0.000991627633474763
24,backpack,C:\Users\maxbe\Downloads\coco\train2017\000000338086.jpg,72,rbf,kernel_herding,direct,False,0.8664708129763168,-0.001001835054356,0.01,0.9204178495803228,0.8997602469737509,-0.0001254620047832,-0.0876373049572705,-3.328943399743409,0.9160930788930374,0.9160930788930374,24,backpack,0.9160930788930374,17,horse,person|car|bus|horse,False,-0.0010018350543559052
24,backpack,C:\Users\maxbe\Downloads\coco\train2017\000000230454.jpg,73,rbf,kernel_herding,direct,False,0.86545537781886,-0.0010154351574568,0.01,0.9204178495803228,0.899729713998585,-3.0532975165864507e-05,-0.0984902182290996,-3.4274336179725085,0.9062045568552808,0.9062045568552808,24,backpack,0.9062045568552808,25,umbrella,person|umbrella|suitcase,False,-0.0010154351574568606
24,backpack,C:\Users\maxbe\Downloads\coco\train2017\000000150559.jpg,74,rbf,kernel_herding,direct,False,0.8644287919821079,-0.001026585836752,0.01,0.9204178495803228,0.8995309807778789,-0.0001987332207061,-0.0827852616045958,-3.510218879577104,0.9205488031690884,0.9205488031690884,24,backpack,0.9205488031690884,0,person,person|bicycle|car|truck|handbag|cell phone,False,-0.001026585836752058
24,backpack,C:\Users\maxbe\Downloads\coco\train2017\000000007253.jpg,75,rbf,kernel_herding,direct,False,0.8633999173122,-0.0010288746699078,0.01,0.9204178495803228,0.8995638481789433,3.286740106445141e-05,-0.1061742070972245,-3.616393086674329,0.8992679755649384,0.8992679755649384,24,backpack,0.8992679755649384,3,motorcycle,person|motorcycle,False,-0.0010288746699077937
24,backpack,C:\Users\maxbe\Downloads\coco\train2017\000000401868.jpg,76,rbf,kernel_herding,direct,False,0.8623645274499699,-0.00103538986223,0.01,0.9204178495803228,0.899119486033249,-0.0004443621456943,-0.059102771653574,-3.675495858327903,0.942609890600868,0.942609890600868,24,backpack,0.942609890600868,59,bed,backpack|handbag|potted plant|bed|toothbrush,True,-0.00103538986223004
24,backpack,C:\Users\maxbe\Downloads\coco\train2017\000000483462.jpg,77,rbf,kernel_herding,direct,False,0.8613276373741421,-0.0010368900758278,0.01,0.9204178495803228,0.8984372664920072,-0.0006822195412418,-0.0354670534586005,-3.710962911786503,0.9651545322089332,0.9651545322089332,24,backpack,0.9651545322089332,0,person,person|snowboard,False,-0.0010368900758278051
24,backpack,C:\Users\maxbe\Downloads\coco\train2017\000000393258.jpg,78,rbf,kernel_herding,direct,False,0.8602776902391994,-0.0010499471349426,0.01,0.9204178495803228,0.8981937432830076,-0.0002435232089995,-0.0806423925943118,-3.791605304380815,0.9225235337106512,0.9225235337106512,24,backpack,0.9225235337106512,28,suitcase,suitcase,False,-0.001049947134942618
24,backpack,C:\Users\maxbe\Downloads\coco\train2017\000000287084.jpg,79,rbf,kernel_herding,direct,False,0.8592256308463715,-0.0010520593928279,0.01,0.9204178495803228,0.8981844351714687,-9.308111538874895e-06,-0.1042751281289098,-3.895880432509725,0.9009773790966152,0.9009773790966152,24,backpack,0.9009773790966152,37,surfboard,person|surfboard,False,-0.0010520593928279728
24,backpack,C:\Users\maxbe\Downloads\coco\train2017\000000270109.jpg,80,rbf,kernel_herding,direct,False,0.8581551494666956,-0.0010704813796759,0.01,0.9204178495803228,0.8980453936426608,-0.0001390415288079,-0.0931439850867926,-3.989024417596517,0.9110623114647598,0.9110623114647598,24,backpack,0.9110623114647598,0,person,person|car|traffic light|handbag|snowboard,False,-0.001070481379675826
24,backpack,C:\Users\maxbe\Downloads\coco\train2017\000000117683.jpg,81,rbf,kernel_herding,direct,False,0.8570820547089286,-0.0010730947577669,0.01,0.9204178495803228,0.8978607555466175,-0.0001846380960432,-0.0888456661723741,-4.077870083768891,0.9149867760883904,0.9149867760883904,24,backpack,0.9149867760883904,28,suitcase,handbag|suitcase|cup,False,-0.0010730947577669411
24,backpack,C:\Users\maxbe\Downloads\coco\train2017\000000109182.jpg,82,rbf,kernel_herding,direct,False,0.8560083633658209,-0.0010736913431077,0.01,0.9204178495803228,0.8975364091985902,-0.0003243463480272,-0.0749344995080492,-4.15280458327694,0.9278042559725106,0.9278042559725106,24,backpack,0.9278042559725106,0,person,person|backpack|skis,True,-0.001073691343107692
24,backpack,C:\Users\maxbe\Downloads\coco\train2017\000000207074.jpg,83,rbf,kernel_herding,direct,False,0.8549215219046893,-0.0010868414611315,0.01,0.9204178495803228,0.8978238957055352,0.0002874865069449,-0.1374327968076582,-4.290237380084599,0.8715929218547991,0.8715929218547991,24,backpack,0.8715929218547991,9,traffic light,person|bicycle|car|traffic light|backpack|tie,True,-0.0010868414611316817
24,backpack,C:\Users\maxbe\Downloads\coco\train2017\000000117849.jpg,84,rbf,kernel_herding,direct,False,0.8538329179973009,-0.0010886039073884,0.01,0.9204178495803228,0.8969517374248367,-0.0008721582806985,-0.0216445626689858,-4.311881942753584,0.9785879999490998,0.9785879999490998,24,backpack,0.9785879999490998,0,person,person|skis,False,-0.001088603907388358
24,backpack,C:\Users\maxbe\Downloads\coco\train2017\000000468456.jpg,85,rbf,kernel_herding,direct,False,0.8527330405360397,-0.0010998774612611,0.01,0.9204178495803228,0.8968251081423776,-0.0001266292824591,-0.0973248178802063,-4.409206760633791,0.907261263585608,0.907261263585608,24,backpack,0.907261263585608,0,person,person|umbrella|handbag,False,-0.001099877461261163
24,backpack,C:\Users\maxbe\Downloads\coco\train2017\000000121929.jpg,86,rbf,kernel_herding,direct,False,0.8516259062376567,-0.001107134298383,0.01,0.9204178495803228,0.8966687084108201,-0.0001563997315574,-0.0950734566825602,-4.504280217316351,0.9093061374016308,0.9093061374016308,24,backpack,0.9093061374016308,0,person,person|bicycle|traffic light|stop sign|backpack,True,-0.001107134298383002
24,backpack,C:\Users\maxbe\Downloads\coco\train2017\000000437759.jpg,87,rbf,kernel_herding,direct,False,0.8505181322771105,-0.0011077739605461,0.01,0.9204178495803228,0.8956636405344702,-0.0010050678763499,-0.0102706084196274,-4.514550825735979,0.9897819541741736,0.9897819541741736,24,backpack,0.9897819541741736,0,person,person|backpack|skis,True,-0.0011077739605461741
24,backpack,C:\Users\maxbe\Downloads\coco\train2017\000000519193.jpg,88,rbf,kernel_herding,direct,False,0.8494119008101882,-0.0011062314669222,0.01,0.9204178495803228,0.8953191590654174,-0.0003444814690528,-0.0761749997869305,-4.5907258255229095,0.9266540281107214,0.9266540281107214,24,backpack,0.9266540281107214,0,person,person|tv|remote|cell phone,False,-0.001106231466922105
24,backpack,C:\Users\maxbe\Downloads\coco\train2017\000000208963.jpg,89,rbf,kernel_herding,direct,False,0.8483014197378063,-0.0011104810723819,0.01,0.9204178495803228,0.8952295904290285,-8.956863638887036e-05,-0.1020912435993144,-4.692817069122224,0.9029471597602196,0.9029471597602196,24,backpack,0.9029471597602196,0,person,person|umbrella|suitcase|cell phone,False,-0.0011104810723820144
24,backpack,C:\Users\maxbe\Downloads\coco\train2017\000000423588.jpg,90,rbf,kernel_herding,direct,False,0.847191460230939,-0.0011099595068672,0.01,0.9204178495803228,0.8949136436906873,-0.0003159467383412,-0.0794012768525932,-4.772218345974817,0.9236692029974772,0.9236692029974772,24,backpack,0.9236692029974772,0,person,person|backpack|skis|snowboard,True,-0.001109959506867132
24,backpack,C:\Users\maxbe\Downloads\coco\train2017\000000376628.jpg,91,rbf,kernel_herding,direct,False,0.8460788806660756,-0.0011125795648634,0.01,0.9204178495803228,0.8947997370410733,-0.0001139066496139,-0.099867291524949,-4.872085637499766,0.9049575055970186,0.9049575055970186,24,backpack,0.9049575055970186,3,motorcycle,person|car|motorcycle,False,-0.00111257956486339
24,backpack,C:\Users\maxbe\Downloads\coco\train2017\000000134703.jpg,92,rbf,kernel_herding,direct,False,0.8449712623995862,-0.0011076182664894,0.01,0.9204178495803228,0.8938059797097645,-0.0009937573313087,-0.0113860935180629,-4.883471731017829,0.9886784827209936,0.9886784827209936,24,backpack,0.9886784827209936,0,person,person|backpack|skis|snowboard,True,-0.001107618266489329
24,backpack,C:\Users\maxbe\Downloads\coco\train2017\000000183847.jpg,93,rbf,kernel_herding,direct,False,0.8438486901135691,-0.001122572286017,0.01,0.9204178495803228,0.8929542389769214,-0.0008517407328431,-0.027083155317402,-4.91055488633523,0.9732803047255602,0.9732803047255602,24,backpack,0.9732803047255602,0,person,person|skis,False,-0.00112257228601712
24,backpack,C:\Users\maxbe\Downloads\coco\train2017\000000561203.jpg,94,rbf,kernel_herding,direct,False,0.842728322400034,-0.001120367713535,0.01,0.9204178495803228,0.8927281505529937,-0.0002260884239276,-0.089427928960739,-4.9999828152959696,0.9144541684106908,0.9144541684106908,24,backpack,0.9144541684106908,0,person,person|skis,False,-0.00112036771353499
24,backpack,C:\Users\maxbe\Downloads\coco\train2017\000000146700.jpg,95,rbf,kernel_herding,direct,False,0.8416035109867478,-0.0011248114132862,0.01,0.9204178495803228,0.8925878523383717,-0.000140298214622,-0.098451319866417,-5.098434135162386,0.906239807414388,0.906239807414388,24,backpack,0.906239807414388,28,suitcase,backpack|suitcase,True,-0.00112481141328617
24,backpack,C:\Users\maxbe\Downloads\coco\train2017\000000414706.jpg,96,rbf,kernel_herding,direct,False,0.8404665976954431,-0.0011369132913047,0.01,0.9204178495803228,0.891925092760997,-0.0006627595773747,-0.0474153713930005,-5.145849506555387,0.9536911792725636,0.9536911792725636,24,backpack,0.9536911792725636,0,person,person|backpack|skis|snowboard|teddy bear,True,-0.001136913291304705
24,backpack,C:\Users\maxbe\Downloads\coco\train2017\000000547962.jpg,97,rbf,kernel_herding,direct,False,0.8393349602992451,-0.0011316373961979,0.01,0.9204178495803228,0.8915748560394118,-0.0003502367215851,-0.078140067461276,-5.223989574016663,0.9248348781965084,0.9248348781965084,24,backpack,0.9248348781965084,25,umbrella,person|backpack|umbrella|handbag,True,-0.0011316373961978601
24,backpack,C:\Users\maxbe\Downloads\coco\train2017\000000273665.jpg,98,rbf,kernel_herding,direct,False,0.8382034358853693,-0.0011315244138758,0.01,0.9204178495803228,0.8913338157926965,-0.0002410402467152,-0.0890484167160608,-5.313037990732724,0.91480128082734,0.91480128082734,24,backpack,0.91480128082734,0,person,person|bicycle|chair,False,-0.001131524413875808
24,backpack,C:\Users\maxbe\Downloads\coco\train2017\000000013802.jpg,99,rbf,kernel_herding,direct,False,0.8370570393755332,-0.001146396509836,0.01,0.9204178495803228,0.89076134948557,-0.0005724663071265,-0.0573930202709473,-5.370431011003671,0.9442228976922192,0.9442228976922192,24,backpack,0.9442228976922192,0,person,person|skis,False,-0.001146396509835973
24,backpack,C:\Users\maxbe\Downloads\coco\train2017\000000577206.jpg,100,rbf,kernel_herding,direct,False,0.8359124596950784,-0.0011445796804547,0.01,0.9204178495803228,0.8897384032562727,-0.0010229462292972,-0.012163345115759,-5.38259435611943,0.9879103293535776,0.9879103293535776,24,backpack,0.9879103293535776,0,person,person|backpack|skis,True,-0.00114457968045479
24,backpack,C:\Users\maxbe\Downloads\coco\train2017\000000514693.jpg,101,rbf,kernel_herding,direct,False,0.8347567476385431,-0.0011557120565353,0.01,0.9204178495803228,0.8895649633769048,-0.0001734398793679,-0.0982272177167405,-5.48082157383617,0.9064429204615374,0.9064429204615374,24,backpack,0.9064429204615374,0,person,person|bicycle|car|fire hydrant|backpack,True,-0.001155712056535305
24,backpack,C:\Users\maxbe\Downloads\coco\train2017\000000546959.jpg,102,rbf,kernel_herding,direct,False,0.8335979707698548,-0.0011587768686883,0.01,0.9204178495803228,0.8893180195721275,-0.0002469438047772,-0.0911833063911056,-5.572004880227276,0.9128503642549886,0.9128503642549886,24,backpack,0.9128503642549886,31,snowboard,person|snowboard,False,-0.0011587768686882561
24,backpack,C:\Users\maxbe\Downloads\coco\train2017\000000043872.jpg,103,rbf,kernel_herding,direct,False,0.83243337903902,-0.0011645917308347,0.01,0.9204178495803228,0.8884000398701689,-0.0009179797019586,-0.0246612028876145,-5.59666608311489,0.9756404001902652,0.9756404001902652,24,backpack,0.9756404001902652,0,person,person|backpack|snowboard,True,-0.0011645917308347451
24,backpack,C:\Users\maxbe\Downloads\coco\train2017\000000403520.jpg,104,rbf,kernel_herding,direct,False,0.8312660413443084,-0.0011673376947116,0.01,0.9204178495803228,0.8881809726691474,-0.0002190672010214,-0.094827049369015,-5.691493132483905,0.909530224691378,0.909530224691378,24,backpack,0.909530224691378,0,person,person|snowboard,False,-0.0011673376947115499
24,backpack,C:\Users\maxbe\Downloads\coco\train2017\000000440204.jpg,105,rbf,kernel_herding,direct,False,0.8300959675638245,-0.0011700737804838,0.01,0.9204178495803228,0.887581579290976,-0.0005993933781713,-0.0570680402312435,-5.748561172715148,0.9445298011530492,0.9445298011530492,24,backpack,0.9445298011530492,0,person,person|backpack|skis,True,-0.001170073780483735
24,backpack,C:\Users\maxbe\Downloads\coco\train2017\000000426040.jpg,106,rbf,kernel_herding,direct,False,0.8289292910120147,-0.0011666765518097,0.01,0.9204178495803228,0.887334855811477,-0.000246723479499,-0.091995307231076,-5.840556479946224,0.9121094298528348,0.9121094298528348,24,backpack,0.9121094298528348,24,backpack,backpack|handbag|cell phone|book|toothbrush,True,-0.00116667655180976
24,backpack,C:\Users\maxbe\Downloads\coco\train2017\000000095034.jpg,107,rbf,kernel_herding,direct,False,0.8277543691381544,-0.0011749218738603,0.01,0.9204178495803228,0.8875113978145973,0.0001765420031203,-0.1351463876980742,-5.975702867644299,0.8735880197870804,0.8735880197870804,24,backpack,0.8735880197870804,37,surfboard,person|surfboard,False,-0.001174921873860442
24,backpack,C:\Users\maxbe\Downloads\coco\train2017\000000336427.jpg,108,rbf,kernel_herding,direct,False,0.8265735196379206,-0.0011808495002337,0.01,0.9204178495803228,0.8869363242693746,-0.0005750735452226,-0.0605775955011056,-6.036280463145404,0.9412207316894318,0.9412207316894318,24,backpack,0.9412207316894318,0,person,person|skis,False,-0.001180849500233656
24,backpack,C:\Users\maxbe\Downloads\coco\train2017\000000469010.jpg,109,rbf,kernel_herding,direct,False,0.8253951458221719,-0.0011783738157487,0.01,0.9204178495803228,0.886868678323585,-6.764594578967387e-05,-0.1110727869959058,-6.14735325014131,0.8948736113955882,0.8948736113955882,24,backpack,0.8948736113955882,0,person,person|bicycle|bus|backpack|umbrella|handbag,True,-0.001178373815748732
24,backpack,C:\Users\maxbe\Downloads\coco\train2017\000000500896.jpg,110,rbf,kernel_herding,direct,False,0.824191859719124,-0.0012032861030478,0.01,0.9204178495803228,0.8865137488764697,-0.0003549294471152,-0.0848356655932582,-6.232188915734568,0.9186632399750572,0.9186632399750572,24,backpack,0.9186632399750572,0,person,person|backpack|skis,True,-0.001203286103047782
24,backpack,C:\Users\maxbe\Downloads\coco\train2017\000000289005.jpg,111,rbf,kernel_herding,direct,False,0.8229817344998189,-0.001210125219305,0.01,0.9204178495803228,0.8863894133281551,-0.0001243355483145,-0.1085789670990476,-6.340767882833616,0.8971080499985622,0.8971080499985622,24,backpack,0.8971080499985622,3,motorcycle,car|motorcycle|traffic light,False,-0.0012101252193049761
24,backpack,C:\Users\maxbe\Downloads\coco\train2017\000000081961.jpg,112,rbf,kernel_herding,direct,False,0.8217626188381806,-0.0012191156616383,0.01,0.9204178495803228,0.8853485338952338,-0.0010408794329213,-0.0178236228717029,-6.358591505705318,0.982334278377582,0.982334278377582,24,backpack,0.982334278377582,0,person,person|backpack|skis,True,-0.001219115661638329
24,backpack,C:\Users\maxbe\Downloads\coco\train2017\000000416978.jpg,113,rbf,kernel_herding,direct,False,0.820542397848167,-0.0012202209900136,0.01,0.9204178495803228,0.8852336852686455,-0.0001148486265882,-0.1105372363425414,-6.469128742047859,0.8953529898971273,0.8953529898971273,24,backpack,0.8953529898971273,0,person,person|bicycle|umbrella|handbag|tie|carrot|chair,False,-0.001220220990013614
24,backpack,C:\Users\maxbe\Downloads\coco\train2017\000000103747.jpg,114,rbf,kernel_herding,direct,False,0.819319240541514,-0.001223157306653,0.01,0.9204178495803228,0.8844322960147695,-0.000801389253876,-0.0421768052776915,-6.51130554732555,0.9587002623199627,0.9587002623199627,24,backpack,0.9587002623199627,0,person,person|skis,False,-0.001223157306652915
24,backpack,C:\Users\maxbe\Downloads\coco\train2017\000000457400.jpg,115,rbf,kernel_herding,direct,False,0.8180622267161847,-0.0012570138253292,0.01,0.9204178495803228,0.884599807477732,0.0001675114629625,-0.1424525288291869,-6.6537580761547375,0.867228721676896,0.867228721676896,24,backpack,0.867228721676896,59,bed,person|backpack|bed|laptop|cell phone|book,True,-0.001257013825329369
24,backpack,C:\Users\maxbe\Downloads\coco\train2017\000000487435.jpg,116,rbf,kernel_herding,direct,False,0.8168049310656734,-0.0012572956505112,0.01,0.9204178495803228,0.8844173024991185,-0.0001825049786134,-0.1074790671897782,-6.761237143344516,0.8980953219119737,0.8980953219119737,24,backpack,0.8980953219119737,0,person,person|skis,False,-0.001257295650511182
24,backpack,C:\Users\maxbe\Downloads\coco\train2017\000000189368.jpg,117,rbf,kernel_herding,direct,False,0.8155484467325349,-0.0012564843331385,0.01,0.9204178495803228,0.8836765373989369,-0.0007407651001816,-0.0515719232956909,-6.812809066640207,0.9497353394090244,0.9497353394090244,24,backpack,0.9497353394090244,0,person,person|backpack|skis,True,-0.001256484333138509
24,backpack,C:\Users\maxbe\Downloads\coco\train2017\000000559773.jpg,118,rbf,kernel_herding,direct,False,0.8142920244435502,-0.0012564222889847,0.01,0.9204178495803228,0.8836460920403225,-3.0445358614406004e-05,-0.1225976930370253,-6.935406759677232,0.8846194795574033,0.8846194795574033,24,backpack,0.8846194795574033,0,person,person|skis|chair,False,-0.001256422288984659
24,backpack,C:\Users\maxbe\Downloads\coco\train2017\000000352767.jpg,119,rbf,kernel_herding,direct,False,0.8130174879650682,-0.0012745364784819,0.01,0.9204178495803228,0.8835734086461187,-7.268339420385406e-05,-0.120185308427817,-7.055592068105049,0.8867560981115652,0.8867560981115652,24,backpack,0.8867560981115652,0,person,person|bench|skateboard|bottle,False,-0.0012745364784820241
24,backpack,C:\Users\maxbe\Downloads\coco\train2017\000000161963.jpg,120,rbf,kernel_herding,direct,False,0.8117421171305014,-0.0012753708345668,0.01,0.9204178495803228,0.8825820395366167,-0.0009913691095019,-0.0284001725064846,-7.083992240611534,0.9719993215580242,0.9719993215580242,24,backpack,0.9719993215580242,0,person,person|backpack|skis,True,-0.0012753708345667459
24,backpack,C:\Users\maxbe\Downloads\coco\train2017\000000529661.jpg,121,rbf,kernel_herding,direct,False,0.8104698103966642,-0.0012723067338371,0.01,0.9204178495803228,0.8827720795830096,0.0001900400463928,-0.1462346780230081,-7.230226918634542,0.863954928156644,0.863954928156644,24,backpack,0.863954928156644,0,person,person|bottle|chair|dining table|laptop|cell phone,False,-0.001272306733837281
24,backpack,C:\Users\maxbe\Downloads\coco\train2017\000000160968.jpg,122,rbf,kernel_herding,direct,False,0.8091944549693743,-0.0012753554272899,0.01,0.9204178495803228,0.8828692278287698,9.714824576012582e-05,-0.137250367305006,-7.367477285939548,0.8717519406224647,0.8717519406224647,24,backpack,0.8717519406224647,0,person,person|horse|tie|cell phone,False,-0.0012753554272899343
24,backpack,C:\Users\maxbe\Downloads\coco\train2017\000000158747.jpg,123,rbf,kernel_herding,direct,False,0.8079193942280696,-0.0012750607413046,0.01,0.9204178495803228,0.8820611469304174,-0.0008080808983523,-0.0466979842952311,-7.414175270234779,0.954375590484365,0.954375590484365,24,backpack,0.954375590484365,0,person,person|backpack|skis,True,-0.001275060741304611
24,backpack,C:\Users\maxbe\Downloads\coco\train2017\000000436078.jpg,124,rbf,kernel_herding,direct,False,0.8066462585858233,-0.0012731356422462,0.01,0.9204178495803228,0.8819980162026287,-6.313072778862949e-05,-0.1210004914457682,-7.535175761680547,0.8860335241543427,0.8860335241543427,24,backpack,0.8860335241543427,17,horse,person|dog|horse|chair|dining table,False,-0.0012731356422463116
24,backpack,C:\Users\maxbe\Downloads\coco\train2017\000000244032.jpg,125,rbf,kernel_herding,direct,False,0.8053660582576155,-0.0012802003282077,0.01,0.9204178495803228,0.8818470157778616,-0.0001510004247671,-0.1129199903440631,-7.64809575202461,0.8932221236508795,0.8932221236508795,24,backpack,0.8932221236508795,0,person,person|bicycle|car|handbag,False,-0.001280200328207731
24,backpack,C:\Users\maxbe\Downloads\coco\train2017\000000054130.jpg,126,rbf,kernel_herding,direct,False,0.8040819432796007,-0.0012841149780148,0.01,0.9204178495803228,0.881428859785163,-0.0004181559926985,-0.0865958985316316,-7.7346916505562415,0.9170476010483668,0.9170476010483668,24,backpack,0.9170476010483668,0,person,person|backpack|skis,True,-0.001284114978014816
24,backpack,C:\Users\maxbe\Downloads\coco\train2017\000000199142.jpg,127,rbf,kernel_herding,direct,False,0.8027939391690009,-0.0012880041105998,0.01,0.9204178495803228,0.881452023857119,2.316407195590564e-05,-0.1311168182555633,-7.865808468811805,0.8771153053251353,0.8771153053251353,24,backpack,0.8771153053251353,0,person,person|kite,False,-0.0012880041105997272
24,backpack,C:\Users\maxbe\Downloads\coco\train2017\000000089355.jpg,128,rbf,kernel_herding,direct,False,0.8015024499326666,-0.0012914892363342,0.01,0.9204178495803228,0.8814974234852698,4.539962815086618e-05,-0.1336888864485127,-7.999497355260318,0.8748622037543222,0.8748622037543222,24,backpack,0.8748622037543222,0,person,person|surfboard,False,-0.0012914892363342608
24,backpack,C:\Users\maxbe\Downloads\coco\train2017\000000417264.jpg,129,rbf,kernel_herding,direct,False,0.8002111142480957,-0.0012913356845709,0.01,0.9204178495803228,0.8808447577221643,-0.0006526657631055,-0.0638669921465401,-8.063364347406859,0.9381297698587846,0.9381297698587846,24,backpack,0.9381297698587846,0,person,person|backpack|skis,True,-0.001291335684570901
24,backpack,C:\Users\maxbe\Downloads\coco\train2017\000000111998.jpg,130,rbf,kernel_herding,direct,False,0.7989206947145011,-0.0012904195335945,0.01,0.9204178495803228,0.8810023743300072,0.0001576166078428,-0.1448036141437421,-8.2081679615506,0.8651921879353803,0.8651921879353803,24,backpack,0.8651921879353803,5,bus,person|bus|backpack|handbag,True,-0.001290419533594621
24,backpack,C:\Users\maxbe\Downloads\coco\train2017\000000506315.jpg,131,rbf,kernel_herding,direct,False,0.7976293896969171,-0.001291305017584,0.01,0.9204178495803228,0.8809104819288832,-9.18924011239497e-05,-0.1199412616460132,-8.328109223196615,0.8869725344927814,0.8869725344927814,24,backpack,0.8869725344927814,0,person,person|bicycle|backpack|handbag|cell phone,True,-0.0012913050175840817
24,backpack,C:\Users\maxbe\Downloads\coco\train2017\000000458208.jpg,132,rbf,kernel_herding,direct,False,0.79632720924514,-0.0013021804517771,0.01,0.9204178495803228,0.8809042754880104,-6.206440872791319e-06,-0.1295974010904228,-8.457706624287038,0.8784490223555419,0.8784490223555419,24,backpack,0.8784490223555419,33,kite,kite,False,-0.0013021804517770194
24,backpack,C:\Users\maxbe\Downloads\coco\train2017\000000265796.jpg,133,rbf,kernel_herding,direct,False,0.7950246103990727,-0.0013025988460673,0.01,0.9204178495803228,0.8801831720862133,-0.000721103401797,-0.0581495444270283,-8.515856168714066,0.9435088403962424,0.9435088403962424,24,backpack,0.9435088403962424,0,person,person|skis,False,-0.001302598846067283
24,backpack,C:\Users\maxbe\Downloads\coco\train2017\000000145129.jpg,134,rbf,kernel_herding,direct,False,0.7937195310485025,-0.0013050793505702,0.01,0.9204178495803228,0.8800728535159954,-0.0001103185702179,-0.1194760780352258,-8.635332246749291,0.887385235562491,0.887385235562491,24,backpack,0.887385235562491,1,bicycle,bicycle|book,False,-0.0013050793505701578
24,backpack,C:\Users\maxbe\Downloads\coco\train2017\000000067988.jpg,135,rbf,kernel_herding,direct,False,0.792414495929646,-0.0013050351188564,0.01,0.9204178495803228,0.8800708290403655,-2.0244756299137023e-06,-0.1303010643226618,-8.765633311071953,0.8778311075045903,0.8778311075045903,24,backpack,0.8778311075045903,0,person,person|chair|couch|remote|book,False,-0.0013050351188565318
24,backpack,C:\Users\maxbe\Downloads\coco\train2017\000000308107.jpg,136,rbf,kernel_herding,direct,False,0.7911112661377153,-0.0013032297919306,0.01,0.9204178495803228,0.8792949019034428,-0.0007759271369226,-0.0527302655007939,-8.818363576572747,0.9486358577926244,0.9486358577926244,24,backpack,0.9486358577926244,0,person,person|skis,False,-0.0013032297919305389
24,backpack,C:\Users\maxbe\Downloads\coco\train2017\000000524736.jpg,137,rbf,kernel_herding,direct,False,0.7898006598948758,-0.0013106062428395,0.01,0.9204178495803228,0.8791688692909412,-0.0001260326125016,-0.1184573630337869,-8.936820939606534,0.8882896888258501,0.8882896888258501,24,backpack,0.8882896888258501,37,surfboard,person|backpack|surfboard,True,-0.0013106062428394692
24,backpack,C:\Users\maxbe\Downloads\coco\train2017\000000218749.jpg,138,rbf,kernel_herding,direct,False,0.7884724047044203,-0.0013282551904555,0.01,0.9204178495803228,0.8785477036408655,-0.0006211656500756,-0.0707089540379925,-9.007529893644527,0.9317330298039088,0.9317330298039088,24,backpack,0.9317330298039088,0,person,person|skis,False,-0.001328255190455525
24,backpack,C:\Users\maxbe\Downloads\coco\train2017\000000471647.jpg,139,rbf,kernel_herding,direct,False,0.787141827064043,-0.0013305776403772,0.01,0.9204178495803228,0.8785975579690146,4.985432814907931e-05,-0.1380431968526351,-9.145573090497162,0.8710610638356898,0.8710610638356898,24,backpack,0.8710610638356898,57,couch,person|handbag|bottle|couch|tv|remote|sink|book|vase,False,-0.0013305776403772717
24,backpack,C:\Users\maxbe\Downloads\coco\train2017\000000455717.jpg,140,rbf,kernel_herding,direct,False,0.785812454141526,-0.001329372922517,0.01,0.9204178495803228,0.8778594329051956,-0.0007381250638189,-0.0591247858698006,-9.204697876366962,0.9425891400113238,0.9425891400113238,24,backpack,0.9425891400113238,0,person,person|skis,False,-0.0013293729225169059
