false_positive_rate,M_0_macro_true_positive_rate,M_0_micro_true_positive_rate,M_1_macro_true_positive_rate,M_1_micro_true_positive_rate,M_rand_macro_true_positive_rate,M_rand_micro_true_positive_rate
0.0,0.0,0.0,0.0,0.0,0.0,0.0
0.001,0.45410271546635184,0.45165562913907287,0.5342033507617923,0.5364238410596026,0.4528272052622702,0.4251655629139073
0.002,0.5733330522291562,0.5629139072847682,0.5894543767920392,0.5933774834437087,0.5444566256254568,0.5655629139072847
0.003,0.6075153201776577,0.6026490066225165,0.6341464271659076,0.6278145695364239,0.5973639455782312,0.5947019867549669
0.004,0.6340445269016698,0.6264900662251656,0.663124754033845,0.6490066225165563,0.6091492382076797,0.6105960264900663
0.005,0.6434825996514308,0.6410596026490066,0.6790422780682521,0.6834437086092715,0.6195571203688086,0.6172185430463576
0.006,0.6580227132175184,0.6556291390728477,0.6907256704334626,0.6993377483443709,0.6262403721819306,0.6251655629139072
0.007,0.6722571259908923,0.6675496688741722,0.7124093439028504,0.7152317880794702,0.6366482543430596,0.6357615894039735
0.008,0.6802158880080957,0.6741721854304635,0.7206738067127678,0.7192052980132451,0.647565637825378,0.6384105960264901
0.009000000000000001,0.682868808680497,0.6821192052980133,0.7245003373250127,0.7311258278145696,0.6489430482936976,0.6516556291390728
0.01,0.6933785911058639,0.6927152317880795,0.7374592398943047,0.7364238410596027,0.6582792207792207,0.6596026490066225
0.011,0.7023071625344353,0.7059602649006622,0.7468973126440659,0.7364238410596027,0.6661360825321865,0.6622516556291391
0.012,0.7113376342272446,0.7099337748344371,0.7522031539888683,0.7417218543046358,0.6796044864226682,0.6741721854304635
0.013000000000000001,0.7205719064485299,0.7165562913907285,0.7575089953336707,0.7443708609271523,0.6926652892561984,0.6847682119205298
0.014,0.7231229268566931,0.7245033112582782,0.7627129364142351,0.7470198675496689,0.6994504413335583,0.6887417218543046
0.015,0.7352139202788553,0.7298013245033113,0.7627129364142351,0.752317880794702,0.707205402822286,0.6940397350993377
0.016,0.7418971720919774,0.7337748344370861,0.7627129364142351,0.7562913907284768,0.7126131444313263,0.7006622516556291
0.017,0.7499578343734188,0.7417218543046358,0.7653658570866364,0.7721854304635761,0.716541575307809,0.7072847682119205
0.018000000000000002,0.75261075504582,0.743046357615894,0.7667432675549559,0.7748344370860927,0.7179189857761286,0.7086092715231788
0.019,0.7551617754539832,0.752317880794702,0.7680187777590375,0.7774834437086092,0.7205719064485299,0.7152317880794702
0.02,0.7578146961263844,0.7629139072847683,0.7719472086355204,0.7788079470198676,0.7219493169168494,0.7165562913907285
0.021,0.7604676167987856,0.7655629139072848,0.7746001293079215,0.7801324503311259,0.7286325687299713,0.7218543046357616
0.022,0.7671508686119075,0.766887417218543,0.7838344015292067,0.7827814569536424,0.7326628998706921,0.7284768211920529
0.023,0.7749058301006353,0.7708609271523179,0.7889364423455332,0.7867549668874172,0.7380706414797324,0.7311258278145696
0.024,0.7776606510372744,0.7735099337748345,0.7915893630179345,0.7867549668874172,0.739346151683814,0.7337748344370861
0.025,0.7789361612413561,0.776158940397351,0.7969971046269748,0.7880794701986755,0.7406216618878957,0.7337748344370861
0.026000000000000002,0.7815890819137572,0.7801324503311259,0.7983745150952943,0.7894039735099337,0.7432745825602969,0.7377483443708609
0.027,0.7854156125260021,0.7827814569536424,0.7983745150952943,0.7907284768211921,0.7471011131725418,0.7377483443708609
0.028,0.789344043402485,0.7827814569536424,0.8010274357676955,0.7960264900662252,0.7525088547815821,0.7390728476821192
0.029,0.7907214538708045,0.785430463576159,0.8023029459717772,0.7973509933774835,0.7565391859223027,0.7417218543046358
0.03,0.7920988643391241,0.7867549668874172,0.8036803564400967,0.7973509933774835,0.759192106594704,0.7443708609271523
0.031,0.7920988643391241,0.7894039735099337,0.8049558666441783,0.8,0.7605695170630236,0.7456953642384105
0.032,0.7947517850115253,0.7920529801324503,0.8130165289256198,0.8013245033112583,0.7605695170630236,0.7470198675496689
0.033,0.798782116152246,0.7947019867549668,0.8130165289256198,0.8026490066225166,0.7631205374711869,0.7549668874172185
0.034,0.8001595266205657,0.7986754966887417,0.8130165289256198,0.8026490066225166,0.7631205374711869,0.7549668874172185
0.035,0.8014350368246472,0.7986754966887417,0.8170468600663405,0.8039735099337748,0.7644979479395064,0.7589403973509934
0.036000000000000004,0.8027105470287288,0.8013245033112583,0.8170468600663405,0.8105960264900662,0.765875358407826,0.7602649006622516
0.037,0.8040879574970483,0.8039735099337748,0.8210771912070614,0.8132450331125828,0.7685282790802271,0.7615894039735099
0.038,0.8040879574970483,0.8039735099337748,0.8250056220835442,0.8145695364238411,0.7699056895485468,0.7695364238410596
0.039,0.8067408781694496,0.8066225165562914,0.8276585427559453,0.8145695364238411,0.7711811997526283,0.7695364238410596
0.04,0.8106693090459325,0.8066225165562914,0.8303114634283466,0.8185430463576159,0.7725586102209479,0.7708609271523179
0.041,0.812046719514252,0.8132450331125828,0.8303114634283466,0.8225165562913908,0.7725586102209479,0.7735099337748345
0.042,0.8172506605948164,0.8132450331125828,0.8303114634283466,0.8251655629139073,0.7725586102209479,0.776158940397351
0.043000000000000003,0.8172506605948164,0.8145695364238411,0.8342398943048294,0.8264900662251655,0.7751096306291112,0.7774834437086092
0.044,0.8199035812672176,0.8158940397350993,0.835617304773149,0.8291390728476821,0.7776606510372744,0.7801324503311259
0.045,0.8225565019396188,0.8172185430463577,0.8368928149772306,0.8317880794701987,0.7803135717096756,0.7801324503311259
0.046,0.8225565019396188,0.8185430463576159,0.8368928149772306,0.833112582781457,0.7803135717096756,0.7801324503311259
0.047,0.8225565019396188,0.8185430463576159,0.8368928149772306,0.8344370860927153,0.7828645921178389,0.7841059602649006
0.048,0.82520942261202,0.8185430463576159,0.8382702254455501,0.8357615894039735,0.7828645921178389,0.7841059602649006
0.049,0.82520942261202,0.8185430463576159,0.8382702254455501,0.8370860927152318,0.7828645921178389,0.7894039735099337
0.05,0.8277604430201833,0.8198675496688742,0.842096756057795,0.8370860927152318,0.7855175127902401,0.7894039735099337
0.051000000000000004,0.8303114634283466,0.8198675496688742,0.842096756057795,0.8370860927152318,0.7855175127902401,0.7907284768211921
0.052000000000000005,0.8316888738966661,0.8198675496688742,0.8433722662618767,0.83841059602649,0.7880685331984033,0.7907284768211921
0.053,0.8344436948333052,0.8225165562913908,0.8446477764659583,0.83841059602649,0.7932724742789679,0.7907284768211921
0.054,0.8344436948333052,0.8225165562913908,0.8446477764659583,0.8423841059602649,0.7946498847472874,0.7933774834437086
0.055,0.8344436948333052,0.823841059602649,0.8446477764659583,0.847682119205298,0.7974047056839264,0.7947019867549668
0.056,0.8344436948333052,0.8278145695364238,0.8485762073424412,0.847682119205298,0.7974047056839264,0.7973509933774835
0.057,0.8344436948333052,0.8278145695364238,0.8498517175465228,0.847682119205298,0.7999557260920898,0.7986754966887417
0.058,0.835719205037387,0.8304635761589404,0.852402737954686,0.8490066225165563,0.802506746500253,0.8039735099337748
0.059000000000000004,0.835719205037387,0.833112582781457,0.852402737954686,0.8490066225165563,0.8037822567043347,0.8079470198675497
0.06,0.835719205037387,0.8344370860927153,0.8536782481587677,0.8490066225165563,0.8051596671726542,0.8079470198675497
0.061,0.8370966155057065,0.8370860927152318,0.8549537583628493,0.8490066225165563,0.8051596671726542,0.8092715231788079
0.062,0.8398514364423455,0.8370860927152318,0.8549537583628493,0.8516556291390729,0.8090880980491371,0.8092715231788079
0.063,0.8426062573789848,0.8370860927152318,0.8563311688311688,0.8543046357615894,0.8090880980491371,0.8105960264900662
0.064,0.8439836678473043,0.8370860927152318,0.8602595997076516,0.8543046357615894,0.8090880980491371,0.8105960264900662
0.065,0.8439836678473043,0.8423841059602649,0.8616370101759712,0.856953642384106,0.8090880980491371,0.8105960264900662
0.066,0.8439836678473043,0.8463576158940397,0.8616370101759712,0.8596026490066225,0.8090880980491371,0.8105960264900662
0.067,0.8452591780513858,0.8463576158940397,0.8629125203800528,0.8596026490066225,0.8090880980491371,0.8105960264900662
0.068,0.8452591780513858,0.8463576158940397,0.8629125203800528,0.8609271523178808,0.8090880980491371,0.8132450331125828
0.069,0.8452591780513858,0.8463576158940397,0.8641880305841345,0.8609271523178808,0.8103636082532186,0.8145695364238411
0.07,0.8465346882554674,0.8490066225165563,0.8641880305841345,0.8635761589403973,0.8103636082532186,0.8158940397350993
0.07100000000000001,0.8491876089278687,0.8490066225165563,0.865565441052454,0.8649006622516556,0.8131184291898578,0.8158940397350993
0.07200000000000001,0.8504631191319503,0.8503311258278146,0.865565441052454,0.8649006622516556,0.8131184291898578,0.8172185430463577
0.073,0.8504631191319503,0.8503311258278146,0.865565441052454,0.8675496688741722,0.8131184291898578,0.8198675496688742
0.074,0.8504631191319503,0.8529801324503311,0.865565441052454,0.8688741721854305,0.815771349862259,0.8251655629139073
0.075,0.8543915500084331,0.8529801324503311,0.865565441052454,0.8728476821192053,0.8170468600663405,0.8251655629139073
0.076,0.8543915500084331,0.8529801324503311,0.865565441052454,0.8728476821192053,0.8196997807387418,0.8264900662251655
0.077,0.8543915500084331,0.8543046357615894,0.872146792601338,0.8728476821192053,0.8209752909428234,0.8264900662251655
0.078,0.8556670602125147,0.8556291390728477,0.872146792601338,0.8728476821192053,0.8237301118794625,0.8278145695364238
0.079,0.8569425704165964,0.856953642384106,0.872146792601338,0.8728476821192053,0.828934052960027,0.8304635761589404
0.08,0.8595954910889976,0.8582781456953642,0.872146792601338,0.8728476821192053,0.8302095631641087,0.833112582781457
0.081,0.8609729015573171,0.8582781456953642,0.872146792601338,0.8754966887417218,0.8314850733681902,0.8357615894039735
0.082,0.8609729015573171,0.8582781456953642,0.872146792601338,0.8754966887417218,0.8314850733681902,0.8370860927152318
0.083,0.8623503120256367,0.8609271523178808,0.872146792601338,0.8768211920529801,0.8341379940405915,0.8370860927152318
0.084,0.8623503120256367,0.8622516556291391,0.8734223028054198,0.8768211920529801,0.8341379940405915,0.8370860927152318
0.085,0.8623503120256367,0.8635761589403973,0.8734223028054198,0.8768211920529801,0.8341379940405915,0.8370860927152318
0.08600000000000001,0.8662787429021195,0.8649006622516556,0.8734223028054198,0.8781456953642384,0.8341379940405915,0.8370860927152318
0.08700000000000001,0.8688297633102828,0.8649006622516556,0.8734223028054198,0.8781456953642384,0.835515404508911,0.8370860927152318
0.088,0.8701052735143644,0.8649006622516556,0.8747997132737393,0.8781456953642384,0.8368928149772306,0.8423841059602649
0.089,0.8701052735143644,0.8649006622516556,0.8760752234778209,0.8781456953642384,0.8368928149772306,0.8423841059602649
0.09,0.8701052735143644,0.8649006622516556,0.8801055546185417,0.8807947019867549,0.8368928149772306,0.8437086092715231
0.091,0.8701052735143644,0.8649006622516556,0.8827584752909428,0.8807947019867549,0.8368928149772306,0.8450331125827815
0.092,0.8701052735143644,0.8649006622516556,0.8827584752909428,0.8807947019867549,0.8381683251813121,0.847682119205298
0.093,0.8713807837184461,0.8675496688741722,0.8827584752909428,0.8807947019867549,0.8407193455894755,0.847682119205298
0.094,0.8713807837184461,0.8688741721854305,0.8840339854950244,0.8807947019867549,0.8407193455894755,0.847682119205298
0.095,0.8726562939225277,0.8701986754966887,0.8840339854950244,0.8821192052980132,0.841994855793557,0.847682119205298
0.096,0.8726562939225277,0.871523178807947,0.8853094956991061,0.8834437086092716,0.841994855793557,0.8490066225165563
0.097,0.8740337043908473,0.8741721854304636,0.8853094956991061,0.8834437086092716,0.8445458762017204,0.8490066225165563
0.098,0.8765847247990106,0.8741721854304636,0.8853094956991061,0.8847682119205298,0.845821386405802,0.8490066225165563
0.099,0.8765847247990106,0.8754966887417218,0.8853094956991061,0.8847682119205298,0.8497498172822848,0.8490066225165563
0.1,0.8765847247990106,0.8768211920529801,0.8866869061674256,0.8847682119205298,0.8537801484230055,0.8490066225165563
0.101,0.8765847247990106,0.8768211920529801,0.8866869061674256,0.8847682119205298,0.8537801484230055,0.8490066225165563
0.10200000000000001,0.8765847247990106,0.8768211920529801,0.8879624163715073,0.8847682119205298,0.8537801484230055,0.8503311258278146
0.10300000000000001,0.8779621352673301,0.8781456953642384,0.8893398268398269,0.8847682119205298,0.8551575588913252,0.8503311258278146
0.10400000000000001,0.8792376454714117,0.8781456953642384,0.891992747512228,0.8847682119205298,0.8564330690954067,0.8516556291390729
0.105,0.8792376454714117,0.8781456953642384,0.891992747512228,0.8847682119205298,0.859085989767808,0.8516556291390729
0.106,0.8792376454714117,0.8781456953642384,0.891992747512228,0.8874172185430463,0.859085989767808,0.8516556291390729
0.107,0.8792376454714117,0.8794701986754967,0.8932682577163096,0.8874172185430463,0.8603614999718896,0.8529801324503311
0.108,0.8792376454714117,0.8807947019867549,0.8932682577163096,0.8874172185430463,0.8616370101759712,0.8529801324503311
0.109,0.8792376454714117,0.8807947019867549,0.8960230786529488,0.8887417218543047,0.8616370101759712,0.8543046357615894
0.11,0.8792376454714117,0.8807947019867549,0.8998496092651938,0.8887417218543047,0.8630144206442908,0.8556291390728477
0.111,0.8817886658795749,0.8807947019867549,0.8998496092651938,0.8887417218543047,0.8630144206442908,0.856953642384106
0.112,0.8817886658795749,0.8834437086092716,0.8998496092651938,0.8887417218543047,0.8630144206442908,0.856953642384106
0.113,0.8817886658795749,0.8847682119205298,0.8998496092651938,0.8887417218543047,0.8630144206442908,0.8582781456953642
0.114,0.8843396862877382,0.8860927152317881,0.8998496092651938,0.8887417218543047,0.8630144206442908,0.8609271523178808
0.115,0.8856151964918199,0.8860927152317881,0.8998496092651938,0.8900662251655629,0.8630144206442908,0.8609271523178808
0.116,0.8856151964918199,0.8887417218543047,0.8998496092651938,0.8900662251655629,0.8668409512565357,0.8622516556291391
0.117,0.8856151964918199,0.8900662251655629,0.9012270197335133,0.8900662251655629,0.8668409512565357,0.8635761589403973
0.11800000000000001,0.8856151964918199,0.8900662251655629,0.9012270197335133,0.8900662251655629,0.8682183617248552,0.866225165562914
0.11900000000000001,0.8856151964918199,0.8900662251655629,0.9025025299375948,0.8913907284768212,0.8694938719289369,0.866225165562914
0.12,0.8869926069601395,0.8900662251655629,0.9025025299375948,0.8927152317880794,0.8694938719289369,0.8675496688741722
0.121,0.8869926069601395,0.8900662251655629,0.9025025299375948,0.895364238410596,0.8694938719289369,0.8675496688741722
0.122,0.8869926069601395,0.8913907284768212,0.9025025299375948,0.895364238410596,0.8720448923371001,0.8675496688741722
0.123,0.8869926069601395,0.8913907284768212,0.9025025299375948,0.8966887417218543,0.8720448923371001,0.8675496688741722
0.124,0.8869926069601395,0.895364238410596,0.9025025299375948,0.8980132450331125,0.8734223028054198,0.8688741721854305
0.125,0.8869926069601395,0.8966887417218543,0.9025025299375948,0.8980132450331125,0.8734223028054198,0.871523178807947
0.126,0.8869926069601395,0.8980132450331125,0.9037780401416765,0.8980132450331125,0.8734223028054198,0.871523178807947
0.127,0.8869926069601395,0.8980132450331125,0.9037780401416765,0.8980132450331125,0.8746978130095013,0.871523178807947
0.128,0.8869926069601395,0.8980132450331125,0.9037780401416765,0.8980132450331125,0.8760752234778209,0.871523178807947
0.129,0.8895436273683026,0.8980132450331125,0.9037780401416765,0.8980132450331125,0.8760752234778209,0.871523178807947
0.13,0.8895436273683026,0.8993377483443709,0.9037780401416765,0.8980132450331125,0.8774526339461405,0.8741721854304636
0.131,0.8895436273683026,0.8993377483443709,0.9037780401416765,0.8980132450331125,0.8774526339461405,0.8768211920529801
0.132,0.8895436273683026,0.9006622516556292,0.9064309608140777,0.8980132450331125,0.8774526339461405,0.8768211920529801
0.133,0.8895436273683026,0.9033112582781457,0.9064309608140777,0.8980132450331125,0.8774526339461405,0.8768211920529801
0.134,0.8922984483049419,0.9033112582781457,0.9064309608140777,0.8993377483443709,0.8774526339461405,0.8768211920529801
0.135,0.8935739585090234,0.9033112582781457,0.9064309608140777,0.8993377483443709,0.8774526339461405,0.8781456953642384
0.136,0.8935739585090234,0.9033112582781457,0.9064309608140777,0.8993377483443709,0.87883004441446,0.8794701986754967
0.137,0.8935739585090234,0.9033112582781457,0.9064309608140777,0.8993377483443709,0.87883004441446,0.8794701986754967
0.138,0.8935739585090234,0.9033112582781457,0.9064309608140777,0.8993377483443709,0.87883004441446,0.8794701986754967
0.139,0.8935739585090234,0.9033112582781457,0.9064309608140777,0.8993377483443709,0.87883004441446,0.8794701986754967
0.14,0.8948494687131051,0.9033112582781457,0.9077064710181593,0.8993377483443709,0.87883004441446,0.8794701986754967
0.14100000000000001,0.8948494687131051,0.9033112582781457,0.9089819812222409,0.8993377483443709,0.87883004441446,0.8794701986754967
0.14200000000000002,0.8948494687131051,0.9033112582781457,0.9089819812222409,0.9006622516556292,0.8801055546185417,0.8807947019867549
0.14300000000000002,0.8962268791814246,0.9033112582781457,0.9089819812222409,0.9019867549668874,0.8801055546185417,0.8834437086092716
0.14400000000000002,0.8975023893855063,0.9033112582781457,0.9116349018946421,0.9019867549668874,0.8801055546185417,0.8847682119205298
0.145,0.8975023893855063,0.9033112582781457,0.9116349018946421,0.9019867549668874,0.8813810648226232,0.8874172185430463
0.146,0.8975023893855063,0.904635761589404,0.9116349018946421,0.9033112582781457,0.8813810648226232,0.8874172185430463
0.147,0.8988797998538258,0.904635761589404,0.9116349018946421,0.9033112582781457,0.8826565750267048,0.8874172185430463
0.148,0.8988797998538258,0.904635761589404,0.9116349018946421,0.9033112582781457,0.8826565750267048,0.8900662251655629
0.149,0.8988797998538258,0.9072847682119205,0.9116349018946421,0.9033112582781457,0.8826565750267048,0.8900662251655629
0.15,0.9001553100579074,0.9072847682119205,0.9116349018946421,0.9033112582781457,0.8840339854950244,0.8900662251655629
0.151,0.9014308202619892,0.9086092715231788,0.9116349018946421,0.904635761589404,0.8865850059031877,0.8913907284768212
0.152,0.9027063304660707,0.9086092715231788,0.9116349018946421,0.904635761589404,0.8865850059031877,0.8913907284768212
0.153,0.9027063304660707,0.9086092715231788,0.9116349018946421,0.904635761589404,0.8865850059031877,0.8927152317880794
0.154,0.9040837409343903,0.9086092715231788,0.9116349018946421,0.9059602649006623,0.8865850059031877,0.8927152317880794
0.155,0.9066347613425536,0.909933774834437,0.9116349018946421,0.9059602649006623,0.8878605161072693,0.8927152317880794
0.156,0.9079102715466352,0.909933774834437,0.9129104120987238,0.9059602649006623,0.8878605161072693,0.8927152317880794
0.157,0.9079102715466352,0.909933774834437,0.9129104120987238,0.9059602649006623,0.8878605161072693,0.8927152317880794
0.158,0.9079102715466352,0.9125827814569536,0.9129104120987238,0.9059602649006623,0.8878605161072693,0.8927152317880794
0.159,0.9079102715466352,0.9125827814569536,0.9129104120987238,0.9059602649006623,0.889136026311351,0.8927152317880794
0.16,0.9079102715466352,0.9139072847682119,0.9141859223028055,0.9072847682119205,0.889136026311351,0.895364238410596
0.161,0.9079102715466352,0.9152317880794701,0.9141859223028055,0.9072847682119205,0.8905134367796705,0.895364238410596
0.162,0.9079102715466352,0.9152317880794701,0.9141859223028055,0.9072847682119205,0.8905134367796705,0.895364238410596
0.163,0.9079102715466352,0.9152317880794701,0.9141859223028055,0.9072847682119205,0.8905134367796705,0.895364238410596
0.164,0.9079102715466352,0.9165562913907285,0.9141859223028055,0.9086092715231788,0.8905134367796705,0.895364238410596
0.165,0.9079102715466352,0.9165562913907285,0.9141859223028055,0.909933774834437,0.8905134367796705,0.895364238410596
0.166,0.9079102715466352,0.9165562913907285,0.9141859223028055,0.9112582781456954,0.8918908472479901,0.895364238410596
0.167,0.9104612919547985,0.9165562913907285,0.9141859223028055,0.9112582781456954,0.8944418676561534,0.895364238410596
0.168,0.9104612919547985,0.9165562913907285,0.9141859223028055,0.9112582781456954,0.8944418676561534,0.895364238410596
0.169,0.9117368021588801,0.919205298013245,0.9168388429752066,0.9112582781456954,0.8944418676561534,0.895364238410596
0.17,0.9117368021588801,0.9218543046357616,0.9168388429752066,0.9112582781456954,0.8944418676561534,0.895364238410596
0.171,0.9117368021588801,0.9231788079470199,0.9168388429752066,0.9125827814569536,0.8958192781244729,0.8966887417218543
0.17200000000000001,0.9131142126271996,0.9231788079470199,0.9168388429752066,0.9125827814569536,0.8958192781244729,0.8966887417218543
0.17300000000000001,0.9131142126271996,0.9231788079470199,0.9168388429752066,0.9125827814569536,0.8970947883285545,0.8966887417218543
0.17400000000000002,0.9131142126271996,0.9231788079470199,0.9168388429752066,0.9139072847682119,0.8970947883285545,0.8966887417218543
0.17500000000000002,0.9131142126271996,0.9258278145695364,0.9168388429752066,0.9139072847682119,0.8983702985326362,0.8980132450331125
0.176,0.9143897228312813,0.9258278145695364,0.9181143531792882,0.9139072847682119,0.8983702985326362,0.8980132450331125
0.177,0.9143897228312813,0.9258278145695364,0.9181143531792882,0.9139072847682119,0.8983702985326362,0.8980132450331125
0.178,0.9157671332996008,0.9271523178807947,0.9181143531792882,0.9139072847682119,0.8983702985326362,0.8993377483443709
0.179,0.9157671332996008,0.9271523178807947,0.9193898633833699,0.9139072847682119,0.8996458087367178,0.8993377483443709
0.18,0.918318153707764,0.9271523178807947,0.9193898633833699,0.9152317880794701,0.9009213189407994,0.8993377483443709
0.181,0.918318153707764,0.9271523178807947,0.9206653735874515,0.9152317880794701,0.9009213189407994,0.9006622516556292
0.182,0.918318153707764,0.9298013245033112,0.9206653735874515,0.9152317880794701,0.9009213189407994,0.9006622516556292
0.183,0.918318153707764,0.9298013245033112,0.9206653735874515,0.9152317880794701,0.9009213189407994,0.9006622516556292
0.184,0.918318153707764,0.9324503311258279,0.9206653735874515,0.9165562913907285,0.9009213189407994,0.9033112582781457
0.185,0.918318153707764,0.9324503311258279,0.9206653735874515,0.9165562913907285,0.9009213189407994,0.9033112582781457
0.186,0.918318153707764,0.9324503311258279,0.9206653735874515,0.9178807947019868,0.9009213189407994,0.904635761589404
0.187,0.918318153707764,0.9324503311258279,0.9206653735874515,0.9205298013245033,0.9021968291448811,0.904635761589404
0.188,0.918318153707764,0.9324503311258279,0.9206653735874515,0.9205298013245033,0.9047478495530443,0.904635761589404
0.189,0.918318153707764,0.9324503311258279,0.9206653735874515,0.9218543046357616,0.9061252600213638,0.904635761589404
0.19,0.918318153707764,0.9324503311258279,0.9206653735874515,0.9218543046357616,0.9061252600213638,0.9072847682119205
0.191,0.918318153707764,0.9324503311258279,0.9220427840557711,0.9218543046357616,0.9061252600213638,0.9072847682119205
0.192,0.918318153707764,0.9324503311258279,0.9220427840557711,0.9218543046357616,0.9061252600213638,0.9072847682119205
0.193,0.918318153707764,0.9324503311258279,0.9220427840557711,0.9271523178807947,0.9061252600213638,0.9086092715231788
0.194,0.918318153707764,0.9324503311258279,0.9220427840557711,0.9271523178807947,0.9075026704896835,0.9086092715231788
0.195,0.918318153707764,0.9324503311258279,0.9220427840557711,0.9271523178807947,0.9100536908978467,0.9086092715231788
0.196,0.918318153707764,0.9324503311258279,0.9220427840557711,0.9298013245033112,0.9100536908978467,0.9086092715231788
0.197,0.918318153707764,0.9324503311258279,0.9220427840557711,0.9298013245033112,0.9100536908978467,0.9086092715231788
0.198,0.9209710743801653,0.9324503311258279,0.9220427840557711,0.9311258278145695,0.9100536908978467,0.9086092715231788
0.199,0.9209710743801653,0.9324503311258279,0.9220427840557711,0.9311258278145695,0.9100536908978467,0.9086092715231788
0.2,0.9209710743801653,0.9324503311258279,0.9220427840557711,0.9311258278145695,0.9100536908978467,0.9086092715231788
0.201,0.9222465845842469,0.9324503311258279,0.9220427840557711,0.9311258278145695,0.9100536908978467,0.9086092715231788
0.202,0.9222465845842469,0.9324503311258279,0.9220427840557711,0.9311258278145695,0.9100536908978467,0.9086092715231788
0.203,0.9236239950525664,0.9324503311258279,0.9220427840557711,0.9311258278145695,0.9100536908978467,0.9086092715231788
0.20400000000000001,0.9248995052566481,0.9324503311258279,0.9220427840557711,0.9324503311258279,0.9114311013661663,0.9086092715231788
0.20500000000000002,0.9262769157249677,0.9337748344370861,0.9220427840557711,0.9337748344370861,0.9114311013661663,0.9086092715231788
0.20600000000000002,0.9262769157249677,0.9350993377483444,0.9220427840557711,0.9337748344370861,0.9128085118344859,0.909933774834437
0.20700000000000002,0.9262769157249677,0.9350993377483444,0.9220427840557711,0.9337748344370861,0.9128085118344859,0.909933774834437
0.20800000000000002,0.9275524259290493,0.9350993377483444,0.9234201945240906,0.9337748344370861,0.9141859223028055,0.909933774834437
0.209,0.9275524259290493,0.9350993377483444,0.9234201945240906,0.9337748344370861,0.915461432506887,0.909933774834437
0.21,0.9275524259290493,0.9350993377483444,0.9234201945240906,0.9337748344370861,0.915461432506887,0.909933774834437
0.211,0.9275524259290493,0.9350993377483444,0.9234201945240906,0.9337748344370861,0.915461432506887,0.909933774834437
0.212,0.9275524259290493,0.9350993377483444,0.9234201945240906,0.9337748344370861,0.915461432506887,0.909933774834437
0.213,0.928827936133131,0.9350993377483444,0.9246957047281723,0.9337748344370861,0.915461432506887,0.909933774834437
0.214,0.928827936133131,0.9350993377483444,0.9246957047281723,0.9337748344370861,0.915461432506887,0.909933774834437
0.215,0.928827936133131,0.9350993377483444,0.9246957047281723,0.9337748344370861,0.915461432506887,0.9112582781456954
0.216,0.928827936133131,0.9350993377483444,0.9246957047281723,0.9337748344370861,0.9168388429752066,0.9112582781456954
0.217,0.9301034463372126,0.9350993377483444,0.9246957047281723,0.9337748344370861,0.9168388429752066,0.9112582781456954
0.218,0.9313789565412942,0.9364238410596026,0.9246957047281723,0.9337748344370861,0.9168388429752066,0.9112582781456954
0.219,0.9313789565412942,0.9364238410596026,0.9259712149322539,0.9337748344370861,0.9168388429752066,0.9112582781456954
0.22,0.9326544667453759,0.9364238410596026,0.9259712149322539,0.9337748344370861,0.9168388429752066,0.9125827814569536
0.221,0.9326544667453759,0.9364238410596026,0.9273486254005734,0.9337748344370861,0.9168388429752066,0.9139072847682119
0.222,0.9340318772136954,0.9364238410596026,0.9273486254005734,0.9337748344370861,0.9182162534435262,0.9139072847682119
0.223,0.9340318772136954,0.9364238410596026,0.9273486254005734,0.9337748344370861,0.9182162534435262,0.9139072847682119
0.224,0.935409287682015,0.937748344370861,0.9286241356046551,0.9337748344370861,0.9182162534435262,0.9139072847682119
0.225,0.935409287682015,0.937748344370861,0.9286241356046551,0.9350993377483444,0.9182162534435262,0.9139072847682119
0.226,0.935409287682015,0.937748344370861,0.9286241356046551,0.9350993377483444,0.9182162534435262,0.9152317880794701
0.227,0.9366847978860966,0.937748344370861,0.9286241356046551,0.937748344370861,0.9182162534435262,0.9152317880794701
0.228,0.9366847978860966,0.937748344370861,0.9286241356046551,0.937748344370861,0.9182162534435262,0.9152317880794701
0.229,0.9392358182942598,0.937748344370861,0.9286241356046551,0.937748344370861,0.9194917636476079,0.9152317880794701
0.23,0.9417868387024231,0.937748344370861,0.9286241356046551,0.937748344370861,0.9194917636476079,0.9152317880794701
0.231,0.9417868387024231,0.9390728476821192,0.9286241356046551,0.937748344370861,0.9194917636476079,0.9178807947019868
0.232,0.9417868387024231,0.9417218543046357,0.9286241356046551,0.937748344370861,0.9194917636476079,0.9218543046357616
0.233,0.9417868387024231,0.9430463576158941,0.9286241356046551,0.937748344370861,0.9194917636476079,0.9231788079470199
0.234,0.9417868387024231,0.9443708609271523,0.9286241356046551,0.9390728476821192,0.9194917636476079,0.9231788079470199
0.23500000000000001,0.9417868387024231,0.9443708609271523,0.9286241356046551,0.9390728476821192,0.9194917636476079,0.9245033112582781
0.23600000000000002,0.9443378591105864,0.9443708609271523,0.9286241356046551,0.9403973509933775,0.9208691741159274,0.9245033112582781
0.23700000000000002,0.9443378591105864,0.9443708609271523,0.9300015460729747,0.9417218543046357,0.9208691741159274,0.9245033112582781
0.23800000000000002,0.9443378591105864,0.9443708609271523,0.9300015460729747,0.9417218543046357,0.922144684320009,0.9245033112582781
0.23900000000000002,0.945613369314668,0.9443708609271523,0.9300015460729747,0.9417218543046357,0.922144684320009,0.9245033112582781
0.24,0.945613369314668,0.9443708609271523,0.9300015460729747,0.9417218543046357,0.9234201945240906,0.9258278145695364
0.241,0.945613369314668,0.9443708609271523,0.9313789565412942,0.9417218543046357,0.9234201945240906,0.9271523178807947
0.242,0.945613369314668,0.9443708609271523,0.9313789565412942,0.9430463576158941,0.9234201945240906,0.9271523178807947
0.243,0.945613369314668,0.9443708609271523,0.9313789565412942,0.9430463576158941,0.9234201945240906,0.9271523178807947
0.244,0.945613369314668,0.9456953642384106,0.9313789565412942,0.9430463576158941,0.9234201945240906,0.9271523178807947
0.245,0.9481643897228313,0.9456953642384106,0.9327563670096137,0.9430463576158941,0.9246957047281723,0.9271523178807947
0.246,0.9481643897228313,0.9456953642384106,0.9327563670096137,0.9430463576158941,0.9246957047281723,0.9271523178807947
0.247,0.9481643897228313,0.9456953642384106,0.9327563670096137,0.9430463576158941,0.9246957047281723,0.9271523178807947
0.248,0.9494398999269129,0.9456953642384106,0.9340318772136954,0.9430463576158941,0.9259712149322539,0.9271523178807947
0.249,0.9494398999269129,0.9470198675496688,0.9340318772136954,0.9430463576158941,0.9259712149322539,0.928476821192053
0.25,0.9494398999269129,0.9483443708609272,0.9340318772136954,0.9443708609271523,0.9259712149322539,0.9298013245033112
0.251,0.9494398999269129,0.9483443708609272,0.9340318772136954,0.9443708609271523,0.9259712149322539,0.9298013245033112
0.252,0.9494398999269129,0.9483443708609272,0.9340318772136954,0.9443708609271523,0.9259712149322539,0.9298013245033112
0.253,0.9494398999269129,0.9483443708609272,0.9353073874177771,0.9443708609271523,0.9259712149322539,0.9298013245033112
0.254,0.9494398999269129,0.9483443708609272,0.9353073874177771,0.9443708609271523,0.9259712149322539,0.9298013245033112
0.255,0.9494398999269129,0.9483443708609272,0.9353073874177771,0.9443708609271523,0.9259712149322539,0.9298013245033112
0.256,0.9494398999269129,0.9483443708609272,0.9353073874177771,0.9443708609271523,0.9259712149322539,0.9298013245033112
0.257,0.9494398999269129,0.9483443708609272,0.9353073874177771,0.9443708609271523,0.9259712149322539,0.9298013245033112
0.258,0.9494398999269129,0.9483443708609272,0.9353073874177771,0.9443708609271523,0.9259712149322539,0.9311258278145695
0.259,0.9494398999269129,0.9483443708609272,0.9353073874177771,0.9443708609271523,0.9259712149322539,0.9311258278145695
0.26,0.9494398999269129,0.9496688741721855,0.9353073874177771,0.9456953642384106,0.9259712149322539,0.9311258278145695
0.261,0.9494398999269129,0.9496688741721855,0.9353073874177771,0.9456953642384106,0.9259712149322539,0.9324503311258279
0.262,0.9494398999269129,0.9496688741721855,0.9353073874177771,0.9470198675496688,0.9259712149322539,0.9324503311258279
0.263,0.9494398999269129,0.9496688741721855,0.9353073874177771,0.9470198675496688,0.9259712149322539,0.9324503311258279
0.264,0.9494398999269129,0.9496688741721855,0.9353073874177771,0.9470198675496688,0.9259712149322539,0.9324503311258279
0.265,0.9494398999269129,0.9496688741721855,0.9353073874177771,0.9470198675496688,0.9259712149322539,0.9324503311258279
0.266,0.9494398999269129,0.9496688741721855,0.9353073874177771,0.9470198675496688,0.9259712149322539,0.9324503311258279
0.267,0.9494398999269129,0.9509933774834437,0.9353073874177771,0.9470198675496688,0.9259712149322539,0.9324503311258279
0.268,0.9494398999269129,0.9509933774834437,0.9353073874177771,0.9470198675496688,0.9259712149322539,0.9337748344370861
0.269,0.9494398999269129,0.9509933774834437,0.9366847978860966,0.9470198675496688,0.9259712149322539,0.9350993377483444
0.27,0.9494398999269129,0.9509933774834437,0.9392358182942598,0.9470198675496688,0.9259712149322539,0.9350993377483444
0.271,0.9494398999269129,0.9509933774834437,0.9392358182942598,0.9470198675496688,0.9259712149322539,0.9350993377483444
0.272,0.9494398999269129,0.9509933774834437,0.9405113284983415,0.9470198675496688,0.9259712149322539,0.9350993377483444
0.273,0.9494398999269129,0.9509933774834437,0.9405113284983415,0.9470198675496688,0.9272467251363354,0.937748344370861
0.274,0.9494398999269129,0.9509933774834437,0.9405113284983415,0.9470198675496688,0.9272467251363354,0.9403973509933775
0.275,0.9508173103952324,0.9509933774834437,0.9405113284983415,0.9470198675496688,0.9272467251363354,0.9417218543046357
0.276,0.9508173103952324,0.9509933774834437,0.9405113284983415,0.9470198675496688,0.9272467251363354,0.9417218543046357
0.277,0.9508173103952324,0.9509933774834437,0.9417868387024231,0.9470198675496688,0.9272467251363354,0.9417218543046357
0.278,0.9508173103952324,0.9509933774834437,0.9430623489065048,0.9470198675496688,0.9272467251363354,0.9417218543046357
0.279,0.9508173103952324,0.9509933774834437,0.9430623489065048,0.9483443708609272,0.9272467251363354,0.9417218543046357
0.28,0.9508173103952324,0.9509933774834437,0.9430623489065048,0.9483443708609272,0.9285222353404172,0.9417218543046357
0.281,0.9508173103952324,0.9509933774834437,0.9443378591105864,0.9483443708609272,0.9285222353404172,0.9417218543046357
0.28200000000000003,0.9508173103952324,0.952317880794702,0.945613369314668,0.9483443708609272,0.9285222353404172,0.9417218543046357
0.28300000000000003,0.9508173103952324,0.952317880794702,0.945613369314668,0.9483443708609272,0.9285222353404172,0.9430463576158941
0.28400000000000003,0.9508173103952324,0.9536423841059603,0.9468888795187497,0.9483443708609272,0.9285222353404172,0.9430463576158941
0.28500000000000003,0.9508173103952324,0.9536423841059603,0.9468888795187497,0.9483443708609272,0.9285222353404172,0.9430463576158941
0.28600000000000003,0.9508173103952324,0.9536423841059603,0.9468888795187497,0.9483443708609272,0.9285222353404172,0.9430463576158941
0.28700000000000003,0.9508173103952324,0.9562913907284768,0.9468888795187497,0.9496688741721855,0.9285222353404172,0.9430463576158941
0.28800000000000003,0.9508173103952324,0.9562913907284768,0.9468888795187497,0.9496688741721855,0.9285222353404172,0.9430463576158941
0.289,0.9508173103952324,0.9562913907284768,0.9468888795187497,0.9496688741721855,0.9285222353404172,0.9443708609271523
0.29,0.9508173103952324,0.9562913907284768,0.9468888795187497,0.9496688741721855,0.9285222353404172,0.9443708609271523
0.291,0.9508173103952324,0.9562913907284768,0.9468888795187497,0.9496688741721855,0.9285222353404172,0.9443708609271523
0.292,0.9508173103952324,0.9562913907284768,0.9468888795187497,0.9496688741721855,0.9297977455444988,0.9443708609271523
0.293,0.9508173103952324,0.9562913907284768,0.9481643897228313,0.9496688741721855,0.9336242761567437,0.9443708609271523
0.294,0.9508173103952324,0.9562913907284768,0.9481643897228313,0.9496688741721855,0.9348997863608253,0.9443708609271523
0.295,0.9508173103952324,0.9562913907284768,0.9481643897228313,0.9496688741721855,0.9348997863608253,0.9443708609271523
0.296,0.9508173103952324,0.9562913907284768,0.9481643897228313,0.9509933774834437,0.9348997863608253,0.9443708609271523
0.297,0.9508173103952324,0.9562913907284768,0.9481643897228313,0.9509933774834437,0.936175296564907,0.9443708609271523
0.298,0.9508173103952324,0.9562913907284768,0.9481643897228313,0.9509933774834437,0.936175296564907,0.9443708609271523
0.299,0.9508173103952324,0.9562913907284768,0.9481643897228313,0.9509933774834437,0.936175296564907,0.9456953642384106
0.3,0.9508173103952324,0.9562913907284768,0.9481643897228313,0.9509933774834437,0.936175296564907,0.9456953642384106
0.301,0.9508173103952324,0.9562913907284768,0.9481643897228313,0.9509933774834437,0.936175296564907,0.9456953642384106
0.302,0.9508173103952324,0.9576158940397351,0.9481643897228313,0.9509933774834437,0.9374508067689886,0.9456953642384106
0.303,0.9508173103952324,0.9576158940397351,0.9481643897228313,0.9509933774834437,0.9387263169730702,0.9470198675496688
0.304,0.9508173103952324,0.9576158940397351,0.9481643897228313,0.9509933774834437,0.9387263169730702,0.9470198675496688
0.305,0.9508173103952324,0.9576158940397351,0.9481643897228313,0.9509933774834437,0.9387263169730702,0.9483443708609272
0.306,0.9508173103952324,0.9589403973509933,0.9481643897228313,0.952317880794702,0.9387263169730702,0.9483443708609272
0.307,0.9508173103952324,0.9589403973509933,0.9481643897228313,0.952317880794702,0.9387263169730702,0.9483443708609272
0.308,0.9508173103952324,0.9589403973509933,0.9481643897228313,0.952317880794702,0.9387263169730702,0.9496688741721855
0.309,0.9508173103952324,0.9602649006622517,0.9481643897228313,0.952317880794702,0.9387263169730702,0.9496688741721855
0.31,0.9520928205993141,0.9602649006622517,0.9481643897228313,0.952317880794702,0.9387263169730702,0.9496688741721855
0.311,0.9533683308033958,0.9615894039735099,0.9481643897228313,0.952317880794702,0.9400018271771519,0.9496688741721855
0.312,0.9533683308033958,0.9615894039735099,0.9495418001911509,0.952317880794702,0.9400018271771519,0.9496688741721855
0.313,0.9546438410074773,0.9615894039735099,0.9495418001911509,0.952317880794702,0.9400018271771519,0.9496688741721855
0.314,0.955919351211559,0.9629139072847682,0.9495418001911509,0.952317880794702,0.9400018271771519,0.9496688741721855
0.315,0.955919351211559,0.9629139072847682,0.9495418001911509,0.952317880794702,0.9400018271771519,0.9496688741721855
0.316,0.955919351211559,0.9629139072847682,0.9495418001911509,0.952317880794702,0.9400018271771519,0.9496688741721855
0.317,0.955919351211559,0.9642384105960264,0.9495418001911509,0.952317880794702,0.9400018271771519,0.9496688741721855
0.318,0.955919351211559,0.9642384105960264,0.9495418001911509,0.952317880794702,0.9400018271771519,0.9496688741721855
0.319,0.955919351211559,0.9642384105960264,0.9495418001911509,0.952317880794702,0.9400018271771519,0.9496688741721855
0.32,0.955919351211559,0.9642384105960264,0.9495418001911509,0.952317880794702,0.9400018271771519,0.9496688741721855
0.321,0.955919351211559,0.9655629139072848,0.9520928205993141,0.952317880794702,0.9400018271771519,0.9496688741721855
0.322,0.955919351211559,0.9655629139072848,0.9520928205993141,0.952317880794702,0.9400018271771519,0.9496688741721855
0.323,0.955919351211559,0.9655629139072848,0.9520928205993141,0.952317880794702,0.9400018271771519,0.9496688741721855
0.324,0.955919351211559,0.9655629139072848,0.9520928205993141,0.9536423841059603,0.9413792376454715,0.9496688741721855
0.325,0.955919351211559,0.9655629139072848,0.9520928205993141,0.9549668874172186,0.942654747849553,0.9496688741721855
0.326,0.9571948614156407,0.9655629139072848,0.9520928205993141,0.9549668874172186,0.942654747849553,0.9496688741721855
0.327,0.9571948614156407,0.9655629139072848,0.9520928205993141,0.9549668874172186,0.942654747849553,0.9496688741721855
0.328,0.9571948614156407,0.9655629139072848,0.9520928205993141,0.9549668874172186,0.942654747849553,0.9496688741721855
0.329,0.9571948614156407,0.9655629139072848,0.9520928205993141,0.9549668874172186,0.942654747849553,0.9496688741721855
0.33,0.9571948614156407,0.9655629139072848,0.9520928205993141,0.9549668874172186,0.942654747849553,0.9496688741721855
0.331,0.9571948614156407,0.9655629139072848,0.9533683308033958,0.9562913907284768,0.942654747849553,0.9496688741721855
0.332,0.9598477820880418,0.9655629139072848,0.9533683308033958,0.9576158940397351,0.942654747849553,0.9496688741721855
0.333,0.9598477820880418,0.9655629139072848,0.9546438410074773,0.9589403973509933,0.9439302580536346,0.9496688741721855
0.334,0.9598477820880418,0.9655629139072848,0.955919351211559,0.9589403973509933,0.9439302580536346,0.9496688741721855
0.335,0.9611232922921236,0.9655629139072848,0.955919351211559,0.9589403973509933,0.9439302580536346,0.9496688741721855
0.336,0.9611232922921236,0.9655629139072848,0.955919351211559,0.9589403973509933,0.9439302580536346,0.9496688741721855
0.337,0.9611232922921236,0.9655629139072848,0.955919351211559,0.9589403973509933,0.9439302580536346,0.9509933774834437
0.338,0.9611232922921236,0.9655629139072848,0.955919351211559,0.9589403973509933,0.9439302580536346,0.9509933774834437
0.339,0.9611232922921236,0.9668874172185431,0.955919351211559,0.9589403973509933,0.9452057682577163,0.9509933774834437
0.34,0.9611232922921236,0.9668874172185431,0.955919351211559,0.9589403973509933,0.946481278461798,0.9509933774834437
0.341,0.9611232922921236,0.9695364238410596,0.955919351211559,0.9589403973509933,0.9477567886658795,0.9509933774834437
0.342,0.9611232922921236,0.9695364238410596,0.955919351211559,0.9589403973509933,0.9477567886658795,0.952317880794702
0.343,0.9611232922921236,0.9695364238410596,0.955919351211559,0.9589403973509933,0.9491341991341992,0.952317880794702
0.34400000000000003,0.9611232922921236,0.9708609271523179,0.955919351211559,0.9589403973509933,0.9491341991341992,0.952317880794702
0.34500000000000003,0.9611232922921236,0.9708609271523179,0.955919351211559,0.9589403973509933,0.9491341991341992,0.952317880794702
0.34600000000000003,0.9611232922921236,0.9708609271523179,0.955919351211559,0.9602649006622517,0.9491341991341992,0.9536423841059603
0.34700000000000003,0.9625007027604431,0.9708609271523179,0.955919351211559,0.9602649006622517,0.9491341991341992,0.9536423841059603
0.34800000000000003,0.9625007027604431,0.9708609271523179,0.955919351211559,0.9602649006622517,0.9491341991341992,0.9536423841059603
0.34900000000000003,0.9625007027604431,0.9708609271523179,0.955919351211559,0.9602649006622517,0.9491341991341992,0.9536423841059603
0.35000000000000003,0.9625007027604431,0.9708609271523179,0.955919351211559,0.9602649006622517,0.9491341991341992,0.9536423841059603
0.35100000000000003,0.9625007027604431,0.9708609271523179,0.955919351211559,0.9602649006622517,0.9491341991341992,0.9536423841059603
0.352,0.9625007027604431,0.9708609271523179,0.9571948614156407,0.9602649006622517,0.9491341991341992,0.9536423841059603
0.353,0.9625007027604431,0.9708609271523179,0.9571948614156407,0.9602649006622517,0.9491341991341992,0.9536423841059603
0.354,0.9625007027604431,0.9708609271523179,0.9571948614156407,0.9602649006622517,0.9491341991341992,0.9536423841059603
0.355,0.9625007027604431,0.9708609271523179,0.9571948614156407,0.9602649006622517,0.9491341991341992,0.9536423841059603
0.356,0.9625007027604431,0.9708609271523179,0.9571948614156407,0.9602649006622517,0.9491341991341992,0.9536423841059603
0.357,0.9625007027604431,0.9708609271523179,0.9571948614156407,0.9602649006622517,0.9491341991341992,0.9536423841059603
0.358,0.9625007027604431,0.9708609271523179,0.9571948614156407,0.9602649006622517,0.9491341991341992,0.9549668874172186
0.359,0.9625007027604431,0.9708609271523179,0.9571948614156407,0.9602649006622517,0.9491341991341992,0.9549668874172186
0.36,0.9625007027604431,0.9708609271523179,0.9571948614156407,0.9602649006622517,0.9491341991341992,0.9549668874172186
0.361,0.9625007027604431,0.9708609271523179,0.9571948614156407,0.9615894039735099,0.9491341991341992,0.9549668874172186
0.362,0.9625007027604431,0.9708609271523179,0.9571948614156407,0.9615894039735099,0.9491341991341992,0.9549668874172186
0.363,0.9638781132287626,0.9708609271523179,0.9571948614156407,0.9615894039735099,0.9491341991341992,0.9549668874172186
0.364,0.9638781132287626,0.9708609271523179,0.9571948614156407,0.9629139072847682,0.9491341991341992,0.9549668874172186
0.365,0.9638781132287626,0.9708609271523179,0.9584703716197223,0.9629139072847682,0.9491341991341992,0.9549668874172186
0.366,0.9638781132287626,0.9708609271523179,0.9584703716197223,0.9629139072847682,0.9491341991341992,0.9549668874172186
0.367,0.9638781132287626,0.9708609271523179,0.9584703716197223,0.9629139072847682,0.9491341991341992,0.9549668874172186
0.368,0.9638781132287626,0.9721854304635762,0.9584703716197223,0.9629139072847682,0.9491341991341992,0.9549668874172186
0.369,0.9638781132287626,0.9721854304635762,0.9597458818238039,0.9629139072847682,0.9504097093382808,0.9549668874172186
0.37,0.9638781132287626,0.9721854304635762,0.9597458818238039,0.9642384105960264,0.9504097093382808,0.9549668874172186
0.371,0.9638781132287626,0.9721854304635762,0.9597458818238039,0.9642384105960264,0.9504097093382808,0.9549668874172186
0.372,0.9638781132287626,0.9721854304635762,0.9597458818238039,0.9642384105960264,0.9504097093382808,0.9549668874172186
0.373,0.9638781132287626,0.9721854304635762,0.9597458818238039,0.9642384105960264,0.9516852195423624,0.9549668874172186
0.374,0.9638781132287626,0.9721854304635762,0.9597458818238039,0.9642384105960264,0.9516852195423624,0.9549668874172186
0.375,0.9638781132287626,0.9721854304635762,0.9597458818238039,0.9642384105960264,0.9516852195423624,0.9549668874172186
0.376,0.9638781132287626,0.9721854304635762,0.9597458818238039,0.9642384105960264,0.9516852195423624,0.9549668874172186
0.377,0.9638781132287626,0.9721854304635762,0.9597458818238039,0.9655629139072848,0.9516852195423624,0.9562913907284768
0.378,0.9638781132287626,0.9721854304635762,0.9597458818238039,0.9655629139072848,0.952960729746444,0.9562913907284768
0.379,0.9651536234328442,0.9721854304635762,0.9597458818238039,0.9655629139072848,0.952960729746444,0.9562913907284768
0.38,0.9651536234328442,0.9721854304635762,0.9597458818238039,0.9655629139072848,0.952960729746444,0.9562913907284768
0.381,0.9651536234328442,0.9721854304635762,0.9597458818238039,0.9655629139072848,0.952960729746444,0.9562913907284768
0.382,0.9664291336369258,0.9721854304635762,0.9597458818238039,0.9655629139072848,0.952960729746444,0.9562913907284768
0.383,0.9664291336369258,0.9721854304635762,0.9597458818238039,0.9655629139072848,0.952960729746444,0.9562913907284768
0.384,0.9664291336369258,0.9721854304635762,0.9597458818238039,0.9655629139072848,0.952960729746444,0.9562913907284768
0.385,0.9664291336369258,0.9721854304635762,0.9597458818238039,0.9655629139072848,0.952960729746444,0.9576158940397351
0.386,0.9689801540450891,0.9721854304635762,0.9597458818238039,0.9655629139072848,0.952960729746444,0.9576158940397351
0.387,0.9689801540450891,0.9721854304635762,0.9597458818238039,0.9655629139072848,0.952960729746444,0.9576158940397351
0.388,0.9689801540450891,0.9721854304635762,0.9597458818238039,0.9655629139072848,0.952960729746444,0.9576158940397351
0.389,0.9689801540450891,0.9721854304635762,0.9597458818238039,0.9655629139072848,0.952960729746444,0.9576158940397351
0.39,0.9689801540450891,0.9721854304635762,0.9597458818238039,0.9655629139072848,0.952960729746444,0.9576158940397351
0.391,0.9689801540450891,0.9721854304635762,0.9597458818238039,0.9655629139072848,0.952960729746444,0.9576158940397351
0.392,0.9689801540450891,0.9721854304635762,0.9597458818238039,0.9668874172185431,0.952960729746444,0.9576158940397351
0.393,0.9689801540450891,0.9721854304635762,0.9597458818238039,0.9668874172185431,0.952960729746444,0.9576158940397351
0.394,0.9689801540450891,0.9721854304635762,0.9597458818238039,0.9668874172185431,0.952960729746444,0.9576158940397351
0.395,0.9689801540450891,0.9721854304635762,0.9597458818238039,0.9668874172185431,0.952960729746444,0.9576158940397351
0.396,0.9689801540450891,0.9721854304635762,0.9597458818238039,0.9668874172185431,0.952960729746444,0.9576158940397351
0.397,0.9689801540450891,0.9721854304635762,0.9597458818238039,0.9668874172185431,0.952960729746444,0.9576158940397351
0.398,0.9689801540450891,0.9721854304635762,0.9597458818238039,0.9668874172185431,0.952960729746444,0.9576158940397351
0.399,0.9689801540450891,0.9721854304635762,0.9623988024962051,0.9668874172185431,0.952960729746444,0.9576158940397351
0.4,0.9689801540450891,0.9721854304635762,0.9623988024962051,0.9668874172185431,0.952960729746444,0.9589403973509933
0.401,0.9689801540450891,0.9721854304635762,0.9623988024962051,0.9668874172185431,0.952960729746444,0.9589403973509933
0.402,0.9689801540450891,0.9721854304635762,0.9623988024962051,0.9668874172185431,0.9543381402147636,0.9602649006622517
0.403,0.9689801540450891,0.9721854304635762,0.9623988024962051,0.9668874172185431,0.9543381402147636,0.9602649006622517
0.404,0.9689801540450891,0.9721854304635762,0.9623988024962051,0.9668874172185431,0.9543381402147636,0.9602649006622517
0.405,0.9689801540450891,0.9721854304635762,0.9623988024962051,0.9668874172185431,0.9543381402147636,0.9602649006622517
0.406,0.9689801540450891,0.9721854304635762,0.9623988024962051,0.9668874172185431,0.9543381402147636,0.9615894039735099
0.40700000000000003,0.9689801540450891,0.9721854304635762,0.9623988024962051,0.9682119205298013,0.9543381402147636,0.9615894039735099
0.40800000000000003,0.9689801540450891,0.9721854304635762,0.9623988024962051,0.9695364238410596,0.9543381402147636,0.9615894039735099
0.40900000000000003,0.9689801540450891,0.9721854304635762,0.9636743127002867,0.9695364238410596,0.9543381402147636,0.9615894039735099
0.41000000000000003,0.9689801540450891,0.9735099337748344,0.9636743127002867,0.9695364238410596,0.9543381402147636,0.9615894039735099
0.41100000000000003,0.9689801540450891,0.9735099337748344,0.9636743127002867,0.9695364238410596,0.9543381402147636,0.9615894039735099
0.41200000000000003,0.9702556642491708,0.9735099337748344,0.9636743127002867,0.9695364238410596,0.9556136504188453,0.9615894039735099
0.41300000000000003,0.9702556642491708,0.9735099337748344,0.9636743127002867,0.9695364238410596,0.9556136504188453,0.9615894039735099
0.41400000000000003,0.9702556642491708,0.9735099337748344,0.9636743127002867,0.9695364238410596,0.9556136504188453,0.9615894039735099
0.41500000000000004,0.9702556642491708,0.9735099337748344,0.9636743127002867,0.9695364238410596,0.9556136504188453,0.9615894039735099
0.41600000000000004,0.9702556642491708,0.9735099337748344,0.9636743127002867,0.9695364238410596,0.9556136504188453,0.9615894039735099
0.417,0.9715311744532524,0.9735099337748344,0.9636743127002867,0.9695364238410596,0.9568891606229268,0.9615894039735099
0.418,0.9715311744532524,0.9735099337748344,0.9636743127002867,0.9695364238410596,0.9568891606229268,0.9615894039735099
0.419,0.9715311744532524,0.9735099337748344,0.9636743127002867,0.9695364238410596,0.9568891606229268,0.9615894039735099
0.42,0.9715311744532524,0.9735099337748344,0.9636743127002867,0.9695364238410596,0.9568891606229268,0.9615894039735099
0.421,0.9715311744532524,0.9735099337748344,0.9636743127002867,0.9695364238410596,0.9568891606229268,0.9629139072847682
0.422,0.9715311744532524,0.9748344370860927,0.9636743127002867,0.9695364238410596,0.9568891606229268,0.9629139072847682
0.423,0.9715311744532524,0.9748344370860927,0.9636743127002867,0.9695364238410596,0.9581646708270085,0.9629139072847682
0.424,0.9715311744532524,0.9748344370860927,0.9636743127002867,0.9695364238410596,0.9581646708270085,0.9629139072847682
0.425,0.9715311744532524,0.9748344370860927,0.9636743127002867,0.9695364238410596,0.9581646708270085,0.9629139072847682
0.426,0.972806684657334,0.9748344370860927,0.9636743127002867,0.9695364238410596,0.9581646708270085,0.9629139072847682
0.427,0.972806684657334,0.9748344370860927,0.9636743127002867,0.9695364238410596,0.9581646708270085,0.9629139072847682
0.428,0.972806684657334,0.9748344370860927,0.9636743127002867,0.9695364238410596,0.9581646708270085,0.9629139072847682
0.429,0.972806684657334,0.9748344370860927,0.9636743127002867,0.9695364238410596,0.9581646708270085,0.9629139072847682
0.43,0.972806684657334,0.9748344370860927,0.9636743127002867,0.9695364238410596,0.9581646708270085,0.9629139072847682
0.431,0.972806684657334,0.9748344370860927,0.9636743127002867,0.9695364238410596,0.959542081295328,0.9629139072847682
0.432,0.972806684657334,0.9748344370860927,0.9636743127002867,0.9695364238410596,0.959542081295328,0.9629139072847682
0.433,0.9740821948614156,0.9748344370860927,0.9636743127002867,0.9695364238410596,0.959542081295328,0.9629139072847682
0.434,0.9740821948614156,0.9748344370860927,0.9650517231686062,0.9695364238410596,0.959542081295328,0.9629139072847682
0.435,0.9740821948614156,0.9748344370860927,0.9650517231686062,0.9695364238410596,0.9608175914994097,0.9629139072847682
0.436,0.9740821948614156,0.9748344370860927,0.9650517231686062,0.9695364238410596,0.9608175914994097,0.9629139072847682
0.437,0.9740821948614156,0.9748344370860927,0.9650517231686062,0.9695364238410596,0.9608175914994097,0.9629139072847682
0.438,0.9740821948614156,0.9748344370860927,0.9650517231686062,0.9695364238410596,0.9608175914994097,0.9629139072847682
0.439,0.9740821948614156,0.9748344370860927,0.9650517231686062,0.9695364238410596,0.9608175914994097,0.9629139072847682
0.44,0.9740821948614156,0.9748344370860927,0.9650517231686062,0.9695364238410596,0.9608175914994097,0.9629139072847682
0.441,0.9740821948614156,0.9748344370860927,0.9650517231686062,0.9695364238410596,0.9608175914994097,0.9629139072847682
0.442,0.9740821948614156,0.9748344370860927,0.9650517231686062,0.9695364238410596,0.9608175914994097,0.9629139072847682
0.443,0.9740821948614156,0.9748344370860927,0.9664291336369258,0.9695364238410596,0.9608175914994097,0.9629139072847682
0.444,0.9740821948614156,0.9748344370860927,0.9664291336369258,0.9695364238410596,0.9608175914994097,0.9629139072847682
0.445,0.9740821948614156,0.9748344370860927,0.9664291336369258,0.9695364238410596,0.9608175914994097,0.9629139072847682
0.446,0.9740821948614156,0.9748344370860927,0.9689801540450891,0.9695364238410596,0.9608175914994097,0.9629139072847682
0.447,0.9740821948614156,0.9748344370860927,0.9689801540450891,0.9695364238410596,0.9608175914994097,0.9629139072847682
0.448,0.9740821948614156,0.9748344370860927,0.9689801540450891,0.9695364238410596,0.9608175914994097,0.9629139072847682
0.449,0.9740821948614156,0.9748344370860927,0.9689801540450891,0.9695364238410596,0.9621950019677292,0.9629139072847682
0.45,0.9740821948614156,0.9748344370860927,0.9689801540450891,0.9695364238410596,0.9621950019677292,0.9629139072847682
0.451,0.9740821948614156,0.9748344370860927,0.9689801540450891,0.9695364238410596,0.9621950019677292,0.9629139072847682
0.452,0.9740821948614156,0.9748344370860927,0.9689801540450891,0.9695364238410596,0.9621950019677292,0.9629139072847682
0.453,0.9740821948614156,0.9748344370860927,0.9689801540450891,0.9708609271523179,0.9621950019677292,0.9629139072847682
0.454,0.9740821948614156,0.9748344370860927,0.9689801540450891,0.9708609271523179,0.9621950019677292,0.9629139072847682
0.455,0.9740821948614156,0.9748344370860927,0.9689801540450891,0.9708609271523179,0.9621950019677292,0.9629139072847682
0.456,0.9740821948614156,0.9748344370860927,0.9715311744532524,0.9708609271523179,0.9634705121718109,0.9629139072847682
0.457,0.9740821948614156,0.9748344370860927,0.9715311744532524,0.9708609271523179,0.9634705121718109,0.9629139072847682
0.458,0.9753577050654973,0.9748344370860927,0.9715311744532524,0.9708609271523179,0.9648479226401305,0.9629139072847682
0.459,0.9766332152695789,0.9748344370860927,0.9715311744532524,0.9708609271523179,0.9648479226401305,0.9629139072847682
0.46,0.9766332152695789,0.9748344370860927,0.9715311744532524,0.9708609271523179,0.9648479226401305,0.9629139072847682
0.461,0.9766332152695789,0.9748344370860927,0.9715311744532524,0.9708609271523179,0.9648479226401305,0.9629139072847682
0.462,0.9766332152695789,0.9748344370860927,0.9715311744532524,0.9708609271523179,0.9648479226401305,0.9642384105960264
0.463,0.9766332152695789,0.9748344370860927,0.9715311744532524,0.9708609271523179,0.9648479226401305,0.9642384105960264
0.464,0.9766332152695789,0.9748344370860927,0.9715311744532524,0.9708609271523179,0.9661234328442121,0.9642384105960264
0.465,0.9766332152695789,0.9748344370860927,0.9715311744532524,0.9708609271523179,0.9661234328442121,0.9642384105960264
0.466,0.9766332152695789,0.9748344370860927,0.9715311744532524,0.9708609271523179,0.9661234328442121,0.9642384105960264
0.467,0.9766332152695789,0.9748344370860927,0.9715311744532524,0.9708609271523179,0.9661234328442121,0.9642384105960264
0.468,0.9766332152695789,0.9748344370860927,0.9715311744532524,0.9708609271523179,0.9661234328442121,0.9642384105960264
0.46900000000000003,0.9766332152695789,0.9748344370860927,0.9715311744532524,0.9708609271523179,0.9661234328442121,0.9642384105960264
0.47000000000000003,0.9766332152695789,0.9748344370860927,0.9715311744532524,0.9708609271523179,0.9661234328442121,0.9642384105960264
0.47100000000000003,0.9766332152695789,0.9748344370860927,0.972908584921572,0.9708609271523179,0.9661234328442121,0.9642384105960264
0.47200000000000003,0.9766332152695789,0.9748344370860927,0.972908584921572,0.9708609271523179,0.9661234328442121,0.9642384105960264
0.47300000000000003,0.9766332152695789,0.9748344370860927,0.972908584921572,0.9708609271523179,0.9661234328442121,0.9642384105960264
0.47400000000000003,0.9766332152695789,0.9748344370860927,0.972908584921572,0.9708609271523179,0.9661234328442121,0.9642384105960264
0.47500000000000003,0.9766332152695789,0.976158940397351,0.972908584921572,0.9708609271523179,0.9661234328442121,0.9642384105960264
0.47600000000000003,0.9766332152695789,0.976158940397351,0.972908584921572,0.9708609271523179,0.9661234328442121,0.9642384105960264
0.47700000000000004,0.9766332152695789,0.976158940397351,0.972908584921572,0.9708609271523179,0.9675008433125316,0.9642384105960264
0.47800000000000004,0.9766332152695789,0.976158940397351,0.972908584921572,0.9708609271523179,0.9675008433125316,0.9642384105960264
0.47900000000000004,0.9766332152695789,0.976158940397351,0.972908584921572,0.9721854304635762,0.9687763535166133,0.9642384105960264
0.48,0.9766332152695789,0.976158940397351,0.972908584921572,0.9721854304635762,0.9687763535166133,0.9642384105960264
0.481,0.9766332152695789,0.976158940397351,0.972908584921572,0.9721854304635762,0.9687763535166133,0.9642384105960264
0.482,0.9766332152695789,0.976158940397351,0.972908584921572,0.9721854304635762,0.9687763535166133,0.9642384105960264
0.483,0.9766332152695789,0.976158940397351,0.972908584921572,0.9721854304635762,0.9687763535166133,0.9642384105960264
0.484,0.9766332152695789,0.976158940397351,0.972908584921572,0.9721854304635762,0.9687763535166133,0.9642384105960264
0.485,0.9766332152695789,0.976158940397351,0.972908584921572,0.9721854304635762,0.970051863720695,0.9655629139072848
0.486,0.9766332152695789,0.9774834437086093,0.972908584921572,0.9721854304635762,0.970051863720695,0.9655629139072848
0.487,0.9766332152695789,0.9774834437086093,0.972908584921572,0.9735099337748344,0.970051863720695,0.9655629139072848
0.488,0.9766332152695789,0.9774834437086093,0.972908584921572,0.9735099337748344,0.970051863720695,0.9655629139072848
0.489,0.9766332152695789,0.9788079470198675,0.9741840951256535,0.9735099337748344,0.970051863720695,0.9655629139072848
0.49,0.9766332152695789,0.9788079470198675,0.9741840951256535,0.9735099337748344,0.970051863720695,0.9655629139072848
0.491,0.9766332152695789,0.9788079470198675,0.9741840951256535,0.9735099337748344,0.970051863720695,0.9655629139072848
0.492,0.9766332152695789,0.9801324503311258,0.9741840951256535,0.9735099337748344,0.970051863720695,0.9655629139072848
0.493,0.9766332152695789,0.9801324503311258,0.9741840951256535,0.9735099337748344,0.970051863720695,0.9655629139072848
0.494,0.9779087254736605,0.9801324503311258,0.9741840951256535,0.9735099337748344,0.970051863720695,0.9655629139072848
0.495,0.9779087254736605,0.9801324503311258,0.9741840951256535,0.9735099337748344,0.970051863720695,0.9668874172185431
0.496,0.9779087254736605,0.9801324503311258,0.9741840951256535,0.9748344370860927,0.970051863720695,0.9668874172185431
0.497,0.9779087254736605,0.9801324503311258,0.9741840951256535,0.9748344370860927,0.970051863720695,0.9668874172185431
0.498,0.9779087254736605,0.9801324503311258,0.9741840951256535,0.9748344370860927,0.970051863720695,0.9668874172185431
0.499,0.9779087254736605,0.9801324503311258,0.9741840951256535,0.9748344370860927,0.970051863720695,0.9668874172185431
0.5,0.9779087254736605,0.9801324503311258,0.9741840951256535,0.9748344370860927,0.970051863720695,0.9682119205298013
0.501,0.9779087254736605,0.9801324503311258,0.9741840951256535,0.976158940397351,0.970051863720695,0.9682119205298013
0.502,0.9779087254736605,0.9801324503311258,0.9741840951256535,0.976158940397351,0.970051863720695,0.9682119205298013
0.503,0.9779087254736605,0.9814569536423841,0.9741840951256535,0.976158940397351,0.970051863720695,0.9682119205298013
0.504,0.9779087254736605,0.9814569536423841,0.9741840951256535,0.976158940397351,0.970051863720695,0.9682119205298013
0.505,0.9779087254736605,0.9814569536423841,0.9741840951256535,0.976158940397351,0.970051863720695,0.9682119205298013
0.506,0.9779087254736605,0.9814569536423841,0.9741840951256535,0.976158940397351,0.970051863720695,0.9682119205298013
0.507,0.9779087254736605,0.9827814569536424,0.9741840951256535,0.976158940397351,0.970051863720695,0.9682119205298013
0.508,0.9779087254736605,0.9827814569536424,0.9741840951256535,0.976158940397351,0.970051863720695,0.9682119205298013
0.509,0.9779087254736605,0.9827814569536424,0.9741840951256535,0.976158940397351,0.970051863720695,0.9682119205298013
0.51,0.9779087254736605,0.9841059602649007,0.9741840951256535,0.976158940397351,0.970051863720695,0.9682119205298013
0.511,0.9779087254736605,0.9841059602649007,0.9741840951256535,0.9774834437086093,0.970051863720695,0.9682119205298013
0.512,0.9779087254736605,0.9841059602649007,0.9741840951256535,0.9774834437086093,0.970051863720695,0.9682119205298013
0.513,0.9779087254736605,0.9841059602649007,0.9741840951256535,0.9774834437086093,0.970051863720695,0.9695364238410596
0.514,0.9779087254736605,0.9854304635761589,0.9741840951256535,0.9774834437086093,0.970051863720695,0.9695364238410596
0.515,0.9779087254736605,0.9854304635761589,0.9741840951256535,0.9774834437086093,0.970051863720695,0.9695364238410596
0.516,0.9779087254736605,0.9854304635761589,0.9741840951256535,0.9774834437086093,0.970051863720695,0.9695364238410596
0.517,0.9779087254736605,0.9854304635761589,0.9741840951256535,0.9774834437086093,0.970051863720695,0.9695364238410596
0.518,0.9779087254736605,0.9854304635761589,0.9741840951256535,0.9774834437086093,0.970051863720695,0.9695364238410596
0.519,0.9779087254736605,0.9867549668874173,0.9741840951256535,0.9774834437086093,0.970051863720695,0.9695364238410596
0.52,0.9779087254736605,0.9867549668874173,0.9741840951256535,0.9774834437086093,0.970051863720695,0.9695364238410596
0.521,0.9779087254736605,0.9867549668874173,0.9741840951256535,0.9774834437086093,0.970051863720695,0.9695364238410596
0.522,0.9779087254736605,0.9867549668874173,0.9741840951256535,0.9774834437086093,0.970051863720695,0.9695364238410596
0.523,0.9779087254736605,0.9867549668874173,0.9741840951256535,0.9774834437086093,0.970051863720695,0.9695364238410596
0.524,0.9779087254736605,0.9867549668874173,0.9741840951256535,0.9774834437086093,0.970051863720695,0.9695364238410596
0.525,0.9779087254736605,0.9867549668874173,0.9741840951256535,0.9774834437086093,0.970051863720695,0.9695364238410596
0.526,0.9779087254736605,0.9867549668874173,0.9741840951256535,0.9774834437086093,0.970051863720695,0.9695364238410596
0.527,0.9779087254736605,0.9867549668874173,0.9741840951256535,0.9774834437086093,0.970051863720695,0.9695364238410596
0.528,0.9779087254736605,0.9867549668874173,0.9754596053297352,0.9774834437086093,0.970051863720695,0.9695364238410596
0.529,0.9779087254736605,0.9867549668874173,0.9754596053297352,0.9788079470198675,0.970051863720695,0.9708609271523179
0.53,0.9779087254736605,0.9867549668874173,0.9754596053297352,0.9788079470198675,0.970051863720695,0.9708609271523179
0.531,0.9779087254736605,0.9867549668874173,0.9754596053297352,0.9788079470198675,0.970051863720695,0.9708609271523179
0.532,0.9779087254736605,0.9867549668874173,0.9754596053297352,0.9788079470198675,0.970051863720695,0.9708609271523179
0.533,0.9779087254736605,0.9867549668874173,0.9754596053297352,0.9788079470198675,0.970051863720695,0.9708609271523179
0.534,0.9779087254736605,0.9867549668874173,0.9754596053297352,0.9788079470198675,0.970051863720695,0.9708609271523179
0.535,0.9779087254736605,0.9867549668874173,0.9754596053297352,0.9788079470198675,0.970051863720695,0.9721854304635762
0.536,0.9779087254736605,0.9867549668874173,0.9754596053297352,0.9788079470198675,0.970051863720695,0.9748344370860927
0.537,0.9779087254736605,0.9867549668874173,0.9768370157980548,0.9788079470198675,0.970051863720695,0.9748344370860927
0.538,0.9779087254736605,0.9867549668874173,0.9768370157980548,0.9788079470198675,0.970051863720695,0.9748344370860927
0.539,0.9779087254736605,0.9867549668874173,0.9768370157980548,0.9788079470198675,0.970051863720695,0.9748344370860927
0.54,0.9779087254736605,0.9867549668874173,0.9768370157980548,0.9788079470198675,0.970051863720695,0.9748344370860927
0.541,0.9779087254736605,0.9867549668874173,0.9768370157980548,0.9788079470198675,0.970051863720695,0.9748344370860927
0.542,0.9779087254736605,0.9867549668874173,0.9768370157980548,0.9788079470198675,0.970051863720695,0.9748344370860927
0.543,0.9779087254736605,0.9867549668874173,0.9768370157980548,0.9788079470198675,0.9713273739247765,0.9748344370860927
0.544,0.9779087254736605,0.9867549668874173,0.9768370157980548,0.9801324503311258,0.9713273739247765,0.976158940397351
0.545,0.9792861359419801,0.9867549668874173,0.9768370157980548,0.9801324503311258,0.972704784393096,0.976158940397351
0.546,0.9792861359419801,0.9867549668874173,0.9768370157980548,0.9801324503311258,0.972704784393096,0.976158940397351
0.547,0.9792861359419801,0.9867549668874173,0.9781125260021364,0.9814569536423841,0.972704784393096,0.976158940397351
0.548,0.9792861359419801,0.9867549668874173,0.9781125260021364,0.9814569536423841,0.972704784393096,0.976158940397351
0.549,0.9792861359419801,0.9867549668874173,0.9781125260021364,0.9814569536423841,0.972704784393096,0.976158940397351
0.55,0.9792861359419801,0.9867549668874173,0.9781125260021364,0.9814569536423841,0.972704784393096,0.9774834437086093
0.551,0.9792861359419801,0.9867549668874173,0.9781125260021364,0.9814569536423841,0.972704784393096,0.9774834437086093
0.552,0.9792861359419801,0.9867549668874173,0.9781125260021364,0.9814569536423841,0.972704784393096,0.9774834437086093
0.553,0.9792861359419801,0.9867549668874173,0.9781125260021364,0.9814569536423841,0.972704784393096,0.9774834437086093
0.554,0.9792861359419801,0.9867549668874173,0.9781125260021364,0.9814569536423841,0.972704784393096,0.9774834437086093
0.555,0.9792861359419801,0.9867549668874173,0.9781125260021364,0.9814569536423841,0.972704784393096,0.9774834437086093
0.556,0.9792861359419801,0.9867549668874173,0.9781125260021364,0.9814569536423841,0.972704784393096,0.9788079470198675
0.557,0.9792861359419801,0.9867549668874173,0.9781125260021364,0.9814569536423841,0.972704784393096,0.9788079470198675
0.558,0.9792861359419801,0.9867549668874173,0.9781125260021364,0.9814569536423841,0.972704784393096,0.9788079470198675
0.559,0.9792861359419801,0.9867549668874173,0.9781125260021364,0.9814569536423841,0.972704784393096,0.9788079470198675
0.56,0.9805616461460618,0.9880794701986755,0.9781125260021364,0.9814569536423841,0.972704784393096,0.9788079470198675
0.561,0.9805616461460618,0.9880794701986755,0.9781125260021364,0.9814569536423841,0.972704784393096,0.9788079470198675
0.562,0.9805616461460618,0.9880794701986755,0.9781125260021364,0.9814569536423841,0.972704784393096,0.9788079470198675
0.5630000000000001,0.9805616461460618,0.9880794701986755,0.9781125260021364,0.9814569536423841,0.972704784393096,0.9788079470198675
0.5640000000000001,0.9805616461460618,0.9880794701986755,0.9781125260021364,0.9814569536423841,0.972704784393096,0.9788079470198675
0.5650000000000001,0.9805616461460618,0.9880794701986755,0.9781125260021364,0.9814569536423841,0.972704784393096,0.9801324503311258
0.5660000000000001,0.9805616461460618,0.9880794701986755,0.9781125260021364,0.9827814569536424,0.972704784393096,0.9801324503311258
0.5670000000000001,0.9805616461460618,0.9880794701986755,0.9781125260021364,0.9827814569536424,0.972704784393096,0.9801324503311258
0.5680000000000001,0.9805616461460618,0.9880794701986755,0.9781125260021364,0.9827814569536424,0.972704784393096,0.9801324503311258
0.5690000000000001,0.9805616461460618,0.9880794701986755,0.9781125260021364,0.9841059602649007,0.972704784393096,0.9801324503311258
0.5700000000000001,0.9805616461460618,0.9880794701986755,0.9781125260021364,0.9841059602649007,0.972704784393096,0.9801324503311258
0.5710000000000001,0.9805616461460618,0.9880794701986755,0.9781125260021364,0.9841059602649007,0.972704784393096,0.9801324503311258
0.5720000000000001,0.9805616461460618,0.9880794701986755,0.9781125260021364,0.9841059602649007,0.972704784393096,0.9801324503311258
0.5730000000000001,0.9805616461460618,0.9880794701986755,0.9781125260021364,0.9841059602649007,0.972704784393096,0.9801324503311258
0.5740000000000001,0.9805616461460618,0.9880794701986755,0.9781125260021364,0.9841059602649007,0.972704784393096,0.9801324503311258
0.5750000000000001,0.9805616461460618,0.9880794701986755,0.9781125260021364,0.9841059602649007,0.972704784393096,0.9801324503311258
0.5760000000000001,0.9805616461460618,0.9880794701986755,0.9781125260021364,0.9841059602649007,0.972704784393096,0.9801324503311258
0.577,0.9805616461460618,0.9880794701986755,0.9781125260021364,0.9841059602649007,0.972704784393096,0.9801324503311258
0.578,0.9805616461460618,0.9880794701986755,0.9781125260021364,0.9841059602649007,0.9739802945971777,0.9801324503311258
0.579,0.9805616461460618,0.9880794701986755,0.9781125260021364,0.9841059602649007,0.9739802945971777,0.9801324503311258
0.58,0.9805616461460618,0.9880794701986755,0.9781125260021364,0.9841059602649007,0.9739802945971777,0.9801324503311258
0.581,0.9805616461460618,0.9880794701986755,0.9781125260021364,0.9841059602649007,0.9739802945971777,0.9801324503311258
0.582,0.9805616461460618,0.9880794701986755,0.9781125260021364,0.9841059602649007,0.9739802945971777,0.9801324503311258
0.583,0.9805616461460618,0.9880794701986755,0.9781125260021364,0.9854304635761589,0.9739802945971777,0.9801324503311258
0.584,0.9805616461460618,0.9880794701986755,0.9781125260021364,0.9867549668874173,0.9752558048012594,0.9801324503311258
0.585,0.9805616461460618,0.9880794701986755,0.9781125260021364,0.9867549668874173,0.9752558048012594,0.9801324503311258
0.586,0.9805616461460618,0.9880794701986755,0.9781125260021364,0.9867549668874173,0.9752558048012594,0.9801324503311258
0.587,0.9805616461460618,0.9880794701986755,0.9781125260021364,0.9867549668874173,0.9752558048012594,0.9801324503311258
0.588,0.9805616461460618,0.9880794701986755,0.9781125260021364,0.9867549668874173,0.9752558048012594,0.9801324503311258
0.589,0.9805616461460618,0.9880794701986755,0.9781125260021364,0.9867549668874173,0.9752558048012594,0.9801324503311258
0.59,0.9805616461460618,0.9880794701986755,0.9781125260021364,0.9867549668874173,0.9752558048012594,0.9801324503311258
0.591,0.9805616461460618,0.9880794701986755,0.9781125260021364,0.9880794701986755,0.9752558048012594,0.9801324503311258
0.592,0.9805616461460618,0.9880794701986755,0.9781125260021364,0.9880794701986755,0.9752558048012594,0.9801324503311258
0.593,0.9805616461460618,0.9880794701986755,0.9781125260021364,0.9880794701986755,0.9752558048012594,0.9801324503311258
0.594,0.9805616461460618,0.9880794701986755,0.9781125260021364,0.9880794701986755,0.9752558048012594,0.9801324503311258
0.595,0.9805616461460618,0.9880794701986755,0.9781125260021364,0.9880794701986755,0.9752558048012594,0.9801324503311258
0.596,0.9805616461460618,0.9880794701986755,0.9781125260021364,0.9880794701986755,0.9752558048012594,0.9801324503311258
0.597,0.9805616461460618,0.9880794701986755,0.9781125260021364,0.9880794701986755,0.9752558048012594,0.9801324503311258
0.598,0.9805616461460618,0.9880794701986755,0.9781125260021364,0.9880794701986755,0.9752558048012594,0.9801324503311258
0.599,0.9805616461460618,0.9880794701986755,0.9781125260021364,0.9880794701986755,0.9752558048012594,0.9801324503311258
0.6,0.9805616461460618,0.9880794701986755,0.9781125260021364,0.9880794701986755,0.9766332152695789,0.9801324503311258
0.601,0.9805616461460618,0.9880794701986755,0.9781125260021364,0.9880794701986755,0.9766332152695789,0.9801324503311258
0.602,0.9805616461460618,0.9880794701986755,0.9781125260021364,0.9894039735099338,0.9766332152695789,0.9801324503311258
0.603,0.9805616461460618,0.9880794701986755,0.9781125260021364,0.9894039735099338,0.9766332152695789,0.9801324503311258
0.604,0.9805616461460618,0.9880794701986755,0.9781125260021364,0.9894039735099338,0.9766332152695789,0.9801324503311258
0.605,0.9805616461460618,0.9880794701986755,0.9781125260021364,0.9894039735099338,0.9766332152695789,0.9801324503311258
0.606,0.9805616461460618,0.9880794701986755,0.9781125260021364,0.9894039735099338,0.9766332152695789,0.9801324503311258
0.607,0.9805616461460618,0.9880794701986755,0.9781125260021364,0.9894039735099338,0.9766332152695789,0.9801324503311258
0.608,0.9805616461460618,0.9880794701986755,0.9781125260021364,0.9894039735099338,0.9766332152695789,0.9801324503311258
0.609,0.9805616461460618,0.9880794701986755,0.9781125260021364,0.9894039735099338,0.9766332152695789,0.9801324503311258
0.61,0.9805616461460618,0.9880794701986755,0.9794899364704559,0.9894039735099338,0.9766332152695789,0.9801324503311258
0.611,0.9805616461460618,0.9880794701986755,0.9794899364704559,0.9894039735099338,0.9766332152695789,0.9801324503311258
0.612,0.9805616461460618,0.9880794701986755,0.9794899364704559,0.9894039735099338,0.9766332152695789,0.9801324503311258
0.613,0.9805616461460618,0.9880794701986755,0.9794899364704559,0.990728476821192,0.9766332152695789,0.9801324503311258
0.614,0.9805616461460618,0.9880794701986755,0.9794899364704559,0.990728476821192,0.9779087254736605,0.9801324503311258
0.615,0.9819390566143813,0.9880794701986755,0.9794899364704559,0.990728476821192,0.9791842356777422,0.9814569536423841
0.616,0.9819390566143813,0.9880794701986755,0.9794899364704559,0.990728476821192,0.9791842356777422,0.9814569536423841
0.617,0.9819390566143813,0.9880794701986755,0.9794899364704559,0.990728476821192,0.9791842356777422,0.9814569536423841
0.618,0.9819390566143813,0.9880794701986755,0.9794899364704559,0.990728476821192,0.9791842356777422,0.9814569536423841
0.619,0.9819390566143813,0.9880794701986755,0.9794899364704559,0.990728476821192,0.9791842356777422,0.9814569536423841
0.62,0.9819390566143813,0.9880794701986755,0.9794899364704559,0.990728476821192,0.9791842356777422,0.9814569536423841
0.621,0.9819390566143813,0.9880794701986755,0.9794899364704559,0.990728476821192,0.9791842356777422,0.9827814569536424
0.622,0.9819390566143813,0.9880794701986755,0.9794899364704559,0.990728476821192,0.9804597458818238,0.9827814569536424
0.623,0.9819390566143813,0.9880794701986755,0.9807654466745376,0.990728476821192,0.9804597458818238,0.9827814569536424
0.624,0.9819390566143813,0.9880794701986755,0.9807654466745376,0.990728476821192,0.9804597458818238,0.9827814569536424
0.625,0.9819390566143813,0.9880794701986755,0.9807654466745376,0.990728476821192,0.9804597458818238,0.9827814569536424
0.626,0.9819390566143813,0.9880794701986755,0.9807654466745376,0.990728476821192,0.9804597458818238,0.9827814569536424
0.627,0.9819390566143813,0.9880794701986755,0.9807654466745376,0.990728476821192,0.9804597458818238,0.9841059602649007
0.628,0.9819390566143813,0.9880794701986755,0.9807654466745376,0.990728476821192,0.9817352560859054,0.9841059602649007
0.629,0.9819390566143813,0.9880794701986755,0.9807654466745376,0.990728476821192,0.9817352560859054,0.9841059602649007
0.63,0.9819390566143813,0.9880794701986755,0.9807654466745376,0.990728476821192,0.9817352560859054,0.9841059602649007
0.631,0.983214566818463,0.9880794701986755,0.9807654466745376,0.990728476821192,0.9817352560859054,0.9841059602649007
0.632,0.983214566818463,0.9880794701986755,0.9807654466745376,0.990728476821192,0.9817352560859054,0.9841059602649007
0.633,0.983214566818463,0.9894039735099338,0.9807654466745376,0.990728476821192,0.9817352560859054,0.9841059602649007
0.634,0.983214566818463,0.9894039735099338,0.9820409568786193,0.990728476821192,0.9817352560859054,0.9841059602649007
0.635,0.9844900770225447,0.9894039735099338,0.9820409568786193,0.990728476821192,0.9817352560859054,0.9841059602649007
0.636,0.9844900770225447,0.9894039735099338,0.9820409568786193,0.990728476821192,0.9817352560859054,0.9841059602649007
0.637,0.9844900770225447,0.9894039735099338,0.9820409568786193,0.990728476821192,0.9817352560859054,0.9841059602649007
0.638,0.9844900770225447,0.9894039735099338,0.9820409568786193,0.990728476821192,0.9817352560859054,0.9841059602649007
0.639,0.9844900770225447,0.9894039735099338,0.9820409568786193,0.990728476821192,0.9817352560859054,0.9841059602649007
0.64,0.9844900770225447,0.9894039735099338,0.9820409568786193,0.990728476821192,0.9817352560859054,0.9841059602649007
0.641,0.9844900770225447,0.9894039735099338,0.9820409568786193,0.990728476821192,0.9817352560859054,0.9841059602649007
0.642,0.9844900770225447,0.9894039735099338,0.9820409568786193,0.9920529801324504,0.9830107662899871,0.9841059602649007
0.643,0.9844900770225447,0.9894039735099338,0.9833164670827008,0.9920529801324504,0.9830107662899871,0.9841059602649007
0.644,0.9844900770225447,0.9894039735099338,0.9833164670827008,0.9920529801324504,0.9830107662899871,0.9841059602649007
0.645,0.9844900770225447,0.9894039735099338,0.9833164670827008,0.9920529801324504,0.9830107662899871,0.9841059602649007
0.646,0.9844900770225447,0.9894039735099338,0.9833164670827008,0.9920529801324504,0.9830107662899871,0.9841059602649007
0.647,0.9844900770225447,0.9894039735099338,0.9833164670827008,0.9920529801324504,0.9830107662899871,0.9841059602649007
0.648,0.9844900770225447,0.9894039735099338,0.9833164670827008,0.9920529801324504,0.9830107662899871,0.9841059602649007
0.649,0.9844900770225447,0.9894039735099338,0.9845919772867825,0.9920529801324504,0.9830107662899871,0.9841059602649007
0.65,0.9857655872266262,0.9894039735099338,0.9845919772867825,0.9920529801324504,0.9830107662899871,0.9841059602649007
0.651,0.9857655872266262,0.9894039735099338,0.9845919772867825,0.9920529801324504,0.9830107662899871,0.9841059602649007
0.652,0.9857655872266262,0.9894039735099338,0.9845919772867825,0.9920529801324504,0.9830107662899871,0.9841059602649007
0.653,0.9857655872266262,0.9894039735099338,0.9845919772867825,0.9920529801324504,0.9830107662899871,0.9841059602649007
0.654,0.9871429976949457,0.9894039735099338,0.9845919772867825,0.9920529801324504,0.9830107662899871,0.9841059602649007
0.655,0.9884185078990273,0.9894039735099338,0.9845919772867825,0.9920529801324504,0.9830107662899871,0.9841059602649007
0.656,0.9884185078990273,0.9894039735099338,0.9845919772867825,0.9920529801324504,0.9830107662899871,0.9841059602649007
0.657,0.9884185078990273,0.9894039735099338,0.9845919772867825,0.9920529801324504,0.9830107662899871,0.9841059602649007
0.658,0.9884185078990273,0.9894039735099338,0.9845919772867825,0.9920529801324504,0.9830107662899871,0.9841059602649007
0.659,0.9884185078990273,0.9894039735099338,0.9845919772867825,0.9920529801324504,0.9830107662899871,0.9841059602649007
0.66,0.9884185078990273,0.9894039735099338,0.9858674874908642,0.9933774834437086,0.9830107662899871,0.9854304635761589
0.661,0.9884185078990273,0.9894039735099338,0.9858674874908642,0.9933774834437086,0.9830107662899871,0.9854304635761589
0.662,0.989694018103109,0.9894039735099338,0.9858674874908642,0.9933774834437086,0.9830107662899871,0.9854304635761589
0.663,0.989694018103109,0.9894039735099338,0.9858674874908642,0.9933774834437086,0.9830107662899871,0.9854304635761589
0.664,0.989694018103109,0.9894039735099338,0.9858674874908642,0.9933774834437086,0.9830107662899871,0.9854304635761589
0.665,0.989694018103109,0.9894039735099338,0.9858674874908642,0.9933774834437086,0.9830107662899871,0.9854304635761589
0.666,0.9909695283071907,0.9894039735099338,0.9858674874908642,0.9933774834437086,0.9830107662899871,0.9854304635761589
0.667,0.9909695283071907,0.990728476821192,0.9858674874908642,0.9933774834437086,0.9830107662899871,0.9854304635761589
0.668,0.9909695283071907,0.990728476821192,0.9858674874908642,0.9933774834437086,0.9830107662899871,0.9854304635761589
0.669,0.9909695283071907,0.990728476821192,0.9858674874908642,0.9933774834437086,0.9830107662899871,0.9854304635761589
0.67,0.9909695283071907,0.990728476821192,0.9858674874908642,0.9947019867549669,0.9830107662899871,0.9867549668874173
0.671,0.9909695283071907,0.990728476821192,0.9858674874908642,0.9947019867549669,0.9830107662899871,0.9867549668874173
0.672,0.9909695283071907,0.990728476821192,0.9858674874908642,0.9947019867549669,0.9830107662899871,0.9867549668874173
0.673,0.9909695283071907,0.990728476821192,0.9858674874908642,0.9947019867549669,0.9830107662899871,0.9867549668874173
0.674,0.9909695283071907,0.990728476821192,0.9858674874908642,0.9947019867549669,0.9830107662899871,0.9867549668874173
0.675,0.9909695283071907,0.990728476821192,0.9858674874908642,0.9947019867549669,0.9830107662899871,0.9867549668874173
0.676,0.9909695283071907,0.990728476821192,0.9858674874908642,0.9947019867549669,0.9830107662899871,0.9867549668874173
0.677,0.9909695283071907,0.990728476821192,0.9858674874908642,0.9947019867549669,0.9830107662899871,0.9867549668874173
0.678,0.9909695283071907,0.990728476821192,0.9871429976949457,0.9947019867549669,0.9830107662899871,0.9867549668874173
0.679,0.9909695283071907,0.990728476821192,0.9871429976949457,0.9947019867549669,0.9830107662899871,0.9867549668874173
0.68,0.9909695283071907,0.990728476821192,0.9871429976949457,0.9947019867549669,0.9830107662899871,0.9867549668874173
0.681,0.9909695283071907,0.990728476821192,0.9871429976949457,0.9947019867549669,0.9830107662899871,0.9867549668874173
0.682,0.9909695283071907,0.9920529801324504,0.9871429976949457,0.9947019867549669,0.9830107662899871,0.9867549668874173
0.683,0.9909695283071907,0.9920529801324504,0.9871429976949457,0.9947019867549669,0.9830107662899871,0.9867549668874173
0.684,0.9909695283071907,0.9920529801324504,0.9871429976949457,0.9947019867549669,0.9830107662899871,0.9867549668874173
0.685,0.9909695283071907,0.9920529801324504,0.9871429976949457,0.9947019867549669,0.9830107662899871,0.9867549668874173
0.686,0.9909695283071907,0.9920529801324504,0.9871429976949457,0.9947019867549669,0.9830107662899871,0.9867549668874173
0.687,0.9909695283071907,0.9920529801324504,0.9871429976949457,0.9947019867549669,0.9830107662899871,0.9867549668874173
0.6880000000000001,0.9909695283071907,0.9920529801324504,0.9871429976949457,0.9947019867549669,0.9830107662899871,0.9867549668874173
0.6890000000000001,0.9909695283071907,0.9920529801324504,0.9871429976949457,0.9947019867549669,0.9830107662899871,0.9867549668874173
0.6900000000000001,0.9909695283071907,0.9920529801324504,0.9871429976949457,0.9947019867549669,0.9842862764940687,0.9867549668874173
0.6910000000000001,0.9909695283071907,0.9920529801324504,0.9871429976949457,0.9947019867549669,0.9842862764940687,0.9867549668874173
0.6920000000000001,0.9909695283071907,0.9920529801324504,0.9871429976949457,0.9947019867549669,0.9842862764940687,0.9867549668874173
0.6930000000000001,0.9909695283071907,0.9920529801324504,0.9871429976949457,0.9947019867549669,0.9842862764940687,0.9867549668874173
0.6940000000000001,0.9909695283071907,0.9920529801324504,0.9884185078990273,0.9947019867549669,0.9842862764940687,0.9867549668874173
0.6950000000000001,0.9909695283071907,0.9920529801324504,0.9884185078990273,0.9947019867549669,0.9855617866981503,0.9867549668874173
0.6960000000000001,0.9909695283071907,0.9920529801324504,0.9884185078990273,0.9947019867549669,0.9855617866981503,0.9867549668874173
0.6970000000000001,0.9909695283071907,0.9920529801324504,0.9884185078990273,0.9947019867549669,0.9855617866981503,0.9867549668874173
0.6980000000000001,0.9909695283071907,0.9920529801324504,0.9884185078990273,0.9947019867549669,0.9855617866981503,0.9867549668874173
0.6990000000000001,0.9909695283071907,0.9920529801324504,0.9884185078990273,0.9947019867549669,0.9855617866981503,0.9867549668874173
0.7000000000000001,0.9909695283071907,0.9920529801324504,0.9884185078990273,0.9947019867549669,0.9855617866981503,0.9867549668874173
0.7010000000000001,0.9909695283071907,0.9920529801324504,0.9884185078990273,0.9947019867549669,0.9855617866981503,0.9867549668874173
0.7020000000000001,0.9909695283071907,0.9920529801324504,0.9884185078990273,0.9947019867549669,0.9855617866981503,0.9867549668874173
0.7030000000000001,0.9909695283071907,0.9920529801324504,0.9884185078990273,0.9947019867549669,0.9855617866981503,0.9867549668874173
0.704,0.9909695283071907,0.9920529801324504,0.9884185078990273,0.9947019867549669,0.9869391971664698,0.9867549668874173
0.705,0.9909695283071907,0.9920529801324504,0.9884185078990273,0.9947019867549669,0.9869391971664698,0.9867549668874173
0.706,0.9909695283071907,0.9920529801324504,0.9897959183673469,0.9947019867549669,0.9869391971664698,0.9867549668874173
0.707,0.9909695283071907,0.9920529801324504,0.9897959183673469,0.9947019867549669,0.9869391971664698,0.9880794701986755
0.708,0.9909695283071907,0.9920529801324504,0.9897959183673469,0.9947019867549669,0.9869391971664698,0.9880794701986755
0.709,0.9909695283071907,0.9920529801324504,0.9897959183673469,0.9947019867549669,0.9869391971664698,0.9880794701986755
0.71,0.9909695283071907,0.9920529801324504,0.9897959183673469,0.9947019867549669,0.9869391971664698,0.9880794701986755
0.711,0.9922450385112722,0.9920529801324504,0.9897959183673469,0.9947019867549669,0.9869391971664698,0.9880794701986755
0.712,0.9922450385112722,0.9920529801324504,0.9897959183673469,0.9947019867549669,0.9869391971664698,0.9880794701986755
0.713,0.9922450385112722,0.9920529801324504,0.9897959183673469,0.9947019867549669,0.9869391971664698,0.9880794701986755
0.714,0.9922450385112722,0.9920529801324504,0.9910714285714286,0.9947019867549669,0.9869391971664698,0.9880794701986755
0.715,0.9922450385112722,0.9920529801324504,0.9910714285714286,0.9947019867549669,0.9869391971664698,0.9880794701986755
0.716,0.9922450385112722,0.9920529801324504,0.9910714285714286,0.9947019867549669,0.9869391971664698,0.9880794701986755
0.717,0.9922450385112722,0.9920529801324504,0.9923469387755102,0.9947019867549669,0.9869391971664698,0.9880794701986755
0.718,0.9922450385112722,0.9920529801324504,0.9923469387755102,0.9947019867549669,0.9869391971664698,0.9880794701986755
0.719,0.9922450385112722,0.9920529801324504,0.9923469387755102,0.9947019867549669,0.9869391971664698,0.9880794701986755
0.72,0.9922450385112722,0.9920529801324504,0.9923469387755102,0.9947019867549669,0.9869391971664698,0.9880794701986755
0.721,0.9922450385112722,0.9920529801324504,0.9923469387755102,0.9947019867549669,0.9869391971664698,0.9880794701986755
0.722,0.9922450385112722,0.9920529801324504,0.9923469387755102,0.9947019867549669,0.9869391971664698,0.9880794701986755
0.723,0.9922450385112722,0.9920529801324504,0.9923469387755102,0.9947019867549669,0.9869391971664698,0.9880794701986755
0.724,0.9922450385112722,0.9920529801324504,0.9923469387755102,0.9947019867549669,0.9869391971664698,0.9880794701986755
0.725,0.9922450385112722,0.9920529801324504,0.9923469387755102,0.9947019867549669,0.9869391971664698,0.9880794701986755
0.726,0.9936224489795918,0.9920529801324504,0.9923469387755102,0.9947019867549669,0.9869391971664698,0.9880794701986755
0.727,0.9936224489795918,0.9920529801324504,0.9923469387755102,0.9960264900662251,0.9869391971664698,0.9880794701986755
0.728,0.9936224489795918,0.9920529801324504,0.9923469387755102,0.9960264900662251,0.9869391971664698,0.9880794701986755
0.729,0.9936224489795918,0.9920529801324504,0.9923469387755102,0.9960264900662251,0.9869391971664698,0.9880794701986755
0.73,0.9936224489795918,0.9920529801324504,0.9923469387755102,0.9960264900662251,0.9869391971664698,0.9880794701986755
0.731,0.9936224489795918,0.9920529801324504,0.9923469387755102,0.9960264900662251,0.9882147073705516,0.9880794701986755
0.732,0.9936224489795918,0.9920529801324504,0.9923469387755102,0.9960264900662251,0.9882147073705516,0.9880794701986755
0.733,0.9936224489795918,0.9920529801324504,0.9936224489795918,0.9960264900662251,0.9882147073705516,0.9880794701986755
0.734,0.9936224489795918,0.9933774834437086,0.9936224489795918,0.9960264900662251,0.9882147073705516,0.9880794701986755
0.735,0.9936224489795918,0.9933774834437086,0.9936224489795918,0.9960264900662251,0.9882147073705516,0.9880794701986755
0.736,0.9936224489795918,0.9933774834437086,0.9936224489795918,0.9960264900662251,0.9882147073705516,0.9880794701986755
0.737,0.9936224489795918,0.9933774834437086,0.9936224489795918,0.9960264900662251,0.9882147073705516,0.9880794701986755
0.738,0.9936224489795918,0.9933774834437086,0.9936224489795918,0.9960264900662251,0.9882147073705516,0.9880794701986755
0.739,0.9936224489795918,0.9933774834437086,0.9936224489795918,0.9960264900662251,0.9882147073705516,0.9880794701986755
0.74,0.9936224489795918,0.9933774834437086,0.9936224489795918,0.9960264900662251,0.9882147073705516,0.9880794701986755
0.741,0.9936224489795918,0.9933774834437086,0.9936224489795918,0.9960264900662251,0.9882147073705516,0.9880794701986755
0.742,0.9936224489795918,0.9933774834437086,0.9936224489795918,0.9960264900662251,0.9882147073705516,0.9880794701986755
0.743,0.9936224489795918,0.9933774834437086,0.9936224489795918,0.9960264900662251,0.9895921178388711,0.9880794701986755
0.744,0.9936224489795918,0.9933774834437086,0.9936224489795918,0.9960264900662251,0.9895921178388711,0.9880794701986755
0.745,0.9936224489795918,0.9933774834437086,0.9936224489795918,0.9960264900662251,0.9895921178388711,0.9880794701986755
0.746,0.9936224489795918,0.9933774834437086,0.9936224489795918,0.9960264900662251,0.9895921178388711,0.9880794701986755
0.747,0.9936224489795918,0.9933774834437086,0.9948979591836735,0.9960264900662251,0.9895921178388711,0.9880794701986755
0.748,0.9936224489795918,0.9933774834437086,0.9948979591836735,0.9960264900662251,0.9895921178388711,0.9880794701986755
0.749,0.9936224489795918,0.9933774834437086,0.9948979591836735,0.9960264900662251,0.9895921178388711,0.9880794701986755
0.75,0.9936224489795918,0.9933774834437086,0.9948979591836735,0.9960264900662251,0.9895921178388711,0.9894039735099338
0.751,0.9936224489795918,0.9933774834437086,0.9948979591836735,0.9960264900662251,0.9895921178388711,0.9894039735099338
0.752,0.9936224489795918,0.9933774834437086,0.9948979591836735,0.9960264900662251,0.9895921178388711,0.9894039735099338
0.753,0.9936224489795918,0.9933774834437086,0.9948979591836735,0.9960264900662251,0.9895921178388711,0.9894039735099338
0.754,0.9936224489795918,0.9933774834437086,0.9948979591836735,0.9960264900662251,0.9895921178388711,0.9894039735099338
0.755,0.9936224489795918,0.9933774834437086,0.9948979591836735,0.9960264900662251,0.9895921178388711,0.9894039735099338
0.756,0.9936224489795918,0.9933774834437086,0.9948979591836735,0.9960264900662251,0.9895921178388711,0.9894039735099338
0.757,0.9936224489795918,0.9933774834437086,0.9948979591836735,0.9960264900662251,0.9895921178388711,0.9894039735099338
0.758,0.9936224489795918,0.9947019867549669,0.9948979591836735,0.9960264900662251,0.9895921178388711,0.9894039735099338
0.759,0.9936224489795918,0.9947019867549669,0.9948979591836735,0.9960264900662251,0.9895921178388711,0.9894039735099338
0.76,0.9936224489795918,0.9960264900662251,0.9948979591836735,0.9960264900662251,0.9895921178388711,0.9894039735099338
0.761,0.9936224489795918,0.9960264900662251,0.9948979591836735,0.9960264900662251,0.9908676280429527,0.9894039735099338
0.762,0.9936224489795918,0.9960264900662251,0.9948979591836735,0.9960264900662251,0.9908676280429527,0.9894039735099338
0.763,0.9936224489795918,0.9960264900662251,0.9948979591836735,0.9960264900662251,0.9908676280429527,0.9894039735099338
0.764,0.9936224489795918,0.9960264900662251,0.9948979591836735,0.9960264900662251,0.9908676280429527,0.9894039735099338
0.765,0.9936224489795918,0.9960264900662251,0.9948979591836735,0.9960264900662251,0.9908676280429527,0.9894039735099338
0.766,0.9936224489795918,0.9960264900662251,0.9948979591836735,0.9960264900662251,0.9908676280429527,0.9894039735099338
0.767,0.9936224489795918,0.9960264900662251,0.9948979591836735,0.9960264900662251,0.9908676280429527,0.9894039735099338
0.768,0.9936224489795918,0.9960264900662251,0.9948979591836735,0.9960264900662251,0.9908676280429527,0.9894039735099338
0.769,0.9936224489795918,0.9960264900662251,0.9948979591836735,0.9960264900662251,0.9908676280429527,0.9894039735099338
0.77,0.9936224489795918,0.9960264900662251,0.9948979591836735,0.9960264900662251,0.9908676280429527,0.9894039735099338
0.771,0.9936224489795918,0.9960264900662251,0.9948979591836735,0.9960264900662251,0.9922450385112722,0.9894039735099338
0.772,0.9936224489795918,0.9960264900662251,0.9948979591836735,0.9960264900662251,0.9922450385112722,0.9894039735099338
0.773,0.9936224489795918,0.9960264900662251,0.9948979591836735,0.9960264900662251,0.9922450385112722,0.9894039735099338
0.774,0.9936224489795918,0.9960264900662251,0.9948979591836735,0.9960264900662251,0.9922450385112722,0.9894039735099338
0.775,0.9936224489795918,0.9960264900662251,0.9948979591836735,0.9960264900662251,0.9922450385112722,0.9894039735099338
0.776,0.9936224489795918,0.9960264900662251,0.9948979591836735,0.9960264900662251,0.9922450385112722,0.9894039735099338
0.777,0.9936224489795918,0.9960264900662251,0.9948979591836735,0.9960264900662251,0.9922450385112722,0.9894039735099338
0.778,0.9936224489795918,0.9960264900662251,0.9948979591836735,0.9960264900662251,0.9922450385112722,0.9894039735099338
0.779,0.9936224489795918,0.9960264900662251,0.9948979591836735,0.9960264900662251,0.9922450385112722,0.9894039735099338
0.78,0.9936224489795918,0.9960264900662251,0.9961734693877551,0.9960264900662251,0.9922450385112722,0.9894039735099338
0.781,0.9948979591836735,0.9960264900662251,0.9961734693877551,0.9960264900662251,0.9922450385112722,0.9894039735099338
0.782,0.9948979591836735,0.9960264900662251,0.9961734693877551,0.9960264900662251,0.9922450385112722,0.990728476821192
0.783,0.9948979591836735,0.9960264900662251,0.9961734693877551,0.9960264900662251,0.9922450385112722,0.990728476821192
0.784,0.9948979591836735,0.9960264900662251,0.9961734693877551,0.9960264900662251,0.9922450385112722,0.990728476821192
0.785,0.9948979591836735,0.9960264900662251,0.9961734693877551,0.9960264900662251,0.9922450385112722,0.990728476821192
0.786,0.9948979591836735,0.9960264900662251,0.9961734693877551,0.9960264900662251,0.9922450385112722,0.990728476821192
0.787,0.9948979591836735,0.9960264900662251,0.9961734693877551,0.9960264900662251,0.9922450385112722,0.990728476821192
0.788,0.9948979591836735,0.9960264900662251,0.9961734693877551,0.9960264900662251,0.9922450385112722,0.990728476821192
0.789,0.9948979591836735,0.9960264900662251,0.9961734693877551,0.9960264900662251,0.9922450385112722,0.990728476821192
0.79,0.9948979591836735,0.9960264900662251,0.9961734693877551,0.9960264900662251,0.9922450385112722,0.990728476821192
0.791,0.9948979591836735,0.9960264900662251,0.9961734693877551,0.9960264900662251,0.9922450385112722,0.990728476821192
0.792,0.9948979591836735,0.9960264900662251,0.9961734693877551,0.9960264900662251,0.9922450385112722,0.990728476821192
0.793,0.9948979591836735,0.9960264900662251,0.9961734693877551,0.9960264900662251,0.9922450385112722,0.990728476821192
0.794,0.9948979591836735,0.9960264900662251,0.9961734693877551,0.9960264900662251,0.9922450385112722,0.990728476821192
0.795,0.9948979591836735,0.9960264900662251,0.9961734693877551,0.9960264900662251,0.9922450385112722,0.990728476821192
0.796,0.9948979591836735,0.9960264900662251,0.9961734693877551,0.9960264900662251,0.9922450385112722,0.990728476821192
0.797,0.9948979591836735,0.9960264900662251,0.9974489795918368,0.9960264900662251,0.9922450385112722,0.990728476821192
0.798,0.9948979591836735,0.9960264900662251,0.9974489795918368,0.9973509933774835,0.9922450385112722,0.990728476821192
0.799,0.9948979591836735,0.9960264900662251,0.9974489795918368,0.9973509933774835,0.9922450385112722,0.990728476821192
0.8,0.9948979591836735,0.9960264900662251,0.9974489795918368,0.9973509933774835,0.9922450385112722,0.990728476821192
0.801,0.9948979591836735,0.9960264900662251,0.9974489795918368,0.9973509933774835,0.9922450385112722,0.990728476821192
0.802,0.9948979591836735,0.9960264900662251,0.9974489795918368,0.9973509933774835,0.9922450385112722,0.990728476821192
0.803,0.9948979591836735,0.9960264900662251,0.9974489795918368,0.9973509933774835,0.9922450385112722,0.990728476821192
0.804,0.9948979591836735,0.9960264900662251,0.9974489795918368,0.9973509933774835,0.9922450385112722,0.990728476821192
0.805,0.9948979591836735,0.9960264900662251,0.9974489795918368,0.9973509933774835,0.9922450385112722,0.9920529801324504
0.806,0.9948979591836735,0.9960264900662251,0.9974489795918368,0.9973509933774835,0.9922450385112722,0.9933774834437086
0.807,0.9948979591836735,0.9960264900662251,0.9974489795918368,0.9973509933774835,0.9922450385112722,0.9933774834437086
0.808,0.9961734693877551,0.9960264900662251,0.9974489795918368,0.9973509933774835,0.9922450385112722,0.9933774834437086
0.809,0.9961734693877551,0.9960264900662251,0.9974489795918368,0.9973509933774835,0.9922450385112722,0.9933774834437086
0.81,0.9961734693877551,0.9960264900662251,0.9974489795918368,0.9973509933774835,0.9922450385112722,0.9933774834437086
0.811,0.9961734693877551,0.9973509933774835,0.9974489795918368,0.9973509933774835,0.9922450385112722,0.9933774834437086
0.812,0.9961734693877551,0.9973509933774835,0.9974489795918368,0.9973509933774835,0.9922450385112722,0.9933774834437086
0.8130000000000001,0.9961734693877551,0.9973509933774835,0.9974489795918368,0.9973509933774835,0.9922450385112722,0.9933774834437086
0.8140000000000001,0.9961734693877551,0.9973509933774835,0.9974489795918368,0.9973509933774835,0.9922450385112722,0.9933774834437086
0.8150000000000001,0.9961734693877551,0.9973509933774835,0.9974489795918368,0.9973509933774835,0.9922450385112722,0.9933774834437086
0.8160000000000001,0.9961734693877551,0.9973509933774835,0.9974489795918368,0.9973509933774835,0.9922450385112722,0.9933774834437086
0.8170000000000001,0.9961734693877551,0.9973509933774835,0.9974489795918368,0.9973509933774835,0.9922450385112722,0.9933774834437086
0.8180000000000001,0.9961734693877551,0.9973509933774835,0.9974489795918368,0.9973509933774835,0.9922450385112722,0.9933774834437086
0.8190000000000001,0.9961734693877551,0.9973509933774835,0.9974489795918368,0.9973509933774835,0.9922450385112722,0.9933774834437086
0.8200000000000001,0.9961734693877551,0.9973509933774835,0.9974489795918368,0.9973509933774835,0.9922450385112722,0.9933774834437086
0.8210000000000001,0.9961734693877551,0.9973509933774835,0.9974489795918368,0.9973509933774835,0.9922450385112722,0.9933774834437086
0.8220000000000001,0.9961734693877551,0.9973509933774835,0.9974489795918368,0.9973509933774835,0.9922450385112722,0.9933774834437086
0.8230000000000001,0.9961734693877551,0.9973509933774835,0.9974489795918368,0.9973509933774835,0.9922450385112722,0.9933774834437086
0.8240000000000001,0.9961734693877551,0.9973509933774835,0.9974489795918368,0.9973509933774835,0.9922450385112722,0.9933774834437086
0.8250000000000001,0.9961734693877551,0.9973509933774835,0.9974489795918368,0.9973509933774835,0.9922450385112722,0.9933774834437086
0.8260000000000001,0.9961734693877551,0.9973509933774835,0.9974489795918368,0.9973509933774835,0.9922450385112722,0.9933774834437086
0.8270000000000001,0.9961734693877551,0.9973509933774835,0.9974489795918368,0.9973509933774835,0.9922450385112722,0.9933774834437086
0.8280000000000001,0.9961734693877551,0.9973509933774835,0.9974489795918368,0.9973509933774835,0.9936224489795918,0.9933774834437086
0.8290000000000001,0.9961734693877551,0.9973509933774835,0.9974489795918368,0.9973509933774835,0.9936224489795918,0.9933774834437086
0.8300000000000001,0.9961734693877551,0.9973509933774835,0.9974489795918368,0.9973509933774835,0.9936224489795918,0.9933774834437086
0.8310000000000001,0.9961734693877551,0.9973509933774835,0.9974489795918368,0.9973509933774835,0.9936224489795918,0.9933774834437086
0.8320000000000001,0.9961734693877551,0.9973509933774835,0.9974489795918368,0.9973509933774835,0.9936224489795918,0.9933774834437086
0.833,0.9961734693877551,0.9973509933774835,0.9974489795918368,0.9973509933774835,0.9936224489795918,0.9933774834437086
0.834,0.9961734693877551,0.9973509933774835,0.9974489795918368,0.9973509933774835,0.9936224489795918,0.9933774834437086
0.835,0.9961734693877551,0.9973509933774835,0.9974489795918368,0.9973509933774835,0.9936224489795918,0.9933774834437086
0.836,0.9961734693877551,0.9973509933774835,0.9974489795918368,0.9973509933774835,0.9936224489795918,0.9947019867549669
0.837,0.9961734693877551,0.9973509933774835,0.9974489795918368,0.9973509933774835,0.9936224489795918,0.9947019867549669
0.838,0.9961734693877551,0.9973509933774835,0.9974489795918368,0.9973509933774835,0.9936224489795918,0.9947019867549669
0.839,0.9961734693877551,0.9973509933774835,0.9974489795918368,0.9973509933774835,0.9936224489795918,0.9947019867549669
0.84,0.9961734693877551,0.9973509933774835,0.9974489795918368,0.9973509933774835,0.9948979591836735,0.9947019867549669
0.841,0.9961734693877551,0.9973509933774835,0.9974489795918368,0.9973509933774835,0.9948979591836735,0.9947019867549669
0.842,0.9961734693877551,0.9973509933774835,0.9974489795918368,0.9973509933774835,0.9948979591836735,0.9947019867549669
0.843,0.9961734693877551,0.9973509933774835,0.9974489795918368,0.9973509933774835,0.9948979591836735,0.9947019867549669
0.844,0.9961734693877551,0.9973509933774835,0.9974489795918368,0.9973509933774835,0.9948979591836735,0.9947019867549669
0.845,0.9961734693877551,0.9973509933774835,0.9974489795918368,0.9973509933774835,0.9948979591836735,0.9947019867549669
0.846,0.9961734693877551,0.9973509933774835,0.9974489795918368,0.9973509933774835,0.9948979591836735,0.9947019867549669
0.847,0.9961734693877551,0.9973509933774835,0.9974489795918368,0.9973509933774835,0.9948979591836735,0.9947019867549669
0.848,0.9961734693877551,0.9973509933774835,0.9974489795918368,0.9973509933774835,0.9948979591836735,0.9947019867549669
0.849,0.9961734693877551,0.9973509933774835,0.9974489795918368,0.9973509933774835,0.9948979591836735,0.9947019867549669
0.85,0.9961734693877551,0.9973509933774835,0.9974489795918368,0.9973509933774835,0.9948979591836735,0.9947019867549669
0.851,0.9961734693877551,0.9973509933774835,0.9974489795918368,0.9986754966887417,0.9948979591836735,0.9947019867549669
0.852,0.9961734693877551,0.9973509933774835,0.9974489795918368,0.9986754966887417,0.9948979591836735,0.9947019867549669
0.853,0.9961734693877551,0.9973509933774835,0.9974489795918368,0.9986754966887417,0.9948979591836735,0.9960264900662251
0.854,0.9961734693877551,0.9973509933774835,0.9974489795918368,0.9986754966887417,0.9948979591836735,0.9960264900662251
0.855,0.9961734693877551,0.9973509933774835,0.9974489795918368,0.9986754966887417,0.9948979591836735,0.9960264900662251
0.856,0.9961734693877551,0.9973509933774835,0.9974489795918368,0.9986754966887417,0.9948979591836735,0.9960264900662251
0.857,0.9961734693877551,0.9973509933774835,0.9974489795918368,0.9986754966887417,0.9948979591836735,0.9960264900662251
0.858,0.9961734693877551,0.9973509933774835,0.9974489795918368,0.9986754966887417,0.9948979591836735,0.9960264900662251
0.859,0.9961734693877551,0.9973509933774835,0.9974489795918368,0.9986754966887417,0.9948979591836735,0.9960264900662251
0.86,0.9961734693877551,0.9973509933774835,0.9974489795918368,0.9986754966887417,0.9948979591836735,0.9960264900662251
0.861,0.9961734693877551,0.9973509933774835,0.9974489795918368,0.9986754966887417,0.9948979591836735,0.9960264900662251
0.862,0.9961734693877551,0.9973509933774835,0.9974489795918368,0.9986754966887417,0.9948979591836735,0.9960264900662251
0.863,0.9961734693877551,0.9973509933774835,0.9974489795918368,0.9986754966887417,0.9948979591836735,0.9960264900662251
0.864,0.9961734693877551,0.9973509933774835,0.9974489795918368,0.9986754966887417,0.9961734693877551,0.9960264900662251
0.865,0.9961734693877551,0.9973509933774835,0.9974489795918368,0.9986754966887417,0.9961734693877551,0.9960264900662251
0.866,0.9974489795918368,0.9973509933774835,0.9974489795918368,0.9986754966887417,0.9961734693877551,0.9960264900662251
0.867,0.9974489795918368,0.9973509933774835,0.9974489795918368,0.9986754966887417,0.9961734693877551,0.9960264900662251
0.868,0.9974489795918368,0.9973509933774835,0.9974489795918368,0.9986754966887417,0.9961734693877551,0.9960264900662251
0.869,0.9974489795918368,0.9973509933774835,0.9974489795918368,0.9986754966887417,0.9961734693877551,0.9960264900662251
0.87,0.9974489795918368,0.9973509933774835,0.9974489795918368,0.9986754966887417,0.9961734693877551,0.9960264900662251
0.871,0.9974489795918368,0.9973509933774835,0.9974489795918368,0.9986754966887417,0.9961734693877551,0.9973509933774835
0.872,0.9974489795918368,0.9973509933774835,0.9974489795918368,0.9986754966887417,0.9961734693877551,0.9973509933774835
0.873,0.9974489795918368,0.9973509933774835,0.9974489795918368,0.9986754966887417,0.9961734693877551,0.9973509933774835
0.874,0.9974489795918368,0.9973509933774835,0.9974489795918368,0.9986754966887417,0.9961734693877551,0.9973509933774835
0.875,0.9974489795918368,0.9973509933774835,0.9974489795918368,0.9986754966887417,0.9961734693877551,0.9973509933774835
0.876,0.9974489795918368,0.9973509933774835,0.9974489795918368,0.9986754966887417,0.9961734693877551,0.9973509933774835
0.877,0.9974489795918368,0.9973509933774835,0.9974489795918368,0.9986754966887417,0.9961734693877551,0.9973509933774835
0.878,0.9974489795918368,0.9973509933774835,0.9974489795918368,0.9986754966887417,0.9961734693877551,0.9973509933774835
0.879,0.9974489795918368,0.9973509933774835,0.9974489795918368,0.9986754966887417,0.9961734693877551,0.9973509933774835
0.88,0.9974489795918368,0.9973509933774835,0.9974489795918368,0.9986754966887417,0.9961734693877551,0.9973509933774835
0.881,0.9974489795918368,0.9973509933774835,0.9974489795918368,0.9986754966887417,0.9961734693877551,0.9973509933774835
0.882,0.9974489795918368,0.9973509933774835,0.9974489795918368,0.9986754966887417,0.9961734693877551,0.9973509933774835
0.883,0.9974489795918368,0.9973509933774835,0.9974489795918368,0.9986754966887417,0.9961734693877551,0.9973509933774835
0.884,0.9974489795918368,0.9973509933774835,0.9974489795918368,0.9986754966887417,0.9961734693877551,0.9973509933774835
0.885,0.9974489795918368,0.9973509933774835,0.9974489795918368,0.9986754966887417,0.9961734693877551,0.9973509933774835
0.886,0.9974489795918368,0.9973509933774835,0.9974489795918368,0.9986754966887417,0.9961734693877551,0.9973509933774835
0.887,0.9974489795918368,0.9973509933774835,0.9974489795918368,0.9986754966887417,0.9961734693877551,0.9973509933774835
0.888,0.9974489795918368,0.9973509933774835,0.9974489795918368,0.9986754966887417,0.9974489795918368,0.9973509933774835
0.889,0.9974489795918368,0.9973509933774835,0.9974489795918368,0.9986754966887417,0.9974489795918368,0.9973509933774835
0.89,0.9974489795918368,0.9973509933774835,0.9974489795918368,0.9986754966887417,0.9974489795918368,0.9973509933774835
0.891,0.9974489795918368,0.9973509933774835,0.9974489795918368,0.9986754966887417,0.9974489795918368,0.9973509933774835
0.892,0.9974489795918368,0.9973509933774835,0.9974489795918368,0.9986754966887417,0.9974489795918368,0.9973509933774835
0.893,0.9974489795918368,0.9973509933774835,0.9974489795918368,0.9986754966887417,0.9974489795918368,0.9973509933774835
0.894,0.9974489795918368,0.9973509933774835,0.9974489795918368,0.9986754966887417,0.9974489795918368,0.9973509933774835
0.895,0.9974489795918368,0.9973509933774835,0.9974489795918368,0.9986754966887417,0.9974489795918368,0.9973509933774835
0.896,0.9974489795918368,0.9973509933774835,0.9974489795918368,0.9986754966887417,0.9974489795918368,0.9973509933774835
0.897,0.9974489795918368,0.9973509933774835,0.9974489795918368,0.9986754966887417,0.9974489795918368,0.9973509933774835
0.898,0.9974489795918368,0.9973509933774835,0.9974489795918368,0.9986754966887417,0.9974489795918368,0.9973509933774835
0.899,0.9974489795918368,0.9973509933774835,0.9974489795918368,0.9986754966887417,0.9974489795918368,0.9973509933774835
0.9,0.9974489795918368,0.9973509933774835,0.9974489795918368,0.9986754966887417,0.9974489795918368,0.9973509933774835
0.901,0.9974489795918368,0.9973509933774835,0.9974489795918368,0.9986754966887417,0.9974489795918368,0.9973509933774835
0.902,0.9974489795918368,0.9973509933774835,0.9974489795918368,0.9986754966887417,0.9974489795918368,0.9973509933774835
0.903,0.9974489795918368,0.9973509933774835,0.9974489795918368,0.9986754966887417,0.9974489795918368,0.9973509933774835
0.904,0.9974489795918368,0.9973509933774835,0.9974489795918368,0.9986754966887417,0.9974489795918368,0.9973509933774835
0.905,0.9974489795918368,0.9973509933774835,0.9974489795918368,0.9986754966887417,0.9974489795918368,0.9973509933774835
0.906,0.9974489795918368,0.9973509933774835,0.9974489795918368,0.9986754966887417,0.9974489795918368,0.9973509933774835
0.907,0.9974489795918368,0.9973509933774835,0.9974489795918368,0.9986754966887417,0.9974489795918368,0.9973509933774835
0.908,0.9974489795918368,0.9973509933774835,0.9974489795918368,0.9986754966887417,0.9974489795918368,0.9973509933774835
0.909,0.9974489795918368,0.9973509933774835,0.9974489795918368,0.9986754966887417,0.9974489795918368,0.9973509933774835
0.91,0.9974489795918368,0.9973509933774835,0.9974489795918368,0.9986754966887417,0.9974489795918368,0.9973509933774835
0.911,0.9974489795918368,0.9973509933774835,0.9974489795918368,0.9986754966887417,0.9974489795918368,0.9973509933774835
0.912,0.9974489795918368,0.9973509933774835,0.9974489795918368,0.9986754966887417,0.9974489795918368,0.9973509933774835
0.913,0.9974489795918368,0.9973509933774835,0.9974489795918368,0.9986754966887417,0.9974489795918368,0.9973509933774835
0.914,0.9974489795918368,0.9973509933774835,0.9974489795918368,0.9986754966887417,0.9974489795918368,0.9973509933774835
0.915,0.9974489795918368,0.9973509933774835,0.9974489795918368,0.9986754966887417,0.9974489795918368,0.9973509933774835
0.916,0.9974489795918368,0.9973509933774835,0.9987244897959184,0.9986754966887417,0.9974489795918368,0.9973509933774835
0.917,0.9974489795918368,0.9973509933774835,0.9987244897959184,0.9986754966887417,0.9974489795918368,0.9973509933774835
0.918,0.9974489795918368,0.9973509933774835,0.9987244897959184,0.9986754966887417,0.9974489795918368,0.9973509933774835
0.919,0.9974489795918368,0.9973509933774835,0.9987244897959184,0.9986754966887417,0.9974489795918368,0.9973509933774835
0.92,0.9974489795918368,0.9973509933774835,0.9987244897959184,0.9986754966887417,0.9974489795918368,0.9973509933774835
0.921,0.9974489795918368,0.9973509933774835,0.9987244897959184,0.9986754966887417,0.9974489795918368,0.9973509933774835
0.922,0.9974489795918368,0.9973509933774835,0.9987244897959184,0.9986754966887417,0.9974489795918368,0.9973509933774835
0.923,0.9974489795918368,0.9973509933774835,0.9987244897959184,0.9986754966887417,0.9974489795918368,0.9973509933774835
0.924,0.9974489795918368,0.9973509933774835,0.9987244897959184,0.9986754966887417,0.9974489795918368,0.9973509933774835
0.925,0.9974489795918368,0.9973509933774835,0.9987244897959184,0.9986754966887417,0.9974489795918368,0.9973509933774835
0.926,0.9974489795918368,0.9973509933774835,0.9987244897959184,0.9986754966887417,0.9974489795918368,0.9973509933774835
0.927,0.9974489795918368,0.9973509933774835,0.9987244897959184,0.9986754966887417,0.9974489795918368,0.9973509933774835
0.928,0.9974489795918368,0.9973509933774835,0.9987244897959184,0.9986754966887417,0.9974489795918368,0.9973509933774835
0.929,0.9974489795918368,0.9973509933774835,0.9987244897959184,0.9986754966887417,0.9974489795918368,0.9973509933774835
0.93,0.9974489795918368,0.9973509933774835,0.9987244897959184,0.9986754966887417,0.9974489795918368,0.9973509933774835
0.931,0.9974489795918368,0.9973509933774835,0.9987244897959184,0.9986754966887417,0.9974489795918368,0.9973509933774835
0.932,0.9974489795918368,0.9973509933774835,0.9987244897959184,0.9986754966887417,0.9974489795918368,0.9973509933774835
0.933,0.9974489795918368,0.9973509933774835,0.9987244897959184,0.9986754966887417,0.9974489795918368,0.9973509933774835
0.934,0.9974489795918368,0.9973509933774835,0.9987244897959184,0.9986754966887417,0.9974489795918368,0.9973509933774835
0.935,0.9974489795918368,0.9973509933774835,0.9987244897959184,0.9986754966887417,0.9974489795918368,0.9973509933774835
0.936,0.9974489795918368,0.9973509933774835,0.9987244897959184,0.9986754966887417,0.9974489795918368,0.9973509933774835
0.937,0.9974489795918368,0.9973509933774835,0.9987244897959184,0.9986754966887417,0.9974489795918368,0.9973509933774835
0.9380000000000001,0.9974489795918368,0.9973509933774835,0.9987244897959184,0.9986754966887417,0.9974489795918368,0.9973509933774835
0.9390000000000001,0.9974489795918368,0.9973509933774835,0.9987244897959184,0.9986754966887417,0.9974489795918368,0.9973509933774835
0.9400000000000001,0.9974489795918368,0.9973509933774835,0.9987244897959184,0.9986754966887417,0.9974489795918368,0.9973509933774835
0.9410000000000001,0.9974489795918368,0.9973509933774835,0.9987244897959184,0.9986754966887417,0.9974489795918368,0.9973509933774835
0.9420000000000001,0.9974489795918368,0.9973509933774835,0.9987244897959184,0.9986754966887417,0.9974489795918368,0.9973509933774835
0.9430000000000001,0.9974489795918368,0.9973509933774835,0.9987244897959184,0.9986754966887417,0.9974489795918368,0.9973509933774835
0.9440000000000001,0.9974489795918368,0.9973509933774835,0.9987244897959184,0.9986754966887417,0.9974489795918368,0.9973509933774835
0.9450000000000001,0.9974489795918368,0.9973509933774835,0.9987244897959184,0.9986754966887417,0.9974489795918368,0.9973509933774835
0.9460000000000001,0.9974489795918368,0.9973509933774835,0.9987244897959184,0.9986754966887417,0.9974489795918368,0.9973509933774835
0.9470000000000001,0.9974489795918368,0.9986754966887417,0.9987244897959184,0.9986754966887417,0.9974489795918368,0.9973509933774835
0.9480000000000001,0.9974489795918368,0.9986754966887417,0.9987244897959184,0.9986754966887417,0.9974489795918368,0.9973509933774835
0.9490000000000001,0.9974489795918368,0.9986754966887417,0.9987244897959184,0.9986754966887417,0.9974489795918368,0.9973509933774835
0.9500000000000001,0.9974489795918368,0.9986754966887417,0.9987244897959184,0.9986754966887417,0.9987244897959184,0.9973509933774835
0.9510000000000001,0.9974489795918368,0.9986754966887417,0.9987244897959184,0.9986754966887417,0.9987244897959184,0.9973509933774835
0.9520000000000001,0.9974489795918368,0.9986754966887417,0.9987244897959184,0.9986754966887417,0.9987244897959184,0.9973509933774835
0.9530000000000001,0.9987244897959184,0.9986754966887417,0.9987244897959184,0.9986754966887417,0.9987244897959184,0.9973509933774835
0.9540000000000001,0.9987244897959184,0.9986754966887417,0.9987244897959184,0.9986754966887417,0.9987244897959184,0.9973509933774835
0.9550000000000001,0.9987244897959184,0.9986754966887417,0.9987244897959184,0.9986754966887417,0.9987244897959184,0.9973509933774835
0.9560000000000001,0.9987244897959184,0.9986754966887417,0.9987244897959184,0.9986754966887417,0.9987244897959184,0.9973509933774835
0.9570000000000001,0.9987244897959184,0.9986754966887417,0.9987244897959184,0.9986754966887417,0.9987244897959184,0.9986754966887417
0.9580000000000001,0.9987244897959184,0.9986754966887417,0.9987244897959184,0.9986754966887417,0.9987244897959184,0.9986754966887417
0.9590000000000001,0.9987244897959184,0.9986754966887417,0.9987244897959184,0.9986754966887417,0.9987244897959184,0.9986754966887417
0.96,0.9987244897959184,0.9986754966887417,0.9987244897959184,0.9986754966887417,0.9987244897959184,0.9986754966887417
0.961,0.9987244897959184,0.9986754966887417,0.9987244897959184,0.9986754966887417,0.9987244897959184,0.9986754966887417
0.962,0.9987244897959184,0.9986754966887417,0.9987244897959184,0.9986754966887417,0.9987244897959184,0.9986754966887417
0.963,0.9987244897959184,0.9986754966887417,0.9987244897959184,0.9986754966887417,0.9987244897959184,0.9986754966887417
0.964,0.9987244897959184,0.9986754966887417,0.9987244897959184,0.9986754966887417,0.9987244897959184,0.9986754966887417
0.965,0.9987244897959184,0.9986754966887417,0.9987244897959184,0.9986754966887417,0.9987244897959184,0.9986754966887417
0.966,0.9987244897959184,0.9986754966887417,0.9987244897959184,0.9986754966887417,0.9987244897959184,0.9986754966887417
0.967,0.9987244897959184,0.9986754966887417,0.9987244897959184,0.9986754966887417,1.0,0.9986754966887417
0.968,0.9987244897959184,0.9986754966887417,0.9987244897959184,0.9986754966887417,1.0,0.9986754966887417
0.969,0.9987244897959184,0.9986754966887417,0.9987244897959184,0.9986754966887417,1.0,0.9986754966887417
0.97,0.9987244897959184,0.9986754966887417,0.9987244897959184,0.9986754966887417,1.0,0.9986754966887417
0.971,0.9987244897959184,0.9986754966887417,0.9987244897959184,0.9986754966887417,1.0,0.9986754966887417
0.972,0.9987244897959184,0.9986754966887417,0.9987244897959184,0.9986754966887417,1.0,0.9986754966887417
0.973,0.9987244897959184,0.9986754966887417,0.9987244897959184,0.9986754966887417,1.0,0.9986754966887417
0.974,0.9987244897959184,0.9986754966887417,0.9987244897959184,0.9986754966887417,1.0,0.9986754966887417
0.975,0.9987244897959184,0.9986754966887417,0.9987244897959184,0.9986754966887417,1.0,0.9986754966887417
0.976,0.9987244897959184,0.9986754966887417,0.9987244897959184,0.9986754966887417,1.0,0.9986754966887417
0.977,0.9987244897959184,0.9986754966887417,0.9987244897959184,0.9986754966887417,1.0,0.9986754966887417
0.978,0.9987244897959184,0.9986754966887417,0.9987244897959184,0.9986754966887417,1.0,1.0
0.979,0.9987244897959184,0.9986754966887417,0.9987244897959184,0.9986754966887417,1.0,1.0
0.98,0.9987244897959184,0.9986754966887417,0.9987244897959184,0.9986754966887417,1.0,1.0
0.981,0.9987244897959184,0.9986754966887417,0.9987244897959184,0.9986754966887417,1.0,1.0
0.982,0.9987244897959184,0.9986754966887417,0.9987244897959184,0.9986754966887417,1.0,1.0
0.983,0.9987244897959184,0.9986754966887417,0.9987244897959184,0.9986754966887417,1.0,1.0
0.984,0.9987244897959184,0.9986754966887417,0.9987244897959184,0.9986754966887417,1.0,1.0
0.985,0.9987244897959184,0.9986754966887417,0.9987244897959184,0.9986754966887417,1.0,1.0
0.986,0.9987244897959184,0.9986754966887417,0.9987244897959184,0.9986754966887417,1.0,1.0
0.987,0.9987244897959184,0.9986754966887417,0.9987244897959184,0.9986754966887417,1.0,1.0
0.988,0.9987244897959184,0.9986754966887417,1.0,0.9986754966887417,1.0,1.0
0.989,1.0,0.9986754966887417,1.0,0.9986754966887417,1.0,1.0
0.99,1.0,0.9986754966887417,1.0,0.9986754966887417,1.0,1.0
0.991,1.0,0.9986754966887417,1.0,0.9986754966887417,1.0,1.0
0.992,1.0,0.9986754966887417,1.0,0.9986754966887417,1.0,1.0
0.993,1.0,0.9986754966887417,1.0,1.0,1.0,1.0
0.994,1.0,1.0,1.0,1.0,1.0,1.0
0.995,1.0,1.0,1.0,1.0,1.0,1.0
0.996,1.0,1.0,1.0,1.0,1.0,1.0
0.997,1.0,1.0,1.0,1.0,1.0,1.0
0.998,1.0,1.0,1.0,1.0,1.0,1.0
0.999,1.0,1.0,1.0,1.0,1.0,1.0
1.0,1.0,1.0,1.0,1.0,1.0,1.0
