false_positive_rate,M_0_macro_true_positive_rate,M_0_micro_true_positive_rate,M_1_macro_true_positive_rate,M_1_micro_true_positive_rate,M_rand_macro_true_positive_rate,M_rand_micro_true_positive_rate
0.0,0.0,0.0,0.0,0.0,0.0,0.0
0.001,0.03017291066282421,0.02715466351829988,0.06170028818443804,0.06257378984651712,0.03840922190201729,0.03778040141676505
0.002,0.07687319884726225,0.0590318772136954,0.08878674351585014,0.089728453364817,0.06790489913544669,0.06493506493506493
0.003,0.0950778097982709,0.09799291617473435,0.14413256484149856,0.14049586776859505,0.08843227665706052,0.0885478158205431
0.004,0.12492795389048991,0.11097992916174734,0.17010086455331414,0.15938606847697756,0.10019596541786743,0.1050767414403778
0.005,0.16218731988472623,0.1357733175914994,0.18818731988472623,0.18654073199527746,0.13480979827089337,0.12750885478158205
0.006,0.1859193083573487,0.15584415584415584,0.20739193083573487,0.20306965761511217,0.14657348703170028,0.13931523022432113
0.007,0.20676945244956774,0.16765053128689492,0.2464466858789625,0.23730814639905548,0.16786455331412103,0.15466351829988192
0.008,0.2298559077809798,0.18181818181818182,0.28082420749279535,0.27390791027154665,0.1727463976945245,0.15938606847697756
0.009000000000000001,0.23829682997118154,0.19480519480519481,0.2967925072046109,0.29515938606847697,0.1908328530259366,0.1782762691853601
0.01,0.2582651296829971,0.20306965761511217,0.3167608069164265,0.30932703659976385,0.19803746397694524,0.18536009445100354
0.011,0.2645878962536023,0.22668240850059032,0.3420518731988473,0.3282172373081464,0.20436023054755043,0.19716646989374262
0.012,0.26902881844380405,0.2384887839433294,0.35913832853025934,0.35064935064935066,0.21324207492795388,0.2077922077922078
0.013000000000000001,0.27902881844380406,0.26092089728453366,0.3765475504322766,0.3600944510035419,0.22488760806916425,0.21605667060212513
0.014,0.2983198847262248,0.2668240850059032,0.38719308357348703,0.3707201889020071,0.2360922190201729,0.22904368358913813
0.015,0.30220172910662824,0.2798110979929162,0.3983976945244957,0.3825265643447462,0.24253314121037464,0.2384887839433294
0.016,0.31396541786743515,0.2845336481700118,0.4082795389048991,0.3860684769775679,0.2518559077809798,0.24557260920897284
0.017,0.3202881844380403,0.29988193624557263,0.4181613832853026,0.39669421487603307,0.26117867435158504,0.2550177095631641
0.018000000000000002,0.3428155619596542,0.30460448642266824,0.43092507204610947,0.4155844155844156,0.27061959654178674,0.27036599763872493
0.019,0.3559020172910663,0.3105076741440378,0.4450115273775216,0.42621015348288077,0.27938328530259365,0.27390791027154665
0.02,0.3694293948126801,0.3234946871310508,0.45821613832853025,0.43919716646989376,0.29014697406340056,0.27744982290436837
0.021,0.37687031700288187,0.3293978748524203,0.46997982708933717,0.45218417945690675,0.29891066282420753,0.28807556080283353
0.022,0.3870749279538905,0.3435655253837072,0.48218443804034583,0.46162927981109797,0.30235158501440923,0.29279811097992914
0.023,0.3942795389048991,0.34946871310507677,0.48950720461095104,0.4722550177095632,0.32596541786743516,0.29515938606847697
0.024,0.4089250720461095,0.3541912632821724,0.49627089337175795,0.4781582054309327,0.33372910662824207,0.3010625737898465
0.025,0.4214524495677233,0.358913813459268,0.5087982708933718,0.4852420306965762,0.3351700288184438,0.30814639905548996
0.026000000000000002,0.4228933717579251,0.3695395513577332,0.5122391930835735,0.4923258559622196,0.3380518731988473,0.3270365997638725
0.027,0.43309798270893374,0.37662337662337664,0.519121037463977,0.49940968122786306,0.3453746397694525,0.3412042502951594
0.028,0.44086167146974065,0.3778040141676505,0.5270028818443804,0.5088547815820543,0.3575792507204611,0.345926800472255
0.029,0.4423025936599424,0.3872491145218418,0.5367665706051873,0.5194805194805194,0.36446109510086455,0.35182998819362454
0.03,0.4481844380403458,0.3907910271546635,0.545207492795389,0.5242030696576151,0.3766657060518732,0.358913813459268
0.031,0.4589481268011527,0.4037780401416765,0.5490893371757926,0.5324675324675324,0.3868703170028819,0.3624557260920897
0.032,0.463270893371758,0.41912632821723733,0.5555302593659942,0.538370720188902,0.3975158501440922,0.3730814639905549
0.033,0.4721527377521614,0.42384887839433294,0.5647348703170029,0.5489964580873672,0.4042795389048991,0.38134592680047225
0.034,0.4775936599423631,0.4297520661157025,0.5750576368876081,0.5596221959858324,0.40672046109510085,0.3884297520661157
0.035,0.48347550432276654,0.4380165289256198,0.5829394812680115,0.5667060212514758,0.41372046109510086,0.39315230224321135
0.036000000000000004,0.49412103746397695,0.43919716646989376,0.5927031700288184,0.5737898465171193,0.4191613832853026,0.4049586776859504
0.037,0.49856195965417865,0.4510035419126328,0.5951440922190201,0.5832349468713105,0.4201613832853026,0.41086186540731995
0.038,0.5063256484149856,0.45808736717827625,0.6020259365994236,0.58913813459268,0.42460230547550437,0.41912632821723733
0.039,0.5130893371757925,0.4592680047225502,0.6099077809798271,0.5938606847697757,0.4289250720461095,0.42266824085005905
0.04,0.5175302593659943,0.4793388429752066,0.619671469740634,0.5974025974025974,0.4333659942363112,0.42739079102715466
0.041,0.5214121037463977,0.4817001180637544,0.6235533141210374,0.602125147579693,0.436806916426513,0.4309327036599764
0.042,0.5286167146974063,0.4887839433293979,0.6304351585014409,0.6115702479338843,0.4470115273775216,0.43565525383707204
0.043000000000000003,0.5296167146974063,0.49586776859504134,0.6333170028818444,0.6162927981109799,0.4500115273775216,0.44155844155844154
0.044,0.5393804034582133,0.4982290436835891,0.6411988472622479,0.6186540731995277,0.4500115273775216,0.4462809917355372
0.045,0.545821325648415,0.5029515938606848,0.6514034582132565,0.6198347107438017,0.45845244956772335,0.448642266824085
0.046,0.546821325648415,0.51357733175915,0.6557262247838617,0.6245572609208973,0.46089337175792505,0.45454545454545453
0.047,0.5551440922190202,0.5242030696576151,0.6571671469740634,0.6316410861865407,0.4663342939481268,0.4651711924439197
0.048,0.5585850144092219,0.525383707201889,0.6629308357348703,0.6375442739079102,0.475657060518732,0.4675324675324675
0.049,0.5667896253602306,0.526564344746163,0.6668126801152738,0.6446280991735537,0.4799798270893372,0.4675324675324675
0.05,0.5682305475504322,0.5289256198347108,0.6728126801152738,0.6469893742621016,0.4819798270893372,0.47107438016528924
0.051000000000000004,0.5692305475504322,0.5336481700118064,0.6742536023054755,0.6493506493506493,0.4839798270893372,0.4722550177095632
0.052000000000000005,0.5775533141210375,0.5430932703659976,0.6786945244956772,0.6505312868949232,0.49042074927953894,0.4734356552538371
0.053,0.5799942363112391,0.5442739079102715,0.6796945244956771,0.6528925619834711,0.49430259365994234,0.4781582054309327
0.054,0.5824351585014409,0.5489964580873672,0.681135446685879,0.6576151121605667,0.4967435158501441,0.4805194805194805
0.055,0.5853170028818444,0.5501770956316411,0.6850172910662824,0.6599763872491146,0.49818443804034584,0.4887839433293979
0.056,0.5976397694524496,0.5525383707201889,0.6864582132564842,0.6599763872491146,0.5016253602305475,0.4899645808736718
0.057,0.6006397694524496,0.5537190082644629,0.6864582132564842,0.6682408500590319,0.504507204610951,0.4946871310507674
0.058,0.6030806916426513,0.5548996458087367,0.6898991354466859,0.6706021251475797,0.5069481268011528,0.4982290436835891
0.059000000000000004,0.6069625360230547,0.5572609208972845,0.6942219020172911,0.6741440377804014,0.5098299711815562,0.4982290436835891
0.06,0.6099625360230547,0.5619834710743802,0.6952219020172911,0.6776859504132231,0.5128299711815562,0.5053128689492326
0.061,0.6138443804034582,0.5655253837072018,0.6952219020172911,0.6776859504132231,0.5172708933717579,0.5064935064935064
0.062,0.61728530259366,0.5737898465171193,0.7005446685878962,0.680047225501771,0.5217118155619597,0.5112160566706021
0.063,0.61728530259366,0.5761511216056671,0.701985590778098,0.6835891381345927,0.5241527377521614,0.5182998819362455
0.064,0.6182853025936599,0.5808736717827627,0.7054265129682997,0.6883116883116883,0.5251527377521614,0.5194805194805194
0.065,0.6222853025936599,0.5832349468713105,0.7098674351585015,0.69185360094451,0.5280345821325648,0.5242030696576151
0.066,0.62528530259366,0.5867768595041323,0.7123083573487031,0.7001180637544274,0.5344755043227666,0.526564344746163
0.067,0.6302853025936599,0.5879574970484062,0.7143083573487031,0.704840613931523,0.5344755043227666,0.5289256198347108
0.068,0.6331671469740634,0.5926800472255017,0.7177492795389049,0.704840613931523,0.5379164265129683,0.5301062573789846
0.069,0.6356080691642652,0.5985832349468713,0.7187492795389049,0.7095631641086186,0.5437982708933717,0.5301062573789846
0.07,0.6370489913544668,0.5985832349468713,0.7197492795389049,0.7107438016528925,0.5496801152737751,0.5312868949232585
0.07100000000000001,0.6380489913544669,0.5985832349468713,0.7211902017291066,0.7107438016528925,0.551121037463977,0.5312868949232585
0.07200000000000001,0.6414899135446686,0.602125147579693,0.7221902017291066,0.7131050767414404,0.5555619596541786,0.5336481700118064
0.073,0.6424899135446687,0.6033057851239669,0.7241902017291066,0.717827626918536,0.5555619596541786,0.5360094451003542
0.074,0.6474899135446686,0.6068476977567887,0.7276311239193083,0.7213695395513577,0.5565619596541787,0.5395513577331759
0.075,0.6503717579250721,0.6092089728453365,0.7306311239193084,0.7213695395513577,0.5575619596541787,0.5395513577331759
0.076,0.6503717579250721,0.615112160566706,0.7326311239193084,0.7249114521841794,0.560443804034582,0.5419126328217237
0.077,0.6518126801152737,0.615112160566706,0.7356311239193083,0.7260920897284534,0.560443804034582,0.5419126328217237
0.078,0.6528126801152738,0.6233766233766234,0.74007204610951,0.7272727272727273,0.5618847262247839,0.5478158205430933
0.079,0.6542536023054755,0.6292798110979929,0.7445129682997118,0.7284533648170012,0.5618847262247839,0.5501770956316411
0.08,0.6552536023054756,0.6316410861865407,0.7459538904899136,0.7331759149940968,0.5633256484149856,0.5525383707201889
0.081,0.6552536023054756,0.6328217237308147,0.748835734870317,0.7367178276269185,0.5663256484149856,0.5537190082644629
0.082,0.6562536023054755,0.6328217237308147,0.7498357348703171,0.7378984651711924,0.5692074927953891,0.5560802833530106
0.083,0.6562536023054755,0.6363636363636364,0.7518357348703171,0.7378984651711924,0.5692074927953891,0.5560802833530106
0.084,0.6576945244956772,0.6387249114521841,0.752835734870317,0.7426210153482881,0.5702074927953891,0.5560802833530106
0.085,0.6596945244956772,0.6399055489964581,0.752835734870317,0.7449822904368358,0.5702074927953891,0.5596221959858324
0.08600000000000001,0.6625763688760806,0.6469893742621016,0.7552766570605187,0.7449822904368358,0.5722074927953891,0.5619834710743802
0.08700000000000001,0.6655763688760807,0.6493506493506493,0.7567175792507205,0.7473435655253837,0.5732074927953891,0.5619834710743802
0.088,0.6655763688760807,0.6552538370720189,0.7597175792507205,0.7485242030696576,0.5732074927953891,0.5655253837072018
0.089,0.6675763688760807,0.6552538370720189,0.7607175792507205,0.7497048406139315,0.5732074927953891,0.5655253837072018
0.09,0.6734582132564841,0.6552538370720189,0.7621585014409222,0.7497048406139315,0.5756484149855907,0.5678866587957497
0.091,0.6754582132564841,0.6576151121605667,0.7631585014409221,0.7508854781582054,0.5756484149855907,0.5690672963400236
0.092,0.6788991354466859,0.6599763872491146,0.766599423631124,0.7508854781582054,0.5790893371757926,0.5726092089728453
0.093,0.6803400576368877,0.6646989374262101,0.7690403458213257,0.7532467532467533,0.5834121037463977,0.5737898465171193
0.094,0.6832219020172912,0.667060212514758,0.7719221902017291,0.7567886658795749,0.5862939481268011,0.5761511216056671
0.095,0.684221902017291,0.6717827626918536,0.7719221902017291,0.7591499409681228,0.5872939481268011,0.5761511216056671
0.096,0.6856628242074928,0.6753246753246753,0.7719221902017291,0.7603305785123967,0.5907348703170029,0.5785123966942148
0.097,0.6856628242074928,0.680047225501771,0.7729221902017291,0.7626918536009445,0.5921757925072046,0.5796930342384888
0.098,0.6856628242074928,0.6812278630460449,0.7763631123919308,0.7674144037780402,0.5946167146974064,0.5796930342384888
0.099,0.6866628242074928,0.6812278630460449,0.7763631123919308,0.7697756788665879,0.5956167146974063,0.5796930342384888
0.1,0.6911037463976946,0.6835891381345927,0.7783631123919308,0.7697756788665879,0.5994985590778098,0.5832349468713105
0.101,0.6911037463976946,0.6835891381345927,0.7783631123919308,0.7709563164108618,0.6004985590778098,0.5855962219598583
0.10200000000000001,0.6911037463976946,0.6859504132231405,0.7783631123919308,0.7709563164108618,0.6014985590778098,0.5855962219598583
0.10300000000000001,0.6911037463976946,0.6871310507674144,0.7828040345821325,0.7733175914994097,0.6024985590778098,0.5879574970484062
0.10400000000000001,0.6935446685878963,0.6883116883116883,0.7842449567723343,0.7733175914994097,0.6044985590778098,0.5914994096812278
0.105,0.694985590778098,0.6894923258559622,0.7842449567723343,0.7744982290436836,0.6044985590778098,0.5926800472255017
0.106,0.6959855907780981,0.6906729634002361,0.7876858789625361,0.7756788665879575,0.6079394812680116,0.5962219598583235
0.107,0.6959855907780981,0.6942148760330579,0.7876858789625361,0.7768595041322314,0.6079394812680116,0.5962219598583235
0.108,0.6998674351585015,0.6977567886658795,0.7911268011527377,0.7792207792207793,0.6089394812680116,0.5997638724911453
0.109,0.7027492795389049,0.6989374262101535,0.7911268011527377,0.7792207792207793,0.6089394812680116,0.602125147579693
0.11,0.7051902017291066,0.7001180637544274,0.7911268011527377,0.7804014167650531,0.6089394812680116,0.6033057851239669
0.111,0.7081902017291066,0.7012987012987013,0.7911268011527377,0.7827626918536009,0.6123804034582132,0.6044864226682408
0.112,0.7096311239193083,0.7012987012987013,0.7921268011527377,0.7827626918536009,0.6143804034582132,0.6068476977567887
0.113,0.7106311239193084,0.7036599763872491,0.7935677233429395,0.7827626918536009,0.6143804034582132,0.6080283353010626
0.114,0.7156311239193083,0.7083825265643447,0.7935677233429395,0.7839433293978748,0.6153804034582133,0.6080283353010626
0.115,0.7176311239193083,0.7083825265643447,0.7935677233429395,0.7863046044864227,0.616821325648415,0.6080283353010626
0.116,0.72007204610951,0.7095631641086186,0.7974495677233429,0.7910271546635183,0.616821325648415,0.6092089728453365
0.117,0.7215129682997118,0.7095631641086186,0.7988904899135447,0.7922077922077922,0.6197031700288185,0.6115702479338843
0.11800000000000001,0.7225129682997118,0.7131050767414404,0.7988904899135447,0.7957497048406139,0.6217031700288185,0.615112160566706
0.11900000000000001,0.7239538904899135,0.7142857142857143,0.7998904899135446,0.7969303423848878,0.6217031700288185,0.615112160566706
0.12,0.7273948126801153,0.7142857142857143,0.8008904899135447,0.7981109799291618,0.6241440922190202,0.6162927981109799
0.121,0.7273948126801153,0.7142857142857143,0.8043314121037464,0.7981109799291618,0.6251440922190201,0.6162927981109799
0.122,0.7302766570605187,0.7154663518299882,0.8063314121037464,0.8016528925619835,0.6261440922190202,0.6162927981109799
0.123,0.7302766570605187,0.7166469893742621,0.8063314121037464,0.8028335301062574,0.6261440922190202,0.6174734356552538
0.124,0.7332766570605187,0.7166469893742621,0.8093314121037464,0.8040141676505312,0.6271440922190201,0.6186540731995277
0.125,0.7332766570605187,0.71900826446281,0.8103314121037464,0.8040141676505312,0.6295850144092219,0.6186540731995277
0.126,0.7342766570605187,0.7213695395513577,0.8133314121037464,0.8040141676505312,0.6295850144092219,0.6186540731995277
0.127,0.7352766570605187,0.7260920897284534,0.8133314121037464,0.8051948051948052,0.6295850144092219,0.6186540731995277
0.128,0.7372766570605187,0.730814639905549,0.8143314121037464,0.807556080283353,0.6310259365994236,0.6186540731995277
0.129,0.7372766570605187,0.730814639905549,0.8143314121037464,0.8099173553719008,0.6310259365994236,0.6210153482880756
0.13,0.7372766570605187,0.731995277449823,0.8153314121037464,0.8099173553719008,0.6374668587896253,0.6233766233766234
0.131,0.7372766570605187,0.7367178276269185,0.8153314121037464,0.8134592680047226,0.6374668587896253,0.6257378984651711
0.132,0.7407175792507205,0.7390791027154664,0.8153314121037464,0.8134592680047226,0.6403487031700288,0.6304604486422668
0.133,0.7407175792507205,0.7414403778040142,0.8153314121037464,0.8146399055489965,0.6413487031700288,0.6304604486422668
0.134,0.7441585014409222,0.7426210153482881,0.8163314121037464,0.8146399055489965,0.6413487031700288,0.6328217237308147
0.135,0.7455994236311239,0.7449822904368358,0.8163314121037464,0.8146399055489965,0.6413487031700288,0.6375442739079102
0.136,0.7475994236311239,0.7473435655253837,0.8192132564841499,0.8170011806375442,0.6413487031700288,0.6375442739079102
0.137,0.748599423631124,0.7473435655253837,0.824536023054755,0.8170011806375442,0.6452305475504323,0.6375442739079102
0.138,0.7530403458213257,0.7473435655253837,0.824536023054755,0.8181818181818182,0.6452305475504323,0.641086186540732
0.139,0.7540403458213256,0.7485242030696576,0.8269769452449567,0.8181818181818182,0.6452305475504323,0.6422668240850059
0.14,0.7550403458213257,0.7520661157024794,0.8279769452449568,0.8217237308146399,0.6452305475504323,0.6434474616292798
0.14100000000000001,0.7550403458213257,0.7544273907910272,0.8304178674351586,0.8229043683589138,0.6452305475504323,0.6446280991735537
0.14200000000000002,0.7550403458213257,0.7544273907910272,0.8314178674351584,0.8240850059031877,0.6452305475504323,0.6446280991735537
0.14300000000000002,0.7560403458213256,0.7579693034238488,0.8314178674351584,0.8264462809917356,0.6452305475504323,0.6469893742621016
0.14400000000000002,0.7574812680115274,0.7579693034238488,0.8324178674351586,0.8299881936245572,0.6486714697406339,0.6505312868949232
0.145,0.7589221902017291,0.7579693034238488,0.8334178674351584,0.8323494687131051,0.6486714697406339,0.6517119244391971
0.146,0.7589221902017291,0.7591499409681228,0.8334178674351584,0.8347107438016529,0.6516714697406341,0.6517119244391971
0.147,0.7589221902017291,0.7603305785123967,0.8348587896253602,0.8347107438016529,0.6536714697406341,0.654073199527745
0.148,0.7599221902017291,0.7615112160566706,0.8348587896253602,0.8358913813459268,0.6536714697406341,0.654073199527745
0.149,0.7609221902017291,0.7615112160566706,0.8348587896253602,0.8358913813459268,0.6536714697406341,0.6564344746162928
0.15,0.7609221902017291,0.7626918536009445,0.8358587896253602,0.8358913813459268,0.656671469740634,0.6576151121605667
0.151,0.7619221902017291,0.7674144037780402,0.8358587896253602,0.8358913813459268,0.658671469740634,0.6576151121605667
0.152,0.7619221902017291,0.768595041322314,0.8368587896253602,0.8394332939787486,0.6601123919308357,0.6576151121605667
0.153,0.7629221902017291,0.768595041322314,0.8398587896253602,0.8394332939787486,0.6601123919308357,0.6587957497048406
0.154,0.7629221902017291,0.7697756788665879,0.841299711815562,0.8406139315230224,0.6621123919308357,0.6599763872491146
0.155,0.7639221902017291,0.7709563164108618,0.842299711815562,0.8406139315230224,0.6641123919308357,0.6599763872491146
0.156,0.7659221902017291,0.7709563164108618,0.843299711815562,0.8406139315230224,0.6655533141210375,0.6623376623376623
0.157,0.7659221902017291,0.7709563164108618,0.843299711815562,0.8417945690672963,0.6694351585014409,0.6623376623376623
0.158,0.7679221902017291,0.7721369539551358,0.844299711815562,0.8417945690672963,0.6694351585014409,0.6623376623376623
0.159,0.7693631123919309,0.7733175914994097,0.845299711815562,0.8429752066115702,0.6694351585014409,0.6623376623376623
0.16,0.7703631123919308,0.7733175914994097,0.8467406340057637,0.8441558441558441,0.6728760806916426,0.6623376623376623
0.161,0.7703631123919308,0.7768595041322314,0.8467406340057637,0.846517119244392,0.6753170028818444,0.6623376623376623
0.162,0.7723631123919308,0.7780401416765053,0.8507406340057637,0.8476977567886659,0.6773170028818444,0.6635182998819362
0.163,0.7753631123919309,0.7792207792207793,0.8507406340057637,0.8476977567886659,0.6787579250720461,0.6646989374262101
0.164,0.7763631123919308,0.7804014167650531,0.8531815561959655,0.8476977567886659,0.6797579250720461,0.6646989374262101
0.165,0.7763631123919308,0.7804014167650531,0.8546224783861671,0.8512396694214877,0.6797579250720461,0.6646989374262101
0.166,0.7773631123919309,0.7851239669421488,0.8546224783861671,0.8536009445100354,0.6797579250720461,0.6646989374262101
0.167,0.7773631123919309,0.7851239669421488,0.8546224783861671,0.8536009445100354,0.6797579250720461,0.6658795749704841
0.168,0.7773631123919309,0.7863046044864227,0.8546224783861671,0.8547815820543093,0.6807579250720461,0.667060212514758
0.169,0.7773631123919309,0.7886658795749705,0.8556224783861672,0.8547815820543093,0.6807579250720461,0.667060212514758
0.17,0.7793631123919309,0.7886658795749705,0.8556224783861672,0.8571428571428571,0.6807579250720461,0.667060212514758
0.171,0.7808040345821325,0.7886658795749705,0.8566224783861671,0.8583234946871311,0.6821988472622478,0.667060212514758
0.17200000000000001,0.7808040345821325,0.7922077922077922,0.8576224783861672,0.8583234946871311,0.6821988472622478,0.6682408500590319
0.17300000000000001,0.7822449567723343,0.7933884297520661,0.8586224783861671,0.859504132231405,0.6841988472622478,0.6694214876033058
0.17400000000000002,0.7822449567723343,0.7981109799291618,0.8600634005763689,0.8630460448642266,0.6841988472622478,0.6694214876033058
0.17500000000000002,0.783685878962536,0.7981109799291618,0.8600634005763689,0.8642266824085005,0.6856397694524496,0.6694214876033058
0.176,0.7851268011527377,0.8016528925619835,0.8620634005763689,0.8665879574970484,0.6856397694524496,0.6706021251475797
0.177,0.7865677233429396,0.8016528925619835,0.8620634005763689,0.8665879574970484,0.6856397694524496,0.6729634002361276
0.178,0.7865677233429396,0.8028335301062574,0.8620634005763689,0.8665879574970484,0.6856397694524496,0.6765053128689492
0.179,0.7865677233429396,0.8028335301062574,0.8630634005763689,0.8665879574970484,0.6870806916426513,0.6765053128689492
0.18,0.7875677233429395,0.8028335301062574,0.8630634005763689,0.8665879574970484,0.6870806916426513,0.6776859504132231
0.181,0.7885677233429396,0.8028335301062574,0.8630634005763689,0.8665879574970484,0.688521613832853,0.6788665879574971
0.182,0.7895677233429395,0.8028335301062574,0.8630634005763689,0.8665879574970484,0.6909625360230547,0.6812278630460449
0.183,0.7895677233429395,0.8040141676505312,0.8630634005763689,0.8665879574970484,0.6909625360230547,0.6824085005903188
0.184,0.7945677233429395,0.8051948051948052,0.8655043227665706,0.8677685950413223,0.6909625360230547,0.6824085005903188
0.185,0.7975677233429395,0.8063754427390791,0.8655043227665706,0.8677685950413223,0.6909625360230547,0.6824085005903188
0.186,0.7975677233429395,0.807556080283353,0.8665043227665706,0.8689492325855962,0.6909625360230547,0.6835891381345927
0.187,0.7985677233429395,0.8087367178276269,0.8665043227665706,0.8689492325855962,0.6944034582132566,0.6847697756788665
0.188,0.7985677233429395,0.8087367178276269,0.8665043227665706,0.8713105076741441,0.6944034582132566,0.6859504132231405
0.189,0.8005677233429395,0.8110979929161747,0.8675043227665706,0.872491145218418,0.6944034582132566,0.6894923258559622
0.19,0.804449567723343,0.8122786304604487,0.8695043227665706,0.8736717827626919,0.6944034582132566,0.6894923258559622
0.191,0.806449567723343,0.8146399055489965,0.8695043227665706,0.8748524203069658,0.6944034582132566,0.6894923258559622
0.192,0.8074495677233429,0.8146399055489965,0.8695043227665706,0.8748524203069658,0.6958443804034582,0.6906729634002361
0.193,0.808449567723343,0.8158205430932703,0.8695043227665706,0.8748524203069658,0.69728530259366,0.69185360094451
0.194,0.8118904899135446,0.8158205430932703,0.8705043227665706,0.8748524203069658,0.69828530259366,0.6942148760330579
0.195,0.8133314121037464,0.8170011806375442,0.8729452449567723,0.8748524203069658,0.69828530259366,0.6942148760330579
0.196,0.8147723342939481,0.8181818181818182,0.8749452449567723,0.8760330578512396,0.69828530259366,0.6953955135773318
0.197,0.8172132564841499,0.8181818181818182,0.8759452449567724,0.8760330578512396,0.69828530259366,0.6953955135773318
0.198,0.8192132564841499,0.8181818181818182,0.8759452449567724,0.8772136953955135,0.7007262247838617,0.6953955135773318
0.199,0.8202132564841498,0.8193624557260921,0.8769452449567723,0.8772136953955135,0.7027262247838617,0.6953955135773318
0.2,0.8212132564841499,0.820543093270366,0.8779452449567724,0.8772136953955135,0.7027262247838617,0.6953955135773318
0.201,0.8212132564841499,0.820543093270366,0.8779452449567724,0.8783943329397875,0.7041671469740634,0.6965761511216056
0.202,0.8222132564841498,0.8217237308146399,0.8789452449567723,0.8783943329397875,0.7076080691642652,0.6989374262101535
0.203,0.8222132564841498,0.8240850059031877,0.8789452449567723,0.8795749704840614,0.7076080691642652,0.7001180637544274
0.20400000000000001,0.8222132564841498,0.8240850059031877,0.8803861671469742,0.8795749704840614,0.7076080691642652,0.7001180637544274
0.20500000000000002,0.8222132564841498,0.8240850059031877,0.8803861671469742,0.8795749704840614,0.7090489913544669,0.7012987012987013
0.20600000000000002,0.8232132564841499,0.8240850059031877,0.8803861671469742,0.8795749704840614,0.7090489913544669,0.7012987012987013
0.20700000000000002,0.8232132564841499,0.8252656434474617,0.8803861671469742,0.8807556080283353,0.7090489913544669,0.7012987012987013
0.20800000000000002,0.8232132564841499,0.8252656434474617,0.881386167146974,0.8819362455726092,0.7114899135446686,0.7024793388429752
0.209,0.8232132564841499,0.8264462809917356,0.8823861671469742,0.8819362455726092,0.7134899135446686,0.7036599763872491
0.21,0.8232132564841499,0.8264462809917356,0.883386167146974,0.8831168831168831,0.7134899135446686,0.7036599763872491
0.211,0.8242132564841498,0.8276269185360094,0.883386167146974,0.8831168831168831,0.7164899135446686,0.7036599763872491
0.212,0.8252132564841499,0.8288075560802833,0.883386167146974,0.8831168831168831,0.7179308357348704,0.7036599763872491
0.213,0.8252132564841499,0.8288075560802833,0.883386167146974,0.8831168831168831,0.7179308357348704,0.7036599763872491
0.214,0.8252132564841499,0.8299881936245572,0.883386167146974,0.8831168831168831,0.7189308357348703,0.7036599763872491
0.215,0.8262132564841498,0.833530106257379,0.883386167146974,0.8842975206611571,0.7203717579250721,0.7072018890200709
0.216,0.8262132564841498,0.833530106257379,0.8843861671469742,0.8842975206611571,0.7223717579250721,0.7083825265643447
0.217,0.8262132564841498,0.833530106257379,0.8843861671469742,0.885478158205431,0.7223717579250721,0.7095631641086186
0.218,0.8276541786743516,0.8358913813459268,0.885386167146974,0.8878394332939787,0.7223717579250721,0.7095631641086186
0.219,0.8276541786743516,0.8358913813459268,0.886386167146974,0.8890200708382526,0.7238126801152738,0.7095631641086186
0.22,0.8286541786743515,0.8358913813459268,0.886386167146974,0.8890200708382526,0.7238126801152738,0.7095631641086186
0.221,0.8286541786743515,0.8370720188902007,0.887386167146974,0.8890200708382526,0.7238126801152738,0.7095631641086186
0.222,0.8286541786743515,0.8382526564344747,0.887386167146974,0.8902007083825265,0.7252536023054755,0.7095631641086186
0.223,0.8306541786743515,0.8382526564344747,0.887386167146974,0.8902007083825265,0.7266945244956773,0.7107438016528925
0.224,0.8316541786743517,0.8406139315230224,0.887386167146974,0.8913813459268005,0.729135446685879,0.7107438016528925
0.225,0.8340951008645533,0.8429752066115702,0.887386167146974,0.8913813459268005,0.7305763688760807,0.7119244391971665
0.226,0.8350951008645533,0.8429752066115702,0.889386167146974,0.8925619834710744,0.7305763688760807,0.7142857142857143
0.227,0.8350951008645533,0.8441558441558441,0.890386167146974,0.8949232585596222,0.7315763688760807,0.7142857142857143
0.228,0.8360951008645533,0.846517119244392,0.891386167146974,0.898465171192444,0.7330172910662824,0.7142857142857143
0.229,0.8360951008645533,0.8476977567886659,0.891386167146974,0.898465171192444,0.7344582132564842,0.7142857142857143
0.23,0.8380951008645533,0.8488783943329398,0.8928270893371757,0.9008264462809917,0.7344582132564842,0.7166469893742621
0.231,0.8400951008645533,0.8500590318772137,0.8938270893371758,0.9008264462809917,0.735899135446686,0.7166469893742621
0.232,0.8400951008645533,0.8500590318772137,0.8938270893371758,0.9043683589138135,0.7368991354466858,0.717827626918536
0.233,0.8400951008645533,0.8500590318772137,0.8938270893371758,0.9055489964580874,0.7383400576368877,0.71900826446281
0.234,0.8400951008645533,0.8500590318772137,0.8948270893371757,0.9055489964580874,0.7383400576368877,0.7201889020070839
0.23500000000000001,0.8410951008645533,0.8500590318772137,0.8948270893371757,0.9055489964580874,0.7383400576368877,0.7201889020070839
0.23600000000000002,0.8410951008645533,0.8500590318772137,0.8958270893371758,0.9067296340023613,0.7383400576368877,0.7213695395513577
0.23700000000000002,0.8410951008645533,0.8500590318772137,0.8958270893371758,0.9067296340023613,0.7383400576368877,0.7213695395513577
0.23800000000000002,0.8420951008645533,0.8500590318772137,0.8958270893371758,0.9079102715466352,0.7383400576368877,0.7225501770956316
0.23900000000000002,0.8430951008645533,0.8500590318772137,0.8958270893371758,0.9090909090909091,0.7403400576368877,0.7249114521841794
0.24,0.8430951008645533,0.8500590318772137,0.8988270893371757,0.910271546635183,0.7403400576368877,0.7249114521841794
0.241,0.8450951008645533,0.8512396694214877,0.8998270893371758,0.910271546635183,0.7413400576368876,0.7260920897284534
0.242,0.8450951008645533,0.8512396694214877,0.8998270893371758,0.910271546635183,0.7413400576368876,0.7260920897284534
0.243,0.8460951008645533,0.8524203069657615,0.9028270893371757,0.910271546635183,0.7413400576368876,0.7260920897284534
0.244,0.8470951008645533,0.8524203069657615,0.9028270893371757,0.910271546635183,0.7413400576368876,0.7272727272727273
0.245,0.8470951008645533,0.8524203069657615,0.9028270893371757,0.910271546635183,0.7413400576368876,0.7272727272727273
0.246,0.8470951008645533,0.8536009445100354,0.9028270893371757,0.910271546635183,0.7413400576368876,0.7272727272727273
0.247,0.8485360230547551,0.8536009445100354,0.9028270893371757,0.910271546635183,0.7427809798270893,0.7284533648170012
0.248,0.8499769452449568,0.8536009445100354,0.9028270893371757,0.910271546635183,0.7427809798270893,0.7296340023612751
0.249,0.8499769452449568,0.8547815820543093,0.9028270893371757,0.911452184179457,0.7427809798270893,0.731995277449823
0.25,0.8499769452449568,0.8547815820543093,0.9028270893371757,0.911452184179457,0.7427809798270893,0.731995277449823
0.251,0.8499769452449568,0.8559622195985832,0.9028270893371757,0.911452184179457,0.7452219020172911,0.7331759149940968
0.252,0.8499769452449568,0.8559622195985832,0.9028270893371757,0.911452184179457,0.7452219020172911,0.7343565525383707
0.253,0.8509769452449567,0.8559622195985832,0.9028270893371757,0.911452184179457,0.7466628242074929,0.7355371900826446
0.254,0.8509769452449567,0.8571428571428571,0.9028270893371757,0.911452184179457,0.7466628242074929,0.7367178276269185
0.255,0.8534178674351585,0.8571428571428571,0.9028270893371757,0.911452184179457,0.7466628242074929,0.7378984651711924
0.256,0.8534178674351585,0.8583234946871311,0.9028270893371757,0.9126328217237308,0.7466628242074929,0.7390791027154664
0.257,0.8534178674351585,0.8583234946871311,0.9028270893371757,0.9138134592680047,0.7476628242074927,0.7390791027154664
0.258,0.8534178674351585,0.859504132231405,0.9042680115273776,0.9138134592680047,0.7476628242074927,0.7390791027154664
0.259,0.8534178674351585,0.8606847697756789,0.9042680115273776,0.9138134592680047,0.7476628242074927,0.7402597402597403
0.26,0.8544178674351586,0.8665879574970484,0.9052680115273775,0.9138134592680047,0.7486628242074929,0.7414403778040142
0.261,0.8544178674351586,0.8677685950413223,0.9052680115273775,0.9138134592680047,0.7496628242074928,0.743801652892562
0.262,0.8564178674351586,0.8689492325855962,0.9052680115273775,0.9149940968122786,0.7511037463976946,0.743801652892562
0.263,0.8564178674351586,0.8701298701298701,0.9062680115273776,0.9161747343565525,0.7521037463976945,0.7449822904368358
0.264,0.8564178674351586,0.8713105076741441,0.9062680115273776,0.9161747343565525,0.7521037463976945,0.7461629279811098
0.265,0.8574178674351585,0.872491145218418,0.9062680115273776,0.9185360094451004,0.7535446685878963,0.7461629279811098
0.266,0.8574178674351585,0.872491145218418,0.9072680115273775,0.9197166469893743,0.7555446685878963,0.7485242030696576
0.267,0.8584178674351586,0.872491145218418,0.9072680115273775,0.9197166469893743,0.7555446685878963,0.7485242030696576
0.268,0.8584178674351586,0.872491145218418,0.9072680115273775,0.9197166469893743,0.756985590778098,0.7485242030696576
0.269,0.8598587896253602,0.872491145218418,0.9072680115273775,0.9197166469893743,0.757985590778098,0.7485242030696576
0.27,0.8598587896253602,0.8748524203069658,0.9072680115273775,0.9197166469893743,0.757985590778098,0.7497048406139315
0.271,0.8598587896253602,0.8748524203069658,0.9072680115273775,0.9197166469893743,0.757985590778098,0.7497048406139315
0.272,0.861299711815562,0.8748524203069658,0.9072680115273775,0.9197166469893743,0.757985590778098,0.7497048406139315
0.273,0.861299711815562,0.8748524203069658,0.9072680115273775,0.922077922077922,0.757985590778098,0.7497048406139315
0.274,0.861299711815562,0.8760330578512396,0.9072680115273775,0.922077922077922,0.757985590778098,0.7508854781582054
0.275,0.8627406340057637,0.8760330578512396,0.9072680115273775,0.922077922077922,0.757985590778098,0.7532467532467533
0.276,0.8637406340057637,0.8760330578512396,0.9082680115273776,0.922077922077922,0.757985590778098,0.7544273907910272
0.277,0.8647406340057637,0.8772136953955135,0.9082680115273776,0.9232585596221959,0.758985590778098,0.7544273907910272
0.278,0.8647406340057637,0.8807556080283353,0.9082680115273776,0.9232585596221959,0.758985590778098,0.755608028335301
0.279,0.8657406340057637,0.8807556080283353,0.9092680115273775,0.9244391971664699,0.760985590778098,0.755608028335301
0.28,0.8677406340057637,0.8807556080283353,0.9092680115273775,0.9244391971664699,0.760985590778098,0.7579693034238488
0.281,0.8677406340057637,0.8807556080283353,0.9092680115273775,0.9244391971664699,0.7624265129682997,0.7579693034238488
0.28200000000000003,0.8677406340057637,0.8819362455726092,0.9092680115273775,0.9244391971664699,0.7624265129682997,0.7579693034238488
0.28300000000000003,0.8677406340057637,0.8842975206611571,0.9092680115273775,0.9244391971664699,0.7634265129682997,0.7579693034238488
0.28400000000000003,0.8677406340057637,0.885478158205431,0.9092680115273775,0.9256198347107438,0.7644265129682997,0.7603305785123967
0.28500000000000003,0.8677406340057637,0.885478158205431,0.9092680115273775,0.9256198347107438,0.7644265129682997,0.7603305785123967
0.28600000000000003,0.8677406340057637,0.8866587957497049,0.9117089337175792,0.9256198347107438,0.7644265129682997,0.7638724911452184
0.28700000000000003,0.8691815561959655,0.8866587957497049,0.9117089337175792,0.9256198347107438,0.7658674351585014,0.7650531286894924
0.28800000000000003,0.8701815561959654,0.8878394332939787,0.9117089337175792,0.9279811097992916,0.7673083573487032,0.7650531286894924
0.289,0.8701815561959654,0.8890200708382526,0.9117089337175792,0.9279811097992916,0.7673083573487032,0.7650531286894924
0.29,0.8701815561959654,0.8890200708382526,0.9117089337175792,0.9291617473435655,0.7673083573487032,0.7650531286894924
0.291,0.8701815561959654,0.8890200708382526,0.913149855907781,0.9291617473435655,0.7673083573487032,0.7650531286894924
0.292,0.8701815561959654,0.8890200708382526,0.913149855907781,0.9291617473435655,0.7683083573487031,0.7662337662337663
0.293,0.8711815561959655,0.8890200708382526,0.9155907780979827,0.9291617473435655,0.7683083573487031,0.7674144037780402
0.294,0.8711815561959655,0.8890200708382526,0.9165907780979827,0.9291617473435655,0.7693083573487032,0.7674144037780402
0.295,0.8731815561959655,0.8890200708382526,0.9165907780979827,0.9291617473435655,0.7703083573487031,0.7697756788665879
0.296,0.8731815561959655,0.8890200708382526,0.9175907780979827,0.9291617473435655,0.7703083573487031,0.7697756788665879
0.297,0.8741815561959654,0.8890200708382526,0.9175907780979827,0.9291617473435655,0.7703083573487031,0.7697756788665879
0.298,0.8751815561959655,0.8890200708382526,0.9175907780979827,0.9291617473435655,0.7703083573487031,0.7709563164108618
0.299,0.8751815561959655,0.8890200708382526,0.9175907780979827,0.9291617473435655,0.7703083573487031,0.7721369539551358
0.3,0.8751815561959655,0.8902007083825265,0.9175907780979827,0.9291617473435655,0.7727492795389048,0.7733175914994097
0.301,0.8761815561959654,0.8913813459268005,0.9175907780979827,0.9303423848878394,0.7741902017291067,0.7756788665879575
0.302,0.8761815561959654,0.8913813459268005,0.9175907780979827,0.9315230224321134,0.7741902017291067,0.7756788665879575
0.303,0.8761815561959654,0.8913813459268005,0.9175907780979827,0.9327036599763873,0.7751902017291066,0.7780401416765053
0.304,0.8776224783861672,0.8913813459268005,0.9185907780979827,0.9327036599763873,0.7751902017291066,0.7780401416765053
0.305,0.8796224783861671,0.8913813459268005,0.9185907780979827,0.9327036599763873,0.7751902017291066,0.7780401416765053
0.306,0.8796224783861671,0.8925619834710744,0.9195907780979827,0.9338842975206612,0.7766311239193083,0.7780401416765053
0.307,0.8796224783861671,0.8925619834710744,0.9195907780979827,0.9338842975206612,0.7776311239193083,0.7792207792207793
0.308,0.8806224783861671,0.8937426210153483,0.9195907780979827,0.935064935064935,0.7796311239193083,0.7804014167650531
0.309,0.8806224783861671,0.8937426210153483,0.9215907780979827,0.935064935064935,0.7796311239193083,0.7804014167650531
0.31,0.8816224783861671,0.8937426210153483,0.9225907780979827,0.935064935064935,0.7806311239193083,0.7804014167650531
0.311,0.8836224783861671,0.8937426210153483,0.9225907780979827,0.9362455726092089,0.7806311239193083,0.781582054309327
0.312,0.8836224783861671,0.8937426210153483,0.9225907780979827,0.9362455726092089,0.7816311239193083,0.7827626918536009
0.313,0.8846224783861671,0.8937426210153483,0.9225907780979827,0.9362455726092089,0.7816311239193083,0.7827626918536009
0.314,0.8870634005763689,0.8937426210153483,0.9225907780979827,0.9374262101534829,0.7826311239193083,0.7827626918536009
0.315,0.8880634005763688,0.8937426210153483,0.9235907780979827,0.9374262101534829,0.7826311239193083,0.7827626918536009
0.316,0.8880634005763688,0.8949232585596222,0.9245907780979827,0.9386068476977568,0.7826311239193083,0.7839433293978748
0.317,0.8880634005763688,0.8961038961038961,0.9245907780979827,0.9409681227863046,0.7840720461095101,0.7839433293978748
0.318,0.8880634005763688,0.8961038961038961,0.9245907780979827,0.9421487603305785,0.7865129682997118,0.7839433293978748
0.319,0.8880634005763688,0.8961038961038961,0.9245907780979827,0.9421487603305785,0.7865129682997118,0.7839433293978748
0.32,0.8895043227665707,0.8961038961038961,0.9255907780979827,0.9421487603305785,0.7885129682997118,0.7839433293978748
0.321,0.8895043227665707,0.8961038961038961,0.9255907780979827,0.9421487603305785,0.7895129682997117,0.7839433293978748
0.322,0.8895043227665707,0.8961038961038961,0.9255907780979827,0.9421487603305785,0.7895129682997117,0.7851239669421488
0.323,0.8895043227665707,0.89728453364817,0.9275907780979827,0.9421487603305785,0.7895129682997117,0.7874852420306966
0.324,0.8895043227665707,0.89728453364817,0.9275907780979827,0.9421487603305785,0.7895129682997117,0.7874852420306966
0.325,0.8895043227665707,0.89728453364817,0.9275907780979827,0.9421487603305785,0.7895129682997117,0.7886658795749705
0.326,0.8895043227665707,0.89728453364817,0.9275907780979827,0.9433293978748524,0.7895129682997117,0.7898465171192444
0.327,0.8895043227665707,0.89728453364817,0.9275907780979827,0.9433293978748524,0.7905129682997118,0.7898465171192444
0.328,0.8895043227665707,0.89728453364817,0.9275907780979827,0.9433293978748524,0.7915129682997117,0.7898465171192444
0.329,0.8905043227665705,0.89728453364817,0.9320317002881844,0.9433293978748524,0.7915129682997117,0.7898465171192444
0.33,0.8905043227665705,0.89728453364817,0.9320317002881844,0.9433293978748524,0.7925129682997119,0.7910271546635183
0.331,0.8915043227665707,0.89728453364817,0.9320317002881844,0.9433293978748524,0.7939538904899135,0.7910271546635183
0.332,0.8915043227665707,0.898465171192444,0.9320317002881844,0.9433293978748524,0.7949538904899136,0.7933884297520661
0.333,0.8915043227665707,0.898465171192444,0.9320317002881844,0.9433293978748524,0.7963948126801152,0.7933884297520661
0.334,0.8915043227665707,0.8996458087367178,0.9320317002881844,0.9445100354191264,0.7963948126801152,0.7933884297520661
0.335,0.8915043227665707,0.8996458087367178,0.9320317002881844,0.9445100354191264,0.7973948126801153,0.7933884297520661
0.336,0.8925043227665705,0.9008264462809917,0.9320317002881844,0.9445100354191264,0.7973948126801153,0.79456906729634
0.337,0.8925043227665705,0.9008264462809917,0.9320317002881844,0.9445100354191264,0.800835734870317,0.79456906729634
0.338,0.8925043227665705,0.9008264462809917,0.9330317002881845,0.9445100354191264,0.801835734870317,0.79456906729634
0.339,0.8935043227665707,0.9008264462809917,0.9340317002881844,0.948051948051948,0.8032766570605188,0.7969303423848878
0.34,0.8949452449567723,0.9020070838252656,0.9350317002881845,0.948051948051948,0.8032766570605188,0.7981109799291618
0.341,0.8949452449567723,0.9020070838252656,0.9350317002881845,0.9492325855962219,0.8032766570605188,0.7992916174734357
0.342,0.8959452449567723,0.9020070838252656,0.9350317002881845,0.9492325855962219,0.8032766570605188,0.8004722550177096
0.343,0.8959452449567723,0.9031877213695395,0.9350317002881845,0.9492325855962219,0.8052766570605188,0.8004722550177096
0.34400000000000003,0.8959452449567723,0.9043683589138135,0.9350317002881845,0.9492325855962219,0.8081585014409222,0.8004722550177096
0.34500000000000003,0.8959452449567723,0.9043683589138135,0.9350317002881845,0.9504132231404959,0.8081585014409222,0.8016528925619835
0.34600000000000003,0.8983861671469741,0.9043683589138135,0.9350317002881845,0.9515938606847698,0.8091585014409222,0.8016528925619835
0.34700000000000003,0.8983861671469741,0.9043683589138135,0.9350317002881845,0.9515938606847698,0.8105994236311239,0.8016528925619835
0.34800000000000003,0.8993861671469741,0.9043683589138135,0.9350317002881845,0.9515938606847698,0.8115994236311239,0.8016528925619835
0.34900000000000003,0.9023861671469741,0.9043683589138135,0.9350317002881845,0.9527744982290437,0.8115994236311239,0.8016528925619835
0.35000000000000003,0.9058270893371758,0.9043683589138135,0.9364726224783861,0.9527744982290437,0.8115994236311239,0.8016528925619835
0.35100000000000003,0.9058270893371758,0.9055489964580874,0.9364726224783861,0.9527744982290437,0.8115994236311239,0.8016528925619835
0.352,0.9058270893371758,0.9055489964580874,0.9364726224783861,0.9527744982290437,0.8115994236311239,0.8016528925619835
0.353,0.9058270893371758,0.9055489964580874,0.9364726224783861,0.9527744982290437,0.8115994236311239,0.8028335301062574
0.354,0.9068270893371757,0.9079102715466352,0.9364726224783861,0.9539551357733176,0.8115994236311239,0.8040141676505312
0.355,0.9068270893371757,0.9079102715466352,0.9364726224783861,0.9551357733175915,0.8115994236311239,0.8040141676505312
0.356,0.9068270893371757,0.9079102715466352,0.9364726224783861,0.9563164108618654,0.8115994236311239,0.8051948051948052
0.357,0.9068270893371757,0.9079102715466352,0.9364726224783861,0.9563164108618654,0.8115994236311239,0.8063754427390791
0.358,0.9082680115273776,0.9079102715466352,0.9364726224783861,0.9563164108618654,0.8115994236311239,0.807556080283353
0.359,0.9082680115273776,0.9090909090909091,0.9364726224783861,0.9563164108618654,0.8115994236311239,0.807556080283353
0.36,0.9082680115273776,0.9090909090909091,0.9364726224783861,0.9563164108618654,0.8125994236311239,0.807556080283353
0.361,0.9082680115273776,0.9090909090909091,0.9364726224783861,0.9563164108618654,0.8135994236311239,0.807556080283353
0.362,0.9102680115273776,0.910271546635183,0.9364726224783861,0.9563164108618654,0.8145994236311239,0.807556080283353
0.363,0.9102680115273776,0.910271546635183,0.9364726224783861,0.9563164108618654,0.8160403458213257,0.807556080283353
0.364,0.9102680115273776,0.910271546635183,0.9379135446685879,0.9563164108618654,0.8160403458213257,0.807556080283353
0.365,0.9112680115273775,0.910271546635183,0.9379135446685879,0.9574970484061394,0.8160403458213257,0.8087367178276269
0.366,0.9112680115273775,0.910271546635183,0.9403544668587897,0.9574970484061394,0.8160403458213257,0.8087367178276269
0.367,0.9112680115273775,0.911452184179457,0.9403544668587897,0.9574970484061394,0.8174812680115273,0.8087367178276269
0.368,0.9132680115273775,0.911452184179457,0.9413544668587897,0.9574970484061394,0.8184812680115274,0.8087367178276269
0.369,0.9132680115273775,0.911452184179457,0.9413544668587897,0.9574970484061394,0.8184812680115274,0.8099173553719008
0.37,0.9132680115273775,0.9126328217237308,0.9413544668587897,0.9586776859504132,0.8209221902017292,0.8110979929161747
0.371,0.9132680115273775,0.9126328217237308,0.9413544668587897,0.9586776859504132,0.8233631123919308,0.8110979929161747
0.372,0.9132680115273775,0.9138134592680047,0.9413544668587897,0.9586776859504132,0.8233631123919308,0.8110979929161747
0.373,0.9132680115273775,0.9138134592680047,0.9413544668587897,0.9586776859504132,0.8233631123919308,0.8122786304604487
0.374,0.9142680115273776,0.9149940968122786,0.9413544668587897,0.9586776859504132,0.8248040345821326,0.8134592680047226
0.375,0.9142680115273776,0.9149940968122786,0.9423544668587897,0.9586776859504132,0.8248040345821326,0.8134592680047226
0.376,0.9142680115273776,0.9161747343565525,0.9423544668587897,0.9586776859504132,0.8258040345821326,0.8146399055489965
0.377,0.9142680115273776,0.9173553719008265,0.9433544668587897,0.9586776859504132,0.8258040345821326,0.8170011806375442
0.378,0.9142680115273776,0.9173553719008265,0.9433544668587897,0.9586776859504132,0.8258040345821326,0.8170011806375442
0.379,0.9142680115273776,0.9173553719008265,0.9433544668587897,0.9586776859504132,0.8268040345821326,0.8181818181818182
0.38,0.9162680115273776,0.9185360094451004,0.9443544668587897,0.9586776859504132,0.8268040345821326,0.8193624557260921
0.381,0.9162680115273776,0.9185360094451004,0.9453544668587897,0.9586776859504132,0.8268040345821326,0.820543093270366
0.382,0.9162680115273776,0.9185360094451004,0.9453544668587897,0.9586776859504132,0.8278040345821326,0.820543093270366
0.383,0.9162680115273776,0.9185360094451004,0.9453544668587897,0.9598583234946871,0.8288040345821326,0.820543093270366
0.384,0.9162680115273776,0.9185360094451004,0.9453544668587897,0.9598583234946871,0.8288040345821326,0.8229043683589138
0.385,0.9162680115273776,0.9185360094451004,0.9453544668587897,0.9598583234946871,0.8288040345821326,0.8229043683589138
0.386,0.9162680115273776,0.9185360094451004,0.9453544668587897,0.9598583234946871,0.8288040345821326,0.8229043683589138
0.387,0.9162680115273776,0.9185360094451004,0.9453544668587897,0.9598583234946871,0.8288040345821326,0.8240850059031877
0.388,0.9162680115273776,0.9185360094451004,0.9453544668587897,0.9622195985832349,0.8288040345821326,0.8240850059031877
0.389,0.9162680115273776,0.9185360094451004,0.9453544668587897,0.9622195985832349,0.8288040345821326,0.8240850059031877
0.39,0.9162680115273776,0.9185360094451004,0.9453544668587897,0.9622195985832349,0.8288040345821326,0.8252656434474617
0.391,0.9162680115273776,0.9185360094451004,0.9453544668587897,0.9622195985832349,0.8288040345821326,0.8276269185360094
0.392,0.9182680115273776,0.9185360094451004,0.9473544668587897,0.9622195985832349,0.8288040345821326,0.8276269185360094
0.393,0.9182680115273776,0.9197166469893743,0.9473544668587897,0.9622195985832349,0.8288040345821326,0.8276269185360094
0.394,0.9197089337175792,0.9197166469893743,0.9473544668587897,0.9622195985832349,0.8288040345821326,0.8288075560802833
0.395,0.9197089337175792,0.9197166469893743,0.9473544668587897,0.9622195985832349,0.8308040345821326,0.8288075560802833
0.396,0.9197089337175792,0.9208972845336482,0.9473544668587897,0.9622195985832349,0.8308040345821326,0.8288075560802833
0.397,0.9197089337175792,0.9208972845336482,0.9473544668587897,0.9634002361275088,0.8318040345821326,0.8288075560802833
0.398,0.9197089337175792,0.922077922077922,0.9473544668587897,0.9634002361275088,0.8318040345821326,0.8288075560802833
0.399,0.9197089337175792,0.922077922077922,0.9483544668587897,0.9634002361275088,0.8318040345821326,0.8288075560802833
0.4,0.9207089337175792,0.9232585596221959,0.9483544668587897,0.9634002361275088,0.8318040345821326,0.8288075560802833
0.401,0.9207089337175792,0.9232585596221959,0.9483544668587897,0.9634002361275088,0.8318040345821326,0.8288075560802833
0.402,0.9207089337175792,0.9232585596221959,0.9483544668587897,0.9634002361275088,0.8318040345821326,0.8288075560802833
0.403,0.9207089337175792,0.9244391971664699,0.9483544668587897,0.9634002361275088,0.8332449567723343,0.8288075560802833
0.404,0.9207089337175792,0.9244391971664699,0.9483544668587897,0.9634002361275088,0.8332449567723343,0.8288075560802833
0.405,0.9207089337175792,0.9244391971664699,0.9483544668587897,0.9634002361275088,0.8332449567723343,0.8288075560802833
0.406,0.9207089337175792,0.9244391971664699,0.9483544668587897,0.9634002361275088,0.8332449567723343,0.8299881936245572
0.40700000000000003,0.9207089337175792,0.9244391971664699,0.9483544668587897,0.9634002361275088,0.8342449567723342,0.8311688311688312
0.40800000000000003,0.9207089337175792,0.9244391971664699,0.9483544668587897,0.9634002361275088,0.8342449567723342,0.8323494687131051
0.40900000000000003,0.9207089337175792,0.9244391971664699,0.9483544668587897,0.9634002361275088,0.8356858789625361,0.833530106257379
0.41000000000000003,0.9207089337175792,0.9244391971664699,0.9493544668587897,0.9634002361275088,0.836685878962536,0.8347107438016529
0.41100000000000003,0.9217089337175792,0.9244391971664699,0.9493544668587897,0.9634002361275088,0.836685878962536,0.8347107438016529
0.41200000000000003,0.9217089337175792,0.9256198347107438,0.9493544668587897,0.9634002361275088,0.836685878962536,0.8347107438016529
0.41300000000000003,0.923149855907781,0.9268004722550177,0.9493544668587897,0.9634002361275088,0.836685878962536,0.8358913813459268
0.41400000000000003,0.923149855907781,0.9268004722550177,0.9493544668587897,0.9645808736717828,0.8381268011527377,0.8382526564344747
0.41500000000000004,0.923149855907781,0.9268004722550177,0.9493544668587897,0.9645808736717828,0.8391268011527377,0.8382526564344747
0.41600000000000004,0.923149855907781,0.9279811097992916,0.9503544668587897,0.9645808736717828,0.8401268011527377,0.8382526564344747
0.417,0.923149855907781,0.9279811097992916,0.9503544668587897,0.9645808736717828,0.8415677233429395,0.8394332939787486
0.418,0.923149855907781,0.9279811097992916,0.9503544668587897,0.9657615112160567,0.8430086455331411,0.8394332939787486
0.419,0.924149855907781,0.9279811097992916,0.9503544668587897,0.9657615112160567,0.8440086455331413,0.8394332939787486
0.42,0.924149855907781,0.9279811097992916,0.9503544668587897,0.9657615112160567,0.8440086455331413,0.8394332939787486
0.421,0.924149855907781,0.9279811097992916,0.9503544668587897,0.9657615112160567,0.8450086455331411,0.8394332939787486
0.422,0.924149855907781,0.9279811097992916,0.9503544668587897,0.9657615112160567,0.8450086455331411,0.8394332939787486
0.423,0.924149855907781,0.9279811097992916,0.9503544668587897,0.9657615112160567,0.8450086455331411,0.8394332939787486
0.424,0.924149855907781,0.9291617473435655,0.9503544668587897,0.9657615112160567,0.8460086455331413,0.8406139315230224
0.425,0.924149855907781,0.9303423848878394,0.9503544668587897,0.9657615112160567,0.8460086455331413,0.8406139315230224
0.426,0.924149855907781,0.9315230224321134,0.9503544668587897,0.9657615112160567,0.8460086455331413,0.8406139315230224
0.427,0.924149855907781,0.9315230224321134,0.9503544668587897,0.9657615112160567,0.8460086455331413,0.8406139315230224
0.428,0.925149855907781,0.9315230224321134,0.9503544668587897,0.9657615112160567,0.8460086455331413,0.8406139315230224
0.429,0.925149855907781,0.9315230224321134,0.9503544668587897,0.9657615112160567,0.8460086455331413,0.8406139315230224
0.43,0.926149855907781,0.9315230224321134,0.9503544668587897,0.9657615112160567,0.8460086455331413,0.8406139315230224
0.431,0.926149855907781,0.9315230224321134,0.9503544668587897,0.9657615112160567,0.8460086455331413,0.8406139315230224
0.432,0.926149855907781,0.9327036599763873,0.9503544668587897,0.9657615112160567,0.8460086455331413,0.8406139315230224
0.433,0.927149855907781,0.9327036599763873,0.9503544668587897,0.9669421487603306,0.8480086455331413,0.8406139315230224
0.434,0.927149855907781,0.9327036599763873,0.9503544668587897,0.9669421487603306,0.8490086455331411,0.8406139315230224
0.435,0.927149855907781,0.9327036599763873,0.9513544668587897,0.9669421487603306,0.8490086455331411,0.8406139315230224
0.436,0.927149855907781,0.9338842975206612,0.9513544668587897,0.9681227863046045,0.8490086455331411,0.8406139315230224
0.437,0.927149855907781,0.9338842975206612,0.9523544668587897,0.9681227863046045,0.8500086455331413,0.8406139315230224
0.438,0.928149855907781,0.9338842975206612,0.9533544668587897,0.9681227863046045,0.8500086455331413,0.8406139315230224
0.439,0.9295907780979827,0.9338842975206612,0.9533544668587897,0.9681227863046045,0.8500086455331413,0.8406139315230224
0.44,0.9295907780979827,0.9338842975206612,0.9533544668587897,0.9681227863046045,0.8514495677233429,0.8406139315230224
0.441,0.9295907780979827,0.935064935064935,0.9533544668587897,0.9681227863046045,0.8514495677233429,0.8406139315230224
0.442,0.9295907780979827,0.9374262101534829,0.9533544668587897,0.9681227863046045,0.8514495677233429,0.8406139315230224
0.443,0.9295907780979827,0.9374262101534829,0.9533544668587897,0.9681227863046045,0.8514495677233429,0.8406139315230224
0.444,0.9295907780979827,0.9374262101534829,0.9543544668587897,0.9681227863046045,0.8514495677233429,0.8417945690672963
0.445,0.9295907780979827,0.9374262101534829,0.9543544668587897,0.9681227863046045,0.8514495677233429,0.8417945690672963
0.446,0.9295907780979827,0.9374262101534829,0.9543544668587897,0.9681227863046045,0.8514495677233429,0.8417945690672963
0.447,0.9295907780979827,0.9374262101534829,0.9543544668587897,0.9681227863046045,0.8514495677233429,0.8417945690672963
0.448,0.9295907780979827,0.9374262101534829,0.9543544668587897,0.9681227863046045,0.8514495677233429,0.8429752066115702
0.449,0.9295907780979827,0.9374262101534829,0.9543544668587897,0.9681227863046045,0.8514495677233429,0.8429752066115702
0.45,0.9295907780979827,0.9374262101534829,0.9543544668587897,0.9681227863046045,0.8514495677233429,0.8429752066115702
0.451,0.9295907780979827,0.9374262101534829,0.9553544668587897,0.9681227863046045,0.8514495677233429,0.8429752066115702
0.452,0.9305907780979827,0.9374262101534829,0.9553544668587897,0.9681227863046045,0.8534495677233429,0.8429752066115702
0.453,0.9305907780979827,0.9374262101534829,0.9553544668587897,0.9681227863046045,0.8534495677233429,0.8441558441558441
0.454,0.9305907780979827,0.9374262101534829,0.9553544668587897,0.9693034238488784,0.854449567723343,0.8453364817001181
0.455,0.9305907780979827,0.9409681227863046,0.9563544668587897,0.9704840613931524,0.854449567723343,0.8453364817001181
0.456,0.9315907780979827,0.9421487603305785,0.9563544668587897,0.9704840613931524,0.854449567723343,0.8453364817001181
0.457,0.9315907780979827,0.9421487603305785,0.9563544668587897,0.9704840613931524,0.854449567723343,0.8453364817001181
0.458,0.9315907780979827,0.9421487603305785,0.9563544668587897,0.9704840613931524,0.854449567723343,0.8453364817001181
0.459,0.9315907780979827,0.9421487603305785,0.9573544668587897,0.9704840613931524,0.8554495677233429,0.8453364817001181
0.46,0.9315907780979827,0.9421487603305785,0.9573544668587897,0.9704840613931524,0.8554495677233429,0.846517119244392
0.461,0.9315907780979827,0.9433293978748524,0.9593544668587897,0.9704840613931524,0.8554495677233429,0.846517119244392
0.462,0.9325907780979827,0.9445100354191264,0.9603544668587896,0.9704840613931524,0.8554495677233429,0.846517119244392
0.463,0.9325907780979827,0.9445100354191264,0.9603544668587896,0.9704840613931524,0.8554495677233429,0.8476977567886659
0.464,0.9325907780979827,0.9445100354191264,0.9603544668587896,0.9716646989374262,0.8554495677233429,0.8488783943329398
0.465,0.9325907780979827,0.9456906729634003,0.9603544668587896,0.9716646989374262,0.8554495677233429,0.8512396694214877
0.466,0.9335907780979827,0.9456906729634003,0.9603544668587896,0.9716646989374262,0.8554495677233429,0.8524203069657615
0.467,0.9335907780979827,0.9456906729634003,0.9603544668587896,0.9716646989374262,0.8554495677233429,0.8524203069657615
0.468,0.9335907780979827,0.9456906729634003,0.9603544668587896,0.9716646989374262,0.8554495677233429,0.8524203069657615
0.46900000000000003,0.9335907780979827,0.9456906729634003,0.9603544668587896,0.9716646989374262,0.856449567723343,0.8536009445100354
0.47000000000000003,0.9335907780979827,0.9468713105076741,0.9603544668587896,0.9716646989374262,0.856449567723343,0.8536009445100354
0.47100000000000003,0.9335907780979827,0.9468713105076741,0.9603544668587896,0.9716646989374262,0.856449567723343,0.8547815820543093
0.47200000000000003,0.9345907780979827,0.9468713105076741,0.9603544668587896,0.9728453364817001,0.856449567723343,0.8547815820543093
0.47300000000000003,0.9360317002881844,0.948051948051948,0.9603544668587896,0.9728453364817001,0.8593314121037464,0.8547815820543093
0.47400000000000003,0.9360317002881844,0.9492325855962219,0.9603544668587896,0.9728453364817001,0.8593314121037464,0.8547815820543093
0.47500000000000003,0.9360317002881844,0.9492325855962219,0.9603544668587896,0.9728453364817001,0.8593314121037464,0.8547815820543093
0.47600000000000003,0.9360317002881844,0.9492325855962219,0.9617953890489913,0.9728453364817001,0.8593314121037464,0.8559622195985832
0.47700000000000004,0.9360317002881844,0.9492325855962219,0.9617953890489913,0.9728453364817001,0.8593314121037464,0.8559622195985832
0.47800000000000004,0.9370317002881845,0.9492325855962219,0.9617953890489913,0.974025974025974,0.8593314121037464,0.8559622195985832
0.47900000000000004,0.9380317002881844,0.9492325855962219,0.9617953890489913,0.974025974025974,0.8593314121037464,0.8559622195985832
0.48,0.9380317002881844,0.9492325855962219,0.9617953890489913,0.9752066115702479,0.8593314121037464,0.8571428571428571
0.481,0.9380317002881844,0.9492325855962219,0.9617953890489913,0.9752066115702479,0.8593314121037464,0.8571428571428571
0.482,0.9380317002881844,0.9492325855962219,0.9627953890489913,0.9752066115702479,0.8593314121037464,0.8583234946871311
0.483,0.9390317002881845,0.9492325855962219,0.9627953890489913,0.9752066115702479,0.8593314121037464,0.8583234946871311
0.484,0.9390317002881845,0.9492325855962219,0.9627953890489913,0.9763872491145218,0.8593314121037464,0.8583234946871311
0.485,0.9390317002881845,0.9492325855962219,0.9627953890489913,0.9763872491145218,0.8607723342939482,0.8583234946871311
0.486,0.9390317002881845,0.9492325855962219,0.9627953890489913,0.9763872491145218,0.8622132564841498,0.859504132231405
0.487,0.9390317002881845,0.9492325855962219,0.9637953890489913,0.9763872491145218,0.8622132564841498,0.8606847697756789
0.488,0.9390317002881845,0.9504132231404959,0.9647953890489913,0.9763872491145218,0.8622132564841498,0.8606847697756789
0.489,0.9390317002881845,0.9504132231404959,0.9647953890489913,0.9763872491145218,0.8622132564841498,0.8618654073199528
0.49,0.9390317002881845,0.9504132231404959,0.9647953890489913,0.9763872491145218,0.8632132564841499,0.8642266824085005
0.491,0.9390317002881845,0.9515938606847698,0.9647953890489913,0.9763872491145218,0.8632132564841499,0.8642266824085005
0.492,0.9390317002881845,0.9515938606847698,0.9657953890489913,0.9763872491145218,0.8632132564841499,0.8642266824085005
0.493,0.9390317002881845,0.9515938606847698,0.9657953890489913,0.9763872491145218,0.8632132564841499,0.8654073199527745
0.494,0.9390317002881845,0.9515938606847698,0.9657953890489913,0.9763872491145218,0.8646541786743516,0.8654073199527745
0.495,0.9390317002881845,0.9527744982290437,0.9657953890489913,0.9763872491145218,0.8646541786743516,0.8654073199527745
0.496,0.9390317002881845,0.9527744982290437,0.9667953890489913,0.9763872491145218,0.8646541786743516,0.8654073199527745
0.497,0.9390317002881845,0.9527744982290437,0.9667953890489913,0.9763872491145218,0.8646541786743516,0.8654073199527745
0.498,0.9390317002881845,0.9527744982290437,0.9677953890489913,0.9763872491145218,0.8646541786743516,0.8654073199527745
0.499,0.9390317002881845,0.9527744982290437,0.9677953890489913,0.9763872491145218,0.8646541786743516,0.8654073199527745
0.5,0.9390317002881845,0.9527744982290437,0.9677953890489913,0.9763872491145218,0.8656541786743517,0.8654073199527745
0.501,0.9390317002881845,0.9527744982290437,0.9687953890489913,0.9763872491145218,0.8656541786743517,0.8654073199527745
0.502,0.9390317002881845,0.9527744982290437,0.9687953890489913,0.9763872491145218,0.8656541786743517,0.8654073199527745
0.503,0.9390317002881845,0.9527744982290437,0.9687953890489913,0.9763872491145218,0.8656541786743517,0.8654073199527745
0.504,0.9390317002881845,0.9527744982290437,0.9687953890489913,0.9763872491145218,0.8656541786743517,0.8654073199527745
0.505,0.9390317002881845,0.9527744982290437,0.9687953890489913,0.9763872491145218,0.8656541786743517,0.8654073199527745
0.506,0.9400317002881844,0.9527744982290437,0.9687953890489913,0.9763872491145218,0.8656541786743517,0.8665879574970484
0.507,0.9400317002881844,0.9527744982290437,0.9687953890489913,0.9763872491145218,0.8656541786743517,0.8665879574970484
0.508,0.9414726224783863,0.9527744982290437,0.9687953890489913,0.9763872491145218,0.8656541786743517,0.8665879574970484
0.509,0.9424726224783861,0.9527744982290437,0.9687953890489913,0.9763872491145218,0.8670951008645533,0.8665879574970484
0.51,0.9434726224783863,0.9527744982290437,0.9687953890489913,0.9763872491145218,0.8670951008645533,0.8665879574970484
0.511,0.9434726224783863,0.9527744982290437,0.9687953890489913,0.9763872491145218,0.8670951008645533,0.8665879574970484
0.512,0.9434726224783863,0.9527744982290437,0.9707953890489913,0.9763872491145218,0.8680951008645532,0.8677685950413223
0.513,0.9434726224783863,0.9539551357733176,0.9707953890489913,0.9763872491145218,0.8715360230547551,0.8689492325855962
0.514,0.9444726224783861,0.9539551357733176,0.9707953890489913,0.9775678866587958,0.8715360230547551,0.8689492325855962
0.515,0.9444726224783861,0.9539551357733176,0.9707953890489913,0.9775678866587958,0.8715360230547551,0.8689492325855962
0.516,0.9444726224783861,0.9539551357733176,0.9707953890489913,0.9775678866587958,0.872536023054755,0.8689492325855962
0.517,0.9444726224783861,0.9539551357733176,0.9707953890489913,0.9775678866587958,0.872536023054755,0.8689492325855962
0.518,0.9444726224783861,0.9551357733175915,0.9707953890489913,0.9775678866587958,0.872536023054755,0.872491145218418
0.519,0.9444726224783861,0.9551357733175915,0.9707953890489913,0.9775678866587958,0.8735360230547551,0.872491145218418
0.52,0.9444726224783861,0.9551357733175915,0.9707953890489913,0.9775678866587958,0.8735360230547551,0.872491145218418
0.521,0.9444726224783861,0.9551357733175915,0.9707953890489913,0.9787485242030697,0.8735360230547551,0.8736717827626919
0.522,0.9444726224783861,0.9551357733175915,0.9707953890489913,0.9787485242030697,0.8735360230547551,0.8736717827626919
0.523,0.9444726224783861,0.9551357733175915,0.9707953890489913,0.9787485242030697,0.874536023054755,0.8736717827626919
0.524,0.9454726224783863,0.9551357733175915,0.9707953890489913,0.9787485242030697,0.874536023054755,0.8736717827626919
0.525,0.9454726224783863,0.9551357733175915,0.9707953890489913,0.9787485242030697,0.874536023054755,0.8736717827626919
0.526,0.9454726224783863,0.9551357733175915,0.9717953890489913,0.9787485242030697,0.874536023054755,0.8736717827626919
0.527,0.9454726224783863,0.9563164108618654,0.9717953890489913,0.9787485242030697,0.874536023054755,0.8736717827626919
0.528,0.9464726224783861,0.9574970484061394,0.9717953890489913,0.9787485242030697,0.8755360230547551,0.8736717827626919
0.529,0.9464726224783861,0.9574970484061394,0.9717953890489913,0.9787485242030697,0.876536023054755,0.8736717827626919
0.53,0.9464726224783861,0.9586776859504132,0.9717953890489913,0.9787485242030697,0.876536023054755,0.8736717827626919
0.531,0.9464726224783861,0.9586776859504132,0.9717953890489913,0.9787485242030697,0.876536023054755,0.8736717827626919
0.532,0.9464726224783861,0.9586776859504132,0.9717953890489913,0.9787485242030697,0.876536023054755,0.8736717827626919
0.533,0.9464726224783861,0.9586776859504132,0.9717953890489913,0.9787485242030697,0.876536023054755,0.8748524203069658
0.534,0.9464726224783861,0.9586776859504132,0.9727953890489913,0.9787485242030697,0.8775360230547551,0.8772136953955135
0.535,0.9464726224783861,0.9598583234946871,0.9727953890489913,0.9799291617473436,0.8775360230547551,0.8772136953955135
0.536,0.9464726224783861,0.9598583234946871,0.9727953890489913,0.9799291617473436,0.8775360230547551,0.8772136953955135
0.537,0.9464726224783861,0.9598583234946871,0.9742363112391931,0.9799291617473436,0.8799769452449567,0.8783943329397875
0.538,0.9464726224783861,0.9598583234946871,0.9742363112391931,0.9799291617473436,0.8819769452449567,0.8795749704840614
0.539,0.9464726224783861,0.9598583234946871,0.9742363112391931,0.9799291617473436,0.8819769452449567,0.8795749704840614
0.54,0.9484726224783862,0.9598583234946871,0.9742363112391931,0.9799291617473436,0.8844178674351585,0.8795749704840614
0.541,0.9484726224783862,0.9598583234946871,0.9742363112391931,0.9799291617473436,0.8844178674351585,0.8795749704840614
0.542,0.9484726224783862,0.9598583234946871,0.9742363112391931,0.9799291617473436,0.8858587896253602,0.8819362455726092
0.543,0.9484726224783862,0.9598583234946871,0.9742363112391931,0.9799291617473436,0.8858587896253602,0.8819362455726092
0.544,0.9484726224783862,0.9598583234946871,0.9742363112391931,0.9811097992916175,0.8858587896253602,0.8819362455726092
0.545,0.9484726224783862,0.9598583234946871,0.9742363112391931,0.9811097992916175,0.8858587896253602,0.8831168831168831
0.546,0.9484726224783862,0.9598583234946871,0.9742363112391931,0.9822904368358913,0.8858587896253602,0.8831168831168831
0.547,0.9484726224783862,0.9598583234946871,0.9742363112391931,0.9822904368358913,0.8858587896253602,0.8831168831168831
0.548,0.9484726224783862,0.9598583234946871,0.9742363112391931,0.9834710743801653,0.8858587896253602,0.8842975206611571
0.549,0.9484726224783862,0.9598583234946871,0.9742363112391931,0.9834710743801653,0.8858587896253602,0.8842975206611571
0.55,0.9484726224783862,0.961038961038961,0.9742363112391931,0.9834710743801653,0.8872997118155619,0.8842975206611571
0.551,0.9484726224783862,0.961038961038961,0.9742363112391931,0.9834710743801653,0.888299711815562,0.885478158205431
0.552,0.9494726224783863,0.961038961038961,0.9752363112391931,0.9834710743801653,0.888299711815562,0.885478158205431
0.553,0.9494726224783863,0.961038961038961,0.9752363112391931,0.9834710743801653,0.888299711815562,0.885478158205431
0.554,0.9494726224783863,0.961038961038961,0.9752363112391931,0.9846517119244392,0.888299711815562,0.8866587957497049
0.555,0.9494726224783863,0.961038961038961,0.9752363112391931,0.9846517119244392,0.888299711815562,0.8878394332939787
0.556,0.9504726224783862,0.9622195985832349,0.9752363112391931,0.9846517119244392,0.888299711815562,0.8878394332939787
0.557,0.9504726224783862,0.9622195985832349,0.9772363112391931,0.9846517119244392,0.8892997118155619,0.8878394332939787
0.558,0.9524726224783862,0.9622195985832349,0.9772363112391931,0.9846517119244392,0.890299711815562,0.8890200708382526
0.559,0.9524726224783862,0.9634002361275088,0.9772363112391931,0.9846517119244392,0.890299711815562,0.8890200708382526
0.56,0.9524726224783862,0.9634002361275088,0.9772363112391931,0.9846517119244392,0.890299711815562,0.8902007083825265
0.561,0.9524726224783862,0.9634002361275088,0.9772363112391931,0.9858323494687131,0.890299711815562,0.8902007083825265
0.562,0.9524726224783862,0.9634002361275088,0.9772363112391931,0.9858323494687131,0.890299711815562,0.8913813459268005
0.5630000000000001,0.9524726224783862,0.9634002361275088,0.9772363112391931,0.987012987012987,0.890299711815562,0.8925619834710744
0.5640000000000001,0.9524726224783862,0.9634002361275088,0.9772363112391931,0.987012987012987,0.890299711815562,0.8925619834710744
0.5650000000000001,0.9524726224783862,0.9634002361275088,0.9772363112391931,0.987012987012987,0.8912997118155619,0.8925619834710744
0.5660000000000001,0.9524726224783862,0.9634002361275088,0.9772363112391931,0.987012987012987,0.8927406340057638,0.8925619834710744
0.5670000000000001,0.9524726224783862,0.9634002361275088,0.9772363112391931,0.987012987012987,0.8927406340057638,0.8925619834710744
0.5680000000000001,0.9524726224783862,0.9634002361275088,0.9772363112391931,0.987012987012987,0.8937406340057636,0.8925619834710744
0.5690000000000001,0.9524726224783862,0.9634002361275088,0.9772363112391931,0.987012987012987,0.8937406340057636,0.8925619834710744
0.5700000000000001,0.9524726224783862,0.9634002361275088,0.9772363112391931,0.987012987012987,0.8937406340057636,0.8925619834710744
0.5710000000000001,0.9524726224783862,0.9634002361275088,0.9772363112391931,0.987012987012987,0.8937406340057636,0.8925619834710744
0.5720000000000001,0.9524726224783862,0.9634002361275088,0.9772363112391931,0.987012987012987,0.8937406340057636,0.8925619834710744
0.5730000000000001,0.9544726224783862,0.9645808736717828,0.9772363112391931,0.987012987012987,0.8937406340057636,0.8925619834710744
0.5740000000000001,0.9554726224783863,0.9645808736717828,0.9772363112391931,0.987012987012987,0.8937406340057636,0.8925619834710744
0.5750000000000001,0.9554726224783863,0.9645808736717828,0.9772363112391931,0.987012987012987,0.8937406340057636,0.8937426210153483
0.5760000000000001,0.9554726224783863,0.9645808736717828,0.9772363112391931,0.987012987012987,0.8937406340057636,0.8937426210153483
0.577,0.9554726224783863,0.9645808736717828,0.9772363112391931,0.987012987012987,0.8937406340057636,0.8937426210153483
0.578,0.9554726224783863,0.9645808736717828,0.9772363112391931,0.987012987012987,0.8937406340057636,0.8937426210153483
0.579,0.9564726224783862,0.9645808736717828,0.9772363112391931,0.987012987012987,0.8937406340057636,0.8937426210153483
0.58,0.9564726224783862,0.9645808736717828,0.9772363112391931,0.987012987012987,0.8937406340057636,0.8937426210153483
0.581,0.9564726224783862,0.9645808736717828,0.9772363112391931,0.987012987012987,0.8937406340057636,0.8961038961038961
0.582,0.9564726224783862,0.9645808736717828,0.9772363112391931,0.987012987012987,0.8937406340057636,0.89728453364817
0.583,0.9564726224783862,0.9645808736717828,0.9772363112391931,0.987012987012987,0.8947406340057638,0.89728453364817
0.584,0.9564726224783862,0.9645808736717828,0.9772363112391931,0.987012987012987,0.8947406340057638,0.898465171192444
0.585,0.9564726224783862,0.9645808736717828,0.9772363112391931,0.987012987012987,0.8947406340057638,0.898465171192444
0.586,0.9564726224783862,0.9645808736717828,0.9772363112391931,0.987012987012987,0.8947406340057638,0.8996458087367178
0.587,0.9564726224783862,0.9645808736717828,0.9772363112391931,0.987012987012987,0.8957406340057636,0.8996458087367178
0.588,0.9564726224783862,0.9657615112160567,0.9772363112391931,0.987012987012987,0.8967406340057638,0.8996458087367178
0.589,0.9564726224783862,0.9657615112160567,0.9772363112391931,0.987012987012987,0.8967406340057638,0.8996458087367178
0.59,0.9574726224783862,0.9681227863046045,0.9782363112391931,0.987012987012987,0.8967406340057638,0.8996458087367178
0.591,0.9574726224783862,0.9681227863046045,0.9782363112391931,0.987012987012987,0.8967406340057638,0.8996458087367178
0.592,0.9574726224783862,0.9681227863046045,0.9782363112391931,0.987012987012987,0.8977406340057636,0.9008264462809917
0.593,0.9584726224783862,0.9681227863046045,0.9796772334293948,0.987012987012987,0.8987406340057638,0.9008264462809917
0.594,0.9584726224783862,0.9681227863046045,0.9806772334293947,0.987012987012987,0.8987406340057638,0.9008264462809917
0.595,0.9584726224783862,0.9681227863046045,0.9806772334293947,0.987012987012987,0.9011815561959654,0.9020070838252656
0.596,0.9584726224783862,0.9693034238488784,0.9806772334293947,0.987012987012987,0.9011815561959654,0.9020070838252656
0.597,0.9584726224783862,0.9693034238488784,0.9806772334293947,0.987012987012987,0.9011815561959654,0.9020070838252656
0.598,0.9584726224783862,0.9693034238488784,0.9806772334293947,0.987012987012987,0.9026224783861672,0.9031877213695395
0.599,0.9584726224783862,0.9693034238488784,0.9806772334293947,0.987012987012987,0.9036224783861672,0.9031877213695395
0.6,0.9584726224783862,0.9693034238488784,0.9806772334293947,0.987012987012987,0.9036224783861672,0.9031877213695395
0.601,0.9584726224783862,0.9693034238488784,0.9806772334293947,0.987012987012987,0.9036224783861672,0.9031877213695395
0.602,0.9584726224783862,0.9693034238488784,0.9806772334293947,0.987012987012987,0.9046224783861672,0.9031877213695395
0.603,0.9584726224783862,0.9693034238488784,0.9806772334293947,0.987012987012987,0.9046224783861672,0.9031877213695395
0.604,0.9584726224783862,0.9693034238488784,0.9806772334293947,0.987012987012987,0.9046224783861672,0.9031877213695395
0.605,0.9584726224783862,0.9693034238488784,0.9806772334293947,0.987012987012987,0.9046224783861672,0.9031877213695395
0.606,0.9584726224783862,0.9693034238488784,0.9806772334293947,0.987012987012987,0.9056224783861672,0.9031877213695395
0.607,0.9584726224783862,0.9693034238488784,0.9806772334293947,0.9881936245572609,0.9056224783861672,0.9031877213695395
0.608,0.9584726224783862,0.9693034238488784,0.9806772334293947,0.9881936245572609,0.9056224783861672,0.9031877213695395
0.609,0.9584726224783862,0.9693034238488784,0.9806772334293947,0.9881936245572609,0.9056224783861672,0.9031877213695395
0.61,0.9594726224783862,0.9693034238488784,0.9806772334293947,0.9881936245572609,0.9076224783861672,0.9043683589138135
0.611,0.9594726224783862,0.9693034238488784,0.9806772334293947,0.9881936245572609,0.9076224783861672,0.9043683589138135
0.612,0.9594726224783862,0.9693034238488784,0.9806772334293947,0.9881936245572609,0.9076224783861672,0.9043683589138135
0.613,0.9604726224783862,0.9693034238488784,0.9806772334293947,0.9881936245572609,0.9076224783861672,0.9043683589138135
0.614,0.9604726224783862,0.9693034238488784,0.9806772334293947,0.9881936245572609,0.9076224783861672,0.9067296340023613
0.615,0.9604726224783862,0.9693034238488784,0.9806772334293947,0.9881936245572609,0.9076224783861672,0.9067296340023613
0.616,0.9604726224783862,0.9693034238488784,0.9806772334293947,0.9881936245572609,0.9076224783861672,0.9067296340023613
0.617,0.9604726224783862,0.9693034238488784,0.9806772334293947,0.9881936245572609,0.9076224783861672,0.9067296340023613
0.618,0.9614726224783862,0.9693034238488784,0.9816772334293948,0.9881936245572609,0.9076224783861672,0.9067296340023613
0.619,0.9614726224783862,0.9693034238488784,0.9816772334293948,0.9881936245572609,0.9076224783861672,0.9067296340023613
0.62,0.9614726224783862,0.9693034238488784,0.9816772334293948,0.9881936245572609,0.9076224783861672,0.9067296340023613
0.621,0.9614726224783862,0.9693034238488784,0.9816772334293948,0.9881936245572609,0.9115043227665707,0.9090909090909091
0.622,0.9614726224783862,0.9693034238488784,0.9816772334293948,0.9881936245572609,0.9115043227665707,0.9090909090909091
0.623,0.9614726224783862,0.9693034238488784,0.9816772334293948,0.9881936245572609,0.9115043227665707,0.9090909090909091
0.624,0.9614726224783862,0.9693034238488784,0.9816772334293948,0.9881936245572609,0.9115043227665707,0.9090909090909091
0.625,0.9614726224783862,0.9693034238488784,0.9816772334293948,0.9881936245572609,0.9115043227665707,0.9090909090909091
0.626,0.9629135446685879,0.9693034238488784,0.9816772334293948,0.9881936245572609,0.9115043227665707,0.9090909090909091
0.627,0.9629135446685879,0.9704840613931524,0.9816772334293948,0.9893742621015348,0.9135043227665707,0.9090909090909091
0.628,0.9629135446685879,0.9704840613931524,0.9816772334293948,0.9893742621015348,0.9135043227665707,0.9090909090909091
0.629,0.9629135446685879,0.9716646989374262,0.9816772334293948,0.9893742621015348,0.9135043227665707,0.9090909090909091
0.63,0.9629135446685879,0.9728453364817001,0.9816772334293948,0.9905548996458088,0.9135043227665707,0.9090909090909091
0.631,0.9629135446685879,0.9728453364817001,0.9831181556195965,0.9905548996458088,0.9135043227665707,0.9090909090909091
0.632,0.9629135446685879,0.9728453364817001,0.9831181556195965,0.9905548996458088,0.9135043227665707,0.9090909090909091
0.633,0.9629135446685879,0.9728453364817001,0.9831181556195965,0.9905548996458088,0.9135043227665707,0.9090909090909091
0.634,0.9629135446685879,0.9728453364817001,0.9831181556195965,0.9905548996458088,0.9135043227665707,0.9090909090909091
0.635,0.9629135446685879,0.9728453364817001,0.9831181556195965,0.9905548996458088,0.9135043227665707,0.9090909090909091
0.636,0.9629135446685879,0.9728453364817001,0.9831181556195965,0.9905548996458088,0.9135043227665707,0.9090909090909091
0.637,0.9629135446685879,0.9728453364817001,0.9831181556195965,0.9905548996458088,0.9135043227665707,0.9090909090909091
0.638,0.9629135446685879,0.9752066115702479,0.9831181556195965,0.9905548996458088,0.9135043227665707,0.910271546635183
0.639,0.9629135446685879,0.9752066115702479,0.9831181556195965,0.9905548996458088,0.9159452449567723,0.910271546635183
0.64,0.9629135446685879,0.9752066115702479,0.9831181556195965,0.9905548996458088,0.9159452449567723,0.910271546635183
0.641,0.9643544668587896,0.9752066115702479,0.9851181556195965,0.9905548996458088,0.9159452449567723,0.9138134592680047
0.642,0.9653544668587897,0.9752066115702479,0.9851181556195965,0.9905548996458088,0.9159452449567723,0.9138134592680047
0.643,0.9653544668587897,0.9752066115702479,0.9851181556195965,0.9905548996458088,0.9159452449567723,0.9138134592680047
0.644,0.9653544668587897,0.9752066115702479,0.9851181556195965,0.9905548996458088,0.9159452449567723,0.9138134592680047
0.645,0.9653544668587897,0.9752066115702479,0.9851181556195965,0.9905548996458088,0.9159452449567723,0.9149940968122786
0.646,0.9653544668587897,0.9752066115702479,0.9851181556195965,0.9905548996458088,0.9169452449567723,0.9149940968122786
0.647,0.9653544668587897,0.9752066115702479,0.9851181556195965,0.9905548996458088,0.9169452449567723,0.9149940968122786
0.648,0.9653544668587897,0.9763872491145218,0.9851181556195965,0.9905548996458088,0.9169452449567723,0.9149940968122786
0.649,0.9653544668587897,0.9763872491145218,0.9851181556195965,0.9905548996458088,0.9169452449567723,0.9149940968122786
0.65,0.9653544668587897,0.9763872491145218,0.9851181556195965,0.9905548996458088,0.9169452449567723,0.9149940968122786
0.651,0.9653544668587897,0.9763872491145218,0.9851181556195965,0.9905548996458088,0.9169452449567723,0.9149940968122786
0.652,0.9663544668587896,0.9763872491145218,0.9851181556195965,0.9905548996458088,0.9169452449567723,0.9149940968122786
0.653,0.9673544668587897,0.9763872491145218,0.9851181556195965,0.9905548996458088,0.9169452449567723,0.9149940968122786
0.654,0.9673544668587897,0.9763872491145218,0.9861181556195966,0.9905548996458088,0.9169452449567723,0.9149940968122786
0.655,0.9683544668587896,0.9775678866587958,0.9861181556195966,0.9905548996458088,0.9169452449567723,0.9149940968122786
0.656,0.9683544668587896,0.9775678866587958,0.9861181556195966,0.9905548996458088,0.9169452449567723,0.9161747343565525
0.657,0.9683544668587896,0.9775678866587958,0.9861181556195966,0.9905548996458088,0.9169452449567723,0.9161747343565525
0.658,0.9683544668587896,0.9775678866587958,0.9861181556195966,0.9905548996458088,0.9169452449567723,0.9161747343565525
0.659,0.9683544668587896,0.9775678866587958,0.9861181556195966,0.9905548996458088,0.9169452449567723,0.9161747343565525
0.66,0.9683544668587896,0.9775678866587958,0.9861181556195966,0.9905548996458088,0.9189452449567723,0.9161747343565525
0.661,0.9683544668587896,0.9775678866587958,0.9861181556195966,0.9905548996458088,0.9189452449567723,0.9161747343565525
0.662,0.9683544668587896,0.9775678866587958,0.9875590778097982,0.9905548996458088,0.9189452449567723,0.9161747343565525
0.663,0.9683544668587896,0.9775678866587958,0.9875590778097982,0.9905548996458088,0.9189452449567723,0.9185360094451004
0.664,0.9683544668587896,0.9775678866587958,0.9875590778097982,0.9905548996458088,0.9189452449567723,0.9185360094451004
0.665,0.9683544668587896,0.9775678866587958,0.9875590778097982,0.9905548996458088,0.9203861671469741,0.9185360094451004
0.666,0.9683544668587896,0.9775678866587958,0.9875590778097982,0.9905548996458088,0.9203861671469741,0.9197166469893743
0.667,0.9683544668587896,0.9787485242030697,0.9875590778097982,0.9905548996458088,0.9223861671469741,0.9197166469893743
0.668,0.9683544668587896,0.9787485242030697,0.9875590778097982,0.9905548996458088,0.9223861671469741,0.9197166469893743
0.669,0.9683544668587896,0.9787485242030697,0.9875590778097982,0.9905548996458088,0.9223861671469741,0.9197166469893743
0.67,0.9683544668587896,0.9787485242030697,0.9875590778097982,0.9917355371900827,0.9223861671469741,0.9208972845336482
0.671,0.9683544668587896,0.9787485242030697,0.9875590778097982,0.9917355371900827,0.9223861671469741,0.9208972845336482
0.672,0.9683544668587896,0.9787485242030697,0.9875590778097982,0.9917355371900827,0.9223861671469741,0.9232585596221959
0.673,0.9683544668587896,0.9787485242030697,0.9875590778097982,0.9917355371900827,0.9223861671469741,0.9244391971664699
0.674,0.9683544668587896,0.9787485242030697,0.9875590778097982,0.9917355371900827,0.9223861671469741,0.9244391971664699
0.675,0.9693544668587897,0.9787485242030697,0.9875590778097982,0.9917355371900827,0.9223861671469741,0.9244391971664699
0.676,0.9693544668587897,0.9787485242030697,0.9875590778097982,0.9917355371900827,0.9223861671469741,0.9256198347107438
0.677,0.9693544668587897,0.9787485242030697,0.9885590778097982,0.9917355371900827,0.9223861671469741,0.9256198347107438
0.678,0.9693544668587897,0.9787485242030697,0.9885590778097982,0.9917355371900827,0.9223861671469741,0.9256198347107438
0.679,0.9693544668587897,0.9799291617473436,0.9885590778097982,0.9917355371900827,0.9223861671469741,0.9256198347107438
0.68,0.9693544668587897,0.9799291617473436,0.9885590778097982,0.9917355371900827,0.9223861671469741,0.9279811097992916
0.681,0.9703544668587896,0.9799291617473436,0.9885590778097982,0.9917355371900827,0.9223861671469741,0.9279811097992916
0.682,0.9703544668587896,0.9799291617473436,0.9885590778097982,0.9917355371900827,0.9223861671469741,0.9279811097992916
0.683,0.9703544668587896,0.9799291617473436,0.9885590778097982,0.9917355371900827,0.9223861671469741,0.9279811097992916
0.684,0.9703544668587896,0.9799291617473436,0.9885590778097982,0.9917355371900827,0.9223861671469741,0.9279811097992916
0.685,0.9703544668587896,0.9799291617473436,0.9885590778097982,0.9917355371900827,0.9233861671469741,0.9279811097992916
0.686,0.9703544668587896,0.9799291617473436,0.9885590778097982,0.9917355371900827,0.9243861671469741,0.9279811097992916
0.687,0.9703544668587896,0.9799291617473436,0.9885590778097982,0.9917355371900827,0.9243861671469741,0.9303423848878394
0.6880000000000001,0.9703544668587896,0.9799291617473436,0.9885590778097982,0.9917355371900827,0.9243861671469741,0.9303423848878394
0.6890000000000001,0.9703544668587896,0.9799291617473436,0.9885590778097982,0.9917355371900827,0.9243861671469741,0.9303423848878394
0.6900000000000001,0.9703544668587896,0.9799291617473436,0.9885590778097982,0.9917355371900827,0.9253861671469741,0.9303423848878394
0.6910000000000001,0.9703544668587896,0.9799291617473436,0.9885590778097982,0.9917355371900827,0.9253861671469741,0.9303423848878394
0.6920000000000001,0.9703544668587896,0.9799291617473436,0.9885590778097982,0.9917355371900827,0.9253861671469741,0.9303423848878394
0.6930000000000001,0.9703544668587896,0.9799291617473436,0.9885590778097982,0.9917355371900827,0.9253861671469741,0.9303423848878394
0.6940000000000001,0.9703544668587896,0.9799291617473436,0.9885590778097982,0.9917355371900827,0.9253861671469741,0.9303423848878394
0.6950000000000001,0.9703544668587896,0.9799291617473436,0.9885590778097982,0.9917355371900827,0.9253861671469741,0.9303423848878394
0.6960000000000001,0.9703544668587896,0.9799291617473436,0.9885590778097982,0.9917355371900827,0.9253861671469741,0.9303423848878394
0.6970000000000001,0.9703544668587896,0.9799291617473436,0.9885590778097982,0.9917355371900827,0.9253861671469741,0.9303423848878394
0.6980000000000001,0.9713544668587897,0.9799291617473436,0.9885590778097982,0.9917355371900827,0.9253861671469741,0.9303423848878394
0.6990000000000001,0.9713544668587897,0.9799291617473436,0.9885590778097982,0.9917355371900827,0.9253861671469741,0.9303423848878394
0.7000000000000001,0.9713544668587897,0.9799291617473436,0.9885590778097982,0.9917355371900827,0.9278270893371758,0.9303423848878394
0.7010000000000001,0.9713544668587897,0.9799291617473436,0.9885590778097982,0.9917355371900827,0.9278270893371758,0.9303423848878394
0.7020000000000001,0.9713544668587897,0.9799291617473436,0.9885590778097982,0.9917355371900827,0.9278270893371758,0.9303423848878394
0.7030000000000001,0.9713544668587897,0.9799291617473436,0.9885590778097982,0.9917355371900827,0.9278270893371758,0.9303423848878394
0.704,0.9713544668587897,0.9799291617473436,0.9885590778097982,0.9917355371900827,0.9292680115273775,0.9303423848878394
0.705,0.9713544668587897,0.9799291617473436,0.9885590778097982,0.9917355371900827,0.9292680115273775,0.9303423848878394
0.706,0.9713544668587897,0.9799291617473436,0.9885590778097982,0.9917355371900827,0.9292680115273775,0.9315230224321134
0.707,0.9713544668587897,0.9799291617473436,0.9885590778097982,0.9917355371900827,0.9292680115273775,0.9327036599763873
0.708,0.9713544668587897,0.9799291617473436,0.9885590778097982,0.9917355371900827,0.9292680115273775,0.9327036599763873
0.709,0.9713544668587897,0.9799291617473436,0.9885590778097982,0.9917355371900827,0.9302680115273776,0.9327036599763873
0.71,0.9713544668587897,0.9799291617473436,0.9885590778097982,0.9917355371900827,0.9302680115273776,0.9327036599763873
0.711,0.9713544668587897,0.9799291617473436,0.9885590778097982,0.9917355371900827,0.9302680115273776,0.9327036599763873
0.712,0.9713544668587897,0.9799291617473436,0.9895590778097982,0.9917355371900827,0.9302680115273776,0.9327036599763873
0.713,0.9713544668587897,0.9799291617473436,0.9895590778097982,0.9917355371900827,0.9312680115273775,0.935064935064935
0.714,0.9713544668587897,0.9799291617473436,0.9895590778097982,0.9917355371900827,0.9312680115273775,0.935064935064935
0.715,0.9723544668587896,0.9799291617473436,0.9895590778097982,0.9917355371900827,0.9332680115273775,0.935064935064935
0.716,0.9723544668587896,0.9799291617473436,0.9895590778097982,0.9929161747343566,0.9342680115273776,0.935064935064935
0.717,0.9743544668587896,0.9799291617473436,0.9895590778097982,0.9929161747343566,0.9357089337175792,0.935064935064935
0.718,0.9743544668587896,0.9799291617473436,0.9895590778097982,0.9929161747343566,0.9357089337175792,0.9362455726092089
0.719,0.9743544668587896,0.9799291617473436,0.9895590778097982,0.9929161747343566,0.9367089337175792,0.9362455726092089
0.72,0.9743544668587896,0.9799291617473436,0.9895590778097982,0.9929161747343566,0.9367089337175792,0.9362455726092089
0.721,0.9743544668587896,0.9799291617473436,0.9895590778097982,0.9929161747343566,0.9367089337175792,0.9362455726092089
0.722,0.9743544668587896,0.9799291617473436,0.9895590778097982,0.9929161747343566,0.9367089337175792,0.9362455726092089
0.723,0.9757953890489913,0.9799291617473436,0.9895590778097982,0.9929161747343566,0.9367089337175792,0.9362455726092089
0.724,0.9757953890489913,0.9799291617473436,0.9895590778097982,0.9929161747343566,0.9377089337175792,0.9374262101534829
0.725,0.9757953890489913,0.9799291617473436,0.9895590778097982,0.9929161747343566,0.9377089337175792,0.9374262101534829
0.726,0.9757953890489913,0.9799291617473436,0.9895590778097982,0.9929161747343566,0.9377089337175792,0.9374262101534829
0.727,0.9757953890489913,0.9799291617473436,0.9895590778097982,0.9929161747343566,0.9377089337175792,0.9374262101534829
0.728,0.9757953890489913,0.9799291617473436,0.9895590778097982,0.9929161747343566,0.9377089337175792,0.9374262101534829
0.729,0.9757953890489913,0.9799291617473436,0.9895590778097982,0.9929161747343566,0.9377089337175792,0.9374262101534829
0.73,0.9757953890489913,0.9799291617473436,0.9895590778097982,0.9929161747343566,0.9397089337175792,0.9374262101534829
0.731,0.9757953890489913,0.9799291617473436,0.9895590778097982,0.9929161747343566,0.9397089337175792,0.9386068476977568
0.732,0.9757953890489913,0.9799291617473436,0.9895590778097982,0.9929161747343566,0.941149855907781,0.9386068476977568
0.733,0.9757953890489913,0.9799291617473436,0.9895590778097982,0.9929161747343566,0.9425907780979828,0.9386068476977568
0.734,0.9757953890489913,0.9799291617473436,0.9895590778097982,0.9929161747343566,0.9425907780979828,0.9386068476977568
0.735,0.9757953890489913,0.9799291617473436,0.9905590778097982,0.9929161747343566,0.9425907780979828,0.9386068476977568
0.736,0.9772363112391931,0.9811097992916175,0.9905590778097982,0.9929161747343566,0.9425907780979828,0.9386068476977568
0.737,0.9772363112391931,0.9811097992916175,0.9905590778097982,0.9929161747343566,0.9425907780979828,0.9397874852420307
0.738,0.9772363112391931,0.9811097992916175,0.9905590778097982,0.9929161747343566,0.9425907780979828,0.9409681227863046
0.739,0.9772363112391931,0.9811097992916175,0.9905590778097982,0.9929161747343566,0.9425907780979828,0.9409681227863046
0.74,0.9772363112391931,0.9811097992916175,0.9905590778097982,0.9929161747343566,0.9440317002881844,0.9409681227863046
0.741,0.9772363112391931,0.9811097992916175,0.9905590778097982,0.9929161747343566,0.9440317002881844,0.9421487603305785
0.742,0.9772363112391931,0.9811097992916175,0.9905590778097982,0.9940968122786304,0.9440317002881844,0.9421487603305785
0.743,0.9772363112391931,0.9811097992916175,0.9905590778097982,0.9940968122786304,0.9440317002881844,0.9421487603305785
0.744,0.9772363112391931,0.9822904368358913,0.9905590778097982,0.9940968122786304,0.9440317002881844,0.9421487603305785
0.745,0.9772363112391931,0.9822904368358913,0.9905590778097982,0.9940968122786304,0.9440317002881844,0.9421487603305785
0.746,0.9772363112391931,0.9822904368358913,0.9915590778097982,0.9940968122786304,0.9440317002881844,0.9433293978748524
0.747,0.9772363112391931,0.9822904368358913,0.9915590778097982,0.9940968122786304,0.9440317002881844,0.9433293978748524
0.748,0.9772363112391931,0.9834710743801653,0.9915590778097982,0.9940968122786304,0.9450317002881845,0.9433293978748524
0.749,0.9772363112391931,0.9834710743801653,0.9915590778097982,0.9940968122786304,0.9450317002881845,0.9433293978748524
0.75,0.9772363112391931,0.9834710743801653,0.9925590778097982,0.9940968122786304,0.9450317002881845,0.9433293978748524
0.751,0.9772363112391931,0.9834710743801653,0.9925590778097982,0.9940968122786304,0.9450317002881845,0.9433293978748524
0.752,0.9772363112391931,0.9846517119244392,0.9925590778097982,0.9940968122786304,0.9450317002881845,0.9433293978748524
0.753,0.9772363112391931,0.9846517119244392,0.9925590778097982,0.9940968122786304,0.9450317002881845,0.9445100354191264
0.754,0.9792363112391931,0.9846517119244392,0.9925590778097982,0.9940968122786304,0.9450317002881845,0.9445100354191264
0.755,0.9792363112391931,0.9846517119244392,0.9925590778097982,0.9940968122786304,0.9450317002881845,0.9445100354191264
0.756,0.9792363112391931,0.9846517119244392,0.9935590778097982,0.9952774498229043,0.9470317002881845,0.9445100354191264
0.757,0.9792363112391931,0.9846517119244392,0.9935590778097982,0.9952774498229043,0.9470317002881845,0.9445100354191264
0.758,0.9792363112391931,0.9846517119244392,0.9935590778097982,0.9952774498229043,0.9470317002881845,0.9445100354191264
0.759,0.9792363112391931,0.9846517119244392,0.9935590778097982,0.9952774498229043,0.9470317002881845,0.9445100354191264
0.76,0.9792363112391931,0.9846517119244392,0.9935590778097982,0.9952774498229043,0.9480317002881844,0.9445100354191264
0.761,0.9792363112391931,0.9846517119244392,0.9935590778097982,0.9952774498229043,0.9480317002881844,0.9445100354191264
0.762,0.9792363112391931,0.9846517119244392,0.9935590778097982,0.9952774498229043,0.9480317002881844,0.9445100354191264
0.763,0.9792363112391931,0.9846517119244392,0.9935590778097982,0.9952774498229043,0.9480317002881844,0.9445100354191264
0.764,0.9812363112391931,0.9846517119244392,0.9935590778097982,0.9952774498229043,0.9480317002881844,0.9456906729634003
0.765,0.9812363112391931,0.9846517119244392,0.9935590778097982,0.9952774498229043,0.9490317002881845,0.9456906729634003
0.766,0.9812363112391931,0.9858323494687131,0.9935590778097982,0.9952774498229043,0.9490317002881845,0.9456906729634003
0.767,0.9812363112391931,0.9858323494687131,0.9935590778097982,0.9952774498229043,0.9504726224783862,0.948051948051948
0.768,0.9812363112391931,0.9858323494687131,0.9935590778097982,0.9952774498229043,0.9504726224783862,0.9492325855962219
0.769,0.9812363112391931,0.9858323494687131,0.9935590778097982,0.9952774498229043,0.9504726224783862,0.9504132231404959
0.77,0.9812363112391931,0.9858323494687131,0.9935590778097982,0.9952774498229043,0.9514726224783863,0.9515938606847698
0.771,0.9812363112391931,0.9858323494687131,0.9935590778097982,0.9952774498229043,0.9514726224783863,0.9515938606847698
0.772,0.9812363112391931,0.9858323494687131,0.9935590778097982,0.9952774498229043,0.9514726224783863,0.9527744982290437
0.773,0.9822363112391931,0.9858323494687131,0.9935590778097982,0.9964580873671782,0.9514726224783863,0.9527744982290437
0.774,0.9822363112391931,0.9858323494687131,0.9935590778097982,0.9964580873671782,0.9514726224783863,0.9527744982290437
0.775,0.9822363112391931,0.9858323494687131,0.9935590778097982,0.9964580873671782,0.9514726224783863,0.9539551357733176
0.776,0.9822363112391931,0.9858323494687131,0.9935590778097982,0.9964580873671782,0.9514726224783863,0.9539551357733176
0.777,0.9822363112391931,0.9858323494687131,0.9935590778097982,0.9964580873671782,0.9524726224783862,0.9539551357733176
0.778,0.9832363112391931,0.9858323494687131,0.9935590778097982,0.9964580873671782,0.9524726224783862,0.9539551357733176
0.779,0.9832363112391931,0.9858323494687131,0.9935590778097982,0.9964580873671782,0.9524726224783862,0.9539551357733176
0.78,0.9832363112391931,0.9858323494687131,0.9935590778097982,0.9964580873671782,0.9524726224783862,0.9539551357733176
0.781,0.9832363112391931,0.9858323494687131,0.9935590778097982,0.9964580873671782,0.9524726224783862,0.9539551357733176
0.782,0.9832363112391931,0.9858323494687131,0.9935590778097982,0.9964580873671782,0.9524726224783862,0.9551357733175915
0.783,0.9832363112391931,0.9858323494687131,0.9935590778097982,0.9964580873671782,0.9524726224783862,0.9551357733175915
0.784,0.9832363112391931,0.9858323494687131,0.9935590778097982,0.9964580873671782,0.9534726224783863,0.9551357733175915
0.785,0.9832363112391931,0.9858323494687131,0.9935590778097982,0.9976387249114522,0.9534726224783863,0.9551357733175915
0.786,0.9832363112391931,0.9858323494687131,0.9935590778097982,0.9976387249114522,0.9534726224783863,0.9563164108618654
0.787,0.9832363112391931,0.9858323494687131,0.9935590778097982,0.9976387249114522,0.9534726224783863,0.9563164108618654
0.788,0.9832363112391931,0.9858323494687131,0.9935590778097982,0.9976387249114522,0.9534726224783863,0.9563164108618654
0.789,0.9842363112391931,0.9858323494687131,0.9935590778097982,0.9976387249114522,0.9534726224783863,0.9563164108618654
0.79,0.9842363112391931,0.9858323494687131,0.9935590778097982,0.9976387249114522,0.9534726224783863,0.9563164108618654
0.791,0.9842363112391931,0.9858323494687131,0.9935590778097982,0.9976387249114522,0.9534726224783863,0.9563164108618654
0.792,0.9842363112391931,0.9858323494687131,0.9935590778097982,0.9976387249114522,0.9534726224783863,0.9563164108618654
0.793,0.9842363112391931,0.9858323494687131,0.9935590778097982,0.9976387249114522,0.9534726224783863,0.9563164108618654
0.794,0.9842363112391931,0.9858323494687131,0.9935590778097982,0.9976387249114522,0.9534726224783863,0.9563164108618654
0.795,0.9842363112391931,0.9858323494687131,0.9935590778097982,0.9976387249114522,0.9534726224783863,0.9563164108618654
0.796,0.9842363112391931,0.9858323494687131,0.9935590778097982,0.9976387249114522,0.9534726224783863,0.9563164108618654
0.797,0.9842363112391931,0.9858323494687131,0.9935590778097982,0.9976387249114522,0.9534726224783863,0.9563164108618654
0.798,0.9842363112391931,0.987012987012987,0.9935590778097982,0.9976387249114522,0.9534726224783863,0.9563164108618654
0.799,0.9842363112391931,0.987012987012987,0.9935590778097982,0.9976387249114522,0.9534726224783863,0.9563164108618654
0.8,0.9842363112391931,0.987012987012987,0.9935590778097982,0.9976387249114522,0.9544726224783862,0.9563164108618654
0.801,0.9852363112391931,0.987012987012987,0.9935590778097982,0.9976387249114522,0.9544726224783862,0.9598583234946871
0.802,0.9852363112391931,0.987012987012987,0.9935590778097982,0.9976387249114522,0.9544726224783862,0.9598583234946871
0.803,0.9852363112391931,0.987012987012987,0.9935590778097982,0.9976387249114522,0.9544726224783862,0.9598583234946871
0.804,0.9866772334293947,0.987012987012987,0.9935590778097982,0.9976387249114522,0.9554726224783863,0.9598583234946871
0.805,0.9866772334293947,0.987012987012987,0.9935590778097982,0.9988193624557261,0.9564726224783862,0.9598583234946871
0.806,0.9866772334293947,0.987012987012987,0.9935590778097982,0.9988193624557261,0.9564726224783862,0.9598583234946871
0.807,0.9866772334293947,0.987012987012987,0.9935590778097982,0.9988193624557261,0.9574726224783862,0.961038961038961
0.808,0.9866772334293947,0.987012987012987,0.9935590778097982,0.9988193624557261,0.9574726224783862,0.961038961038961
0.809,0.9866772334293947,0.987012987012987,0.9935590778097982,0.9988193624557261,0.9584726224783862,0.961038961038961
0.81,0.9866772334293947,0.987012987012987,0.9935590778097982,0.9988193624557261,0.9584726224783862,0.961038961038961
0.811,0.9866772334293947,0.987012987012987,0.9935590778097982,0.9988193624557261,0.9584726224783862,0.961038961038961
0.812,0.9866772334293947,0.987012987012987,0.9935590778097982,0.9988193624557261,0.9584726224783862,0.9622195985832349
0.8130000000000001,0.9866772334293947,0.987012987012987,0.9935590778097982,0.9988193624557261,0.9584726224783862,0.9622195985832349
0.8140000000000001,0.9866772334293947,0.987012987012987,0.9945590778097982,0.9988193624557261,0.9584726224783862,0.9622195985832349
0.8150000000000001,0.9866772334293947,0.9881936245572609,0.9945590778097982,0.9988193624557261,0.9584726224783862,0.9622195985832349
0.8160000000000001,0.9866772334293947,0.9881936245572609,0.9945590778097982,0.9988193624557261,0.9584726224783862,0.9622195985832349
0.8170000000000001,0.9866772334293947,0.9881936245572609,0.9945590778097982,0.9988193624557261,0.9594726224783862,0.9622195985832349
0.8180000000000001,0.9866772334293947,0.9881936245572609,0.9945590778097982,0.9988193624557261,0.9594726224783862,0.9622195985832349
0.8190000000000001,0.9866772334293947,0.9881936245572609,0.9945590778097982,0.9988193624557261,0.9594726224783862,0.9622195985832349
0.8200000000000001,0.9866772334293947,0.9881936245572609,0.9945590778097982,0.9988193624557261,0.9594726224783862,0.9622195985832349
0.8210000000000001,0.9866772334293947,0.9881936245572609,0.9945590778097982,0.9988193624557261,0.9594726224783862,0.9622195985832349
0.8220000000000001,0.9866772334293947,0.9881936245572609,0.9945590778097982,0.9988193624557261,0.9604726224783862,0.9622195985832349
0.8230000000000001,0.9866772334293947,0.9881936245572609,0.9945590778097982,0.9988193624557261,0.9604726224783862,0.9622195985832349
0.8240000000000001,0.9866772334293947,0.9893742621015348,0.9945590778097982,0.9988193624557261,0.9604726224783862,0.9622195985832349
0.8250000000000001,0.9866772334293947,0.9893742621015348,0.9945590778097982,0.9988193624557261,0.9604726224783862,0.9634002361275088
0.8260000000000001,0.9866772334293947,0.9893742621015348,0.9945590778097982,0.9988193624557261,0.9604726224783862,0.9634002361275088
0.8270000000000001,0.9866772334293947,0.9893742621015348,0.9945590778097982,0.9988193624557261,0.9619135446685878,0.9634002361275088
0.8280000000000001,0.9866772334293947,0.9893742621015348,0.9945590778097982,0.9988193624557261,0.9619135446685878,0.9634002361275088
0.8290000000000001,0.9866772334293947,0.9893742621015348,0.9945590778097982,0.9988193624557261,0.9619135446685878,0.9634002361275088
0.8300000000000001,0.9866772334293947,0.9893742621015348,0.9945590778097982,0.9988193624557261,0.9619135446685878,0.9634002361275088
0.8310000000000001,0.9866772334293947,0.9893742621015348,0.9945590778097982,0.9988193624557261,0.9619135446685878,0.9634002361275088
0.8320000000000001,0.9866772334293947,0.9893742621015348,0.9945590778097982,0.9988193624557261,0.9619135446685878,0.9645808736717828
0.833,0.9866772334293947,0.9893742621015348,0.9945590778097982,0.9988193624557261,0.9619135446685878,0.9645808736717828
0.834,0.9866772334293947,0.9893742621015348,0.9945590778097982,0.9988193624557261,0.9619135446685878,0.9645808736717828
0.835,0.9866772334293947,0.9893742621015348,0.9955590778097982,0.9988193624557261,0.9639135446685878,0.9645808736717828
0.836,0.9866772334293947,0.9893742621015348,0.9955590778097982,0.9988193624557261,0.9639135446685878,0.9645808736717828
0.837,0.9866772334293947,0.9893742621015348,0.9965590778097982,0.9988193624557261,0.9639135446685878,0.9645808736717828
0.838,0.9866772334293947,0.9893742621015348,0.9965590778097982,0.9988193624557261,0.9639135446685878,0.9645808736717828
0.839,0.9866772334293947,0.9893742621015348,0.9965590778097982,0.9988193624557261,0.9639135446685878,0.9645808736717828
0.84,0.9866772334293947,0.9893742621015348,0.9965590778097982,0.9988193624557261,0.9653544668587897,0.9645808736717828
0.841,0.9866772334293947,0.9893742621015348,0.9965590778097982,0.9988193624557261,0.9663544668587896,0.9645808736717828
0.842,0.9866772334293947,0.9893742621015348,0.9965590778097982,0.9988193624557261,0.9663544668587896,0.9645808736717828
0.843,0.9866772334293947,0.9893742621015348,0.9965590778097982,0.9988193624557261,0.9663544668587896,0.9645808736717828
0.844,0.9866772334293947,0.9893742621015348,0.9965590778097982,0.9988193624557261,0.9663544668587896,0.9645808736717828
0.845,0.9866772334293947,0.9893742621015348,0.9965590778097982,0.9988193624557261,0.9673544668587897,0.9645808736717828
0.846,0.9866772334293947,0.9893742621015348,0.9965590778097982,0.9988193624557261,0.9673544668587897,0.9645808736717828
0.847,0.9866772334293947,0.9893742621015348,0.9965590778097982,0.9988193624557261,0.9673544668587897,0.9657615112160567
0.848,0.9866772334293947,0.9893742621015348,0.9965590778097982,0.9988193624557261,0.9673544668587897,0.9657615112160567
0.849,0.9866772334293947,0.9893742621015348,0.9965590778097982,0.9988193624557261,0.9673544668587897,0.9657615112160567
0.85,0.9866772334293947,0.9905548996458088,0.9965590778097982,0.9988193624557261,0.9673544668587897,0.9657615112160567
0.851,0.9866772334293947,0.9905548996458088,0.9965590778097982,0.9988193624557261,0.9673544668587897,0.9657615112160567
0.852,0.9866772334293947,0.9905548996458088,0.9965590778097982,0.9988193624557261,0.9673544668587897,0.9657615112160567
0.853,0.9866772334293947,0.9905548996458088,0.9965590778097982,0.9988193624557261,0.9673544668587897,0.9669421487603306
0.854,0.9866772334293947,0.9905548996458088,0.9965590778097982,0.9988193624557261,0.9673544668587897,0.9669421487603306
0.855,0.9866772334293947,0.9905548996458088,0.9965590778097982,0.9988193624557261,0.9683544668587896,0.9669421487603306
0.856,0.9876772334293948,0.9905548996458088,0.9965590778097982,0.9988193624557261,0.9683544668587896,0.9669421487603306
0.857,0.9876772334293948,0.9905548996458088,0.9965590778097982,0.9988193624557261,0.9683544668587896,0.9669421487603306
0.858,0.9876772334293948,0.9905548996458088,0.9965590778097982,0.9988193624557261,0.9683544668587896,0.9669421487603306
0.859,0.9876772334293948,0.9905548996458088,0.9965590778097982,0.9988193624557261,0.9683544668587896,0.9669421487603306
0.86,0.9876772334293948,0.9905548996458088,0.9965590778097982,0.9988193624557261,0.9683544668587896,0.9669421487603306
0.861,0.9876772334293948,0.9905548996458088,0.9965590778097982,0.9988193624557261,0.9683544668587896,0.9669421487603306
0.862,0.9876772334293948,0.9905548996458088,0.9965590778097982,0.9988193624557261,0.9693544668587897,0.9669421487603306
0.863,0.9886772334293947,0.9905548996458088,0.9965590778097982,0.9988193624557261,0.9693544668587897,0.9669421487603306
0.864,0.9886772334293947,0.9905548996458088,0.9965590778097982,0.9988193624557261,0.9693544668587897,0.9669421487603306
0.865,0.9886772334293947,0.9905548996458088,0.9965590778097982,0.9988193624557261,0.9693544668587897,0.9693034238488784
0.866,0.9886772334293947,0.9905548996458088,0.9965590778097982,0.9988193624557261,0.9693544668587897,0.9693034238488784
0.867,0.9886772334293947,0.9905548996458088,0.9965590778097982,0.9988193624557261,0.9693544668587897,0.9704840613931524
0.868,0.9886772334293947,0.9905548996458088,0.9965590778097982,0.9988193624557261,0.9693544668587897,0.9716646989374262
0.869,0.9886772334293947,0.9905548996458088,0.9965590778097982,0.9988193624557261,0.9693544668587897,0.9728453364817001
0.87,0.9886772334293947,0.9905548996458088,0.9965590778097982,0.9988193624557261,0.9693544668587897,0.9728453364817001
0.871,0.9886772334293947,0.9905548996458088,0.9965590778097982,0.9988193624557261,0.9693544668587897,0.9728453364817001
0.872,0.9886772334293947,0.9917355371900827,0.9965590778097982,0.9988193624557261,0.9693544668587897,0.9728453364817001
0.873,0.9886772334293947,0.9917355371900827,0.9965590778097982,0.9988193624557261,0.9693544668587897,0.974025974025974
0.874,0.9896772334293948,0.9917355371900827,0.9965590778097982,0.9988193624557261,0.9693544668587897,0.974025974025974
0.875,0.9896772334293948,0.9917355371900827,0.9965590778097982,0.9988193624557261,0.9703544668587896,0.974025974025974
0.876,0.9911181556195965,0.9917355371900827,0.9965590778097982,0.9988193624557261,0.9703544668587896,0.974025974025974
0.877,0.9911181556195965,0.9917355371900827,0.9965590778097982,0.9988193624557261,0.9703544668587896,0.974025974025974
0.878,0.9911181556195965,0.9917355371900827,0.9965590778097982,0.9988193624557261,0.9703544668587896,0.974025974025974
0.879,0.9911181556195965,0.9917355371900827,0.9965590778097982,0.9988193624557261,0.9703544668587896,0.974025974025974
0.88,0.9911181556195965,0.9917355371900827,0.9965590778097982,0.9988193624557261,0.9703544668587896,0.974025974025974
0.881,0.9911181556195965,0.9917355371900827,0.9965590778097982,0.9988193624557261,0.9703544668587896,0.974025974025974
0.882,0.9911181556195965,0.9917355371900827,0.9965590778097982,0.9988193624557261,0.9703544668587896,0.974025974025974
0.883,0.9911181556195965,0.9917355371900827,0.9965590778097982,0.9988193624557261,0.9703544668587896,0.974025974025974
0.884,0.9911181556195965,0.9917355371900827,0.9965590778097982,0.9988193624557261,0.9703544668587896,0.974025974025974
0.885,0.9911181556195965,0.9917355371900827,0.9965590778097982,0.9988193624557261,0.9703544668587896,0.974025974025974
0.886,0.9911181556195965,0.9917355371900827,0.9965590778097982,0.9988193624557261,0.9703544668587896,0.974025974025974
0.887,0.9911181556195965,0.9917355371900827,0.9965590778097982,0.9988193624557261,0.9703544668587896,0.974025974025974
0.888,0.9911181556195965,0.9917355371900827,0.9965590778097982,0.9988193624557261,0.9703544668587896,0.9752066115702479
0.889,0.9911181556195965,0.9917355371900827,0.9965590778097982,0.9988193624557261,0.9703544668587896,0.9752066115702479
0.89,0.9911181556195965,0.9917355371900827,0.9965590778097982,0.9988193624557261,0.9713544668587897,0.9752066115702479
0.891,0.9911181556195965,0.9917355371900827,0.9965590778097982,0.9988193624557261,0.9713544668587897,0.9752066115702479
0.892,0.9911181556195965,0.9929161747343566,0.9965590778097982,0.9988193624557261,0.9713544668587897,0.9752066115702479
0.893,0.9911181556195965,0.9929161747343566,0.9965590778097982,0.9988193624557261,0.9723544668587896,0.9752066115702479
0.894,0.9911181556195965,0.9929161747343566,0.9965590778097982,0.9988193624557261,0.9733544668587897,0.9752066115702479
0.895,0.9911181556195965,0.9929161747343566,0.9965590778097982,0.9988193624557261,0.9743544668587896,0.9752066115702479
0.896,0.9911181556195965,0.9929161747343566,0.9965590778097982,0.9988193624557261,0.9743544668587896,0.9752066115702479
0.897,0.9911181556195965,0.9929161747343566,0.9965590778097982,0.9988193624557261,0.9743544668587896,0.9752066115702479
0.898,0.9911181556195965,0.9929161747343566,0.9965590778097982,0.9988193624557261,0.9743544668587896,0.9752066115702479
0.899,0.9921181556195966,0.9929161747343566,0.9965590778097982,0.9988193624557261,0.9767953890489913,0.9752066115702479
0.9,0.9921181556195966,0.9929161747343566,0.9965590778097982,0.9988193624557261,0.9767953890489913,0.9752066115702479
0.901,0.9921181556195966,0.9929161747343566,0.9965590778097982,0.9988193624557261,0.9767953890489913,0.9752066115702479
0.902,0.9921181556195966,0.9929161747343566,0.9965590778097982,0.9988193624557261,0.9782363112391931,0.9752066115702479
0.903,0.9921181556195966,0.9929161747343566,0.9965590778097982,0.9988193624557261,0.9782363112391931,0.9752066115702479
0.904,0.9921181556195966,0.9929161747343566,0.998,0.9988193624557261,0.9782363112391931,0.9752066115702479
0.905,0.9935590778097982,0.9929161747343566,0.998,0.9988193624557261,0.9782363112391931,0.9787485242030697
0.906,0.9935590778097982,0.9929161747343566,0.998,0.9988193624557261,0.9782363112391931,0.9787485242030697
0.907,0.9935590778097982,0.9929161747343566,0.998,0.9988193624557261,0.9782363112391931,0.9787485242030697
0.908,0.9935590778097982,0.9929161747343566,0.998,0.9988193624557261,0.9782363112391931,0.9787485242030697
0.909,0.9935590778097982,0.9929161747343566,0.998,0.9988193624557261,0.9782363112391931,0.9787485242030697
0.91,0.9935590778097982,0.9940968122786304,0.998,0.9988193624557261,0.9792363112391931,0.9787485242030697
0.911,0.9935590778097982,0.9940968122786304,0.998,0.9988193624557261,0.9792363112391931,0.9787485242030697
0.912,0.9935590778097982,0.9940968122786304,0.998,0.9988193624557261,0.9792363112391931,0.9787485242030697
0.913,0.9935590778097982,0.9940968122786304,0.998,0.9988193624557261,0.9792363112391931,0.9787485242030697
0.914,0.9935590778097982,0.9940968122786304,0.998,0.9988193624557261,0.9792363112391931,0.9787485242030697
0.915,0.9935590778097982,0.9952774498229043,0.998,0.9988193624557261,0.9792363112391931,0.9787485242030697
0.916,0.9935590778097982,0.9952774498229043,0.998,0.9988193624557261,0.9792363112391931,0.9787485242030697
0.917,0.9935590778097982,0.9952774498229043,0.999,0.9988193624557261,0.9792363112391931,0.9787485242030697
0.918,0.9935590778097982,0.9952774498229043,0.999,0.9988193624557261,0.9792363112391931,0.9799291617473436
0.919,0.9935590778097982,0.9952774498229043,0.999,0.9988193624557261,0.9792363112391931,0.9799291617473436
0.92,0.9935590778097982,0.9952774498229043,0.999,0.9988193624557261,0.9792363112391931,0.9799291617473436
0.921,0.9935590778097982,0.9964580873671782,0.999,0.9988193624557261,0.9792363112391931,0.9834710743801653
0.922,0.9935590778097982,0.9964580873671782,0.999,0.9988193624557261,0.9792363112391931,0.9834710743801653
0.923,0.9935590778097982,0.9964580873671782,0.999,0.9988193624557261,0.9792363112391931,0.9834710743801653
0.924,0.9935590778097982,0.9964580873671782,0.999,0.9988193624557261,0.9822363112391931,0.9834710743801653
0.925,0.9935590778097982,0.9964580873671782,0.999,0.9988193624557261,0.9822363112391931,0.9834710743801653
0.926,0.9935590778097982,0.9964580873671782,0.999,0.9988193624557261,0.9822363112391931,0.9834710743801653
0.927,0.9935590778097982,0.9964580873671782,0.999,0.9988193624557261,0.9822363112391931,0.9834710743801653
0.928,0.9935590778097982,0.9964580873671782,0.999,0.9988193624557261,0.9822363112391931,0.9834710743801653
0.929,0.9935590778097982,0.9964580873671782,0.999,0.9988193624557261,0.9822363112391931,0.9834710743801653
0.93,0.9945590778097982,0.9964580873671782,0.999,0.9988193624557261,0.9822363112391931,0.9834710743801653
0.931,0.9945590778097982,0.9964580873671782,0.999,0.9988193624557261,0.9822363112391931,0.9834710743801653
0.932,0.9945590778097982,0.9964580873671782,0.999,0.9988193624557261,0.9822363112391931,0.9834710743801653
0.933,0.9945590778097982,0.9964580873671782,0.999,0.9988193624557261,0.9822363112391931,0.9834710743801653
0.934,0.9945590778097982,0.9964580873671782,0.999,0.9988193624557261,0.9822363112391931,0.9834710743801653
0.935,0.9945590778097982,0.9964580873671782,0.999,0.9988193624557261,0.9822363112391931,0.9834710743801653
0.936,0.9945590778097982,0.9964580873671782,1.0,0.9988193624557261,0.9822363112391931,0.9834710743801653
0.937,0.9945590778097982,0.9964580873671782,1.0,0.9988193624557261,0.9822363112391931,0.9834710743801653
0.9380000000000001,0.9945590778097982,0.9964580873671782,1.0,0.9988193624557261,0.9822363112391931,0.9834710743801653
0.9390000000000001,0.9945590778097982,0.9976387249114522,1.0,0.9988193624557261,0.9822363112391931,0.9834710743801653
0.9400000000000001,0.9945590778097982,0.9976387249114522,1.0,0.9988193624557261,0.9832363112391931,0.9834710743801653
0.9410000000000001,0.9945590778097982,0.9976387249114522,1.0,0.9988193624557261,0.9842363112391931,0.9834710743801653
0.9420000000000001,0.9945590778097982,0.9976387249114522,1.0,0.9988193624557261,0.9842363112391931,0.9834710743801653
0.9430000000000001,0.9945590778097982,0.9976387249114522,1.0,0.9988193624557261,0.9842363112391931,0.9834710743801653
0.9440000000000001,0.9945590778097982,0.9976387249114522,1.0,0.9988193624557261,0.9842363112391931,0.9846517119244392
0.9450000000000001,0.9945590778097982,0.9988193624557261,1.0,0.9988193624557261,0.9842363112391931,0.9846517119244392
0.9460000000000001,0.9945590778097982,0.9988193624557261,1.0,0.9988193624557261,0.9842363112391931,0.9846517119244392
0.9470000000000001,0.9945590778097982,0.9988193624557261,1.0,0.9988193624557261,0.9842363112391931,0.9846517119244392
0.9480000000000001,0.9945590778097982,0.9988193624557261,1.0,1.0,0.9842363112391931,0.9846517119244392
0.9490000000000001,0.9945590778097982,0.9988193624557261,1.0,1.0,0.9842363112391931,0.9858323494687131
0.9500000000000001,0.9945590778097982,0.9988193624557261,1.0,1.0,0.9842363112391931,0.9858323494687131
0.9510000000000001,0.9945590778097982,0.9988193624557261,1.0,1.0,0.9842363112391931,0.9858323494687131
0.9520000000000001,0.9945590778097982,0.9988193624557261,1.0,1.0,0.9842363112391931,0.987012987012987
0.9530000000000001,0.9945590778097982,0.9988193624557261,1.0,1.0,0.9842363112391931,0.987012987012987
0.9540000000000001,0.9955590778097982,0.9988193624557261,1.0,1.0,0.9842363112391931,0.987012987012987
0.9550000000000001,0.9955590778097982,0.9988193624557261,1.0,1.0,0.9842363112391931,0.987012987012987
0.9560000000000001,0.9955590778097982,0.9988193624557261,1.0,1.0,0.9842363112391931,0.987012987012987
0.9570000000000001,0.9955590778097982,0.9988193624557261,1.0,1.0,0.9842363112391931,0.987012987012987
0.9580000000000001,0.9955590778097982,0.9988193624557261,1.0,1.0,0.9842363112391931,0.9881936245572609
0.9590000000000001,0.9955590778097982,0.9988193624557261,1.0,1.0,0.9842363112391931,0.9881936245572609
0.96,0.9955590778097982,0.9988193624557261,1.0,1.0,0.9842363112391931,0.9881936245572609
0.961,0.9955590778097982,0.9988193624557261,1.0,1.0,0.9881181556195966,0.9881936245572609
0.962,0.9955590778097982,0.9988193624557261,1.0,1.0,0.9881181556195966,0.9881936245572609
0.963,0.9965590778097982,0.9988193624557261,1.0,1.0,0.9881181556195966,0.9881936245572609
0.964,0.9965590778097982,0.9988193624557261,1.0,1.0,0.9881181556195966,0.9881936245572609
0.965,0.9975590778097982,0.9988193624557261,1.0,1.0,0.9881181556195966,0.9893742621015348
0.966,0.9975590778097982,0.9988193624557261,1.0,1.0,0.9891181556195965,0.9893742621015348
0.967,0.9975590778097982,0.9988193624557261,1.0,1.0,0.9901181556195966,0.9905548996458088
0.968,0.9975590778097982,0.9988193624557261,1.0,1.0,0.9901181556195966,0.9905548996458088
0.969,0.9975590778097982,0.9988193624557261,1.0,1.0,0.9901181556195966,0.9905548996458088
0.97,0.9975590778097982,0.9988193624557261,1.0,1.0,0.9901181556195966,0.9905548996458088
0.971,0.9975590778097982,0.9988193624557261,1.0,1.0,0.9901181556195966,0.9917355371900827
0.972,0.9975590778097982,0.9988193624557261,1.0,1.0,0.9901181556195966,0.9940968122786304
0.973,0.9975590778097982,0.9988193624557261,1.0,1.0,0.9911181556195965,0.9940968122786304
0.974,0.9975590778097982,0.9988193624557261,1.0,1.0,0.9911181556195965,0.9952774498229043
0.975,0.9975590778097982,0.9988193624557261,1.0,1.0,0.9911181556195965,0.9952774498229043
0.976,0.9985590778097982,0.9988193624557261,1.0,1.0,0.9911181556195965,0.9952774498229043
0.977,0.9985590778097982,0.9988193624557261,1.0,1.0,0.9911181556195965,0.9952774498229043
0.978,0.9985590778097982,0.9988193624557261,1.0,1.0,0.9921181556195966,0.9952774498229043
0.979,0.9985590778097982,0.9988193624557261,1.0,1.0,0.9921181556195966,0.9952774498229043
0.98,0.9985590778097982,0.9988193624557261,1.0,1.0,0.9931181556195965,0.9952774498229043
0.981,0.9985590778097982,0.9988193624557261,1.0,1.0,0.9931181556195965,0.9952774498229043
0.982,0.9985590778097982,0.9988193624557261,1.0,1.0,0.9931181556195965,0.9964580873671782
0.983,0.9985590778097982,0.9988193624557261,1.0,1.0,0.9941181556195966,0.9964580873671782
0.984,0.9985590778097982,0.9988193624557261,1.0,1.0,0.9951181556195965,0.9964580873671782
0.985,0.9985590778097982,0.9988193624557261,1.0,1.0,0.9965590778097982,0.9964580873671782
0.986,0.9985590778097982,0.9988193624557261,1.0,1.0,0.9965590778097982,0.9964580873671782
0.987,0.9985590778097982,0.9988193624557261,1.0,1.0,0.9965590778097982,0.9964580873671782
0.988,0.9985590778097982,0.9988193624557261,1.0,1.0,0.9965590778097982,0.9964580873671782
0.989,0.9985590778097982,0.9988193624557261,1.0,1.0,0.9975590778097982,0.9976387249114522
0.99,0.9985590778097982,0.9988193624557261,1.0,1.0,0.9975590778097982,0.9976387249114522
0.991,0.9985590778097982,0.9988193624557261,1.0,1.0,0.9975590778097982,0.9976387249114522
0.992,0.9985590778097982,0.9988193624557261,1.0,1.0,0.9975590778097982,0.9976387249114522
0.993,0.9985590778097982,0.9988193624557261,1.0,1.0,0.9975590778097982,0.9976387249114522
0.994,0.9985590778097982,0.9988193624557261,1.0,1.0,0.9975590778097982,0.9976387249114522
0.995,0.9985590778097982,0.9988193624557261,1.0,1.0,0.9975590778097982,0.9988193624557261
0.996,0.9985590778097982,0.9988193624557261,1.0,1.0,0.9985590778097982,0.9988193624557261
0.997,0.9985590778097982,0.9988193624557261,1.0,1.0,0.9985590778097982,0.9988193624557261
0.998,1.0,0.9988193624557261,1.0,1.0,0.9985590778097982,0.9988193624557261
0.999,1.0,1.0,1.0,1.0,1.0,1.0
1.0,1.0,1.0,1.0,1.0,1.0,1.0
