false_positive_rate,M_0_macro_true_positive_rate,M_0_micro_true_positive_rate,M_1_macro_true_positive_rate,M_1_micro_true_positive_rate,M_rand_macro_true_positive_rate,M_rand_micro_true_positive_rate
0.0,0.0,0.0,0.0,0.0,0.0,0.0
0.001,0.037199229193430786,0.022417153996101363,0.05049303843616541,0.04873294346978557,0.04538470886427555,0.02631578947368421
0.002,0.07086125481754106,0.06237816764132553,0.083369501058991,0.07602339181286549,0.06391705149126767,0.050682261208576995
0.003,0.11912346793514114,0.0847953216374269,0.10766553244679003,0.10916179337231968,0.09010971841255512,0.06725146198830409
0.004,0.14512082913787716,0.1101364522417154,0.13130620464567203,0.1286549707602339,0.09973612027360161,0.08576998050682261
0.005,0.1588746918509774,0.14619883040935672,0.14453491198222285,0.1530214424951267,0.11604197770910732,0.10623781676413255
0.006,0.17524565119266694,0.15886939571150097,0.17524565119266694,0.1695906432748538,0.1286153258567411,0.11598440545808966
0.007,0.19299243081837436,0.17348927875243664,0.19384309572584285,0.18908382066276802,0.13732596090413526,0.12085769980506822
0.008,0.21224523454046734,0.19298245614035087,0.20425506058817403,0.20760233918128654,0.15749453143988057,0.12475633528265107
0.009000000000000001,0.2291413492587063,0.20662768031189083,0.2204307142113121,0.22612085769980506,0.18251102392278046,0.13157894736842105
0.01,0.24007846949758688,0.2212475633528265,0.24046908093468977,0.23976608187134502,0.19220252769001078,0.13937621832358674
0.011,0.24963976945244956,0.23684210526315788,0.2574302975591125,0.2543859649122807,0.19436391097531336,0.1530214424951267
0.012,0.27007308774000904,0.2524366471734893,0.2647651123224888,0.2699805068226121,0.20091316273740495,0.1608187134502924
0.013000000000000001,0.2737404951216972,0.27387914230019494,0.27818912537759105,0.2719298245614035,0.20163362383250583,0.17348927875243664
0.014,0.28873563417936876,0.29434697855750486,0.292728551091976,0.2875243664717349,0.2098842054095344,0.18128654970760233
0.015,0.29914759904169996,0.30214424951267055,0.3075283844310961,0.30116959064327486,0.2165636609839936,0.18908382066276802
0.016,0.3164343251970418,0.3079922027290448,0.3172849901045103,0.3079922027290448,0.22913700913162738,0.2046783625730994
0.017,0.3297281344397764,0.3206627680311891,0.32697649387174055,0.31773879142300193,0.23516110551716954,0.2212475633528265
0.018000000000000002,0.3394847401131905,0.3235867446393762,0.3418414291170445,0.32943469785575047,0.2411200999965279,0.22807017543859648
0.019,0.3492413457866046,0.3401559454191033,0.35068226797680635,0.3401559454191033,0.24485260928439984,0.23489278752436646
0.02,0.36240495121697164,0.3508771929824561,0.3572966216450818,0.34405458089668617,0.2565101906183813,0.24171539961013644
0.021,0.36836394569633,0.3586744639376218,0.36770858650741295,0.35282651072124754,0.2646956702892261,0.24561403508771928
0.022,0.37497829936460536,0.3684210526315789,0.3698699697927156,0.35769980506822613,0.2758280962466581,0.2543859649122807
0.023,0.3793010659352106,0.3713450292397661,0.37943126974757824,0.3664717348927875,0.28846654630047563,0.25633528265107214
0.024,0.38591541960348597,0.3762183235867446,0.38761674941842295,0.3830409356725146,0.3010398944481094,0.2651072124756335
0.025,0.3925948751779452,0.37719298245614036,0.3971129474671018,0.3937621832358674,0.3055579667372661,0.27582846003898637
0.026000000000000002,0.4030719419464602,0.3840155945419103,0.40379240304156105,0.40545808966861596,0.3129578834068262,0.2777777777777778
0.027,0.41584059581264543,0.39278752436647174,0.4097513975209194,0.4152046783625731,0.3181313148848999,0.2807017543859649
0.028,0.4202935661956182,0.40350877192982454,0.41558018818791015,0.42007797270955166,0.32612148883719316,0.2855750487329435
0.029,0.4254669976736919,0.4044834307992203,0.4207536196659838,0.4327485380116959,0.3417719870837818,0.29239766081871343
0.03,0.43502829762855455,0.41812865497076024,0.42225964376236935,0.4395711500974659,0.3535597722301309,0.29922027290448344
0.031,0.4520546161591611,0.4337231968810916,0.43332696781361757,0.44541910331384016,0.35788253880073606,0.3031189083820663
0.032,0.45356064025554665,0.4415204678362573,0.44354362695739735,0.4502923976608187,0.36829450366306726,0.3128654970760234
0.033,0.4593894309225374,0.45321637426900585,0.4532351307246276,0.45419103313840153,0.38374969619110444,0.31773879142300193
0.034,0.4653484254018958,0.45419103313840153,0.4674447067810146,0.46101364522417154,0.38735200166660877,0.3235867446393762
0.035,0.47497482726294227,0.45614035087719296,0.47484462345057465,0.4649122807017544,0.3955374813374536,0.3255360623781676
0.036000000000000004,0.48525658831290575,0.46588693957115007,0.48060831221138156,0.4746588693957115,0.398419325717857,0.32748538011695905
0.037,0.49259140307628213,0.48050682261208577,0.4984201937432728,0.47855750487329435,0.39986024790805874,0.33723196881091616
0.038,0.5066707753203015,0.4853801169590643,0.505099649317732,0.4834307992202729,0.4035276552897469,0.3489278752436647
0.039,0.51492135689733,0.48830409356725146,0.5095526197007049,0.48927875243664715,0.41020711086420614,0.35769980506822613
0.04,0.517933405090101,0.49415204678362573,0.5198994826568522,0.49415204678362573,0.41675636262629767,0.36744639376218324
0.041,0.5215357105656053,0.5009746588693957,0.524352453039825,0.4980506822612086,0.42127443491545435,0.3742690058479532
0.042,0.5229766327558071,0.5077972709551657,0.5415089753827993,0.5038986354775828,0.4257925072046109,0.38011695906432746
0.043000000000000003,0.5362053400923579,0.5116959064327485,0.5458968438595881,0.5087719298245614,0.42873945349119824,0.38499025341130605
0.044,0.5413136696642478,0.5185185185185185,0.5518558383389466,0.5146198830409356,0.4316212978716017,0.3888888888888889
0.045,0.5487786882399917,0.5272904483430799,0.5532967605291483,0.5214424951267057,0.43600916634839065,0.39571150097465885
0.046,0.5517907364327628,0.5360623781676414,0.5584701920072219,0.530214424951267,0.4434741849241346,0.40058479532163743
0.047,0.5546725808131662,0.5399610136452242,0.5591906531023227,0.5360623781676414,0.453821047880282,0.41228070175438597
0.048,0.5568339640984687,0.5409356725146199,0.5627929585778271,0.5399610136452242,0.4589944793583556,0.42007797270955166
0.049,0.5575544251935697,0.5467836257309941,0.5701928752473873,0.5467836257309941,0.4671148571230166,0.4239766081871345
0.05,0.5597158084788723,0.5555555555555556,0.5709133363424881,0.5555555555555556,0.47084736641088853,0.4327485380116959
0.051000000000000004,0.5686217492448179,0.5594541910331384,0.5791639179195167,0.5623781676413255,0.4745798756987605,0.4395711500974659
0.052000000000000005,0.5715035936252213,0.5692007797270955,0.5872842956841777,0.5692007797270955,0.4805388701781188,0.44346978557504874
0.053,0.5751058991007256,0.571150097465887,0.5931781882573521,0.5721247563352827,0.48420627755980694,0.44834307992202727
0.054,0.5817853546751849,0.5789473684210527,0.5998576438318114,0.5877192982456141,0.48715322384639426,0.449317738791423
0.055,0.5825058157702858,0.5838206627680312,0.6020841290232979,0.5916179337231969,0.48937970903788064,0.45321637426900585
0.056,0.5928526787264331,0.5847953216374269,0.6057515364049859,0.5974658869395711,0.4982856498038263,0.46101364522417154
0.057,0.5972405472032221,0.5847953216374269,0.609418943786674,0.601364522417154,0.504114440470817,0.4678362573099415
0.058,0.6009079545849103,0.5916179337231969,0.609418943786674,0.6042884990253411,0.5048349015659178,0.4756335282651072
0.059000000000000004,0.6037897989653137,0.594541910331384,0.6205513697441061,0.6101364522417154,0.5107938960452763,0.4834307992202729
0.06,0.6060162841568002,0.5964912280701754,0.6219922919343078,0.6159844054580896,0.5205505017186903,0.4902534113060429
0.061,0.610404152633589,0.5994152046783626,0.6241536752196104,0.6247563352826511,0.5250685740078469,0.49317738791423
0.062,0.6208161174959204,0.6052631578947368,0.6263801604110968,0.6286549707602339,0.5332540536786917,0.49415204678362573
0.063,0.630377417450783,0.6111111111111112,0.6328643102670046,0.6325536062378168,0.5391479462518662,0.49707602339181284
0.064,0.6401340231241971,0.615009746588694,0.6379726398388945,0.6374269005847953,0.5450418388250408,0.5
0.065,0.6461581195097392,0.621832358674464,0.6401991250303809,0.6393762183235867,0.5479887851116281,0.5019493177387915
0.066,0.6498255268914274,0.6267056530214425,0.6453074546022708,0.6432748538011696,0.5494948092080136,0.5087719298245614
0.067,0.6534929342731155,0.6306042884990254,0.6512013471754452,0.6461988304093568,0.5584658518801431,0.51364522417154
0.068,0.6557194194646019,0.6345029239766082,0.6564398805597027,0.6569200779727096,0.5658657685497032,0.52046783625731
0.069,0.6586012638450054,0.6364522417153996,0.6615482101315926,0.6588693957115009,0.5718247630290615,0.5253411306042886
0.07,0.660042186035207,0.6403508771929824,0.6667216416096663,0.6608187134502924,0.5800102426999062,0.5282651072124757
0.07100000000000001,0.6629891323217945,0.6423001949317739,0.6703890489913544,0.6617933723196882,0.5837427519877783,0.5292397660818714
0.07200000000000001,0.6666565397034825,0.6471734892787524,0.6754973785632443,0.6676413255360624,0.5881306204645672,0.5341130604288499
0.073,0.6755624804694281,0.6539961013645225,0.6791647859449325,0.672514619883041,0.5910775667511545,0.5389863547758285
0.074,0.6799503489462171,0.6598440545808967,0.680670810041318,0.6744639376218323,0.5933040519426409,0.5428849902534113
0.075,0.681391271136419,0.6686159844054581,0.6821768341377036,0.6754385964912281,0.5933040519426409,0.5448343079922028
0.076,0.6836177563279053,0.672514619883041,0.6969115655706399,0.6783625730994152,0.5954654352279435,0.5467836257309941
0.077,0.6925236970938509,0.6764132553606238,0.6991380507621263,0.6803118908382066,0.603716016804972,0.5526315789473685
0.078,0.6954706433804382,0.6812865497076024,0.7020198951425298,0.6812865497076024,0.611181035380716,0.5565302144249513
0.079,0.6976971285719247,0.6832358674463938,0.7078486858095205,0.6851851851851852,0.611181035380716,0.5584795321637427
0.08,0.7021500989548974,0.6851851851851852,0.7078486858095205,0.6871345029239766,0.6134075205722023,0.5633528265107213
0.081,0.7095500156244574,0.6900584795321637,0.7115811950973925,0.6881091617933723,0.614848442762404,0.5653021442495126
0.082,0.7117113989097601,0.6910331384015594,0.7167546265754661,0.695906432748538,0.623624179715982,0.5653021442495126
0.083,0.7139378841012465,0.6929824561403509,0.7189811117669526,0.6988304093567251,0.627356689003854,0.5682261208576999
0.084,0.7168848303878337,0.6929824561403509,0.7204220339571543,0.7017543859649122,0.6287976111940557,0.5692007797270955
0.085,0.7183257525780355,0.6949317738791423,0.7226485191486407,0.7046783625730995,0.6324650185757439,0.5721247563352827
0.08600000000000001,0.7219931599597236,0.6978557504873294,0.7270363876254297,0.7046783625730995,0.6346915037672303,0.5760233918128655
0.08700000000000001,0.728607513627999,0.7007797270955166,0.7322098191035034,0.7066276803118908,0.636132425957432,0.5799220272904484
0.088,0.7293279747230998,0.7134502923976608,0.733650741293705,0.7095516569200779,0.6375733481476338,0.5877192982456141
0.089,0.7352869692024582,0.716374269005848,0.738103711676678,0.7095516569200779,0.6375733481476338,0.5906432748538012
0.09,0.7382339154890456,0.7173489278752436,0.7403301968681644,0.7124756335282652,0.6411756536231381,0.594541910331384
0.091,0.7389543765841464,0.7183235867446394,0.7425566820596508,0.7144249512670565,0.6441225999097253,0.5994152046783626
0.092,0.7403952987743481,0.7222222222222222,0.7462891913475227,0.7173489278752436,0.6493611332939828,0.6003898635477583
0.093,0.7426217839658346,0.7290448343079922,0.7514626228255963,0.7192982456140351,0.6553852296795251,0.6052631578947368
0.094,0.7448482691573209,0.732943469785575,0.7521830839206972,0.7212475633528265,0.6582670740599286,0.6062378167641326
0.095,0.7477301135377243,0.7368421052631579,0.7529035450157981,0.723196881091618,0.6597079962501302,0.6072124756335283
0.096,0.7484505746328252,0.7387914230019493,0.7550649283011006,0.7290448343079922,0.664160966633103,0.615009746588694
0.097,0.749891496823027,0.7426900584795322,0.7603034616853581,0.7309941520467836,0.6686139370160757,0.6169590643274854
0.098,0.7544095691121836,0.7475633528265108,0.7603034616853581,0.7339181286549707,0.6737873684941496,0.621832358674464
0.099,0.7559155932085692,0.7475633528265108,0.7603034616853581,0.7358674463937622,0.6737873684941496,0.6257309941520468
0.1,0.7566360543036701,0.7524366471734892,0.761023922780459,0.7368421052631579,0.6767994166869207,0.6276803118908382
0.101,0.7595830005902573,0.7543859649122807,0.7625299468768445,0.7378167641325536,0.6797463629735079,0.6296296296296297
0.10200000000000001,0.7595830005902573,0.7553606237816765,0.7654768931634318,0.7407407407407407,0.6826933092600951,0.6306042884990254
0.10300000000000001,0.7632504079719454,0.7573099415204678,0.7683587375438352,0.7417153996101364,0.6834137703551959,0.6306042884990254
0.10400000000000001,0.7669178153536336,0.7612085769980507,0.7705201208291379,0.7426900584795322,0.6841342314502968,0.6345029239766082
0.105,0.7719610430193395,0.7631578947368421,0.7734670671157251,0.746588693957115,0.6848546925453978,0.6354775828460039
0.106,0.7764140134023124,0.7660818713450293,0.7734670671157251,0.7485380116959064,0.6855751536404986,0.6384015594541911
0.107,0.7794260615950835,0.7680311890838206,0.7734670671157251,0.7524366471734892,0.6893076629283705,0.6423001949317739
0.108,0.7801465226901845,0.7738791423001949,0.777920037498698,0.753411306042885,0.6893076629283705,0.6432748538011696
0.109,0.7808669837852853,0.7758284600389863,0.7786404985937989,0.7582846003898636,0.6923197111211417,0.645224171539961
0.11,0.7844692892607896,0.7777777777777778,0.7823730078816707,0.7621832358674464,0.694546196312628,0.645224171539961
0.111,0.7874162355473768,0.7797270955165692,0.7830934689767717,0.7641325536062378,0.6967726815041144,0.6471734892787524
0.112,0.7881366966424777,0.7807017543859649,0.7867608763584597,0.7660818713450293,0.6997196277907017,0.6500974658869396
0.113,0.7902980799277803,0.783625730994152,0.7867608763584597,0.7690058479532164,0.7004400888858026,0.6510721247563352
0.114,0.7947510503107531,0.783625730994152,0.7867608763584597,0.7709551656920078,0.7033219332662061,0.6510721247563352
0.115,0.7954715114058539,0.7846003898635477,0.7889222596437624,0.7709551656920078,0.7040423943613069,0.6549707602339181
0.116,0.7991389187875421,0.7846003898635477,0.794095691121836,0.7719298245614035,0.7070544425540779,0.6588693957115009
0.117,0.8006449428839276,0.7875243664717348,0.7963221763133225,0.7748538011695907,0.7122278740321517,0.6617933723196882
0.11800000000000001,0.8036569910766986,0.7875243664717348,0.8023462726988646,0.7758284600389863,0.7129483351272525,0.6647173489278753
0.11900000000000001,0.8087653206485885,0.7884990253411306,0.8030667337939654,0.7777777777777778,0.7129483351272525,0.6666666666666666
0.12,0.8102713447449741,0.7884990253411306,0.804572757890351,0.7816764132553606,0.7143892573174543,0.6686159844054581
0.121,0.8109918058400749,0.7894736842105263,0.804572757890351,0.7846003898635477,0.7180566646991424,0.6695906432748538
0.122,0.8117122669351758,0.7904483430799221,0.8060787819867365,0.7846003898635477,0.7180566646991424,0.6695906432748538
0.123,0.8124327280302768,0.7904483430799221,0.8060787819867365,0.7865497076023392,0.7217891739870144,0.6705653021442495
0.124,0.8145941113155792,0.7904483430799221,0.8067992430818374,0.7884990253411306,0.726307246276171,0.6754385964912281
0.125,0.8145941113155792,0.7904483430799221,0.8090257282733238,0.7894736842105263,0.7278132703725565,0.6783625730994152
0.126,0.8145941113155792,0.7914230019493177,0.8090257282733238,0.7894736842105263,0.7293192944689421,0.6812865497076024
0.127,0.8167554946008819,0.7933723196881092,0.8090257282733238,0.7953216374269005,0.7314806777542446,0.682261208576998
0.128,0.8242205131766258,0.797270955165692,0.8104666504635256,0.797270955165692,0.7329215999444464,0.6842105263157895
0.129,0.8249409742717266,0.7982456140350878,0.8111871115586264,0.7982456140350878,0.7336420610395473,0.6851851851851852
0.13,0.8271023575570293,0.8031189083820662,0.8119075726537273,0.7982456140350878,0.735082983229749,0.6968810916179338
0.131,0.828543279747231,0.8031189083820662,0.813348494843929,0.8001949317738791,0.7372443665150517,0.6978557504873294
0.132,0.828543279747231,0.804093567251462,0.81406895593903,0.8001949317738791,0.7372443665150517,0.6998050682261209
0.133,0.8329962501302037,0.8060428849902534,0.8147894170341308,0.8031189083820662,0.7387503906114371,0.7017543859649122
0.134,0.8329962501302037,0.8070175438596491,0.8155098781292316,0.8031189083820662,0.7394708517065379,0.702729044834308
0.135,0.8352227353216902,0.8099415204678363,0.8184568244158189,0.8050682261208577,0.7409117738967397,0.7037037037037037
0.136,0.836663657511892,0.8148148148148148,0.822124231797507,0.8050682261208577,0.7496875108503177,0.7066276803118908
0.137,0.8373841186069928,0.8167641325536062,0.822124231797507,0.8070175438596491,0.7526995590430887,0.7066276803118908
0.138,0.8388901427033784,0.8187134502923976,0.8236302558938926,0.8079922027290448,0.7534200201381897,0.7095516569200779
0.139,0.8388901427033784,0.8187134502923976,0.8250711780840942,0.8128654970760234,0.7534200201381897,0.7095516569200779
0.14,0.8396106037984792,0.8187134502923976,0.826512100274296,0.8148148148148148,0.7534200201381897,0.7105263157894737
0.14100000000000001,0.8396106037984792,0.8196881091617934,0.8302446095621681,0.8157894736842105,0.759379014617548,0.7105263157894737
0.14200000000000002,0.8403310648935801,0.827485380116959,0.8309650706572689,0.8157894736842105,0.7600994757126489,0.7144249512670565
0.14300000000000002,0.8410515259886809,0.8284600389863548,0.8324710947536544,0.8187134502923976,0.7600994757126489,0.7183235867446394
0.14400000000000002,0.8410515259886809,0.8304093567251462,0.8331915558487553,0.8206627680311891,0.7608199368077497,0.7192982456140351
0.145,0.8410515259886809,0.8313840155945419,0.8361385021353425,0.8245614035087719,0.7629813200930523,0.7212475633528265
0.146,0.8410515259886809,0.8323586744639376,0.838364987326829,0.8284600389863548,0.7629813200930523,0.7222222222222222
0.147,0.8425575500850664,0.8333333333333334,0.8390854484219298,0.8304093567251462,0.7637017811881532,0.7261208576998051
0.148,0.8425575500850664,0.8362573099415205,0.8405263706121315,0.8313840155945419,0.7651427033783549,0.7280701754385965
0.149,0.8462900593729384,0.8362573099415205,0.8405263706121315,0.8333333333333334,0.7651427033783549,0.7290448343079922
0.15,0.8462900593729384,0.8382066276803118,0.8412468317072324,0.8352826510721247,0.7658631644734557,0.7300194931773879
0.151,0.8500225686608104,0.8382066276803118,0.843408214992535,0.8362573099415205,0.7658631644734557,0.7319688109161794
0.152,0.8500225686608104,0.8391812865497076,0.8441286760876359,0.8372319688109162,0.7658631644734557,0.7319688109161794
0.153,0.851528592757196,0.8411306042884991,0.8463551612791222,0.8391812865497076,0.7687450088538592,0.7348927875243665
0.154,0.851528592757196,0.8411306042884991,0.8500225686608104,0.8411306042884991,0.7709063921391619,0.7358674463937622
0.155,0.854540640949967,0.8450292397660819,0.8500225686608104,0.8411306042884991,0.7709063921391619,0.7387914230019493
0.156,0.854540640949967,0.847953216374269,0.8514634908510121,0.8421052631578947,0.7730677754244644,0.7397660818713451
0.157,0.854540640949967,0.8499025341130604,0.8514634908510121,0.8440545808966862,0.7730677754244644,0.7407407407407407
0.158,0.8559815631401688,0.8499025341130604,0.8536899760424985,0.8450292397660819,0.7737882365195653,0.7417153996101364
0.159,0.8574875872365544,0.8499025341130604,0.8559164612339849,0.8450292397660819,0.775229158709767,0.7446393762183235
0.16,0.8582080483316552,0.8499025341130604,0.8566369223290857,0.8450292397660819,0.7767351828061526,0.7456140350877193
0.161,0.858928509426756,0.8508771929824561,0.8581429464254713,0.8460038986354775,0.7774556439012534,0.746588693957115
0.162,0.8596489705218568,0.8518518518518519,0.859583868615673,0.8460038986354775,0.7774556439012534,0.7495126705653021
0.163,0.8610898927120586,0.8518518518518519,0.8610898927120586,0.8460038986354775,0.7774556439012534,0.7504873294346979
0.164,0.8625308149022604,0.8528265107212476,0.8618103538071595,0.8469785575048733,0.779617027186556,0.7514619883040936
0.165,0.8625308149022604,0.854775828460039,0.8618103538071595,0.8469785575048733,0.779617027186556,0.7514619883040936
0.166,0.8625308149022604,0.8557504873294347,0.8618103538071595,0.8518518518518519,0.779617027186556,0.7524366471734892
0.167,0.863971737092462,0.8586744639376218,0.863971737092462,0.8518518518518519,0.7847904586646297,0.753411306042885
0.168,0.8646921981875629,0.8596491228070176,0.863971737092462,0.8538011695906432,0.7862964827610153,0.753411306042885
0.169,0.8646921981875629,0.8606237816764133,0.8669837852852331,0.8538011695906432,0.7862964827610153,0.753411306042885
0.17,0.8661331203777647,0.8606237816764133,0.8684247074754349,0.8557504873294347,0.7870169438561161,0.7543859649122807
0.171,0.869735425853269,0.8625730994152047,0.8698656296656366,0.8557504873294347,0.7877374049512169,0.7553606237816765
0.17200000000000001,0.8719619110447554,0.8645224171539961,0.8705860907607375,0.8567251461988304,0.7884578660463178,0.7553606237816765
0.17300000000000001,0.873467935141141,0.8654970760233918,0.8720270129509392,0.8567251461988304,0.7884578660463178,0.7553606237816765
0.17400000000000002,0.8756944203326273,0.8674463937621832,0.8720270129509392,0.8567251461988304,0.7891783271414188,0.7592592592592593
0.17500000000000002,0.8779209055241137,0.8674463937621832,0.8735330370473248,0.8586744639376218,0.7913397104267212,0.7612085769980507
0.176,0.8794269296204993,0.8674463937621832,0.8742534981424257,0.8596491228070176,0.7920601715218222,0.7612085769980507
0.177,0.8794269296204993,0.868421052631579,0.8749739592375265,0.8615984405458089,0.7942866567133086,0.7621832358674464
0.178,0.8794269296204993,0.868421052631579,0.8756944203326273,0.8625730994152047,0.7957275789035103,0.7651072124756335
0.179,0.8809329537168848,0.868421052631579,0.8756944203326273,0.8635477582846004,0.7964480399986111,0.7660818713450293
0.18,0.8823738759070866,0.8703703703703703,0.8756944203326273,0.8645224171539961,0.797168501093712,0.7660818713450293
0.181,0.88525572028749,0.8703703703703703,0.8764148814277282,0.8645224171539961,0.7978889621888129,0.767056530214425
0.182,0.88525572028749,0.8703703703703703,0.8786413666192145,0.8654970760233918,0.7978889621888129,0.767056530214425
0.183,0.8867617443838756,0.8703703703703703,0.8786413666192145,0.8664717348927875,0.7978889621888129,0.767056530214425
0.184,0.8874822054789764,0.8723196881091618,0.8793618277143155,0.8674463937621832,0.7993298843790146,0.767056530214425
0.185,0.8882026665740772,0.8732943469785575,0.8793618277143155,0.868421052631579,0.7993298843790146,0.7680311890838206
0.186,0.8889231276691781,0.8732943469785575,0.8800822888094163,0.8693957115009746,0.7993298843790146,0.7680311890838206
0.187,0.8889231276691781,0.8752436647173489,0.8815883129058019,0.8693957115009746,0.7993298843790146,0.7699805068226121
0.188,0.8903640498593799,0.8752436647173489,0.8815883129058019,0.8693957115009746,0.8008359084754002,0.7729044834307992
0.189,0.8918049720495815,0.8752436647173489,0.8823087740009028,0.8693957115009746,0.801556369570501,0.7738791423001949
0.19,0.8925254331446825,0.8762183235867447,0.8823087740009028,0.8703703703703703,0.8022768306656018,0.7748538011695907
0.191,0.894031457241068,0.8762183235867447,0.8830292350960036,0.8723196881091618,0.8022768306656018,0.7777777777777778
0.192,0.894031457241068,0.878167641325536,0.8837496961911044,0.8732943469785575,0.8022768306656018,0.7777777777777778
0.193,0.894751918336169,0.8810916179337231,0.8837496961911044,0.8752436647173489,0.8058791361411062,0.7777777777777778
0.194,0.894751918336169,0.8830409356725146,0.8851906183813062,0.8752436647173489,0.8058791361411062,0.7797270955165692
0.195,0.894751918336169,0.8840155945419104,0.8851906183813062,0.8762183235867447,0.806599597236207,0.7826510721247564
0.196,0.8954723794312698,0.8869395711500975,0.8851906183813062,0.8771929824561403,0.806599597236207,0.7846003898635477
0.197,0.8961928405263706,0.8869395711500975,0.8851906183813062,0.8771929824561403,0.8087609805215097,0.7846003898635477
0.198,0.8969133016214714,0.8888888888888888,0.8859110794764071,0.8791423001949318,0.8087609805215097,0.7865497076023392
0.199,0.8969133016214714,0.8888888888888888,0.8859110794764071,0.8791423001949318,0.8094814416166105,0.7875243664717348
0.2,0.8969133016214714,0.8888888888888888,0.8873520016666088,0.8801169590643275,0.8094814416166105,0.7875243664717348
0.201,0.8997951460018749,0.8888888888888888,0.8880724627617096,0.8801169590643275,0.8102019027117113,0.7884990253411306
0.202,0.9005156070969758,0.8888888888888888,0.8880724627617096,0.8830409356725146,0.8102019027117113,0.7904483430799221
0.203,0.9012360681920766,0.8918128654970761,0.8895133849519115,0.8830409356725146,0.8102019027117113,0.7914230019493177
0.20400000000000001,0.9019565292871775,0.8927875243664717,0.8895133849519115,0.8859649122807017,0.8102019027117113,0.7943469785575049
0.20500000000000002,0.9019565292871775,0.8927875243664717,0.8917398701433978,0.8879142300194932,0.8109223638068123,0.7943469785575049
0.20600000000000002,0.9019565292871775,0.8947368421052632,0.8931807923335995,0.8898635477582846,0.8124283879031978,0.7953216374269005
0.20700000000000002,0.9019565292871775,0.8976608187134503,0.894686816429985,0.8908382066276803,0.8124283879031978,0.7953216374269005
0.20800000000000002,0.9019565292871775,0.8976608187134503,0.8961277386201868,0.8908382066276803,0.8154404360959688,0.7962962962962963
0.209,0.9034625533835631,0.8976608187134503,0.8968481997152876,0.8918128654970761,0.8161608971910698,0.7982456140350878
0.21,0.9034625533835631,0.8976608187134503,0.8990095830005902,0.8918128654970761,0.8168813582861706,0.7992202729044834
0.211,0.904183014478664,0.9015594541910331,0.900450505190792,0.8918128654970761,0.8176018193812715,0.8011695906432749
0.212,0.904183014478664,0.9035087719298246,0.900450505190792,0.8937621832358674,0.8176018193812715,0.8021442495126706
0.213,0.904183014478664,0.9044834307992202,0.900450505190792,0.8947368421052632,0.8183222804763723,0.8031189083820662
0.214,0.904183014478664,0.905458089668616,0.9026769903822784,0.8957115009746589,0.8183222804763723,0.8050682261208577
0.215,0.9049034755737648,0.9074074074074074,0.904183014478664,0.8957115009746589,0.8204836637616749,0.8070175438596491
0.216,0.9056239366688656,0.9083820662768031,0.9056239366688656,0.8966861598440545,0.8204836637616749,0.8079922027290448
0.217,0.9056239366688656,0.9083820662768031,0.9056239366688656,0.898635477582846,0.8204836637616749,0.8079922027290448
0.218,0.9056239366688656,0.9083820662768031,0.9056239366688656,0.8996101364522417,0.8204836637616749,0.8089668615984406
0.219,0.9063443977639665,0.9083820662768031,0.9056239366688656,0.9015594541910331,0.8212041248567759,0.8089668615984406
0.22,0.9063443977639665,0.9093567251461988,0.9070648588590674,0.9015594541910331,0.8219245859518767,0.8089668615984406
0.221,0.9077853199541683,0.9093567251461988,0.9070648588590674,0.9025341130604289,0.8240859692371792,0.8089668615984406
0.222,0.9077853199541683,0.9103313840155945,0.9070648588590674,0.9035087719298246,0.825526891427381,0.8099415204678363
0.223,0.9085057810492692,0.9113060428849903,0.9070648588590674,0.905458089668616,0.825526891427381,0.8118908382066277
0.224,0.9085057810492692,0.9113060428849903,0.9070648588590674,0.905458089668616,0.8269678136175826,0.8118908382066277
0.225,0.9085057810492692,0.9113060428849903,0.9070648588590674,0.905458089668616,0.8276882747126836,0.8118908382066277
0.226,0.9085057810492692,0.9113060428849903,0.9077853199541683,0.905458089668616,0.8276882747126836,0.8128654970760234
0.227,0.9085057810492692,0.9113060428849903,0.9092913440505538,0.9074074074074074,0.8284087358077845,0.8138401559454191
0.228,0.9099467032394708,0.9113060428849903,0.9100118051456547,0.9074074074074074,0.8284087358077845,0.8148148148148148
0.229,0.9106671643345717,0.9113060428849903,0.9100118051456547,0.9074074074074074,0.8291291969028853,0.8148148148148148
0.23,0.9113876254296727,0.9122807017543859,0.9100118051456547,0.9074074074074074,0.8291291969028853,0.8157894736842105
0.231,0.9113876254296727,0.9122807017543859,0.9100118051456547,0.9074074074074074,0.8320110412832888,0.8167641325536062
0.232,0.9121080865247735,0.9122807017543859,0.9100118051456547,0.9074074074074074,0.8320110412832888,0.817738791423002
0.233,0.9121080865247735,0.9142300194931774,0.9122382903371411,0.9074074074074074,0.8320110412832888,0.817738791423002
0.234,0.9121080865247735,0.9152046783625731,0.9122382903371411,0.9074074074074074,0.8327315023783897,0.8196881091617934
0.23500000000000001,0.913614110621159,0.9161793372319688,0.9122382903371411,0.9074074074074074,0.8327315023783897,0.8196881091617934
0.23600000000000002,0.9151201347175446,0.9161793372319688,0.9122382903371411,0.9093567251461988,0.8364640116662616,0.8226120857699805
0.23700000000000002,0.9158405958126454,0.9161793372319688,0.9122382903371411,0.9103313840155945,0.8379049338564633,0.8245614035087719
0.23800000000000002,0.9158405958126454,0.9161793372319688,0.9129587514322419,0.9103313840155945,0.8386253949515642,0.8245614035087719
0.23900000000000002,0.9158405958126454,0.919103313840156,0.9129587514322419,0.9122807017543859,0.8386253949515642,0.827485380116959
0.24,0.9158405958126454,0.9210526315789473,0.9151852366237283,0.9122807017543859,0.839345856046665,0.8304093567251462
0.241,0.9158405958126454,0.9220272904483431,0.9166261588139302,0.9132553606237817,0.8400663171417659,0.8313840155945419
0.242,0.9165610569077463,0.9220272904483431,0.9166261588139302,0.9132553606237817,0.8430132634283531,0.8323586744639376
0.243,0.9172815180028471,0.9220272904483431,0.9166261588139302,0.9132553606237817,0.8445192875247387,0.834307992202729
0.244,0.9172815180028471,0.9220272904483431,0.9166261588139302,0.9132553606237817,0.8459602097149405,0.8352826510721247
0.245,0.9172815180028471,0.9220272904483431,0.917346619909031,0.9132553606237817,0.8459602097149405,0.8362573099415205
0.246,0.9172815180028471,0.9220272904483431,0.917346619909031,0.9132553606237817,0.8474011319051422,0.8362573099415205
0.247,0.9187875420992326,0.9239766081871345,0.9187875420992326,0.9142300194931774,0.8474011319051422,0.8362573099415205
0.248,0.9195080031943336,0.9239766081871345,0.9187875420992326,0.9142300194931774,0.8474011319051422,0.8362573099415205
0.249,0.9202284642894344,0.9239766081871345,0.9187875420992326,0.9161793372319688,0.848121593000243,0.8372319688109162
0.25,0.9209489253845353,0.9239766081871345,0.9195080031943336,0.9161793372319688,0.848121593000243,0.8382066276803118
0.251,0.9209489253845353,0.9239766081871345,0.9195080031943336,0.9161793372319688,0.848121593000243,0.8382066276803118
0.252,0.9216693864796361,0.9239766081871345,0.9195080031943336,0.9171539961013645,0.8496276170966286,0.8401559454191033
0.253,0.922389847574737,0.9259259259259259,0.9195080031943336,0.9171539961013645,0.8503480781917294,0.8401559454191033
0.254,0.922389847574737,0.9269005847953217,0.921014027290719,0.9171539961013645,0.8517890003819312,0.8421052631578947
0.255,0.922389847574737,0.9278752436647173,0.9217344883858198,0.9181286549707602,0.8532950244783167,0.8430799220272904
0.256,0.922389847574737,0.9278752436647173,0.9217344883858198,0.9181286549707602,0.8532950244783167,0.8450292397660819
0.257,0.922389847574737,0.9298245614035088,0.9217344883858198,0.919103313840156,0.8540154855734177,0.8469785575048733
0.258,0.922389847574737,0.9298245614035088,0.9224549494809208,0.9200779727095516,0.8540154855734177,0.8469785575048733
0.259,0.9231103086698378,0.9327485380116959,0.9238958716711225,0.9200779727095516,0.8554564077636193,0.847953216374269
0.26,0.9231103086698378,0.9327485380116959,0.9238958716711225,0.9200779727095516,0.8554564077636193,0.8489278752436648
0.261,0.9231103086698378,0.9327485380116959,0.9254018957675081,0.9200779727095516,0.8584684559563904,0.8489278752436648
0.262,0.9253367938613242,0.9327485380116959,0.9261223568626089,0.9200779727095516,0.8599093781465921,0.8499025341130604
0.263,0.9260572549564251,0.9327485380116959,0.9261223568626089,0.9200779727095516,0.8606298392416929,0.8508771929824561
0.264,0.926777716051526,0.9327485380116959,0.9268428179577097,0.9200779727095516,0.8606298392416929,0.8518518518518519
0.265,0.9274981771466269,0.9327485380116959,0.9268428179577097,0.9210526315789473,0.8613503003367938,0.8518518518518519
0.266,0.9274981771466269,0.9337231968810916,0.9268428179577097,0.9210526315789473,0.8620707614318948,0.8518518518518519
0.267,0.9290042012430124,0.9337231968810916,0.9275632790528107,0.9210526315789473,0.8620707614318948,0.8518518518518519
0.268,0.9290042012430124,0.9346978557504874,0.9297897642442972,0.9210526315789473,0.8627912225269956,0.8518518518518519
0.269,0.931165584528315,0.9346978557504874,0.9297897642442972,0.9239766081871345,0.8649526058122982,0.8518518518518519
0.27,0.931165584528315,0.935672514619883,0.9297897642442972,0.9259259259259259,0.8649526058122982,0.8518518518518519
0.271,0.931165584528315,0.9376218323586745,0.930510225339398,0.9259259259259259,0.8649526058122982,0.8518518518518519
0.272,0.9326065067185167,0.9376218323586745,0.930510225339398,0.9269005847953217,0.8649526058122982,0.8518518518518519
0.273,0.9326065067185167,0.9376218323586745,0.9312306864344988,0.9269005847953217,0.8663935280024999,0.8518518518518519
0.274,0.9326065067185167,0.9385964912280702,0.9312306864344988,0.9269005847953217,0.8678344501927016,0.8538011695906432
0.275,0.9326065067185167,0.9385964912280702,0.9312306864344988,0.9269005847953217,0.8678344501927016,0.8538011695906432
0.276,0.9326065067185167,0.9415204678362573,0.9312306864344988,0.9269005847953217,0.8678344501927016,0.8538011695906432
0.277,0.9326065067185167,0.9415204678362573,0.9312306864344988,0.9269005847953217,0.8685549112878025,0.8538011695906432
0.278,0.9326065067185167,0.9415204678362573,0.9312306864344988,0.928849902534113,0.8692753723829034,0.854775828460039
0.279,0.9326065067185167,0.942495126705653,0.9312306864344988,0.9298245614035088,0.8722223186694906,0.8557504873294347
0.28,0.9341125308149023,0.942495126705653,0.9319511475295996,0.9307992202729045,0.8722223186694906,0.8576998050682261
0.281,0.9362739141002049,0.942495126705653,0.9326716086247006,0.9317738791423001,0.8729427797645914,0.8596491228070176
0.28200000000000003,0.9369943751953058,0.942495126705653,0.9326716086247006,0.9317738791423001,0.8736632408596924,0.8606237816764133
0.28300000000000003,0.9369943751953058,0.9444444444444444,0.9326716086247006,0.9317738791423001,0.8736632408596924,0.8606237816764133
0.28400000000000003,0.9369943751953058,0.9454191033138402,0.9333920697198015,0.9327485380116959,0.8736632408596924,0.8625730994152047
0.28500000000000003,0.9369943751953058,0.9463937621832359,0.9341125308149023,0.9346978557504874,0.8736632408596924,0.8635477582846004
0.28600000000000003,0.9384352973855075,0.9463937621832359,0.9341125308149023,0.9346978557504874,0.8743837019547933,0.8645224171539961
0.28700000000000003,0.9384352973855075,0.9463937621832359,0.9348329919100031,0.9346978557504874,0.8766101871462797,0.8645224171539961
0.28800000000000003,0.94059668067081,0.9463937621832359,0.9348329919100031,0.9346978557504874,0.8766101871462797,0.8645224171539961
0.289,0.94059668067081,0.9463937621832359,0.935553453005104,0.9346978557504874,0.8795571334328669,0.8654970760233918
0.29,0.94059668067081,0.9463937621832359,0.935553453005104,0.9346978557504874,0.8795571334328669,0.8654970760233918
0.291,0.94059668067081,0.9473684210526315,0.935553453005104,0.9346978557504874,0.8795571334328669,0.8654970760233918
0.292,0.94059668067081,0.9473684210526315,0.935553453005104,0.9366471734892787,0.8809980556230685,0.8654970760233918
0.293,0.94059668067081,0.9473684210526315,0.935553453005104,0.9366471734892787,0.8817185167181695,0.868421052631579
0.294,0.9421027047671955,0.9473684210526315,0.935553453005104,0.9366471734892787,0.8831594389083712,0.868421052631579
0.295,0.9428231658622964,0.9483430799220273,0.935553453005104,0.9366471734892787,0.8846003610985729,0.8693957115009746
0.296,0.9435436269573974,0.9483430799220273,0.9362739141002049,0.9366471734892787,0.8846003610985729,0.8703703703703703
0.297,0.9435436269573974,0.9483430799220273,0.9362739141002049,0.9376218323586745,0.8861063851949584,0.8713450292397661
0.298,0.944984549147599,0.9483430799220273,0.9362739141002049,0.9395711500974658,0.8861063851949584,0.8723196881091618
0.299,0.9457050102426998,0.949317738791423,0.9377148362904066,0.9405458089668616,0.8868268462900594,0.8723196881091618
0.3,0.9464254713378007,0.949317738791423,0.9377148362904066,0.9415204678362573,0.8875473073851603,0.8742690058479532
0.301,0.9471459324329017,0.949317738791423,0.9377148362904066,0.9415204678362573,0.8882677684802611,0.8742690058479532
0.302,0.9478663935280025,0.949317738791423,0.9391557584806083,0.9415204678362573,0.8889882295753619,0.8762183235867447
0.303,0.9478663935280025,0.949317738791423,0.94059668067081,0.9415204678362573,0.8897086906704628,0.878167641325536
0.304,0.9478663935280025,0.949317738791423,0.94059668067081,0.942495126705653,0.8897086906704628,0.8791423001949318
0.305,0.9478663935280025,0.949317738791423,0.9420376028610118,0.942495126705653,0.8897086906704628,0.8801169590643275
0.306,0.9478663935280025,0.949317738791423,0.9427580639561126,0.942495126705653,0.8897086906704628,0.8810916179337231
0.307,0.9493724176243881,0.949317738791423,0.9427580639561126,0.942495126705653,0.8897086906704628,0.8810916179337231
0.308,0.9493724176243881,0.9502923976608187,0.9434785250512134,0.942495126705653,0.8897086906704628,0.8810916179337231
0.309,0.9493724176243881,0.9502923976608187,0.9434785250512134,0.9434697855750487,0.8897086906704628,0.8810916179337231
0.31,0.9508784417207736,0.9502923976608187,0.9434785250512134,0.9434697855750487,0.8897086906704628,0.8810916179337231
0.311,0.9515989028158744,0.9502923976608187,0.9434785250512134,0.9434697855750487,0.8912147147668483,0.8810916179337231
0.312,0.9515989028158744,0.9502923976608187,0.9434785250512134,0.9444444444444444,0.8912147147668483,0.8810916179337231
0.313,0.9515989028158744,0.9502923976608187,0.9434785250512134,0.9454191033138402,0.8912147147668483,0.8810916179337231
0.314,0.9515989028158744,0.9502923976608187,0.9434785250512134,0.9454191033138402,0.8912147147668483,0.8820662768031189
0.315,0.9515989028158744,0.9502923976608187,0.9441989861463144,0.9454191033138402,0.8912147147668483,0.8820662768031189
0.316,0.9523193639109753,0.9502923976608187,0.9441989861463144,0.9473684210526315,0.8912147147668483,0.8820662768031189
0.317,0.9538253880073608,0.9502923976608187,0.9441989861463144,0.9483430799220273,0.8912147147668483,0.8820662768031189
0.318,0.9538253880073608,0.9502923976608187,0.9441989861463144,0.949317738791423,0.8912147147668483,0.8830409356725146
0.319,0.9538253880073608,0.9502923976608187,0.9457050102426998,0.9512670565302144,0.8927207388632339,0.8840155945419104
0.32,0.9553314121037464,0.9502923976608187,0.9457050102426998,0.9532163742690059,0.8927207388632339,0.8840155945419104
0.321,0.9553314121037464,0.9502923976608187,0.9457050102426998,0.9532163742690059,0.8956676851498212,0.8840155945419104
0.322,0.9553314121037464,0.9502923976608187,0.9464254713378007,0.9532163742690059,0.897108607340023,0.8840155945419104
0.323,0.9553314121037464,0.9512670565302144,0.9464254713378007,0.9532163742690059,0.897108607340023,0.884990253411306
0.324,0.9553314121037464,0.9522417153996101,0.9464254713378007,0.9532163742690059,0.8978290684351238,0.8859649122807017
0.325,0.9553314121037464,0.9522417153996101,0.9471459324329017,0.9532163742690059,0.8978290684351238,0.8879142300194932
0.326,0.9553314121037464,0.9522417153996101,0.9478663935280025,0.9532163742690059,0.8992699906253255,0.8879142300194932
0.327,0.9553314121037464,0.9522417153996101,0.9493724176243881,0.9532163742690059,0.8999904517204264,0.8898635477582846
0.328,0.9560518731988472,0.9532163742690059,0.9493724176243881,0.9532163742690059,0.8999904517204264,0.8908382066276803
0.329,0.9560518731988472,0.9541910331384016,0.9500928787194889,0.9541910331384016,0.9007109128155273,0.8908382066276803
0.33,0.9560518731988472,0.9551656920077972,0.9500928787194889,0.9541910331384016,0.9007109128155273,0.8908382066276803
0.331,0.9560518731988472,0.9551656920077972,0.9500928787194889,0.9541910331384016,0.9007109128155273,0.8918128654970761
0.332,0.9560518731988472,0.9551656920077972,0.9500928787194889,0.9541910331384016,0.9007109128155273,0.8918128654970761
0.333,0.9567723342939481,0.956140350877193,0.9500928787194889,0.9541910331384016,0.9014313739106281,0.8937621832358674
0.334,0.957492795389049,0.9571150097465887,0.9508133398145897,0.956140350877193,0.9014313739106281,0.8957115009746589
0.335,0.9582132564841499,0.9571150097465887,0.9515338009096906,0.956140350877193,0.9014313739106281,0.8957115009746589
0.336,0.9589337175792507,0.9571150097465887,0.9515338009096906,0.956140350877193,0.9014313739106281,0.8976608187134503
0.337,0.9589337175792507,0.9580896686159844,0.9515338009096906,0.956140350877193,0.9021518350057289,0.8996101364522417
0.338,0.9589337175792507,0.9580896686159844,0.9515338009096906,0.956140350877193,0.9028722961008298,0.8996101364522417
0.339,0.9589337175792507,0.9580896686159844,0.9515338009096906,0.956140350877193,0.9035927571959307,0.9005847953216374
0.34,0.9589337175792507,0.9580896686159844,0.9515338009096906,0.956140350877193,0.9035927571959307,0.9005847953216374
0.341,0.9589337175792507,0.9580896686159844,0.9522542620047916,0.956140350877193,0.9035927571959307,0.9005847953216374
0.342,0.9589337175792507,0.9590643274853801,0.9522542620047916,0.956140350877193,0.9035927571959307,0.9015594541910331
0.343,0.9610951008645533,0.9590643274853801,0.9522542620047916,0.956140350877193,0.9050336793861324,0.9025341130604289
0.34400000000000003,0.962536023054755,0.9590643274853801,0.9522542620047916,0.956140350877193,0.9064746015763341,0.9035087719298246
0.34500000000000003,0.962536023054755,0.9590643274853801,0.9522542620047916,0.956140350877193,0.9064746015763341,0.9035087719298246
0.34600000000000003,0.9632564841498559,0.9600389863547758,0.9522542620047916,0.956140350877193,0.9064746015763341,0.9044834307992202
0.34700000000000003,0.9632564841498559,0.9600389863547758,0.9522542620047916,0.9571150097465887,0.907915523766536,0.9044834307992202
0.34800000000000003,0.9632564841498559,0.9600389863547758,0.9522542620047916,0.9571150097465887,0.907915523766536,0.9044834307992202
0.34900000000000003,0.9632564841498559,0.9600389863547758,0.9522542620047916,0.9571150097465887,0.9086359848616368,0.9044834307992202
0.35000000000000003,0.9632564841498559,0.9600389863547758,0.9522542620047916,0.9571150097465887,0.9100769070518384,0.9044834307992202
0.35100000000000003,0.9632564841498559,0.9619883040935673,0.9522542620047916,0.9571150097465887,0.9100769070518384,0.905458089668616
0.352,0.9632564841498559,0.9629629629629629,0.9522542620047916,0.9571150097465887,0.911582931148224,0.905458089668616
0.353,0.9632564841498559,0.9629629629629629,0.9522542620047916,0.9571150097465887,0.911582931148224,0.9064327485380117
0.354,0.9632564841498559,0.9629629629629629,0.9522542620047916,0.9571150097465887,0.911582931148224,0.9064327485380117
0.355,0.9632564841498559,0.9629629629629629,0.9522542620047916,0.9571150097465887,0.911582931148224,0.9064327485380117
0.356,0.9646974063400576,0.9629629629629629,0.9522542620047916,0.9571150097465887,0.911582931148224,0.9064327485380117
0.357,0.9646974063400576,0.9629629629629629,0.9536951841949932,0.9571150097465887,0.911582931148224,0.9064327485380117
0.358,0.9646974063400576,0.9629629629629629,0.9536951841949932,0.9571150097465887,0.9130889552446095,0.9064327485380117
0.359,0.9646974063400576,0.9629629629629629,0.9536951841949932,0.9571150097465887,0.9130889552446095,0.9064327485380117
0.36,0.9646974063400576,0.9629629629629629,0.9536951841949932,0.9571150097465887,0.9130889552446095,0.9064327485380117
0.361,0.9646974063400576,0.9629629629629629,0.954415645290094,0.9571150097465887,0.9138094163397104,0.9074074074074074
0.362,0.9646974063400576,0.9629629629629629,0.955136106385195,0.9580896686159844,0.9138094163397104,0.9074074074074074
0.363,0.9646974063400576,0.9629629629629629,0.955136106385195,0.9590643274853801,0.9138094163397104,0.9074074074074074
0.364,0.9646974063400576,0.9649122807017544,0.955136106385195,0.9600389863547758,0.9138094163397104,0.9083820662768031
0.365,0.9646974063400576,0.9649122807017544,0.9558565674802959,0.9610136452241715,0.9145298774348113,0.9093567251461988
0.366,0.9646974063400576,0.9649122807017544,0.9573625915766815,0.9610136452241715,0.9152503385299121,0.9093567251461988
0.367,0.9654178674351586,0.9649122807017544,0.9573625915766815,0.9610136452241715,0.9152503385299121,0.9093567251461988
0.368,0.9654178674351586,0.9649122807017544,0.9573625915766815,0.9610136452241715,0.9152503385299121,0.9103313840155945
0.369,0.9654178674351586,0.9658869395711501,0.9573625915766815,0.9610136452241715,0.9152503385299121,0.9103313840155945
0.37,0.9661383285302594,0.9658869395711501,0.9573625915766815,0.9610136452241715,0.9152503385299121,0.9122807017543859
0.371,0.9661383285302594,0.9668615984405458,0.9573625915766815,0.9610136452241715,0.9152503385299121,0.9142300194931774
0.372,0.9668587896253602,0.9678362573099415,0.9573625915766815,0.9610136452241715,0.9166912607201139,0.9161793372319688
0.373,0.9668587896253602,0.9678362573099415,0.9573625915766815,0.9619883040935673,0.9174117218152147,0.9171539961013645
0.374,0.9668587896253602,0.9678362573099415,0.9573625915766815,0.9619883040935673,0.920358668101802,0.9171539961013645
0.375,0.968299711815562,0.9678362573099415,0.9580830526717823,0.9619883040935673,0.9210791291969029,0.9171539961013645
0.376,0.968299711815562,0.9678362573099415,0.9580830526717823,0.9619883040935673,0.9210791291969029,0.9181286549707602
0.377,0.968299711815562,0.9678362573099415,0.9580830526717823,0.9619883040935673,0.9210791291969029,0.919103313840156
0.378,0.968299711815562,0.9678362573099415,0.9610299989583695,0.9619883040935673,0.9210791291969029,0.9200779727095516
0.379,0.9690201729106629,0.9678362573099415,0.9610299989583695,0.9619883040935673,0.9210791291969029,0.9200779727095516
0.38,0.9690201729106629,0.9678362573099415,0.9610299989583695,0.9619883040935673,0.9210791291969029,0.9210526315789473
0.381,0.9690201729106629,0.9678362573099415,0.9610299989583695,0.9619883040935673,0.9210791291969029,0.9210526315789473
0.382,0.9690201729106629,0.9688109161793372,0.9617504600534703,0.9629629629629629,0.9217995902920038,0.9210526315789473
0.383,0.9690201729106629,0.9688109161793372,0.9617504600534703,0.9629629629629629,0.9232405124822054,0.9210526315789473
0.384,0.9690201729106629,0.9688109161793372,0.9617504600534703,0.9629629629629629,0.9232405124822054,0.9220272904483431
0.385,0.9690201729106629,0.9688109161793372,0.9617504600534703,0.9629629629629629,0.9239609735773063,0.9230019493177388
0.386,0.9690201729106629,0.9688109161793372,0.9624709211485711,0.9629629629629629,0.9261223568626089,0.9230019493177388
0.387,0.9690201729106629,0.9688109161793372,0.9624709211485711,0.9629629629629629,0.9261223568626089,0.9230019493177388
0.388,0.9690201729106629,0.9688109161793372,0.9624709211485711,0.9629629629629629,0.9268428179577097,0.9230019493177388
0.389,0.9690201729106629,0.9688109161793372,0.9624709211485711,0.9639376218323586,0.9268428179577097,0.9230019493177388
0.39,0.9690201729106629,0.9688109161793372,0.9624709211485711,0.9639376218323586,0.9268428179577097,0.9230019493177388
0.391,0.9690201729106629,0.9688109161793372,0.9624709211485711,0.9639376218323586,0.9275632790528107,0.9239766081871345
0.392,0.9690201729106629,0.9688109161793372,0.9624709211485711,0.9639376218323586,0.9275632790528107,0.9239766081871345
0.393,0.9690201729106629,0.9688109161793372,0.9624709211485711,0.9639376218323586,0.9275632790528107,0.9239766081871345
0.394,0.9690201729106629,0.9688109161793372,0.9624709211485711,0.9639376218323586,0.9297897642442972,0.9239766081871345
0.395,0.9690201729106629,0.9688109161793372,0.9624709211485711,0.9639376218323586,0.9297897642442972,0.9259259259259259
0.396,0.9690201729106629,0.969785575048733,0.9624709211485711,0.9649122807017544,0.930510225339398,0.9259259259259259
0.397,0.9697406340057637,0.9707602339181286,0.9624709211485711,0.9649122807017544,0.930510225339398,0.9259259259259259
0.398,0.9697406340057637,0.9717348927875243,0.9624709211485711,0.9649122807017544,0.930510225339398,0.9259259259259259
0.399,0.9704610951008645,0.9727095516569201,0.9624709211485711,0.9649122807017544,0.930510225339398,0.9259259259259259
0.4,0.9711815561959654,0.9727095516569201,0.9624709211485711,0.9649122807017544,0.930510225339398,0.9259259259259259
0.401,0.9711815561959654,0.9727095516569201,0.9624709211485711,0.9649122807017544,0.930510225339398,0.9259259259259259
0.402,0.9711815561959654,0.9727095516569201,0.9624709211485711,0.9649122807017544,0.9312306864344988,0.9259259259259259
0.403,0.9711815561959654,0.9727095516569201,0.9624709211485711,0.9649122807017544,0.9312306864344988,0.9259259259259259
0.404,0.9711815561959654,0.9727095516569201,0.9624709211485711,0.9658869395711501,0.9319511475295996,0.9259259259259259
0.405,0.9711815561959654,0.9727095516569201,0.9624709211485711,0.9658869395711501,0.9319511475295996,0.9259259259259259
0.406,0.9711815561959654,0.9727095516569201,0.9624709211485711,0.9658869395711501,0.9319511475295996,0.9269005847953217
0.40700000000000003,0.9726224783861672,0.9727095516569201,0.9624709211485711,0.9668615984405458,0.9319511475295996,0.9278752436647173
0.40800000000000003,0.9726224783861672,0.9736842105263158,0.9631913822436721,0.9668615984405458,0.9319511475295996,0.9278752436647173
0.40900000000000003,0.9726224783861672,0.9736842105263158,0.963911843338773,0.9668615984405458,0.9319511475295996,0.928849902534113
0.41000000000000003,0.9726224783861672,0.9736842105263158,0.9646323044338738,0.9668615984405458,0.9319511475295996,0.9298245614035088
0.41100000000000003,0.9726224783861672,0.9736842105263158,0.9646323044338738,0.9668615984405458,0.9334571716259852,0.9298245614035088
0.41200000000000003,0.9726224783861672,0.9736842105263158,0.9646323044338738,0.9668615984405458,0.9334571716259852,0.9298245614035088
0.41300000000000003,0.9726224783861672,0.9736842105263158,0.9646323044338738,0.9668615984405458,0.9334571716259852,0.9298245614035088
0.41400000000000003,0.9726224783861672,0.9736842105263158,0.9646323044338738,0.9668615984405458,0.9334571716259852,0.9298245614035088
0.41500000000000004,0.9726224783861672,0.9736842105263158,0.9646323044338738,0.9668615984405458,0.9334571716259852,0.9298245614035088
0.41600000000000004,0.9726224783861672,0.9736842105263158,0.9646323044338738,0.969785575048733,0.9334571716259852,0.9298245614035088
0.417,0.9726224783861672,0.9736842105263158,0.9661383285302594,0.969785575048733,0.9334571716259852,0.9307992202729045
0.418,0.973342939481268,0.9736842105263158,0.9661383285302594,0.9707602339181286,0.9334571716259852,0.9327485380116959
0.419,0.9740634005763689,0.9736842105263158,0.9661383285302594,0.9707602339181286,0.934177632721086,0.9327485380116959
0.42,0.9747838616714697,0.9736842105263158,0.9661383285302594,0.9707602339181286,0.9348980938161869,0.9337231968810916
0.421,0.9747838616714697,0.9736842105263158,0.967579250720461,0.9707602339181286,0.9348980938161869,0.9346978557504874
0.422,0.9747838616714697,0.9736842105263158,0.967579250720461,0.9717348927875243,0.9348980938161869,0.9346978557504874
0.423,0.9747838616714697,0.9736842105263158,0.967579250720461,0.9717348927875243,0.9356185549112878,0.935672514619883
0.424,0.9747838616714697,0.9736842105263158,0.967579250720461,0.9717348927875243,0.9356185549112878,0.935672514619883
0.425,0.9747838616714697,0.9736842105263158,0.968299711815562,0.9717348927875243,0.9356185549112878,0.935672514619883
0.426,0.9747838616714697,0.9736842105263158,0.968299711815562,0.9717348927875243,0.9370594771014895,0.935672514619883
0.427,0.9747838616714697,0.9736842105263158,0.968299711815562,0.9717348927875243,0.9377799381965903,0.935672514619883
0.428,0.9747838616714697,0.9736842105263158,0.968299711815562,0.9717348927875243,0.9392208603867921,0.935672514619883
0.429,0.9747838616714697,0.9736842105263158,0.968299711815562,0.9727095516569201,0.9392208603867921,0.935672514619883
0.43,0.9747838616714697,0.9736842105263158,0.968299711815562,0.9727095516569201,0.9392208603867921,0.935672514619883
0.431,0.9747838616714697,0.9736842105263158,0.9690201729106629,0.9746588693957114,0.9392208603867921,0.935672514619883
0.432,0.9755043227665706,0.9736842105263158,0.9690201729106629,0.9746588693957114,0.9392208603867921,0.9376218323586745
0.433,0.9755043227665706,0.9736842105263158,0.9704610951008645,0.9756335282651072,0.939941321481893,0.9395711500974658
0.434,0.9755043227665706,0.9736842105263158,0.9704610951008645,0.9756335282651072,0.9414473455782786,0.9395711500974658
0.435,0.9755043227665706,0.9736842105263158,0.9704610951008645,0.9766081871345029,0.9421678066733794,0.9395711500974658
0.436,0.9755043227665706,0.9746588693957114,0.9704610951008645,0.9766081871345029,0.9428882677684802,0.9395711500974658
0.437,0.9755043227665706,0.9756335282651072,0.9704610951008645,0.9766081871345029,0.9428882677684802,0.9405458089668616
0.438,0.9755043227665706,0.9756335282651072,0.9704610951008645,0.9766081871345029,0.943608728863581,0.9405458089668616
0.439,0.9762247838616716,0.9756335282651072,0.9704610951008645,0.9766081871345029,0.943608728863581,0.9405458089668616
0.44,0.9762247838616716,0.9756335282651072,0.9704610951008645,0.9766081871345029,0.943608728863581,0.9405458089668616
0.441,0.9762247838616716,0.9756335282651072,0.9704610951008645,0.9766081871345029,0.943608728863581,0.9405458089668616
0.442,0.9762247838616716,0.9756335282651072,0.9704610951008645,0.9775828460038987,0.943608728863581,0.9415204678362573
0.443,0.9762247838616716,0.9756335282651072,0.9704610951008645,0.9775828460038987,0.943608728863581,0.9415204678362573
0.444,0.9762247838616716,0.9756335282651072,0.9704610951008645,0.9775828460038987,0.9450496510537829,0.9415204678362573
0.445,0.9762247838616716,0.9766081871345029,0.9719020172910663,0.9785575048732943,0.9450496510537829,0.9415204678362573
0.446,0.9769452449567724,0.9766081871345029,0.9719020172910663,0.9785575048732943,0.9450496510537829,0.942495126705653
0.447,0.9769452449567724,0.9766081871345029,0.9719020172910663,0.9785575048732943,0.9450496510537829,0.942495126705653
0.448,0.9769452449567724,0.9766081871345029,0.9719020172910663,0.9785575048732943,0.9450496510537829,0.9434697855750487
0.449,0.9769452449567724,0.9766081871345029,0.9719020172910663,0.9805068226120858,0.9450496510537829,0.9434697855750487
0.45,0.9769452449567724,0.9775828460038987,0.9719020172910663,0.9814814814814815,0.9450496510537829,0.9434697855750487
0.451,0.9769452449567724,0.9775828460038987,0.9719020172910663,0.9814814814814815,0.9450496510537829,0.9444444444444444
0.452,0.9769452449567724,0.9775828460038987,0.9719020172910663,0.9814814814814815,0.9457701121488837,0.9444444444444444
0.453,0.9769452449567724,0.9775828460038987,0.9719020172910663,0.9814814814814815,0.9457701121488837,0.9444444444444444
0.454,0.9769452449567724,0.9775828460038987,0.9719020172910663,0.9814814814814815,0.9457701121488837,0.9454191033138402
0.455,0.9769452449567724,0.9775828460038987,0.973342939481268,0.9814814814814815,0.9457701121488837,0.9463937621832359
0.456,0.9769452449567724,0.9775828460038987,0.973342939481268,0.9814814814814815,0.9457701121488837,0.9463937621832359
0.457,0.9769452449567724,0.9775828460038987,0.973342939481268,0.9814814814814815,0.9472110343390854,0.9473684210526315
0.458,0.9769452449567724,0.9775828460038987,0.9740634005763689,0.9814814814814815,0.9472110343390854,0.949317738791423
0.459,0.9769452449567724,0.9775828460038987,0.9740634005763689,0.9814814814814815,0.9472110343390854,0.949317738791423
0.46,0.9769452449567724,0.9775828460038987,0.9740634005763689,0.9814814814814815,0.9472110343390854,0.949317738791423
0.461,0.9769452449567724,0.9775828460038987,0.9740634005763689,0.9814814814814815,0.9472110343390854,0.949317738791423
0.462,0.9776657060518732,0.9775828460038987,0.9740634005763689,0.9814814814814815,0.9472110343390854,0.949317738791423
0.463,0.9776657060518732,0.9775828460038987,0.9740634005763689,0.9814814814814815,0.9472110343390854,0.9502923976608187
0.464,0.9776657060518732,0.9775828460038987,0.9747838616714697,0.9814814814814815,0.9472110343390854,0.9502923976608187
0.465,0.9776657060518732,0.9775828460038987,0.9747838616714697,0.9814814814814815,0.9472110343390854,0.9502923976608187
0.466,0.9776657060518732,0.9775828460038987,0.9747838616714697,0.9824561403508771,0.9472110343390854,0.9502923976608187
0.467,0.9776657060518732,0.9775828460038987,0.9747838616714697,0.9824561403508771,0.9472110343390854,0.9502923976608187
0.468,0.9776657060518732,0.9785575048732943,0.9747838616714697,0.9824561403508771,0.9479314954341863,0.9512670565302144
0.46900000000000003,0.9776657060518732,0.9785575048732943,0.9747838616714697,0.9824561403508771,0.9479314954341863,0.9512670565302144
0.47000000000000003,0.9776657060518732,0.9785575048732943,0.9747838616714697,0.9824561403508771,0.9486519565292872,0.9532163742690059
0.47100000000000003,0.9776657060518732,0.9785575048732943,0.9747838616714697,0.9824561403508771,0.9486519565292872,0.9532163742690059
0.47200000000000003,0.9776657060518732,0.9785575048732943,0.9747838616714697,0.9824561403508771,0.9493724176243881,0.9532163742690059
0.47300000000000003,0.9776657060518732,0.97953216374269,0.9747838616714697,0.9834307992202729,0.9493724176243881,0.9532163742690059
0.47400000000000003,0.9776657060518732,0.97953216374269,0.9747838616714697,0.9834307992202729,0.9493724176243881,0.9532163742690059
0.47500000000000003,0.9776657060518732,0.97953216374269,0.9747838616714697,0.9834307992202729,0.9493724176243881,0.9532163742690059
0.47600000000000003,0.9776657060518732,0.97953216374269,0.9747838616714697,0.9834307992202729,0.9493724176243881,0.9532163742690059
0.47700000000000004,0.9776657060518732,0.97953216374269,0.9747838616714697,0.9834307992202729,0.9493724176243881,0.9532163742690059
0.47800000000000004,0.9776657060518732,0.97953216374269,0.9747838616714697,0.9834307992202729,0.9493724176243881,0.9532163742690059
0.47900000000000004,0.9776657060518732,0.97953216374269,0.9755043227665706,0.9834307992202729,0.9493724176243881,0.9532163742690059
0.48,0.9776657060518732,0.97953216374269,0.9755043227665706,0.9834307992202729,0.9493724176243881,0.9532163742690059
0.481,0.9776657060518732,0.97953216374269,0.9755043227665706,0.9844054580896686,0.9493724176243881,0.9532163742690059
0.482,0.9776657060518732,0.97953216374269,0.9755043227665706,0.9844054580896686,0.9508133398145897,0.9532163742690059
0.483,0.9776657060518732,0.97953216374269,0.9755043227665706,0.9844054580896686,0.9508133398145897,0.9532163742690059
0.484,0.9776657060518732,0.97953216374269,0.9762247838616716,0.9844054580896686,0.9515338009096906,0.9532163742690059
0.485,0.9776657060518732,0.97953216374269,0.9769452449567724,0.9844054580896686,0.9522542620047916,0.9532163742690059
0.486,0.9776657060518732,0.97953216374269,0.9769452449567724,0.9844054580896686,0.9522542620047916,0.9532163742690059
0.487,0.978386167146974,0.97953216374269,0.9769452449567724,0.9844054580896686,0.9529747230998924,0.9532163742690059
0.488,0.978386167146974,0.9805068226120858,0.978386167146974,0.9844054580896686,0.9529747230998924,0.9532163742690059
0.489,0.978386167146974,0.9805068226120858,0.9798270893371758,0.9844054580896686,0.9529747230998924,0.9541910331384016
0.49,0.978386167146974,0.9805068226120858,0.9798270893371758,0.9844054580896686,0.9529747230998924,0.9541910331384016
0.491,0.978386167146974,0.9805068226120858,0.9798270893371758,0.9844054580896686,0.9529747230998924,0.9541910331384016
0.492,0.978386167146974,0.9805068226120858,0.9798270893371758,0.9844054580896686,0.9529747230998924,0.9541910331384016
0.493,0.978386167146974,0.9805068226120858,0.9798270893371758,0.9844054580896686,0.9529747230998924,0.9541910331384016
0.494,0.978386167146974,0.9805068226120858,0.9798270893371758,0.9844054580896686,0.9529747230998924,0.956140350877193
0.495,0.978386167146974,0.9805068226120858,0.9798270893371758,0.9844054580896686,0.9529747230998924,0.956140350877193
0.496,0.978386167146974,0.9805068226120858,0.9798270893371758,0.9844054580896686,0.954415645290094,0.956140350877193
0.497,0.978386167146974,0.9805068226120858,0.9798270893371758,0.9844054580896686,0.955136106385195,0.956140350877193
0.498,0.978386167146974,0.9805068226120858,0.9798270893371758,0.9844054580896686,0.955136106385195,0.956140350877193
0.499,0.978386167146974,0.9805068226120858,0.9798270893371758,0.9844054580896686,0.955136106385195,0.956140350877193
0.5,0.978386167146974,0.9814814814814815,0.9798270893371758,0.9844054580896686,0.955136106385195,0.956140350877193
0.501,0.978386167146974,0.9814814814814815,0.9798270893371758,0.9844054580896686,0.9558565674802959,0.956140350877193
0.502,0.978386167146974,0.9814814814814815,0.9798270893371758,0.9844054580896686,0.9558565674802959,0.956140350877193
0.503,0.978386167146974,0.9814814814814815,0.9798270893371758,0.9844054580896686,0.9558565674802959,0.956140350877193
0.504,0.979106628242075,0.9814814814814815,0.9798270893371758,0.9853801169590644,0.9558565674802959,0.956140350877193
0.505,0.979106628242075,0.9814814814814815,0.9805475504322767,0.9853801169590644,0.9558565674802959,0.956140350877193
0.506,0.979106628242075,0.9814814814814815,0.9805475504322767,0.9853801169590644,0.9558565674802959,0.9571150097465887
0.507,0.979106628242075,0.9814814814814815,0.9805475504322767,0.9853801169590644,0.9565770285753967,0.9571150097465887
0.508,0.979106628242075,0.9814814814814815,0.9805475504322767,0.9853801169590644,0.9565770285753967,0.9571150097465887
0.509,0.979106628242075,0.9824561403508771,0.9805475504322767,0.9853801169590644,0.9572974896704975,0.9571150097465887
0.51,0.979106628242075,0.9824561403508771,0.9805475504322767,0.9853801169590644,0.9572974896704975,0.9571150097465887
0.511,0.979106628242075,0.9824561403508771,0.9805475504322767,0.9853801169590644,0.9580179507655984,0.9590643274853801
0.512,0.979106628242075,0.9824561403508771,0.9805475504322767,0.9853801169590644,0.9580179507655984,0.9590643274853801
0.513,0.979106628242075,0.9824561403508771,0.9805475504322767,0.9853801169590644,0.9580179507655984,0.9590643274853801
0.514,0.979106628242075,0.9834307992202729,0.9805475504322767,0.9853801169590644,0.9580179507655984,0.9590643274853801
0.515,0.9798270893371758,0.9834307992202729,0.9805475504322767,0.9853801169590644,0.9580179507655984,0.9590643274853801
0.516,0.9798270893371758,0.9853801169590644,0.9805475504322767,0.9853801169590644,0.9587384118606993,0.9590643274853801
0.517,0.9798270893371758,0.9853801169590644,0.9805475504322767,0.98635477582846,0.9587384118606993,0.9610136452241715
0.518,0.9798270893371758,0.9853801169590644,0.9805475504322767,0.98635477582846,0.9594588729558001,0.9610136452241715
0.519,0.9798270893371758,0.9853801169590644,0.9805475504322767,0.98635477582846,0.9594588729558001,0.9610136452241715
0.52,0.9798270893371758,0.98635477582846,0.9805475504322767,0.98635477582846,0.9616202562411027,0.9610136452241715
0.521,0.9798270893371758,0.98635477582846,0.9805475504322767,0.98635477582846,0.9616202562411027,0.9610136452241715
0.522,0.9798270893371758,0.98635477582846,0.9805475504322767,0.98635477582846,0.9616202562411027,0.9619883040935673
0.523,0.9798270893371758,0.98635477582846,0.9805475504322767,0.98635477582846,0.9616202562411027,0.9619883040935673
0.524,0.9798270893371758,0.98635477582846,0.9805475504322767,0.98635477582846,0.9616202562411027,0.9619883040935673
0.525,0.9798270893371758,0.9873294346978557,0.9805475504322767,0.98635477582846,0.9623407173362035,0.9619883040935673
0.526,0.9798270893371758,0.9873294346978557,0.9805475504322767,0.9873294346978557,0.9623407173362035,0.9619883040935673
0.527,0.9798270893371758,0.9883040935672515,0.9805475504322767,0.9883040935672515,0.9623407173362035,0.9619883040935673
0.528,0.9798270893371758,0.9883040935672515,0.9805475504322767,0.9883040935672515,0.9623407173362035,0.9619883040935673
0.529,0.9798270893371758,0.9883040935672515,0.9805475504322767,0.9883040935672515,0.9623407173362035,0.9619883040935673
0.53,0.9805475504322767,0.9883040935672515,0.9805475504322767,0.9883040935672515,0.9623407173362035,0.9619883040935673
0.531,0.9805475504322767,0.9883040935672515,0.9805475504322767,0.9883040935672515,0.9630611784313045,0.9619883040935673
0.532,0.9812680115273775,0.9892787524366472,0.9805475504322767,0.9883040935672515,0.9630611784313045,0.9619883040935673
0.533,0.9819884726224783,0.9892787524366472,0.9805475504322767,0.9883040935672515,0.9637816395264054,0.9619883040935673
0.534,0.9819884726224783,0.9892787524366472,0.9805475504322767,0.9892787524366472,0.9637816395264054,0.9619883040935673
0.535,0.9819884726224783,0.9892787524366472,0.9805475504322767,0.9892787524366472,0.9637816395264054,0.9619883040935673
0.536,0.9819884726224783,0.9892787524366472,0.9805475504322767,0.9892787524366472,0.9637816395264054,0.9619883040935673
0.537,0.9819884726224783,0.9892787524366472,0.9805475504322767,0.9902534113060428,0.9637816395264054,0.9619883040935673
0.538,0.9819884726224783,0.9892787524366472,0.9805475504322767,0.9902534113060428,0.9637816395264054,0.9619883040935673
0.539,0.9819884726224783,0.9892787524366472,0.9805475504322767,0.9902534113060428,0.9637816395264054,0.9619883040935673
0.54,0.9819884726224783,0.9892787524366472,0.9805475504322767,0.9902534113060428,0.9637816395264054,0.9619883040935673
0.541,0.9819884726224783,0.9892787524366472,0.9805475504322767,0.9902534113060428,0.9637816395264054,0.9619883040935673
0.542,0.9819884726224783,0.9892787524366472,0.9805475504322767,0.9902534113060428,0.9637816395264054,0.9619883040935673
0.543,0.9819884726224783,0.9892787524366472,0.9805475504322767,0.9902534113060428,0.9637816395264054,0.9619883040935673
0.544,0.9819884726224783,0.9892787524366472,0.9805475504322767,0.9902534113060428,0.9637816395264054,0.9619883040935673
0.545,0.9819884726224783,0.9892787524366472,0.9805475504322767,0.9902534113060428,0.9637816395264054,0.9619883040935673
0.546,0.9819884726224783,0.9892787524366472,0.9805475504322767,0.9902534113060428,0.9637816395264054,0.9639376218323586
0.547,0.9819884726224783,0.9892787524366472,0.9805475504322767,0.9902534113060428,0.9637816395264054,0.9639376218323586
0.548,0.9819884726224783,0.9892787524366472,0.9805475504322767,0.9902534113060428,0.9637816395264054,0.9639376218323586
0.549,0.9819884726224783,0.9892787524366472,0.9805475504322767,0.9902534113060428,0.9637816395264054,0.9639376218323586
0.55,0.9819884726224783,0.9892787524366472,0.9805475504322767,0.9902534113060428,0.9637816395264054,0.9649122807017544
0.551,0.9819884726224783,0.9892787524366472,0.9805475504322767,0.9902534113060428,0.9637816395264054,0.9649122807017544
0.552,0.9827089337175792,0.9892787524366472,0.9805475504322767,0.9902534113060428,0.9645021006215062,0.9649122807017544
0.553,0.9827089337175792,0.9892787524366472,0.9805475504322767,0.9902534113060428,0.9645021006215062,0.9649122807017544
0.554,0.9827089337175792,0.9892787524366472,0.9805475504322767,0.9902534113060428,0.9645021006215062,0.9649122807017544
0.555,0.9827089337175792,0.9892787524366472,0.9805475504322767,0.9902534113060428,0.9645021006215062,0.9649122807017544
0.556,0.9827089337175792,0.9892787524366472,0.9805475504322767,0.9902534113060428,0.9645021006215062,0.9649122807017544
0.557,0.9827089337175792,0.9892787524366472,0.9805475504322767,0.9902534113060428,0.9645021006215062,0.9658869395711501
0.558,0.9827089337175792,0.9892787524366472,0.9812680115273775,0.9902534113060428,0.9645021006215062,0.9658869395711501
0.559,0.9834293948126801,0.9892787524366472,0.9812680115273775,0.9902534113060428,0.965222561716607,0.9658869395711501
0.56,0.9834293948126801,0.9892787524366472,0.9812680115273775,0.9902534113060428,0.965222561716607,0.9658869395711501
0.561,0.9834293948126801,0.9892787524366472,0.9819884726224783,0.9902534113060428,0.965222561716607,0.9668615984405458
0.562,0.984149855907781,0.9892787524366472,0.9819884726224783,0.9902534113060428,0.965222561716607,0.9678362573099415
0.5630000000000001,0.984149855907781,0.9892787524366472,0.9827089337175792,0.9902534113060428,0.965222561716607,0.9678362573099415
0.5640000000000001,0.9848703170028819,0.9892787524366472,0.9827089337175792,0.9902534113060428,0.965222561716607,0.9678362573099415
0.5650000000000001,0.9848703170028819,0.9892787524366472,0.9827089337175792,0.9912280701754386,0.965222561716607,0.9688109161793372
0.5660000000000001,0.9848703170028819,0.9892787524366472,0.9827089337175792,0.9912280701754386,0.965222561716607,0.9688109161793372
0.5670000000000001,0.9848703170028819,0.9892787524366472,0.9827089337175792,0.9912280701754386,0.965222561716607,0.9688109161793372
0.5680000000000001,0.9848703170028819,0.9892787524366472,0.9827089337175792,0.9912280701754386,0.965222561716607,0.9688109161793372
0.5690000000000001,0.9848703170028819,0.9892787524366472,0.9827089337175792,0.9912280701754386,0.965222561716607,0.9688109161793372
0.5700000000000001,0.9848703170028819,0.9902534113060428,0.9827089337175792,0.9912280701754386,0.965222561716607,0.9688109161793372
0.5710000000000001,0.9848703170028819,0.9902534113060428,0.9827089337175792,0.9912280701754386,0.965222561716607,0.9688109161793372
0.5720000000000001,0.9848703170028819,0.9902534113060428,0.9827089337175792,0.9912280701754386,0.9659430228117079,0.9688109161793372
0.5730000000000001,0.9848703170028819,0.9902534113060428,0.9827089337175792,0.9912280701754386,0.9659430228117079,0.969785575048733
0.5740000000000001,0.9848703170028819,0.9902534113060428,0.9827089337175792,0.9912280701754386,0.9659430228117079,0.969785575048733
0.5750000000000001,0.9848703170028819,0.9902534113060428,0.9827089337175792,0.9922027290448343,0.9659430228117079,0.969785575048733
0.5760000000000001,0.9848703170028819,0.9902534113060428,0.9827089337175792,0.9922027290448343,0.9673839450019097,0.969785575048733
0.577,0.9848703170028819,0.9902534113060428,0.9827089337175792,0.99317738791423,0.9673839450019097,0.969785575048733
0.578,0.9848703170028819,0.9902534113060428,0.9827089337175792,0.9941520467836257,0.9673839450019097,0.969785575048733
0.579,0.9855907780979827,0.9902534113060428,0.9827089337175792,0.9941520467836257,0.9673839450019097,0.969785575048733
0.58,0.9855907780979827,0.9902534113060428,0.9827089337175792,0.9941520467836257,0.9673839450019097,0.969785575048733
0.581,0.9855907780979827,0.9902534113060428,0.9827089337175792,0.9941520467836257,0.9673839450019097,0.969785575048733
0.582,0.9855907780979827,0.9902534113060428,0.9827089337175792,0.9941520467836257,0.9688248671921114,0.969785575048733
0.583,0.9855907780979827,0.9902534113060428,0.9827089337175792,0.9941520467836257,0.9688248671921114,0.969785575048733
0.584,0.9855907780979827,0.9902534113060428,0.9827089337175792,0.9941520467836257,0.9688248671921114,0.969785575048733
0.585,0.9855907780979827,0.9902534113060428,0.9827089337175792,0.9941520467836257,0.9688248671921114,0.969785575048733
0.586,0.9855907780979827,0.9902534113060428,0.9834293948126801,0.9941520467836257,0.9695453282872122,0.9707602339181286
0.587,0.9855907780979827,0.9902534113060428,0.9834293948126801,0.9941520467836257,0.9695453282872122,0.9707602339181286
0.588,0.9855907780979827,0.9902534113060428,0.9834293948126801,0.9941520467836257,0.9695453282872122,0.9717348927875243
0.589,0.9855907780979827,0.9902534113060428,0.9834293948126801,0.9941520467836257,0.9695453282872122,0.9727095516569201
0.59,0.9855907780979827,0.9902534113060428,0.9834293948126801,0.9941520467836257,0.9695453282872122,0.9727095516569201
0.591,0.9855907780979827,0.9902534113060428,0.9834293948126801,0.9941520467836257,0.9695453282872122,0.9727095516569201
0.592,0.9855907780979827,0.9902534113060428,0.9834293948126801,0.9941520467836257,0.9695453282872122,0.9727095516569201
0.593,0.9855907780979827,0.9902534113060428,0.9834293948126801,0.9941520467836257,0.9695453282872122,0.9727095516569201
0.594,0.9855907780979827,0.9902534113060428,0.9834293948126801,0.9941520467836257,0.9695453282872122,0.9727095516569201
0.595,0.9855907780979827,0.9902534113060428,0.9834293948126801,0.9941520467836257,0.9695453282872122,0.9727095516569201
0.596,0.9855907780979827,0.9902534113060428,0.984149855907781,0.9941520467836257,0.9695453282872122,0.9727095516569201
0.597,0.9855907780979827,0.9902534113060428,0.984149855907781,0.9941520467836257,0.9695453282872122,0.9727095516569201
0.598,0.9855907780979827,0.9902534113060428,0.984149855907781,0.9941520467836257,0.9695453282872122,0.9727095516569201
0.599,0.9855907780979827,0.9902534113060428,0.984149855907781,0.9941520467836257,0.9695453282872122,0.9727095516569201
0.6,0.9863112391930835,0.9902534113060428,0.984149855907781,0.9941520467836257,0.9695453282872122,0.9727095516569201
0.601,0.9870317002881844,0.9912280701754386,0.984149855907781,0.9941520467836257,0.9695453282872122,0.9727095516569201
0.602,0.9870317002881844,0.9912280701754386,0.984149855907781,0.9941520467836257,0.9695453282872122,0.9727095516569201
0.603,0.9870317002881844,0.9912280701754386,0.984149855907781,0.9941520467836257,0.9695453282872122,0.9727095516569201
0.604,0.9870317002881844,0.9912280701754386,0.984149855907781,0.9951267056530214,0.9695453282872122,0.9736842105263158
0.605,0.9877521613832854,0.9912280701754386,0.984149855907781,0.9951267056530214,0.9695453282872122,0.9746588693957114
0.606,0.9877521613832854,0.9912280701754386,0.984149855907781,0.9951267056530214,0.9695453282872122,0.9746588693957114
0.607,0.9877521613832854,0.9912280701754386,0.984149855907781,0.9951267056530214,0.9695453282872122,0.9746588693957114
0.608,0.9877521613832854,0.9922027290448343,0.9848703170028819,0.9961013645224172,0.9695453282872122,0.9756335282651072
0.609,0.9877521613832854,0.9922027290448343,0.9848703170028819,0.9961013645224172,0.9695453282872122,0.9756335282651072
0.61,0.9877521613832854,0.9922027290448343,0.9848703170028819,0.9961013645224172,0.970986250477414,0.9756335282651072
0.611,0.9877521613832854,0.9922027290448343,0.9848703170028819,0.9961013645224172,0.970986250477414,0.9756335282651072
0.612,0.9877521613832854,0.9922027290448343,0.9848703170028819,0.9961013645224172,0.9717067115725149,0.9756335282651072
0.613,0.9877521613832854,0.9922027290448343,0.9848703170028819,0.9961013645224172,0.9717067115725149,0.9756335282651072
0.614,0.9877521613832854,0.9922027290448343,0.9848703170028819,0.9961013645224172,0.9717067115725149,0.9756335282651072
0.615,0.9877521613832854,0.9922027290448343,0.9848703170028819,0.9961013645224172,0.9717067115725149,0.9756335282651072
0.616,0.9877521613832854,0.9922027290448343,0.9848703170028819,0.9961013645224172,0.9717067115725149,0.9756335282651072
0.617,0.9884726224783862,0.9922027290448343,0.9848703170028819,0.9961013645224172,0.9717067115725149,0.9766081871345029
0.618,0.9884726224783862,0.9922027290448343,0.9848703170028819,0.9961013645224172,0.9724271726676157,0.9766081871345029
0.619,0.9884726224783862,0.9922027290448343,0.9848703170028819,0.9961013645224172,0.9724271726676157,0.9775828460038987
0.62,0.9884726224783862,0.9922027290448343,0.9848703170028819,0.9961013645224172,0.9724271726676157,0.9785575048732943
0.621,0.9884726224783862,0.9922027290448343,0.9848703170028819,0.9961013645224172,0.9731476337627165,0.9785575048732943
0.622,0.9884726224783862,0.9922027290448343,0.9848703170028819,0.9961013645224172,0.9738680948578174,0.9785575048732943
0.623,0.9884726224783862,0.9922027290448343,0.9848703170028819,0.9961013645224172,0.9738680948578174,0.97953216374269
0.624,0.9884726224783862,0.9922027290448343,0.9848703170028819,0.9961013645224172,0.9738680948578174,0.9805068226120858
0.625,0.9884726224783862,0.9922027290448343,0.9848703170028819,0.9961013645224172,0.9745885559529184,0.9805068226120858
0.626,0.9884726224783862,0.9922027290448343,0.9848703170028819,0.9961013645224172,0.9745885559529184,0.9805068226120858
0.627,0.9884726224783862,0.9922027290448343,0.9848703170028819,0.9961013645224172,0.9745885559529184,0.9805068226120858
0.628,0.9884726224783862,0.9922027290448343,0.9848703170028819,0.9961013645224172,0.9745885559529184,0.9805068226120858
0.629,0.9884726224783862,0.9922027290448343,0.9848703170028819,0.9961013645224172,0.9745885559529184,0.9805068226120858
0.63,0.9884726224783862,0.9922027290448343,0.9848703170028819,0.9961013645224172,0.9745885559529184,0.9805068226120858
0.631,0.9884726224783862,0.9922027290448343,0.9848703170028819,0.9961013645224172,0.9753090170480192,0.9805068226120858
0.632,0.9884726224783862,0.9922027290448343,0.9848703170028819,0.9961013645224172,0.9753090170480192,0.9805068226120858
0.633,0.9884726224783862,0.9922027290448343,0.9848703170028819,0.9961013645224172,0.9753090170480192,0.9805068226120858
0.634,0.9884726224783862,0.9922027290448343,0.9848703170028819,0.9961013645224172,0.9753090170480192,0.9805068226120858
0.635,0.9884726224783862,0.9922027290448343,0.9863112391930835,0.9961013645224172,0.9753090170480192,0.9805068226120858
0.636,0.9884726224783862,0.9922027290448343,0.9863112391930835,0.9961013645224172,0.9753090170480192,0.9805068226120858
0.637,0.9884726224783862,0.9922027290448343,0.9863112391930835,0.9961013645224172,0.9753090170480192,0.9805068226120858
0.638,0.9884726224783862,0.9922027290448343,0.9863112391930835,0.9961013645224172,0.9753090170480192,0.9805068226120858
0.639,0.9884726224783862,0.9922027290448343,0.9863112391930835,0.9961013645224172,0.9768150411444048,0.9805068226120858
0.64,0.9884726224783862,0.9922027290448343,0.9863112391930835,0.9961013645224172,0.9768150411444048,0.9805068226120858
0.641,0.9884726224783862,0.9922027290448343,0.9863112391930835,0.9961013645224172,0.9768150411444048,0.9805068226120858
0.642,0.9884726224783862,0.9922027290448343,0.9863112391930835,0.9961013645224172,0.9768150411444048,0.9805068226120858
0.643,0.9884726224783862,0.9922027290448343,0.9863112391930835,0.9961013645224172,0.9775355022395056,0.9805068226120858
0.644,0.9884726224783862,0.99317738791423,0.9870317002881844,0.9961013645224172,0.9782559633346064,0.9805068226120858
0.645,0.9884726224783862,0.99317738791423,0.9870317002881844,0.9961013645224172,0.9789764244297073,0.9805068226120858
0.646,0.9884726224783862,0.99317738791423,0.9870317002881844,0.9961013645224172,0.9789764244297073,0.9805068226120858
0.647,0.9884726224783862,0.99317738791423,0.9870317002881844,0.9961013645224172,0.9789764244297073,0.9805068226120858
0.648,0.9884726224783862,0.99317738791423,0.9870317002881844,0.9961013645224172,0.9789764244297073,0.9805068226120858
0.649,0.9884726224783862,0.99317738791423,0.9870317002881844,0.9961013645224172,0.9789764244297073,0.9805068226120858
0.65,0.9884726224783862,0.99317738791423,0.9870317002881844,0.9961013645224172,0.9789764244297073,0.9805068226120858
0.651,0.9884726224783862,0.99317738791423,0.9870317002881844,0.9961013645224172,0.9789764244297073,0.9805068226120858
0.652,0.9884726224783862,0.99317738791423,0.9870317002881844,0.9961013645224172,0.9789764244297073,0.9805068226120858
0.653,0.9884726224783862,0.99317738791423,0.9870317002881844,0.9961013645224172,0.9789764244297073,0.9805068226120858
0.654,0.9884726224783862,0.99317738791423,0.9877521613832854,0.9961013645224172,0.9789764244297073,0.9805068226120858
0.655,0.9884726224783862,0.99317738791423,0.9877521613832854,0.9961013645224172,0.9789764244297073,0.9805068226120858
0.656,0.9884726224783862,0.99317738791423,0.989193083573487,0.9961013645224172,0.9789764244297073,0.9805068226120858
0.657,0.9884726224783862,0.99317738791423,0.989193083573487,0.9961013645224172,0.9789764244297073,0.9805068226120858
0.658,0.9884726224783862,0.99317738791423,0.9899135446685878,0.9961013645224172,0.9796968855248082,0.9805068226120858
0.659,0.9884726224783862,0.99317738791423,0.9899135446685878,0.9961013645224172,0.9804173466199091,0.9805068226120858
0.66,0.9884726224783862,0.99317738791423,0.9899135446685878,0.9961013645224172,0.9804173466199091,0.9805068226120858
0.661,0.9884726224783862,0.99317738791423,0.9899135446685878,0.9961013645224172,0.9804173466199091,0.9805068226120858
0.662,0.9884726224783862,0.99317738791423,0.9899135446685878,0.9961013645224172,0.9811378077150099,0.9805068226120858
0.663,0.9884726224783862,0.99317738791423,0.9899135446685878,0.9961013645224172,0.9811378077150099,0.9805068226120858
0.664,0.9884726224783862,0.99317738791423,0.9899135446685878,0.9961013645224172,0.9811378077150099,0.9805068226120858
0.665,0.989193083573487,0.99317738791423,0.9899135446685878,0.9961013645224172,0.9811378077150099,0.9805068226120858
0.666,0.989193083573487,0.9941520467836257,0.9899135446685878,0.9961013645224172,0.9811378077150099,0.9805068226120858
0.667,0.989193083573487,0.9941520467836257,0.9899135446685878,0.9961013645224172,0.9811378077150099,0.9805068226120858
0.668,0.989193083573487,0.9941520467836257,0.9899135446685878,0.9961013645224172,0.9811378077150099,0.9805068226120858
0.669,0.989193083573487,0.9941520467836257,0.9899135446685878,0.9961013645224172,0.9811378077150099,0.9805068226120858
0.67,0.989193083573487,0.9941520467836257,0.9899135446685878,0.9961013645224172,0.9811378077150099,0.9805068226120858
0.671,0.989193083573487,0.9941520467836257,0.9906340057636888,0.9961013645224172,0.9811378077150099,0.9805068226120858
0.672,0.989193083573487,0.9941520467836257,0.9906340057636888,0.9961013645224172,0.9818582688101107,0.9805068226120858
0.673,0.989193083573487,0.9941520467836257,0.9906340057636888,0.9961013645224172,0.9818582688101107,0.9805068226120858
0.674,0.989193083573487,0.9941520467836257,0.9906340057636888,0.9961013645224172,0.9832991910003125,0.9805068226120858
0.675,0.989193083573487,0.9941520467836257,0.9906340057636888,0.9961013645224172,0.9840196520954134,0.9805068226120858
0.676,0.989193083573487,0.9941520467836257,0.9906340057636888,0.9961013645224172,0.9840196520954134,0.9805068226120858
0.677,0.989193083573487,0.9941520467836257,0.9920749279538905,0.9961013645224172,0.9847401131905142,0.9814814814814815
0.678,0.989193083573487,0.9941520467836257,0.9920749279538905,0.9961013645224172,0.9847401131905142,0.9814814814814815
0.679,0.989193083573487,0.9941520467836257,0.9920749279538905,0.9961013645224172,0.9847401131905142,0.9814814814814815
0.68,0.989193083573487,0.9941520467836257,0.9920749279538905,0.9961013645224172,0.9847401131905142,0.9814814814814815
0.681,0.989193083573487,0.9941520467836257,0.9920749279538905,0.9961013645224172,0.9847401131905142,0.9814814814814815
0.682,0.989193083573487,0.9941520467836257,0.9920749279538905,0.9961013645224172,0.9847401131905142,0.9824561403508771
0.683,0.989193083573487,0.9941520467836257,0.9920749279538905,0.9961013645224172,0.9847401131905142,0.9824561403508771
0.684,0.989193083573487,0.9941520467836257,0.9920749279538905,0.9961013645224172,0.9847401131905142,0.9824561403508771
0.685,0.989193083573487,0.9941520467836257,0.9920749279538905,0.9961013645224172,0.9847401131905142,0.9824561403508771
0.686,0.989193083573487,0.9941520467836257,0.9920749279538905,0.9961013645224172,0.9847401131905142,0.9824561403508771
0.687,0.989193083573487,0.9941520467836257,0.9920749279538905,0.9961013645224172,0.9847401131905142,0.9824561403508771
0.6880000000000001,0.989193083573487,0.9941520467836257,0.9920749279538905,0.9961013645224172,0.9847401131905142,0.9834307992202729
0.6890000000000001,0.989193083573487,0.9941520467836257,0.9920749279538905,0.9961013645224172,0.9847401131905142,0.9834307992202729
0.6900000000000001,0.989193083573487,0.9941520467836257,0.9920749279538905,0.9961013645224172,0.9847401131905142,0.9834307992202729
0.6910000000000001,0.989193083573487,0.9941520467836257,0.9920749279538905,0.9961013645224172,0.9847401131905142,0.9834307992202729
0.6920000000000001,0.989193083573487,0.9941520467836257,0.9920749279538905,0.9961013645224172,0.9847401131905142,0.9834307992202729
0.6930000000000001,0.989193083573487,0.9941520467836257,0.9920749279538905,0.9961013645224172,0.9847401131905142,0.9834307992202729
0.6940000000000001,0.989193083573487,0.9941520467836257,0.9920749279538905,0.9961013645224172,0.9847401131905142,0.9834307992202729
0.6950000000000001,0.989193083573487,0.9941520467836257,0.9920749279538905,0.9961013645224172,0.9847401131905142,0.9834307992202729
0.6960000000000001,0.989193083573487,0.9941520467836257,0.9920749279538905,0.9961013645224172,0.9847401131905142,0.9834307992202729
0.6970000000000001,0.989193083573487,0.9941520467836257,0.9920749279538905,0.9961013645224172,0.9847401131905142,0.9834307992202729
0.6980000000000001,0.989193083573487,0.9941520467836257,0.9920749279538905,0.9961013645224172,0.9847401131905142,0.9834307992202729
0.6990000000000001,0.989193083573487,0.9941520467836257,0.9920749279538905,0.9961013645224172,0.9847401131905142,0.9834307992202729
0.7000000000000001,0.989193083573487,0.9941520467836257,0.9920749279538905,0.9961013645224172,0.9847401131905142,0.9834307992202729
0.7010000000000001,0.989193083573487,0.9941520467836257,0.9920749279538905,0.9961013645224172,0.9847401131905142,0.9834307992202729
0.7020000000000001,0.989193083573487,0.9941520467836257,0.9920749279538905,0.9961013645224172,0.9847401131905142,0.9834307992202729
0.7030000000000001,0.989193083573487,0.9941520467836257,0.9920749279538905,0.9961013645224172,0.9847401131905142,0.9834307992202729
0.704,0.989193083573487,0.9941520467836257,0.9920749279538905,0.9961013645224172,0.9847401131905142,0.9834307992202729
0.705,0.989193083573487,0.9941520467836257,0.9920749279538905,0.9961013645224172,0.9847401131905142,0.9834307992202729
0.706,0.989193083573487,0.9941520467836257,0.9920749279538905,0.9961013645224172,0.9847401131905142,0.9834307992202729
0.707,0.989193083573487,0.9941520467836257,0.9920749279538905,0.9961013645224172,0.9847401131905142,0.9834307992202729
0.708,0.989193083573487,0.9941520467836257,0.9920749279538905,0.9961013645224172,0.9847401131905142,0.9834307992202729
0.709,0.989193083573487,0.9941520467836257,0.9920749279538905,0.9961013645224172,0.9847401131905142,0.9834307992202729
0.71,0.989193083573487,0.9941520467836257,0.9920749279538905,0.9961013645224172,0.9847401131905142,0.9834307992202729
0.711,0.989193083573487,0.9941520467836257,0.9920749279538905,0.9961013645224172,0.9847401131905142,0.9834307992202729
0.712,0.989193083573487,0.9941520467836257,0.9920749279538905,0.9961013645224172,0.9847401131905142,0.9834307992202729
0.713,0.989193083573487,0.9941520467836257,0.9920749279538905,0.9961013645224172,0.9847401131905142,0.9834307992202729
0.714,0.989193083573487,0.9941520467836257,0.9920749279538905,0.9961013645224172,0.9847401131905142,0.9834307992202729
0.715,0.989193083573487,0.9941520467836257,0.9920749279538905,0.9961013645224172,0.9847401131905142,0.9844054580896686
0.716,0.989193083573487,0.9941520467836257,0.9920749279538905,0.9961013645224172,0.9847401131905142,0.9844054580896686
0.717,0.989193083573487,0.9941520467836257,0.9920749279538905,0.9961013645224172,0.9847401131905142,0.9844054580896686
0.718,0.989193083573487,0.9941520467836257,0.9920749279538905,0.9961013645224172,0.9847401131905142,0.9844054580896686
0.719,0.989193083573487,0.9941520467836257,0.9920749279538905,0.9961013645224172,0.9847401131905142,0.9844054580896686
0.72,0.989193083573487,0.9941520467836257,0.9920749279538905,0.9961013645224172,0.9847401131905142,0.9844054580896686
0.721,0.989193083573487,0.9941520467836257,0.9920749279538905,0.9961013645224172,0.9847401131905142,0.9844054580896686
0.722,0.989193083573487,0.9941520467836257,0.9920749279538905,0.9961013645224172,0.9847401131905142,0.9844054580896686
0.723,0.989193083573487,0.9941520467836257,0.9920749279538905,0.9961013645224172,0.9847401131905142,0.9844054580896686
0.724,0.989193083573487,0.9941520467836257,0.9920749279538905,0.9961013645224172,0.9854605742856151,0.9844054580896686
0.725,0.989193083573487,0.9941520467836257,0.9920749279538905,0.9961013645224172,0.9854605742856151,0.9853801169590644
0.726,0.989193083573487,0.9941520467836257,0.9920749279538905,0.9961013645224172,0.9854605742856151,0.9853801169590644
0.727,0.989193083573487,0.9941520467836257,0.9920749279538905,0.9961013645224172,0.9854605742856151,0.9853801169590644
0.728,0.989193083573487,0.9941520467836257,0.9920749279538905,0.9961013645224172,0.9854605742856151,0.9853801169590644
0.729,0.989193083573487,0.9941520467836257,0.9920749279538905,0.9961013645224172,0.9854605742856151,0.9853801169590644
0.73,0.989193083573487,0.9941520467836257,0.9920749279538905,0.9961013645224172,0.9854605742856151,0.9853801169590644
0.731,0.989193083573487,0.9941520467836257,0.9927953890489913,0.9961013645224172,0.9854605742856151,0.9853801169590644
0.732,0.9899135446685878,0.9941520467836257,0.9927953890489913,0.9961013645224172,0.9854605742856151,0.9853801169590644
0.733,0.9899135446685878,0.9941520467836257,0.9927953890489913,0.9961013645224172,0.9854605742856151,0.9853801169590644
0.734,0.9899135446685878,0.9941520467836257,0.9927953890489913,0.9961013645224172,0.9861810353807159,0.9853801169590644
0.735,0.9899135446685878,0.9941520467836257,0.9927953890489913,0.9961013645224172,0.9861810353807159,0.9853801169590644
0.736,0.9899135446685878,0.9941520467836257,0.9927953890489913,0.9961013645224172,0.9861810353807159,0.9853801169590644
0.737,0.9899135446685878,0.9941520467836257,0.9927953890489913,0.9961013645224172,0.9861810353807159,0.9853801169590644
0.738,0.9899135446685878,0.9941520467836257,0.9927953890489913,0.9961013645224172,0.9861810353807159,0.9853801169590644
0.739,0.9899135446685878,0.9941520467836257,0.9927953890489913,0.9961013645224172,0.9861810353807159,0.9853801169590644
0.74,0.9899135446685878,0.9941520467836257,0.9927953890489913,0.9961013645224172,0.9876870594771014,0.9853801169590644
0.741,0.9906340057636888,0.9941520467836257,0.9927953890489913,0.9961013645224172,0.9876870594771014,0.98635477582846
0.742,0.9906340057636888,0.9941520467836257,0.9927953890489913,0.9961013645224172,0.9876870594771014,0.98635477582846
0.743,0.9906340057636888,0.9941520467836257,0.9927953890489913,0.9961013645224172,0.9876870594771014,0.98635477582846
0.744,0.9906340057636888,0.9941520467836257,0.9935158501440922,0.9961013645224172,0.9876870594771014,0.98635477582846
0.745,0.9913544668587897,0.9941520467836257,0.9935158501440922,0.9961013645224172,0.9876870594771014,0.98635477582846
0.746,0.9913544668587897,0.9941520467836257,0.9935158501440922,0.9961013645224172,0.9876870594771014,0.98635477582846
0.747,0.9913544668587897,0.9941520467836257,0.9935158501440922,0.9961013645224172,0.9876870594771014,0.98635477582846
0.748,0.9913544668587897,0.9941520467836257,0.9935158501440922,0.9961013645224172,0.9876870594771014,0.98635477582846
0.749,0.9913544668587897,0.9941520467836257,0.9935158501440922,0.9961013645224172,0.9876870594771014,0.98635477582846
0.75,0.9913544668587897,0.9941520467836257,0.9935158501440922,0.9961013645224172,0.9876870594771014,0.98635477582846
0.751,0.9913544668587897,0.9941520467836257,0.9935158501440922,0.9970760233918129,0.989193083573487,0.98635477582846
0.752,0.9913544668587897,0.9941520467836257,0.9942363112391931,0.9970760233918129,0.989193083573487,0.98635477582846
0.753,0.9913544668587897,0.9941520467836257,0.9942363112391931,0.9970760233918129,0.989193083573487,0.98635477582846
0.754,0.9913544668587897,0.9941520467836257,0.9942363112391931,0.9970760233918129,0.989193083573487,0.98635477582846
0.755,0.9913544668587897,0.9941520467836257,0.9942363112391931,0.9970760233918129,0.989193083573487,0.98635477582846
0.756,0.9920749279538905,0.9941520467836257,0.9942363112391931,0.9970760233918129,0.989193083573487,0.98635477582846
0.757,0.9920749279538905,0.9941520467836257,0.9942363112391931,0.9970760233918129,0.9899135446685878,0.98635477582846
0.758,0.9920749279538905,0.9941520467836257,0.9942363112391931,0.9970760233918129,0.9899135446685878,0.98635477582846
0.759,0.9920749279538905,0.9941520467836257,0.9942363112391931,0.9970760233918129,0.9899135446685878,0.98635477582846
0.76,0.9920749279538905,0.9941520467836257,0.9942363112391931,0.9970760233918129,0.9899135446685878,0.98635477582846
0.761,0.9920749279538905,0.9941520467836257,0.9942363112391931,0.9970760233918129,0.9899135446685878,0.98635477582846
0.762,0.9920749279538905,0.9951267056530214,0.994956772334294,0.9970760233918129,0.9899135446685878,0.98635477582846
0.763,0.9920749279538905,0.9951267056530214,0.994956772334294,0.9970760233918129,0.9899135446685878,0.98635477582846
0.764,0.9920749279538905,0.9951267056530214,0.994956772334294,0.9970760233918129,0.9906340057636888,0.98635477582846
0.765,0.9920749279538905,0.9951267056530214,0.994956772334294,0.9970760233918129,0.9906340057636888,0.98635477582846
0.766,0.9920749279538905,0.9951267056530214,0.994956772334294,0.9970760233918129,0.9906340057636888,0.98635477582846
0.767,0.9920749279538905,0.9951267056530214,0.994956772334294,0.9970760233918129,0.9906340057636888,0.98635477582846
0.768,0.9920749279538905,0.9961013645224172,0.994956772334294,0.9970760233918129,0.9906340057636888,0.98635477582846
0.769,0.9920749279538905,0.9961013645224172,0.994956772334294,0.9970760233918129,0.9906340057636888,0.9873294346978557
0.77,0.9920749279538905,0.9961013645224172,0.994956772334294,0.9970760233918129,0.9906340057636888,0.9873294346978557
0.771,0.9920749279538905,0.9961013645224172,0.994956772334294,0.9970760233918129,0.9906340057636888,0.9873294346978557
0.772,0.9920749279538905,0.9961013645224172,0.994956772334294,0.9970760233918129,0.9906340057636888,0.9873294346978557
0.773,0.9920749279538905,0.9961013645224172,0.994956772334294,0.9970760233918129,0.9906340057636888,0.9873294346978557
0.774,0.9920749279538905,0.9961013645224172,0.994956772334294,0.9970760233918129,0.9906340057636888,0.9873294346978557
0.775,0.9920749279538905,0.9961013645224172,0.994956772334294,0.9970760233918129,0.9906340057636888,0.9873294346978557
0.776,0.9920749279538905,0.9961013645224172,0.994956772334294,0.9970760233918129,0.9906340057636888,0.9873294346978557
0.777,0.9920749279538905,0.9961013645224172,0.994956772334294,0.9980506822612085,0.9906340057636888,0.9873294346978557
0.778,0.9920749279538905,0.9961013645224172,0.994956772334294,0.9980506822612085,0.9906340057636888,0.9873294346978557
0.779,0.9920749279538905,0.9961013645224172,0.994956772334294,0.9990253411306043,0.9913544668587897,0.9883040935672515
0.78,0.9920749279538905,0.9961013645224172,0.994956772334294,0.9990253411306043,0.9913544668587897,0.9883040935672515
0.781,0.9920749279538905,0.9961013645224172,0.994956772334294,0.9990253411306043,0.9913544668587897,0.9883040935672515
0.782,0.9920749279538905,0.9961013645224172,0.994956772334294,0.9990253411306043,0.9913544668587897,0.9883040935672515
0.783,0.9920749279538905,0.9961013645224172,0.994956772334294,0.9990253411306043,0.9913544668587897,0.9883040935672515
0.784,0.9920749279538905,0.9961013645224172,0.994956772334294,0.9990253411306043,0.9913544668587897,0.9883040935672515
0.785,0.9920749279538905,0.9961013645224172,0.994956772334294,0.9990253411306043,0.9913544668587897,0.9883040935672515
0.786,0.9920749279538905,0.9961013645224172,0.994956772334294,0.9990253411306043,0.9913544668587897,0.9892787524366472
0.787,0.9927953890489913,0.9970760233918129,0.994956772334294,0.9990253411306043,0.9913544668587897,0.9892787524366472
0.788,0.9927953890489913,0.9970760233918129,0.994956772334294,0.9990253411306043,0.9913544668587897,0.9892787524366472
0.789,0.9927953890489913,0.9970760233918129,0.994956772334294,0.9990253411306043,0.9913544668587897,0.9892787524366472
0.79,0.9927953890489913,0.9970760233918129,0.994956772334294,0.9990253411306043,0.9913544668587897,0.9892787524366472
0.791,0.9927953890489913,0.9970760233918129,0.9963976945244957,0.9990253411306043,0.9913544668587897,0.9892787524366472
0.792,0.9927953890489913,0.9970760233918129,0.9963976945244957,0.9990253411306043,0.9913544668587897,0.9902534113060428
0.793,0.9927953890489913,0.9970760233918129,0.9963976945244957,0.9990253411306043,0.9913544668587897,0.9902534113060428
0.794,0.9927953890489913,0.9970760233918129,0.9963976945244957,0.9990253411306043,0.9913544668587897,0.9902534113060428
0.795,0.9927953890489913,0.9970760233918129,0.9963976945244957,0.9990253411306043,0.9913544668587897,0.9902534113060428
0.796,0.9927953890489913,0.9970760233918129,0.9963976945244957,0.9990253411306043,0.9913544668587897,0.9902534113060428
0.797,0.9927953890489913,0.9970760233918129,0.9963976945244957,0.9990253411306043,0.9913544668587897,0.9902534113060428
0.798,0.9927953890489913,0.9970760233918129,0.9963976945244957,0.9990253411306043,0.9913544668587897,0.9902534113060428
0.799,0.9927953890489913,0.9970760233918129,0.9963976945244957,0.9990253411306043,0.9913544668587897,0.9902534113060428
0.8,0.9927953890489913,0.9970760233918129,0.9963976945244957,0.9990253411306043,0.9913544668587897,0.9902534113060428
0.801,0.9927953890489913,0.9970760233918129,0.9963976945244957,0.9990253411306043,0.9913544668587897,0.9912280701754386
0.802,0.9927953890489913,0.9970760233918129,0.9963976945244957,0.9990253411306043,0.9913544668587897,0.9912280701754386
0.803,0.9927953890489913,0.9970760233918129,0.9963976945244957,0.9990253411306043,0.9913544668587897,0.9912280701754386
0.804,0.9927953890489913,0.9970760233918129,0.9963976945244957,0.9990253411306043,0.9913544668587897,0.9912280701754386
0.805,0.9927953890489913,0.9970760233918129,0.9963976945244957,0.9990253411306043,0.9913544668587897,0.9912280701754386
0.806,0.9927953890489913,0.9970760233918129,0.9963976945244957,0.9990253411306043,0.9913544668587897,0.9912280701754386
0.807,0.9927953890489913,0.9970760233918129,0.9963976945244957,0.9990253411306043,0.9913544668587897,0.9922027290448343
0.808,0.9935158501440922,0.9970760233918129,0.9963976945244957,0.9990253411306043,0.9913544668587897,0.9922027290448343
0.809,0.9935158501440922,0.9970760233918129,0.9963976945244957,0.9990253411306043,0.9913544668587897,0.9922027290448343
0.81,0.9935158501440922,0.9970760233918129,0.9963976945244957,0.9990253411306043,0.9913544668587897,0.9922027290448343
0.811,0.9935158501440922,0.9970760233918129,0.9971181556195965,0.9990253411306043,0.9913544668587897,0.9922027290448343
0.812,0.9942363112391931,0.9970760233918129,0.9971181556195965,0.9990253411306043,0.9913544668587897,0.9922027290448343
0.8130000000000001,0.9942363112391931,0.9970760233918129,0.9971181556195965,0.9990253411306043,0.9913544668587897,0.9922027290448343
0.8140000000000001,0.9942363112391931,0.9970760233918129,0.9971181556195965,0.9990253411306043,0.9920749279538905,0.9922027290448343
0.8150000000000001,0.9942363112391931,0.9970760233918129,0.9971181556195965,0.9990253411306043,0.9920749279538905,0.9922027290448343
0.8160000000000001,0.9942363112391931,0.9970760233918129,0.9971181556195965,0.9990253411306043,0.9920749279538905,0.9922027290448343
0.8170000000000001,0.9942363112391931,0.9970760233918129,0.9971181556195965,0.9990253411306043,0.9920749279538905,0.9922027290448343
0.8180000000000001,0.9942363112391931,0.9970760233918129,0.9971181556195965,0.9990253411306043,0.9920749279538905,0.9922027290448343
0.8190000000000001,0.9942363112391931,0.9970760233918129,0.9971181556195965,0.9990253411306043,0.9927953890489913,0.9922027290448343
0.8200000000000001,0.9942363112391931,0.9970760233918129,0.9971181556195965,0.9990253411306043,0.9927953890489913,0.9922027290448343
0.8210000000000001,0.9942363112391931,0.9970760233918129,0.9971181556195965,0.9990253411306043,0.9927953890489913,0.9922027290448343
0.8220000000000001,0.9942363112391931,0.9970760233918129,0.9971181556195965,0.9990253411306043,0.9927953890489913,0.9922027290448343
0.8230000000000001,0.9942363112391931,0.9970760233918129,0.9971181556195965,0.9990253411306043,0.9927953890489913,0.9922027290448343
0.8240000000000001,0.9942363112391931,0.9970760233918129,0.9971181556195965,0.9990253411306043,0.9927953890489913,0.99317738791423
0.8250000000000001,0.9942363112391931,0.9970760233918129,0.9971181556195965,0.9990253411306043,0.9935158501440922,0.99317738791423
0.8260000000000001,0.9942363112391931,0.9970760233918129,0.9971181556195965,0.9990253411306043,0.9935158501440922,0.99317738791423
0.8270000000000001,0.9942363112391931,0.9970760233918129,0.9971181556195965,0.9990253411306043,0.9935158501440922,0.99317738791423
0.8280000000000001,0.9942363112391931,0.9970760233918129,0.9971181556195965,0.9990253411306043,0.9935158501440922,0.99317738791423
0.8290000000000001,0.9942363112391931,0.9970760233918129,0.9971181556195965,0.9990253411306043,0.9942363112391931,0.99317738791423
0.8300000000000001,0.9942363112391931,0.9970760233918129,0.9971181556195965,0.9990253411306043,0.9942363112391931,0.99317738791423
0.8310000000000001,0.9942363112391931,0.9970760233918129,0.9971181556195965,0.9990253411306043,0.9942363112391931,0.99317738791423
0.8320000000000001,0.994956772334294,0.9970760233918129,0.9971181556195965,0.9990253411306043,0.9942363112391931,0.99317738791423
0.833,0.994956772334294,0.9970760233918129,0.9971181556195965,0.9990253411306043,0.9942363112391931,0.99317738791423
0.834,0.994956772334294,0.9970760233918129,0.9971181556195965,0.9990253411306043,0.9942363112391931,0.99317738791423
0.835,0.994956772334294,0.9970760233918129,0.9971181556195965,0.9990253411306043,0.9942363112391931,0.99317738791423
0.836,0.994956772334294,0.9970760233918129,0.9971181556195965,0.9990253411306043,0.9942363112391931,0.99317738791423
0.837,0.994956772334294,0.9970760233918129,0.9971181556195965,0.9990253411306043,0.9942363112391931,0.99317738791423
0.838,0.994956772334294,0.9970760233918129,0.9971181556195965,0.9990253411306043,0.9942363112391931,0.99317738791423
0.839,0.994956772334294,0.9970760233918129,0.9971181556195965,0.9990253411306043,0.9942363112391931,0.99317738791423
0.84,0.994956772334294,0.9970760233918129,0.9971181556195965,0.9990253411306043,0.9942363112391931,0.99317738791423
0.841,0.994956772334294,0.9970760233918129,0.9971181556195965,0.9990253411306043,0.9942363112391931,0.99317738791423
0.842,0.994956772334294,0.9970760233918129,0.9971181556195965,0.9990253411306043,0.9942363112391931,0.99317738791423
0.843,0.994956772334294,0.9970760233918129,0.9971181556195965,0.9990253411306043,0.9942363112391931,0.99317738791423
0.844,0.994956772334294,0.9970760233918129,0.9971181556195965,0.9990253411306043,0.994956772334294,0.99317738791423
0.845,0.9956772334293948,0.9970760233918129,0.9971181556195965,0.9990253411306043,0.994956772334294,0.99317738791423
0.846,0.9956772334293948,0.9970760233918129,0.9971181556195965,0.9990253411306043,0.994956772334294,0.99317738791423
0.847,0.9956772334293948,0.9970760233918129,0.9971181556195965,0.9990253411306043,0.994956772334294,0.99317738791423
0.848,0.9956772334293948,0.9980506822612085,0.9971181556195965,0.9990253411306043,0.994956772334294,0.99317738791423
0.849,0.9956772334293948,0.9980506822612085,0.9971181556195965,0.9990253411306043,0.994956772334294,0.99317738791423
0.85,0.9956772334293948,0.9980506822612085,0.9971181556195965,0.9990253411306043,0.994956772334294,0.99317738791423
0.851,0.9956772334293948,0.9980506822612085,0.9971181556195965,0.9990253411306043,0.994956772334294,0.99317738791423
0.852,0.9956772334293948,0.9980506822612085,0.9971181556195965,0.9990253411306043,0.994956772334294,0.99317738791423
0.853,0.9956772334293948,0.9980506822612085,0.9971181556195965,0.9990253411306043,0.994956772334294,0.99317738791423
0.854,0.9956772334293948,0.9980506822612085,0.9971181556195965,0.9990253411306043,0.994956772334294,0.99317738791423
0.855,0.9956772334293948,0.9980506822612085,0.9971181556195965,0.9990253411306043,0.994956772334294,0.99317738791423
0.856,0.9956772334293948,0.9980506822612085,0.9971181556195965,0.9990253411306043,0.994956772334294,0.99317738791423
0.857,0.9956772334293948,0.9980506822612085,0.9971181556195965,0.9990253411306043,0.994956772334294,0.99317738791423
0.858,0.9956772334293948,0.9980506822612085,0.9971181556195965,0.9990253411306043,0.994956772334294,0.99317738791423
0.859,0.9956772334293948,0.9980506822612085,0.9971181556195965,0.9990253411306043,0.994956772334294,0.99317738791423
0.86,0.9956772334293948,0.9980506822612085,0.9971181556195965,0.9990253411306043,0.994956772334294,0.99317738791423
0.861,0.9956772334293948,0.9980506822612085,0.9971181556195965,0.9990253411306043,0.994956772334294,0.99317738791423
0.862,0.9956772334293948,0.9980506822612085,0.9971181556195965,0.9990253411306043,0.994956772334294,0.99317738791423
0.863,0.9956772334293948,0.9980506822612085,0.9971181556195965,0.9990253411306043,0.994956772334294,0.99317738791423
0.864,0.9956772334293948,0.9980506822612085,0.9971181556195965,0.9990253411306043,0.994956772334294,0.99317738791423
0.865,0.9956772334293948,0.9980506822612085,0.9971181556195965,0.9990253411306043,0.994956772334294,0.99317738791423
0.866,0.9956772334293948,0.9980506822612085,0.9971181556195965,0.9990253411306043,0.994956772334294,0.99317738791423
0.867,0.9956772334293948,0.9980506822612085,0.9971181556195965,0.9990253411306043,0.994956772334294,0.99317738791423
0.868,0.9956772334293948,0.9980506822612085,0.9971181556195965,0.9990253411306043,0.994956772334294,0.99317738791423
0.869,0.9956772334293948,0.9980506822612085,0.9971181556195965,0.9990253411306043,0.994956772334294,0.99317738791423
0.87,0.9956772334293948,0.9980506822612085,0.9971181556195965,0.9990253411306043,0.994956772334294,0.99317738791423
0.871,0.9956772334293948,0.9980506822612085,0.9971181556195965,0.9990253411306043,0.994956772334294,0.99317738791423
0.872,0.9956772334293948,0.9980506822612085,0.9971181556195965,0.9990253411306043,0.994956772334294,0.99317738791423
0.873,0.9956772334293948,0.9980506822612085,0.9971181556195965,0.9990253411306043,0.994956772334294,0.99317738791423
0.874,0.9956772334293948,0.9980506822612085,0.9971181556195965,0.9990253411306043,0.994956772334294,0.99317738791423
0.875,0.9956772334293948,0.9980506822612085,0.9971181556195965,0.9990253411306043,0.994956772334294,0.99317738791423
0.876,0.9956772334293948,0.9980506822612085,0.9971181556195965,0.9990253411306043,0.994956772334294,0.99317738791423
0.877,0.9956772334293948,0.9980506822612085,0.9971181556195965,0.9990253411306043,0.994956772334294,0.99317738791423
0.878,0.9956772334293948,0.9980506822612085,0.9971181556195965,0.9990253411306043,0.994956772334294,0.99317738791423
0.879,0.9956772334293948,0.9980506822612085,0.9971181556195965,0.9990253411306043,0.994956772334294,0.99317738791423
0.88,0.9956772334293948,0.9980506822612085,0.9971181556195965,0.9990253411306043,0.994956772334294,0.99317738791423
0.881,0.9956772334293948,0.9980506822612085,0.9971181556195965,0.9990253411306043,0.994956772334294,0.99317738791423
0.882,0.9956772334293948,0.9980506822612085,0.9978386167146974,0.9990253411306043,0.994956772334294,0.99317738791423
0.883,0.9956772334293948,0.9980506822612085,0.9978386167146974,0.9990253411306043,0.994956772334294,0.99317738791423
0.884,0.9956772334293948,0.9980506822612085,0.9978386167146974,0.9990253411306043,0.994956772334294,0.99317738791423
0.885,0.9956772334293948,0.9980506822612085,0.9978386167146974,0.9990253411306043,0.994956772334294,0.99317738791423
0.886,0.9956772334293948,0.9980506822612085,0.9978386167146974,0.9990253411306043,0.994956772334294,0.99317738791423
0.887,0.9956772334293948,0.9980506822612085,0.9978386167146974,0.9990253411306043,0.994956772334294,0.99317738791423
0.888,0.9956772334293948,0.9980506822612085,0.9978386167146974,0.9990253411306043,0.994956772334294,0.99317738791423
0.889,0.9956772334293948,0.9980506822612085,0.9978386167146974,0.9990253411306043,0.994956772334294,0.9941520467836257
0.89,0.9956772334293948,0.9980506822612085,0.9978386167146974,0.9990253411306043,0.9956772334293948,0.9941520467836257
0.891,0.9956772334293948,0.9980506822612085,0.9978386167146974,0.9990253411306043,0.9956772334293948,0.9941520467836257
0.892,0.9963976945244957,0.9980506822612085,0.9978386167146974,0.9990253411306043,0.9956772334293948,0.9941520467836257
0.893,0.9963976945244957,0.9980506822612085,0.9978386167146974,0.9990253411306043,0.9956772334293948,0.9941520467836257
0.894,0.9971181556195965,0.9980506822612085,0.9985590778097982,0.9990253411306043,0.9956772334293948,0.9941520467836257
0.895,0.9971181556195965,0.9980506822612085,0.9992795389048992,0.9990253411306043,0.9956772334293948,0.9941520467836257
0.896,0.9971181556195965,0.9980506822612085,0.9992795389048992,0.9990253411306043,0.9956772334293948,0.9941520467836257
0.897,0.9971181556195965,0.9980506822612085,0.9992795389048992,0.9990253411306043,0.9956772334293948,0.9941520467836257
0.898,0.9971181556195965,0.9980506822612085,0.9992795389048992,0.9990253411306043,0.9956772334293948,0.9941520467836257
0.899,0.9971181556195965,0.9980506822612085,0.9992795389048992,0.9990253411306043,0.9956772334293948,0.9941520467836257
0.9,0.9971181556195965,0.9980506822612085,0.9992795389048992,0.9990253411306043,0.9956772334293948,0.9941520467836257
0.901,0.9971181556195965,0.9980506822612085,0.9992795389048992,0.9990253411306043,0.9956772334293948,0.9941520467836257
0.902,0.9971181556195965,0.9980506822612085,0.9992795389048992,0.9990253411306043,0.9963976945244957,0.9941520467836257
0.903,0.9971181556195965,0.9980506822612085,0.9992795389048992,0.9990253411306043,0.9963976945244957,0.9941520467836257
0.904,0.9978386167146974,0.9980506822612085,0.9992795389048992,0.9990253411306043,0.9963976945244957,0.9951267056530214
0.905,0.9978386167146974,0.9980506822612085,0.9992795389048992,0.9990253411306043,0.9963976945244957,0.9951267056530214
0.906,0.9978386167146974,0.9980506822612085,0.9992795389048992,0.9990253411306043,0.9963976945244957,0.9951267056530214
0.907,0.9978386167146974,0.9980506822612085,0.9992795389048992,0.9990253411306043,0.9963976945244957,0.9951267056530214
0.908,0.9978386167146974,0.9980506822612085,0.9992795389048992,0.9990253411306043,0.9963976945244957,0.9951267056530214
0.909,0.9978386167146974,0.9990253411306043,0.9992795389048992,0.9990253411306043,0.9971181556195965,0.9951267056530214
0.91,0.9978386167146974,0.9990253411306043,0.9992795389048992,0.9990253411306043,0.9971181556195965,0.9951267056530214
0.911,0.9978386167146974,0.9990253411306043,0.9992795389048992,0.9990253411306043,0.9971181556195965,0.9951267056530214
0.912,0.9978386167146974,0.9990253411306043,0.9992795389048992,0.9990253411306043,0.9971181556195965,0.9951267056530214
0.913,0.9978386167146974,0.9990253411306043,0.9992795389048992,0.9990253411306043,0.9971181556195965,0.9951267056530214
0.914,0.9978386167146974,0.9990253411306043,0.9992795389048992,0.9990253411306043,0.9971181556195965,0.9961013645224172
0.915,0.9978386167146974,0.9990253411306043,0.9992795389048992,0.9990253411306043,0.9971181556195965,0.9961013645224172
0.916,0.9978386167146974,0.9990253411306043,0.9992795389048992,0.9990253411306043,0.9978386167146974,0.9961013645224172
0.917,0.9978386167146974,0.9990253411306043,0.9992795389048992,0.9990253411306043,0.9978386167146974,0.9961013645224172
0.918,0.9978386167146974,0.9990253411306043,0.9992795389048992,0.9990253411306043,0.9978386167146974,0.9961013645224172
0.919,0.9978386167146974,0.9990253411306043,0.9992795389048992,0.9990253411306043,0.9978386167146974,0.9961013645224172
0.92,0.9978386167146974,0.9990253411306043,0.9992795389048992,0.9990253411306043,0.9978386167146974,0.9970760233918129
0.921,0.9978386167146974,1.0,0.9992795389048992,0.9990253411306043,0.9978386167146974,0.9970760233918129
0.922,0.9978386167146974,1.0,0.9992795389048992,0.9990253411306043,0.9978386167146974,0.9970760233918129
0.923,0.9978386167146974,1.0,0.9992795389048992,0.9990253411306043,0.9978386167146974,0.9970760233918129
0.924,0.9978386167146974,1.0,0.9992795389048992,0.9990253411306043,0.9978386167146974,0.9970760233918129
0.925,0.9978386167146974,1.0,0.9992795389048992,0.9990253411306043,0.9978386167146974,0.9970760233918129
0.926,0.9978386167146974,1.0,0.9992795389048992,0.9990253411306043,0.9978386167146974,0.9970760233918129
0.927,0.9978386167146974,1.0,0.9992795389048992,0.9990253411306043,0.9978386167146974,0.9970760233918129
0.928,0.9978386167146974,1.0,0.9992795389048992,0.9990253411306043,0.9978386167146974,0.9970760233918129
0.929,0.9978386167146974,1.0,0.9992795389048992,0.9990253411306043,0.9978386167146974,0.9970760233918129
0.93,0.9978386167146974,1.0,0.9992795389048992,0.9990253411306043,0.9978386167146974,0.9970760233918129
0.931,0.9978386167146974,1.0,0.9992795389048992,0.9990253411306043,0.9978386167146974,0.9970760233918129
0.932,0.9978386167146974,1.0,0.9992795389048992,0.9990253411306043,0.9978386167146974,0.9970760233918129
0.933,0.9978386167146974,1.0,0.9992795389048992,0.9990253411306043,0.9978386167146974,0.9970760233918129
0.934,0.9978386167146974,1.0,0.9992795389048992,0.9990253411306043,0.9978386167146974,0.9970760233918129
0.935,0.9978386167146974,1.0,0.9992795389048992,0.9990253411306043,0.9978386167146974,0.9970760233918129
0.936,0.9985590778097982,1.0,0.9992795389048992,0.9990253411306043,0.9978386167146974,0.9970760233918129
0.937,0.9985590778097982,1.0,0.9992795389048992,0.9990253411306043,0.9978386167146974,0.9970760233918129
0.9380000000000001,0.9985590778097982,1.0,0.9992795389048992,0.9990253411306043,0.9978386167146974,0.9970760233918129
0.9390000000000001,0.9985590778097982,1.0,0.9992795389048992,0.9990253411306043,0.9978386167146974,0.9970760233918129
0.9400000000000001,0.9985590778097982,1.0,0.9992795389048992,0.9990253411306043,0.9978386167146974,0.9970760233918129
0.9410000000000001,0.9985590778097982,1.0,0.9992795389048992,0.9990253411306043,0.9978386167146974,0.9970760233918129
0.9420000000000001,0.9985590778097982,1.0,0.9992795389048992,0.9990253411306043,0.9978386167146974,0.9970760233918129
0.9430000000000001,0.9985590778097982,1.0,0.9992795389048992,0.9990253411306043,0.9978386167146974,0.9970760233918129
0.9440000000000001,0.9985590778097982,1.0,0.9992795389048992,0.9990253411306043,0.9978386167146974,0.9970760233918129
0.9450000000000001,0.9985590778097982,1.0,0.9992795389048992,0.9990253411306043,0.9978386167146974,0.9970760233918129
0.9460000000000001,0.9985590778097982,1.0,0.9992795389048992,0.9990253411306043,0.9978386167146974,0.9970760233918129
0.9470000000000001,0.9985590778097982,1.0,0.9992795389048992,0.9990253411306043,0.9978386167146974,0.9970760233918129
0.9480000000000001,0.9985590778097982,1.0,0.9992795389048992,0.9990253411306043,0.9978386167146974,0.9970760233918129
0.9490000000000001,0.9985590778097982,1.0,0.9992795389048992,0.9990253411306043,0.9978386167146974,0.9970760233918129
0.9500000000000001,0.9985590778097982,1.0,0.9992795389048992,0.9990253411306043,0.9978386167146974,0.9970760233918129
0.9510000000000001,0.9985590778097982,1.0,0.9992795389048992,0.9990253411306043,0.9978386167146974,0.9970760233918129
0.9520000000000001,0.9985590778097982,1.0,0.9992795389048992,0.9990253411306043,0.9978386167146974,0.9970760233918129
0.9530000000000001,0.9985590778097982,1.0,0.9992795389048992,0.9990253411306043,0.9978386167146974,0.9970760233918129
0.9540000000000001,0.9985590778097982,1.0,0.9992795389048992,0.9990253411306043,0.9978386167146974,0.9970760233918129
0.9550000000000001,0.9985590778097982,1.0,0.9992795389048992,0.9990253411306043,0.9978386167146974,0.9970760233918129
0.9560000000000001,0.9985590778097982,1.0,0.9992795389048992,0.9990253411306043,0.9978386167146974,0.9970760233918129
0.9570000000000001,0.9985590778097982,1.0,0.9992795389048992,0.9990253411306043,0.9978386167146974,0.9970760233918129
0.9580000000000001,0.9985590778097982,1.0,0.9992795389048992,0.9990253411306043,0.9978386167146974,0.9970760233918129
0.9590000000000001,0.9985590778097982,1.0,0.9992795389048992,0.9990253411306043,0.9978386167146974,0.9970760233918129
0.96,0.9985590778097982,1.0,0.9992795389048992,0.9990253411306043,0.9978386167146974,0.9970760233918129
0.961,0.9985590778097982,1.0,0.9992795389048992,0.9990253411306043,0.9978386167146974,0.9970760233918129
0.962,0.9985590778097982,1.0,0.9992795389048992,0.9990253411306043,0.9978386167146974,0.9970760233918129
0.963,0.9985590778097982,1.0,0.9992795389048992,0.9990253411306043,0.9978386167146974,0.9970760233918129
0.964,0.9985590778097982,1.0,0.9992795389048992,0.9990253411306043,0.9978386167146974,0.9970760233918129
0.965,0.9985590778097982,1.0,0.9992795389048992,0.9990253411306043,0.9978386167146974,0.9970760233918129
0.966,0.9985590778097982,1.0,0.9992795389048992,0.9990253411306043,0.9978386167146974,0.9970760233918129
0.967,0.9985590778097982,1.0,0.9992795389048992,0.9990253411306043,0.9978386167146974,0.9970760233918129
0.968,0.9992795389048992,1.0,0.9992795389048992,0.9990253411306043,0.9978386167146974,0.9970760233918129
0.969,0.9992795389048992,1.0,0.9992795389048992,1.0,0.9978386167146974,0.9970760233918129
0.97,0.9992795389048992,1.0,0.9992795389048992,1.0,0.9978386167146974,0.9970760233918129
0.971,1.0,1.0,0.9992795389048992,1.0,0.9978386167146974,0.9970760233918129
0.972,1.0,1.0,0.9992795389048992,1.0,0.9978386167146974,0.9970760233918129
0.973,1.0,1.0,0.9992795389048992,1.0,0.9978386167146974,0.9970760233918129
0.974,1.0,1.0,0.9992795389048992,1.0,0.9978386167146974,0.9970760233918129
0.975,1.0,1.0,0.9992795389048992,1.0,0.9978386167146974,0.9970760233918129
0.976,1.0,1.0,0.9992795389048992,1.0,0.9985590778097982,0.9970760233918129
0.977,1.0,1.0,0.9992795389048992,1.0,0.9985590778097982,0.9970760233918129
0.978,1.0,1.0,0.9992795389048992,1.0,0.9985590778097982,0.9970760233918129
0.979,1.0,1.0,0.9992795389048992,1.0,0.9992795389048992,0.9970760233918129
0.98,1.0,1.0,0.9992795389048992,1.0,0.9992795389048992,0.9970760233918129
0.981,1.0,1.0,0.9992795389048992,1.0,0.9992795389048992,0.9970760233918129
0.982,1.0,1.0,0.9992795389048992,1.0,0.9992795389048992,0.9980506822612085
0.983,1.0,1.0,0.9992795389048992,1.0,0.9992795389048992,0.9990253411306043
0.984,1.0,1.0,0.9992795389048992,1.0,0.9992795389048992,0.9990253411306043
0.985,1.0,1.0,0.9992795389048992,1.0,0.9992795389048992,0.9990253411306043
0.986,1.0,1.0,0.9992795389048992,1.0,0.9992795389048992,0.9990253411306043
0.987,1.0,1.0,0.9992795389048992,1.0,0.9992795389048992,0.9990253411306043
0.988,1.0,1.0,0.9992795389048992,1.0,0.9992795389048992,0.9990253411306043
0.989,1.0,1.0,0.9992795389048992,1.0,0.9992795389048992,0.9990253411306043
0.99,1.0,1.0,0.9992795389048992,1.0,0.9992795389048992,0.9990253411306043
0.991,1.0,1.0,0.9992795389048992,1.0,0.9992795389048992,0.9990253411306043
0.992,1.0,1.0,0.9992795389048992,1.0,0.9992795389048992,0.9990253411306043
0.993,1.0,1.0,1.0,1.0,0.9992795389048992,0.9990253411306043
0.994,1.0,1.0,1.0,1.0,0.9992795389048992,0.9990253411306043
0.995,1.0,1.0,1.0,1.0,0.9992795389048992,0.9990253411306043
0.996,1.0,1.0,1.0,1.0,0.9992795389048992,0.9990253411306043
0.997,1.0,1.0,1.0,1.0,0.9992795389048992,0.9990253411306043
0.998,1.0,1.0,1.0,1.0,0.9992795389048992,0.9990253411306043
0.999,1.0,1.0,1.0,1.0,0.9992795389048992,0.9990253411306043
1.0,1.0,1.0,1.0,1.0,1.0,1.0
