false_positive_rate,M_0_macro_true_positive_rate,M_0_micro_true_positive_rate,M_1_macro_true_positive_rate,M_1_micro_true_positive_rate,M_rand_macro_true_positive_rate,M_rand_micro_true_positive_rate
0.0,0.0,0.0,0.0,0.0,0.0,0.0
0.001,0.3754043696809834,0.31504702194357365,0.4251331309411238,0.3981191222570533,0.383879958194396,0.3793103448275862
0.002,0.4145821928034639,0.40752351097178685,0.4611108346190215,0.5094043887147336,0.45944358731896684,0.43260188087774293
0.003,0.47847011397003936,0.4717868338557994,0.5229234061613497,0.5360501567398119,0.49544617528492507,0.4890282131661442
0.004,0.49434628975265016,0.5078369905956113,0.5550340914746429,0.5752351097178683,0.5053302145025631,0.5219435736677116
0.005,0.5176479370925198,0.5266457680250783,0.5698601503010998,0.5956112852664577,0.5240232916936246,0.5438871473354232
0.006,0.5381077987358782,0.5438871473354232,0.6048126213109043,0.6065830721003135,0.5501418404419449,0.567398119122257
0.007,0.5719852685014681,0.5611285266457681,0.6231722490419549,0.6159874608150471,0.5745184890260289,0.5752351097178683
0.008,0.583636092171403,0.5783699059561128,0.6319812870153785,0.6238244514106583,0.5847359777036779,0.5877742946708464
0.009000000000000001,0.5949285820932664,0.603448275862069,0.6390235405365052,0.6285266457680251,0.5999203702782063,0.603448275862069
0.01,0.607629522719355,0.609717868338558,0.646782461553775,0.6489028213166145,0.6066291743393222,0.6128526645768025
0.011,0.6164385606927786,0.6300940438871473,0.6644005375006221,0.6677115987460815,0.6129796446523665,0.6285266457680251
0.012,0.6298561688150102,0.6473354231974922,0.6675757726571443,0.677115987460815,0.6196884487134824,0.6394984326018809
0.013000000000000001,0.6407903249888021,0.6520376175548589,0.6824018314836012,0.6912225705329154,0.6355646244960932,0.6426332288401254
0.014,0.6580998357636989,0.664576802507837,0.6877021848404917,0.700626959247649,0.6507490170706216,0.6504702194357367
0.015,0.6644503060767432,0.6739811912225705,0.704653361867317,0.7053291536050157,0.6599163887921167,0.6520376175548589
0.016,0.6789180311551286,0.6833855799373041,0.7155875180411089,0.713166144200627,0.6630916239486389,0.658307210031348
0.017,0.6856268352162445,0.6865203761755486,0.7265216742149007,0.725705329153605,0.6708505449659086,0.6755485893416928
0.018000000000000002,0.6905688548250635,0.6896551724137931,0.7325138107798737,0.7304075235109718,0.6736674463743593,0.6818181818181818
0.019,0.7032697954511522,0.6959247648902821,0.7438063007017369,0.7335423197492164,0.6789677997312497,0.6896551724137931
0.02,0.7099785995122679,0.7037617554858934,0.7466232021101876,0.7351097178683386,0.6888518389488877,0.6927899686520376
0.021,0.7117453839645648,0.7115987460815048,0.7526153386751605,0.7413793103448276,0.7015527795749763,0.6990595611285266
0.022,0.7177375205295377,0.719435736677116,0.7543821231274573,0.7476489028213166,0.7089533668441745,0.7037617554858934
0.023,0.7219628726422137,0.7225705329153606,0.7593241427362762,0.7554858934169278,0.719529189269895,0.7068965517241379
0.024,0.7275966754591151,0.7272727272727273,0.7610909271885731,0.7633228840125392,0.7269297765390932,0.7100313479623824
0.025,0.732538695067934,0.7304075235109718,0.7624993778927984,0.768025078369906,0.7315134623998407,0.7178683385579937
0.026000000000000002,0.7402976160852037,0.7398119122257053,0.7688498482058428,0.780564263322884,0.7357388145125168,0.7304075235109718
0.027,0.7484148708505449,0.7429467084639498,0.7702582989100681,0.786833855799373,0.738914049669039,0.7382445141065831
0.028,0.7544070074155178,0.7460815047021944,0.7776588861792664,0.7931034482758621,0.7403225003732643,0.7413793103448276
0.029,0.75758224257204,0.7507836990595611,0.7794256706315632,0.7931034482758621,0.743139401781715,0.7429467084639498
0.03,0.7681580649977604,0.7570532915360502,0.7889513761011298,0.7962382445141066,0.7498482058428309,0.7476489028213166
0.031,0.7716916339023541,0.7617554858934169,0.7931767282138058,0.7962382445141066,0.7526651072512816,0.7492163009404389
0.032,0.7808590056238491,0.7617554858934169,0.7981187478226248,0.799373040752351,0.7526651072512816,0.7554858934169278
0.033,0.7840342407803713,0.7648902821316614,0.810127905240631,0.8025078369905956,0.7526651072512816,0.7570532915360502
0.034,0.7840342407803713,0.7774294670846394,0.810127905240631,0.8119122257053292,0.7568904593639576,0.7601880877742947
0.035,0.786851142188822,0.7789968652037618,0.8164783755536753,0.8119122257053292,0.7604240282685513,0.7617554858934169
0.036000000000000004,0.7928432787537949,0.7836990595611285,0.8196536107101976,0.8134796238244514,0.7618324789727766,0.7648902821316614
0.037,0.7960185139103171,0.786833855799373,0.8238789628228737,0.8213166144200627,0.763240929677002,0.768025078369906
0.038,0.7974269646145424,0.7978056426332288,0.8298710993878465,0.822884012539185,0.7695913999900463,0.7711598746081505
0.039,0.8044692181356692,0.8025078369905956,0.8312795500920719,0.8307210031347962,0.7695913999900463,0.7727272727272727
0.04,0.806236002587966,0.8072100313479624,0.8330463345443687,0.8385579937304075,0.7713581844423432,0.780564263322884
0.041,0.8129448066490818,0.8103448275862069,0.8379883541531876,0.8401253918495298,0.7794754392076844,0.7836990595611285
0.042,0.8147115911013786,0.8119122257053292,0.8429303737620066,0.841692789968652,0.7830090081122779,0.7884012539184952
0.043000000000000003,0.816120041805604,0.8119122257053292,0.844338824466232,0.8432601880877743,0.7844174588165033,0.7899686520376176
0.044,0.8178868262579008,0.8150470219435737,0.8461056089185288,0.8463949843260188,0.7879510277210969,0.7915360501567398
0.045,0.8224705121186483,0.8181818181818182,0.8478723933708256,0.8510971786833855,0.7897178121733937,0.7946708463949843
0.046,0.8224705121186483,0.8244514106583072,0.8510476285273478,0.85423197492163,0.7943014980341412,0.7946708463949843
0.047,0.8277708654755387,0.8260188087774295,0.8528144129796447,0.8557993730407524,0.7971183994425919,0.799373040752351
0.048,0.8327128850843577,0.8307210031347962,0.8545811974319415,0.8620689655172413,0.7971183994425919,0.8025078369905956
0.049,0.8327128850843577,0.8385579937304075,0.8595232170407605,0.8620689655172413,0.8002936345991141,0.8040752351097179
0.05,0.834121335788583,0.8448275862068966,0.8595232170407605,0.8699059561128527,0.8020604190514109,0.8056426332288401
0.051000000000000004,0.8355297864928084,0.8479623824451411,0.8595232170407605,0.8746081504702194,0.8038272035037077,0.8072100313479624
0.052000000000000005,0.8355297864928084,0.8479623824451411,0.8612900014930573,0.8761755485893417,0.8052356542079331,0.8072100313479624
0.053,0.8369382371970338,0.8526645768025078,0.8612900014930573,0.8808777429467085,0.8070024386602299,0.8103448275862069
0.054,0.8425720400139352,0.8573667711598746,0.864823570397651,0.8808777429467085,0.8070024386602299,0.8103448275862069
0.055,0.8461056089185288,0.8620689655172413,0.864823570397651,0.8824451410658307,0.8105360075648236,0.8150470219435737
0.056,0.8461056089185288,0.8652037617554859,0.864823570397651,0.8824451410658307,0.8154780271736426,0.8150470219435737
0.057,0.8461056089185288,0.8652037617554859,0.864823570397651,0.8824451410658307,0.8154780271736426,0.8166144200626959
0.058,0.8545811974319415,0.8667711598746082,0.8694072562583984,0.8840125391849529,0.8172448116259394,0.8181818181818182
0.059000000000000004,0.8559896481361668,0.8667711598746082,0.8694072562583984,0.8840125391849529,0.8172448116259394,0.8197492163009404
0.06,0.8630567859453542,0.8683385579937304,0.8747076096152889,0.8871473354231975,0.8190115960782363,0.8197492163009404
0.061,0.8630567859453542,0.8699059561128527,0.8764743940675856,0.8871473354231975,0.8190115960782363,0.822884012539185
0.062,0.8630567859453542,0.8730407523510971,0.8817747474244761,0.8871473354231975,0.8221868312347584,0.8244514106583072
0.063,0.8718907082068382,0.8730407523510971,0.8817747474244761,0.890282131661442,0.8239536156870552,0.8260188087774295
0.064,0.8718907082068382,0.8793103448275862,0.8817747474244761,0.8934169278996865,0.8253620663912805,0.8275862068965517
0.065,0.8768327278156571,0.8808777429467085,0.8853083163290698,0.8934169278996865,0.8253620663912805,0.8275862068965517
0.066,0.878599512267954,0.8808777429467085,0.8867167670332952,0.8934169278996865,0.8267705170955059,0.8307210031347962
0.067,0.878599512267954,0.8824451410658307,0.8867167670332952,0.8949843260188087,0.8281789677997312,0.8322884012539185
0.068,0.878599512267954,0.8855799373040752,0.8881252177375205,0.896551724137931,0.829945752252028,0.8322884012539185
0.069,0.878599512267954,0.8855799373040752,0.8895336684417459,0.8981191222570533,0.829945752252028,0.8322884012539185
0.07,0.8800079629721793,0.8887147335423198,0.8895336684417459,0.8996865203761756,0.8331209874085502,0.8338557993730408
0.07100000000000001,0.8800079629721793,0.8887147335423198,0.8895336684417459,0.9012539184952978,0.8331209874085502,0.835423197492163
0.07200000000000001,0.8817747474244761,0.8887147335423198,0.8913004528940427,0.9043887147335423,0.8348877718608471,0.835423197492163
0.073,0.8831831981287015,0.890282131661442,0.8913004528940427,0.9043887147335423,0.8348877718608471,0.8385579937304075
0.074,0.8849499825809983,0.8918495297805643,0.8930672373463395,0.9043887147335423,0.8362962225650724,0.841692789968652
0.075,0.8867167670332952,0.8918495297805643,0.8930672373463395,0.9059561128526645,0.8362962225650724,0.8432601880877743
0.076,0.8881252177375205,0.8918495297805643,0.8948340217986364,0.9059561128526645,0.8377046732692978,0.8463949843260188
0.077,0.8881252177375205,0.8918495297805643,0.89836759070323,0.9059561128526645,0.8377046732692978,0.8463949843260188
0.078,0.8895336684417459,0.8918495297805643,0.89836759070323,0.9075235109717869,0.8405215746777485,0.8479623824451411
0.079,0.8895336684417459,0.8934169278996865,0.89836759070323,0.9075235109717869,0.8405215746777485,0.8495297805642633
0.08,0.8944756880505649,0.8934169278996865,0.89836759070323,0.9075235109717869,0.8454635942865674,0.8510971786833855
0.081,0.8944756880505649,0.8934169278996865,0.9015428258597522,0.9090909090909091,0.8468720449907927,0.8510971786833855
0.082,0.9004678246155378,0.8934169278996865,0.9015428258597522,0.9090909090909091,0.8468720449907927,0.8510971786833855
0.083,0.9004678246155378,0.896551724137931,0.9050763947643458,0.9106583072100314,0.8518140645996117,0.8510971786833855
0.084,0.9004678246155378,0.896551724137931,0.9082516299208679,0.9122257053291536,0.8518140645996117,0.8573667711598746
0.085,0.9004678246155378,0.896551724137931,0.9114268650773901,0.9122257053291536,0.8532225153038372,0.8589341692789969
0.08600000000000001,0.9004678246155378,0.8981191222570533,0.9142437664858408,0.9137931034482759,0.8546309660080625,0.8605015673981191
0.08700000000000001,0.9004678246155378,0.8996865203761756,0.9142437664858408,0.9137931034482759,0.8546309660080625,0.8620689655172413
0.088,0.9004678246155378,0.9012539184952978,0.9142437664858408,0.9137931034482759,0.8546309660080625,0.8620689655172413
0.089,0.9032847260239885,0.9043887147335423,0.9160105509381377,0.9137931034482759,0.8546309660080625,0.8667711598746082
0.09,0.9032847260239885,0.9043887147335423,0.9160105509381377,0.9137931034482759,0.8620315532772608,0.8667711598746082
0.091,0.9046931767282138,0.9075235109717869,0.9160105509381377,0.9137931034482759,0.8637983377295575,0.8667711598746082
0.092,0.9046931767282138,0.9075235109717869,0.9160105509381377,0.9153605015673981,0.8655651221818543,0.8667711598746082
0.093,0.9064599611805106,0.9075235109717869,0.9191857860946598,0.9153605015673981,0.8669735728860797,0.8699059561128527
0.094,0.9064599611805106,0.9137931034482759,0.9191857860946598,0.9153605015673981,0.8687403573383765,0.8699059561128527
0.095,0.9064599611805106,0.9137931034482759,0.9191857860946598,0.9153605015673981,0.8701488080426019,0.8699059561128527
0.096,0.907868411884736,0.9153605015673981,0.9191857860946598,0.9184952978056427,0.8701488080426019,0.8714733542319749
0.097,0.9096351963370328,0.9153605015673981,0.9191857860946598,0.9184952978056427,0.8719155924948987,0.8714733542319749
0.098,0.9114019807893297,0.9153605015673981,0.9191857860946598,0.9200626959247649,0.8719155924948987,0.8746081504702194
0.099,0.9114019807893297,0.9153605015673981,0.9191857860946598,0.9263322884012539,0.8719155924948987,0.8761755485893417
0.1,0.9131687652416265,0.9200626959247649,0.9191857860946598,0.9294670846394985,0.8747324939033494,0.8761755485893417
0.101,0.9145772159458518,0.9200626959247649,0.9209525705469566,0.9294670846394985,0.8747324939033494,0.8793103448275862
0.10200000000000001,0.9163440003981486,0.9216300940438872,0.9209525705469566,0.9294670846394985,0.8747324939033494,0.8793103448275862
0.10300000000000001,0.9163440003981486,0.9231974921630094,0.9209525705469566,0.9294670846394985,0.8747324939033494,0.8793103448275862
0.10400000000000001,0.9163440003981486,0.9231974921630094,0.9223610212511819,0.9294670846394985,0.8779077290598716,0.8824451410658307
0.105,0.9177524511023739,0.9231974921630094,0.9223610212511819,0.9294670846394985,0.8796745135121684,0.8824451410658307
0.106,0.9195192355546707,0.9231974921630094,0.9255362564077041,0.9294670846394985,0.8814412979644652,0.8824451410658307
0.107,0.9212860200069676,0.9247648902821317,0.9255362564077041,0.9294670846394985,0.8832080824167621,0.8840125391849529
0.108,0.9212860200069676,0.9263322884012539,0.9255362564077041,0.9294670846394985,0.8863833175732843,0.8840125391849529
0.109,0.9212860200069676,0.9263322884012539,0.9255362564077041,0.9310344827586207,0.8863833175732843,0.8855799373040752
0.11,0.9212860200069676,0.9263322884012539,0.9255362564077041,0.9310344827586207,0.8881501020255811,0.8855799373040752
0.111,0.9212860200069676,0.9263322884012539,0.9273030408600009,0.9310344827586207,0.8895585527298064,0.8855799373040752
0.112,0.9230528044592644,0.9278996865203761,0.9290698253122978,0.9310344827586207,0.8895585527298064,0.8918495297805643
0.113,0.9262280396157866,0.9294670846394985,0.9326033942168914,0.9310344827586207,0.8895585527298064,0.8918495297805643
0.114,0.9276364903200119,0.9310344827586207,0.9326033942168914,0.9310344827586207,0.8927337878863286,0.896551724137931
0.115,0.9276364903200119,0.932601880877743,0.9326033942168914,0.932601880877743,0.8927337878863286,0.896551724137931
0.116,0.9276364903200119,0.932601880877743,0.9326033942168914,0.932601880877743,0.8927337878863286,0.8996865203761756
0.117,0.9276364903200119,0.932601880877743,0.9340118449211168,0.932601880877743,0.894142238590554,0.9012539184952978
0.11800000000000001,0.9290449410242374,0.9341692789968652,0.9340118449211168,0.932601880877743,0.894142238590554,0.9012539184952978
0.11900000000000001,0.9308117254765341,0.9341692789968652,0.9340118449211168,0.932601880877743,0.8955506892947793,0.9043887147335423
0.12,0.9308117254765341,0.9341692789968652,0.9340118449211168,0.9357366771159875,0.8987259244513015,0.9043887147335423
0.121,0.9308117254765341,0.9357366771159875,0.9340118449211168,0.9357366771159875,0.8987259244513015,0.9043887147335423
0.122,0.9308117254765341,0.9357366771159875,0.9340118449211168,0.9388714733542319,0.9001343751555269,0.9059561128526645
0.123,0.9308117254765341,0.9357366771159875,0.9354202956253421,0.9388714733542319,0.9001343751555269,0.9059561128526645
0.124,0.9308117254765341,0.9357366771159875,0.9354202956253421,0.9388714733542319,0.9015428258597522,0.9059561128526645
0.125,0.932578509928831,0.9373040752351097,0.9354202956253421,0.9388714733542319,0.903309610312049,0.9059561128526645
0.126,0.9343452943811278,0.9373040752351097,0.9368287463295675,0.9388714733542319,0.903309610312049,0.9059561128526645
0.127,0.9361120788334246,0.9373040752351097,0.9368287463295675,0.9388714733542319,0.9047180610162744,0.9075235109717869
0.128,0.9389289802418753,0.9404388714733543,0.9368287463295675,0.9388714733542319,0.9061265117204997,0.9075235109717869
0.129,0.9389289802418753,0.9404388714733543,0.9368287463295675,0.9388714733542319,0.9061265117204997,0.9075235109717869
0.13,0.9389289802418753,0.9420062695924765,0.9368287463295675,0.9388714733542319,0.9061265117204997,0.9090909090909091
0.131,0.9389289802418753,0.9420062695924765,0.9400039814860897,0.9388714733542319,0.9061265117204997,0.9090909090909091
0.132,0.9389289802418753,0.945141065830721,0.9400039814860897,0.9404388714733543,0.9061265117204997,0.9090909090909091
0.133,0.9389289802418753,0.9467084639498433,0.9400039814860897,0.9404388714733543,0.9061265117204997,0.9090909090909091
0.134,0.940695764694172,0.9467084639498433,0.9400039814860897,0.9420062695924765,0.9061265117204997,0.9106583072100314
0.135,0.940695764694172,0.9467084639498433,0.9400039814860897,0.9420062695924765,0.9061265117204997,0.9122257053291536
0.136,0.940695764694172,0.9467084639498433,0.9417707659383865,0.9420062695924765,0.9061265117204997,0.9122257053291536
0.137,0.940695764694172,0.9467084639498433,0.9435375503906833,0.9420062695924765,0.9093017468770218,0.9122257053291536
0.138,0.940695764694172,0.9467084639498433,0.9435375503906833,0.9420062695924765,0.9093017468770218,0.9122257053291536
0.139,0.9424625491464689,0.9482758620689655,0.9435375503906833,0.9420062695924765,0.9093017468770218,0.9122257053291536
0.14,0.9424625491464689,0.9482758620689655,0.9435375503906833,0.9467084639498433,0.9093017468770218,0.9122257053291536
0.14100000000000001,0.9424625491464689,0.9482758620689655,0.9435375503906833,0.9467084639498433,0.9093017468770218,0.9122257053291536
0.14200000000000002,0.9424625491464689,0.95141065830721,0.9435375503906833,0.9467084639498433,0.9093017468770218,0.9122257053291536
0.14300000000000002,0.9424625491464689,0.95141065830721,0.9449460010949087,0.9467084639498433,0.9093017468770218,0.9122257053291536
0.14400000000000002,0.9442293335987657,0.95141065830721,0.9449460010949087,0.9482758620689655,0.9093017468770218,0.9122257053291536
0.145,0.9442293335987657,0.9529780564263323,0.9449460010949087,0.9498432601880877,0.9107101975812472,0.9122257053291536
0.146,0.9459961180510625,0.9529780564263323,0.9449460010949087,0.9498432601880877,0.9107101975812472,0.9122257053291536
0.147,0.9491713532075847,0.9529780564263323,0.9449460010949087,0.9498432601880877,0.9107101975812472,0.9122257053291536
0.148,0.9491713532075847,0.9529780564263323,0.9449460010949087,0.95141065830721,0.912476982033544,0.9137931034482759
0.149,0.9491713532075847,0.9529780564263323,0.9449460010949087,0.9529780564263323,0.912476982033544,0.9137931034482759
0.15,0.9491713532075847,0.9545454545454546,0.9467127855472055,0.9529780564263323,0.912476982033544,0.9137931034482759
0.151,0.9491713532075847,0.9545454545454546,0.9467127855472055,0.9529780564263323,0.912476982033544,0.9137931034482759
0.152,0.9509381376598816,0.9545454545454546,0.9467127855472055,0.9529780564263323,0.912476982033544,0.9137931034482759
0.153,0.9523465883641069,0.9561128526645768,0.9467127855472055,0.9529780564263323,0.912476982033544,0.9137931034482759
0.154,0.9523465883641069,0.9561128526645768,0.9467127855472055,0.9529780564263323,0.9142437664858408,0.9153605015673981
0.155,0.9523465883641069,0.9561128526645768,0.9467127855472055,0.9529780564263323,0.9142437664858408,0.9153605015673981
0.156,0.9523465883641069,0.9561128526645768,0.9467127855472055,0.9545454545454546,0.9142437664858408,0.9153605015673981
0.157,0.9523465883641069,0.9561128526645768,0.9484795699995023,0.9545454545454546,0.9142437664858408,0.9153605015673981
0.158,0.9523465883641069,0.9561128526645768,0.9502463544517992,0.9545454545454546,0.9142437664858408,0.9153605015673981
0.159,0.9523465883641069,0.9561128526645768,0.9502463544517992,0.9545454545454546,0.9142437664858408,0.9169278996865203
0.16,0.9541133728164037,0.9561128526645768,0.9516548051560245,0.9545454545454546,0.9142437664858408,0.9169278996865203
0.161,0.9541133728164037,0.957680250783699,0.9516548051560245,0.9545454545454546,0.9142437664858408,0.9184952978056427
0.162,0.9541133728164037,0.957680250783699,0.9534215896083214,0.9545454545454546,0.9142437664858408,0.9184952978056427
0.163,0.9541133728164037,0.957680250783699,0.9534215896083214,0.9561128526645768,0.9142437664858408,0.9200626959247649
0.164,0.9541133728164037,0.957680250783699,0.9534215896083214,0.9561128526645768,0.9142437664858408,0.9200626959247649
0.165,0.9558801572687006,0.9592476489028213,0.9534215896083214,0.9561128526645768,0.9142437664858408,0.9200626959247649
0.166,0.9558801572687006,0.9608150470219435,0.9551883740606182,0.957680250783699,0.9156522171900662,0.9216300940438872
0.167,0.9558801572687006,0.9608150470219435,0.9551883740606182,0.957680250783699,0.9156522171900662,0.9216300940438872
0.168,0.9558801572687006,0.9608150470219435,0.9551883740606182,0.957680250783699,0.9156522171900662,0.9216300940438872
0.169,0.9576469417209974,0.9608150470219435,0.9551883740606182,0.9592476489028213,0.9156522171900662,0.9231974921630094
0.17,0.9576469417209974,0.9608150470219435,0.9551883740606182,0.9592476489028213,0.9156522171900662,0.9231974921630094
0.171,0.9576469417209974,0.9608150470219435,0.9551883740606182,0.9592476489028213,0.9156522171900662,0.9231974921630094
0.17200000000000001,0.9576469417209974,0.9608150470219435,0.9551883740606182,0.9592476489028213,0.9156522171900662,0.9231974921630094
0.17300000000000001,0.9576469417209974,0.9623824451410659,0.9551883740606182,0.9592476489028213,0.9184691185985169,0.9231974921630094
0.17400000000000002,0.9576469417209974,0.9623824451410659,0.9551883740606182,0.9592476489028213,0.9202359030508137,0.9231974921630094
0.17500000000000002,0.9576469417209974,0.9623824451410659,0.956955158512915,0.9592476489028213,0.9202359030508137,0.9231974921630094
0.176,0.9576469417209974,0.9623824451410659,0.956955158512915,0.9592476489028213,0.9202359030508137,0.9231974921630094
0.177,0.9594137261732942,0.9623824451410659,0.956955158512915,0.9592476489028213,0.9202359030508137,0.9231974921630094
0.178,0.9594137261732942,0.9623824451410659,0.956955158512915,0.9592476489028213,0.9202359030508137,0.9231974921630094
0.179,0.9594137261732942,0.9623824451410659,0.956955158512915,0.9592476489028213,0.9202359030508137,0.9231974921630094
0.18,0.9594137261732942,0.9623824451410659,0.956955158512915,0.9608150470219435,0.9216443537550391,0.9231974921630094
0.181,0.9608221768775196,0.9623824451410659,0.956955158512915,0.9608150470219435,0.9234111382073359,0.9231974921630094
0.182,0.9608221768775196,0.9623824451410659,0.956955158512915,0.9608150470219435,0.9234111382073359,0.9231974921630094
0.183,0.9608221768775196,0.9623824451410659,0.956955158512915,0.9608150470219435,0.9234111382073359,0.9231974921630094
0.184,0.9625889613298164,0.9623824451410659,0.956955158512915,0.9608150470219435,0.9234111382073359,0.9231974921630094
0.185,0.9625889613298164,0.9623824451410659,0.956955158512915,0.9608150470219435,0.9234111382073359,0.9247648902821317
0.186,0.9639974120340418,0.9623824451410659,0.956955158512915,0.9623824451410659,0.9234111382073359,0.9247648902821317
0.187,0.9639974120340418,0.9623824451410659,0.9587219429652118,0.9623824451410659,0.9234111382073359,0.9247648902821317
0.188,0.9639974120340418,0.9623824451410659,0.9601303936694372,0.9623824451410659,0.9251779226596326,0.9247648902821317
0.189,0.9639974120340418,0.9623824451410659,0.9601303936694372,0.9623824451410659,0.9251779226596326,0.9247648902821317
0.19,0.9639974120340418,0.9623824451410659,0.961897178121734,0.9623824451410659,0.9269447071119294,0.9247648902821317
0.191,0.9639974120340418,0.9623824451410659,0.961897178121734,0.9623824451410659,0.9269447071119294,0.9247648902821317
0.192,0.9639974120340418,0.9623824451410659,0.961897178121734,0.9623824451410659,0.9269447071119294,0.9247648902821317
0.193,0.9639974120340418,0.9623824451410659,0.961897178121734,0.9623824451410659,0.9269447071119294,0.9247648902821317
0.194,0.9639974120340418,0.9639498432601881,0.961897178121734,0.9623824451410659,0.9269447071119294,0.9263322884012539
0.195,0.9639974120340418,0.9639498432601881,0.961897178121734,0.9623824451410659,0.9269447071119294,0.9263322884012539
0.196,0.9639974120340418,0.9639498432601881,0.961897178121734,0.9623824451410659,0.9269447071119294,0.9263322884012539
0.197,0.9639974120340418,0.9639498432601881,0.961897178121734,0.9623824451410659,0.9269447071119294,0.9263322884012539
0.198,0.9639974120340418,0.9655172413793104,0.961897178121734,0.9623824451410659,0.9269447071119294,0.9263322884012539
0.199,0.9639974120340418,0.9655172413793104,0.961897178121734,0.9623824451410659,0.9269447071119294,0.9263322884012539
0.2,0.9639974120340418,0.9655172413793104,0.961897178121734,0.9623824451410659,0.9269447071119294,0.9278996865203761
0.201,0.9639974120340418,0.9655172413793104,0.961897178121734,0.9623824451410659,0.9269447071119294,0.9278996865203761
0.202,0.9639974120340418,0.9655172413793104,0.961897178121734,0.9623824451410659,0.9269447071119294,0.9294670846394985
0.203,0.9639974120340418,0.9655172413793104,0.961897178121734,0.9623824451410659,0.9269447071119294,0.9294670846394985
0.20400000000000001,0.9639974120340418,0.9655172413793104,0.961897178121734,0.9623824451410659,0.9269447071119294,0.9294670846394985
0.20500000000000002,0.9639974120340418,0.9655172413793104,0.961897178121734,0.9623824451410659,0.9269447071119294,0.9310344827586207
0.20600000000000002,0.9639974120340418,0.9655172413793104,0.961897178121734,0.9623824451410659,0.9269447071119294,0.9310344827586207
0.20700000000000002,0.9639974120340418,0.9655172413793104,0.961897178121734,0.9623824451410659,0.9269447071119294,0.9310344827586207
0.20800000000000002,0.9639974120340418,0.9655172413793104,0.9636639625740308,0.9623824451410659,0.9269447071119294,0.9310344827586207
0.209,0.9639974120340418,0.9670846394984326,0.9636639625740308,0.9623824451410659,0.9269447071119294,0.932601880877743
0.21,0.9639974120340418,0.9670846394984326,0.9650724132782561,0.9623824451410659,0.9269447071119294,0.932601880877743
0.211,0.9639974120340418,0.9670846394984326,0.9650724132782561,0.9623824451410659,0.9269447071119294,0.932601880877743
0.212,0.9639974120340418,0.9670846394984326,0.9650724132782561,0.9623824451410659,0.9269447071119294,0.932601880877743
0.213,0.9639974120340418,0.9670846394984326,0.9650724132782561,0.9639498432601881,0.9269447071119294,0.932601880877743
0.214,0.9639974120340418,0.9686520376175548,0.9650724132782561,0.9639498432601881,0.9269447071119294,0.932601880877743
0.215,0.9639974120340418,0.9686520376175548,0.9650724132782561,0.9639498432601881,0.9269447071119294,0.932601880877743
0.216,0.9639974120340418,0.9686520376175548,0.9650724132782561,0.9639498432601881,0.9269447071119294,0.932601880877743
0.217,0.9639974120340418,0.9686520376175548,0.9650724132782561,0.9639498432601881,0.9287114915642263,0.932601880877743
0.218,0.9639974120340418,0.9686520376175548,0.9650724132782561,0.9639498432601881,0.9301199422684516,0.932601880877743
0.219,0.9657641964863386,0.9686520376175548,0.9650724132782561,0.9639498432601881,0.9301199422684516,0.932601880877743
0.22,0.9657641964863386,0.9686520376175548,0.9650724132782561,0.9639498432601881,0.9301199422684516,0.932601880877743
0.221,0.9657641964863386,0.9686520376175548,0.9650724132782561,0.9655172413793104,0.931528392972677,0.932601880877743
0.222,0.9657641964863386,0.9686520376175548,0.9650724132782561,0.9655172413793104,0.931528392972677,0.932601880877743
0.223,0.9657641964863386,0.9702194357366771,0.9650724132782561,0.9655172413793104,0.9332951774249738,0.932601880877743
0.224,0.9675309809386354,0.9702194357366771,0.9650724132782561,0.9655172413793104,0.9350619618772706,0.932601880877743
0.225,0.9675309809386354,0.9702194357366771,0.9650724132782561,0.9655172413793104,0.9368287463295675,0.932601880877743
0.226,0.9675309809386354,0.9702194357366771,0.9650724132782561,0.9655172413793104,0.9385955307818643,0.932601880877743
0.227,0.9675309809386354,0.9702194357366771,0.9650724132782561,0.9655172413793104,0.9385955307818643,0.932601880877743
0.228,0.9675309809386354,0.9702194357366771,0.9650724132782561,0.9655172413793104,0.9385955307818643,0.932601880877743
0.229,0.9675309809386354,0.9702194357366771,0.9650724132782561,0.9655172413793104,0.9385955307818643,0.932601880877743
0.23,0.9675309809386354,0.9702194357366771,0.9650724132782561,0.9655172413793104,0.9385955307818643,0.932601880877743
0.231,0.9675309809386354,0.9702194357366771,0.9664808639824815,0.9655172413793104,0.9385955307818643,0.932601880877743
0.232,0.9675309809386354,0.9702194357366771,0.9664808639824815,0.9655172413793104,0.9385955307818643,0.932601880877743
0.233,0.9675309809386354,0.9702194357366771,0.9664808639824815,0.9655172413793104,0.9385955307818643,0.9341692789968652
0.234,0.9675309809386354,0.9702194357366771,0.9678893146867068,0.9655172413793104,0.9385955307818643,0.9341692789968652
0.23500000000000001,0.9675309809386354,0.9702194357366771,0.9678893146867068,0.9655172413793104,0.9385955307818643,0.9341692789968652
0.23600000000000002,0.9675309809386354,0.9702194357366771,0.9678893146867068,0.9655172413793104,0.9385955307818643,0.9341692789968652
0.23700000000000002,0.9675309809386354,0.9702194357366771,0.9678893146867068,0.9670846394984326,0.9385955307818643,0.9341692789968652
0.23800000000000002,0.9675309809386354,0.9702194357366771,0.9692977653909322,0.9670846394984326,0.9385955307818643,0.9357366771159875
0.23900000000000002,0.9675309809386354,0.9702194357366771,0.9692977653909322,0.9670846394984326,0.9385955307818643,0.9373040752351097
0.24,0.9675309809386354,0.9702194357366771,0.9692977653909322,0.9670846394984326,0.9385955307818643,0.9388714733542319
0.241,0.9675309809386354,0.9702194357366771,0.9692977653909322,0.9670846394984326,0.9385955307818643,0.9388714733542319
0.242,0.9675309809386354,0.9702194357366771,0.9692977653909322,0.9670846394984326,0.9385955307818643,0.9404388714733543
0.243,0.9675309809386354,0.9702194357366771,0.9692977653909322,0.9670846394984326,0.9385955307818643,0.9404388714733543
0.244,0.9675309809386354,0.9702194357366771,0.9707062160951575,0.9670846394984326,0.9385955307818643,0.9404388714733543
0.245,0.9675309809386354,0.9702194357366771,0.9707062160951575,0.9670846394984326,0.9385955307818643,0.9404388714733543
0.246,0.9675309809386354,0.9702194357366771,0.9724730005474543,0.9670846394984326,0.9385955307818643,0.9404388714733543
0.247,0.9675309809386354,0.9702194357366771,0.9724730005474543,0.9670846394984326,0.9385955307818643,0.9404388714733543
0.248,0.9675309809386354,0.9702194357366771,0.9724730005474543,0.9670846394984326,0.9385955307818643,0.9404388714733543
0.249,0.9675309809386354,0.9702194357366771,0.9724730005474543,0.9670846394984326,0.9385955307818643,0.9404388714733543
0.25,0.9675309809386354,0.9702194357366771,0.9724730005474543,0.9670846394984326,0.9385955307818643,0.9404388714733543
0.251,0.9675309809386354,0.9702194357366771,0.9724730005474543,0.9670846394984326,0.9385955307818643,0.9404388714733543
0.252,0.9692977653909322,0.9702194357366771,0.9724730005474543,0.9670846394984326,0.9385955307818643,0.9404388714733543
0.253,0.9692977653909322,0.9702194357366771,0.9724730005474543,0.9670846394984326,0.9385955307818643,0.9404388714733543
0.254,0.9692977653909322,0.9702194357366771,0.9724730005474543,0.9670846394984326,0.9385955307818643,0.9404388714733543
0.255,0.9707062160951575,0.9702194357366771,0.9724730005474543,0.9670846394984326,0.9385955307818643,0.9404388714733543
0.256,0.9707062160951575,0.9717868338557993,0.9724730005474543,0.9670846394984326,0.9385955307818643,0.9404388714733543
0.257,0.9707062160951575,0.9717868338557993,0.9724730005474543,0.9670846394984326,0.9385955307818643,0.9404388714733543
0.258,0.9707062160951575,0.9717868338557993,0.9724730005474543,0.9670846394984326,0.9385955307818643,0.9404388714733543
0.259,0.9707062160951575,0.9717868338557993,0.9724730005474543,0.9670846394984326,0.9385955307818643,0.9404388714733543
0.26,0.9707062160951575,0.9733542319749217,0.9724730005474543,0.9686520376175548,0.9385955307818643,0.9404388714733543
0.261,0.9707062160951575,0.9733542319749217,0.9724730005474543,0.9686520376175548,0.9385955307818643,0.9404388714733543
0.262,0.9707062160951575,0.9733542319749217,0.9724730005474543,0.9686520376175548,0.9385955307818643,0.9420062695924765
0.263,0.9707062160951575,0.9733542319749217,0.9724730005474543,0.9702194357366771,0.9385955307818643,0.9420062695924765
0.264,0.9707062160951575,0.9733542319749217,0.9724730005474543,0.9702194357366771,0.9385955307818643,0.9420062695924765
0.265,0.9707062160951575,0.9733542319749217,0.9724730005474543,0.9717868338557993,0.9385955307818643,0.9420062695924765
0.266,0.9707062160951575,0.9733542319749217,0.9724730005474543,0.9717868338557993,0.9385955307818643,0.9420062695924765
0.267,0.9707062160951575,0.9733542319749217,0.9724730005474543,0.9717868338557993,0.9385955307818643,0.9420062695924765
0.268,0.9707062160951575,0.9733542319749217,0.9724730005474543,0.9717868338557993,0.9385955307818643,0.9420062695924765
0.269,0.9707062160951575,0.9733542319749217,0.9724730005474543,0.9717868338557993,0.9385955307818643,0.9420062695924765
0.27,0.9707062160951575,0.9733542319749217,0.9724730005474543,0.9717868338557993,0.9403623152341611,0.9420062695924765
0.271,0.9707062160951575,0.9733542319749217,0.9724730005474543,0.9733542319749217,0.942129099686458,0.9420062695924765
0.272,0.9707062160951575,0.9733542319749217,0.9724730005474543,0.9733542319749217,0.942129099686458,0.9420062695924765
0.273,0.9707062160951575,0.9733542319749217,0.9724730005474543,0.9749216300940439,0.942129099686458,0.9420062695924765
0.274,0.9707062160951575,0.9733542319749217,0.9724730005474543,0.9749216300940439,0.942129099686458,0.9420062695924765
0.275,0.9707062160951575,0.9733542319749217,0.9724730005474543,0.9764890282131662,0.9438958841387548,0.9420062695924765
0.276,0.9707062160951575,0.9733542319749217,0.9724730005474543,0.9764890282131662,0.9438958841387548,0.9420062695924765
0.277,0.9707062160951575,0.9733542319749217,0.9724730005474543,0.9764890282131662,0.9438958841387548,0.9420062695924765
0.278,0.9707062160951575,0.9733542319749217,0.9724730005474543,0.9764890282131662,0.9453043348429802,0.9420062695924765
0.279,0.9707062160951575,0.9733542319749217,0.9724730005474543,0.9764890282131662,0.9453043348429802,0.9420062695924765
0.28,0.9707062160951575,0.9733542319749217,0.9724730005474543,0.9764890282131662,0.9453043348429802,0.9420062695924765
0.281,0.9707062160951575,0.9733542319749217,0.9724730005474543,0.9764890282131662,0.947071119295277,0.9420062695924765
0.28200000000000003,0.9707062160951575,0.9733542319749217,0.9724730005474543,0.9764890282131662,0.947071119295277,0.9420062695924765
0.28300000000000003,0.9707062160951575,0.9733542319749217,0.9724730005474543,0.9764890282131662,0.947071119295277,0.9435736677115988
0.28400000000000003,0.9707062160951575,0.9733542319749217,0.9724730005474543,0.9764890282131662,0.947071119295277,0.9435736677115988
0.28500000000000003,0.9707062160951575,0.9733542319749217,0.9724730005474543,0.9764890282131662,0.947071119295277,0.945141065830721
0.28600000000000003,0.9707062160951575,0.9733542319749217,0.9724730005474543,0.9764890282131662,0.947071119295277,0.945141065830721
0.28700000000000003,0.9707062160951575,0.9733542319749217,0.9724730005474543,0.9764890282131662,0.947071119295277,0.9467084639498433
0.28800000000000003,0.9707062160951575,0.9733542319749217,0.9724730005474543,0.9764890282131662,0.947071119295277,0.9467084639498433
0.289,0.9707062160951575,0.9733542319749217,0.9724730005474543,0.9764890282131662,0.947071119295277,0.9467084639498433
0.29,0.9707062160951575,0.9733542319749217,0.9724730005474543,0.9780564263322884,0.947071119295277,0.9467084639498433
0.291,0.9724730005474543,0.9733542319749217,0.9724730005474543,0.9780564263322884,0.947071119295277,0.9482758620689655
0.292,0.9724730005474543,0.9733542319749217,0.9724730005474543,0.9780564263322884,0.947071119295277,0.9482758620689655
0.293,0.9724730005474543,0.9733542319749217,0.9738814512516797,0.9780564263322884,0.947071119295277,0.9482758620689655
0.294,0.9724730005474543,0.9733542319749217,0.9756482357039765,0.9780564263322884,0.947071119295277,0.9482758620689655
0.295,0.9742397849997512,0.9733542319749217,0.9756482357039765,0.9780564263322884,0.947071119295277,0.9482758620689655
0.296,0.9742397849997512,0.9733542319749217,0.9756482357039765,0.9780564263322884,0.9488379037475738,0.9482758620689655
0.297,0.9756482357039765,0.9733542319749217,0.9756482357039765,0.9780564263322884,0.9488379037475738,0.9498432601880877
0.298,0.9756482357039765,0.9733542319749217,0.9756482357039765,0.9780564263322884,0.9502463544517992,0.9498432601880877
0.299,0.9756482357039765,0.9749216300940439,0.9756482357039765,0.9796238244514106,0.9502463544517992,0.9498432601880877
0.3,0.9756482357039765,0.9749216300940439,0.9756482357039765,0.9796238244514106,0.9502463544517992,0.9498432601880877
0.301,0.9756482357039765,0.9749216300940439,0.9756482357039765,0.9796238244514106,0.9502463544517992,0.9498432601880877
0.302,0.9756482357039765,0.9749216300940439,0.9756482357039765,0.9796238244514106,0.9502463544517992,0.9498432601880877
0.303,0.9756482357039765,0.9749216300940439,0.9756482357039765,0.9811912225705329,0.9502463544517992,0.9498432601880877
0.304,0.9756482357039765,0.9749216300940439,0.9774150201562734,0.9811912225705329,0.9502463544517992,0.9498432601880877
0.305,0.9756482357039765,0.9749216300940439,0.9774150201562734,0.9811912225705329,0.9502463544517992,0.9498432601880877
0.306,0.9756482357039765,0.9749216300940439,0.9774150201562734,0.9811912225705329,0.9502463544517992,0.9498432601880877
0.307,0.9756482357039765,0.9749216300940439,0.9774150201562734,0.9827586206896551,0.9502463544517992,0.9498432601880877
0.308,0.9756482357039765,0.9749216300940439,0.9774150201562734,0.9827586206896551,0.9502463544517992,0.9498432601880877
0.309,0.9756482357039765,0.9749216300940439,0.9774150201562734,0.9827586206896551,0.952013138904096,0.95141065830721
0.31,0.9756482357039765,0.9749216300940439,0.9774150201562734,0.9827586206896551,0.952013138904096,0.95141065830721
0.311,0.9756482357039765,0.9749216300940439,0.9774150201562734,0.9827586206896551,0.952013138904096,0.95141065830721
0.312,0.9756482357039765,0.9749216300940439,0.9774150201562734,0.9827586206896551,0.952013138904096,0.9529780564263323
0.313,0.9756482357039765,0.9749216300940439,0.9774150201562734,0.9827586206896551,0.952013138904096,0.9545454545454546
0.314,0.9756482357039765,0.9749216300940439,0.9774150201562734,0.9827586206896551,0.952013138904096,0.9545454545454546
0.315,0.9756482357039765,0.9749216300940439,0.9774150201562734,0.9827586206896551,0.952013138904096,0.9545454545454546
0.316,0.9756482357039765,0.9749216300940439,0.9774150201562734,0.9827586206896551,0.952013138904096,0.9545454545454546
0.317,0.9756482357039765,0.9749216300940439,0.9774150201562734,0.9827586206896551,0.952013138904096,0.9545454545454546
0.318,0.9756482357039765,0.9749216300940439,0.9774150201562734,0.9827586206896551,0.952013138904096,0.9545454545454546
0.319,0.9756482357039765,0.9749216300940439,0.9774150201562734,0.9827586206896551,0.952013138904096,0.9545454545454546
0.32,0.9756482357039765,0.9749216300940439,0.9788234708604987,0.9827586206896551,0.952013138904096,0.9545454545454546
0.321,0.9756482357039765,0.9749216300940439,0.9788234708604987,0.9827586206896551,0.952013138904096,0.9545454545454546
0.322,0.9756482357039765,0.9749216300940439,0.9788234708604987,0.9827586206896551,0.952013138904096,0.9561128526645768
0.323,0.9756482357039765,0.9749216300940439,0.9805902553127955,0.9827586206896551,0.952013138904096,0.9561128526645768
0.324,0.9756482357039765,0.9749216300940439,0.9805902553127955,0.9827586206896551,0.952013138904096,0.9561128526645768
0.325,0.9756482357039765,0.9764890282131662,0.9805902553127955,0.9827586206896551,0.9534215896083214,0.957680250783699
0.326,0.9756482357039765,0.9764890282131662,0.9805902553127955,0.9827586206896551,0.9534215896083214,0.957680250783699
0.327,0.9756482357039765,0.9764890282131662,0.9805902553127955,0.9843260188087775,0.9534215896083214,0.957680250783699
0.328,0.9756482357039765,0.9764890282131662,0.9805902553127955,0.9843260188087775,0.9548300403125467,0.957680250783699
0.329,0.9756482357039765,0.9764890282131662,0.9805902553127955,0.9843260188087775,0.9548300403125467,0.957680250783699
0.33,0.9756482357039765,0.9764890282131662,0.9805902553127955,0.9843260188087775,0.9548300403125467,0.957680250783699
0.331,0.9756482357039765,0.9764890282131662,0.9805902553127955,0.9843260188087775,0.9565968247648435,0.957680250783699
0.332,0.9756482357039765,0.9764890282131662,0.9823570397650923,0.9843260188087775,0.9565968247648435,0.957680250783699
0.333,0.9756482357039765,0.9764890282131662,0.9823570397650923,0.9843260188087775,0.9565968247648435,0.957680250783699
0.334,0.9756482357039765,0.9764890282131662,0.9823570397650923,0.9843260188087775,0.9565968247648435,0.957680250783699
0.335,0.9756482357039765,0.9764890282131662,0.9841238242173891,0.9843260188087775,0.9565968247648435,0.957680250783699
0.336,0.9756482357039765,0.9764890282131662,0.9841238242173891,0.9843260188087775,0.9565968247648435,0.957680250783699
0.337,0.9756482357039765,0.9764890282131662,0.9841238242173891,0.9843260188087775,0.9565968247648435,0.957680250783699
0.338,0.9756482357039765,0.9764890282131662,0.9841238242173891,0.9843260188087775,0.9580052754690689,0.957680250783699
0.339,0.9756482357039765,0.9764890282131662,0.9858906086696859,0.9843260188087775,0.9580052754690689,0.957680250783699
0.34,0.9756482357039765,0.9764890282131662,0.9858906086696859,0.9843260188087775,0.9580052754690689,0.957680250783699
0.341,0.9756482357039765,0.9764890282131662,0.9858906086696859,0.9843260188087775,0.9580052754690689,0.957680250783699
0.342,0.9756482357039765,0.9764890282131662,0.9858906086696859,0.9843260188087775,0.9580052754690689,0.957680250783699
0.343,0.9756482357039765,0.9764890282131662,0.9858906086696859,0.9843260188087775,0.9580052754690689,0.957680250783699
0.34400000000000003,0.9756482357039765,0.9780564263322884,0.9858906086696859,0.9843260188087775,0.9597720599213657,0.957680250783699
0.34500000000000003,0.9756482357039765,0.9780564263322884,0.9858906086696859,0.9843260188087775,0.9597720599213657,0.957680250783699
0.34600000000000003,0.9756482357039765,0.9780564263322884,0.9858906086696859,0.9843260188087775,0.9597720599213657,0.957680250783699
0.34700000000000003,0.9756482357039765,0.9780564263322884,0.9858906086696859,0.9843260188087775,0.9597720599213657,0.9592476489028213
0.34800000000000003,0.9756482357039765,0.9780564263322884,0.9858906086696859,0.9843260188087775,0.9597720599213657,0.9592476489028213
0.34900000000000003,0.9756482357039765,0.9780564263322884,0.9858906086696859,0.9843260188087775,0.9597720599213657,0.9592476489028213
0.35000000000000003,0.9756482357039765,0.9780564263322884,0.9858906086696859,0.9843260188087775,0.9597720599213657,0.9592476489028213
0.35100000000000003,0.9756482357039765,0.9780564263322884,0.9858906086696859,0.9858934169278997,0.9597720599213657,0.9592476489028213
0.352,0.9756482357039765,0.9780564263322884,0.9858906086696859,0.9858934169278997,0.9597720599213657,0.9592476489028213
0.353,0.9756482357039765,0.9780564263322884,0.9858906086696859,0.9858934169278997,0.9597720599213657,0.9592476489028213
0.354,0.9756482357039765,0.9780564263322884,0.9858906086696859,0.9858934169278997,0.9597720599213657,0.9608150470219435
0.355,0.9756482357039765,0.9780564263322884,0.9858906086696859,0.9858934169278997,0.9597720599213657,0.9608150470219435
0.356,0.9756482357039765,0.9780564263322884,0.9858906086696859,0.9858934169278997,0.9597720599213657,0.9608150470219435
0.357,0.9756482357039765,0.9780564263322884,0.9858906086696859,0.987460815047022,0.9597720599213657,0.9608150470219435
0.358,0.9756482357039765,0.9780564263322884,0.9858906086696859,0.987460815047022,0.9597720599213657,0.9608150470219435
0.359,0.9756482357039765,0.9780564263322884,0.9858906086696859,0.987460815047022,0.9597720599213657,0.9608150470219435
0.36,0.9756482357039765,0.9780564263322884,0.9858906086696859,0.987460815047022,0.9597720599213657,0.9623824451410659
0.361,0.9756482357039765,0.9780564263322884,0.9858906086696859,0.987460815047022,0.9597720599213657,0.9623824451410659
0.362,0.9756482357039765,0.9780564263322884,0.9858906086696859,0.987460815047022,0.9615388443736625,0.9623824451410659
0.363,0.9756482357039765,0.9780564263322884,0.9858906086696859,0.987460815047022,0.9615388443736625,0.9623824451410659
0.364,0.9756482357039765,0.9796238244514106,0.9858906086696859,0.987460815047022,0.9615388443736625,0.9623824451410659
0.365,0.9756482357039765,0.9796238244514106,0.9858906086696859,0.987460815047022,0.9633056288259594,0.9623824451410659
0.366,0.9756482357039765,0.9796238244514106,0.9858906086696859,0.987460815047022,0.9633056288259594,0.9623824451410659
0.367,0.9756482357039765,0.9796238244514106,0.9858906086696859,0.987460815047022,0.9633056288259594,0.9623824451410659
0.368,0.9756482357039765,0.9796238244514106,0.9858906086696859,0.987460815047022,0.9633056288259594,0.9623824451410659
0.369,0.9756482357039765,0.9796238244514106,0.9858906086696859,0.987460815047022,0.9633056288259594,0.9623824451410659
0.37,0.9756482357039765,0.9796238244514106,0.9858906086696859,0.987460815047022,0.9647140795301847,0.9623824451410659
0.371,0.9774150201562734,0.9796238244514106,0.9858906086696859,0.987460815047022,0.9647140795301847,0.9623824451410659
0.372,0.9774150201562734,0.9796238244514106,0.9858906086696859,0.987460815047022,0.9647140795301847,0.9623824451410659
0.373,0.9774150201562734,0.9796238244514106,0.9858906086696859,0.987460815047022,0.9647140795301847,0.9623824451410659
0.374,0.9774150201562734,0.9796238244514106,0.9858906086696859,0.987460815047022,0.9647140795301847,0.9623824451410659
0.375,0.9774150201562734,0.9796238244514106,0.9858906086696859,0.987460815047022,0.9647140795301847,0.9623824451410659
0.376,0.9774150201562734,0.9796238244514106,0.9858906086696859,0.987460815047022,0.9647140795301847,0.9623824451410659
0.377,0.9774150201562734,0.9796238244514106,0.9858906086696859,0.987460815047022,0.9647140795301847,0.9623824451410659
0.378,0.9774150201562734,0.9796238244514106,0.9858906086696859,0.987460815047022,0.9647140795301847,0.9623824451410659
0.379,0.9774150201562734,0.9796238244514106,0.9858906086696859,0.987460815047022,0.9647140795301847,0.9639498432601881
0.38,0.9774150201562734,0.9796238244514106,0.9858906086696859,0.987460815047022,0.9647140795301847,0.9639498432601881
0.381,0.9774150201562734,0.9796238244514106,0.9858906086696859,0.987460815047022,0.9647140795301847,0.9670846394984326
0.382,0.9774150201562734,0.9796238244514106,0.9858906086696859,0.987460815047022,0.9647140795301847,0.9670846394984326
0.383,0.9774150201562734,0.9796238244514106,0.9858906086696859,0.987460815047022,0.9647140795301847,0.9670846394984326
0.384,0.9774150201562734,0.9796238244514106,0.9858906086696859,0.987460815047022,0.9647140795301847,0.9670846394984326
0.385,0.9774150201562734,0.9796238244514106,0.9858906086696859,0.987460815047022,0.9647140795301847,0.9670846394984326
0.386,0.9774150201562734,0.9796238244514106,0.9858906086696859,0.987460815047022,0.9647140795301847,0.9670846394984326
0.387,0.9774150201562734,0.9796238244514106,0.9858906086696859,0.987460815047022,0.9647140795301847,0.9670846394984326
0.388,0.9774150201562734,0.9796238244514106,0.9876573931219828,0.987460815047022,0.9647140795301847,0.9670846394984326
0.389,0.9774150201562734,0.9796238244514106,0.9876573931219828,0.987460815047022,0.9647140795301847,0.9670846394984326
0.39,0.9774150201562734,0.9796238244514106,0.9890658438262081,0.987460815047022,0.9647140795301847,0.9670846394984326
0.391,0.9774150201562734,0.9796238244514106,0.9890658438262081,0.987460815047022,0.9647140795301847,0.9670846394984326
0.392,0.9774150201562734,0.9796238244514106,0.9890658438262081,0.9890282131661442,0.9647140795301847,0.9670846394984326
0.393,0.9774150201562734,0.9811912225705329,0.9890658438262081,0.9890282131661442,0.9647140795301847,0.9670846394984326
0.394,0.9774150201562734,0.9811912225705329,0.9890658438262081,0.9890282131661442,0.9647140795301847,0.9670846394984326
0.395,0.9774150201562734,0.9811912225705329,0.9890658438262081,0.9890282131661442,0.9647140795301847,0.9670846394984326
0.396,0.9774150201562734,0.9811912225705329,0.9890658438262081,0.9890282131661442,0.9647140795301847,0.9670846394984326
0.397,0.9774150201562734,0.9811912225705329,0.9890658438262081,0.9890282131661442,0.9661225302344101,0.9670846394984326
0.398,0.9774150201562734,0.9811912225705329,0.9890658438262081,0.9890282131661442,0.9661225302344101,0.9670846394984326
0.399,0.9774150201562734,0.9811912225705329,0.9890658438262081,0.9890282131661442,0.9661225302344101,0.9670846394984326
0.4,0.9774150201562734,0.9811912225705329,0.9890658438262081,0.9890282131661442,0.9678893146867068,0.9670846394984326
0.401,0.9774150201562734,0.9811912225705329,0.9890658438262081,0.9890282131661442,0.9678893146867068,0.9670846394984326
0.402,0.9774150201562734,0.9811912225705329,0.9890658438262081,0.9890282131661442,0.9678893146867068,0.9670846394984326
0.403,0.9774150201562734,0.9811912225705329,0.9890658438262081,0.9890282131661442,0.9678893146867068,0.9670846394984326
0.404,0.9774150201562734,0.9811912225705329,0.9890658438262081,0.9890282131661442,0.9678893146867068,0.9670846394984326
0.405,0.9774150201562734,0.9811912225705329,0.9890658438262081,0.9890282131661442,0.9678893146867068,0.9670846394984326
0.406,0.9788234708604987,0.9811912225705329,0.9890658438262081,0.9890282131661442,0.9696560991390036,0.9670846394984326
0.40700000000000003,0.9788234708604987,0.9811912225705329,0.9890658438262081,0.9890282131661442,0.9696560991390036,0.9670846394984326
0.40800000000000003,0.9788234708604987,0.9811912225705329,0.9890658438262081,0.9890282131661442,0.9696560991390036,0.9670846394984326
0.40900000000000003,0.9788234708604987,0.9811912225705329,0.9890658438262081,0.9890282131661442,0.9696560991390036,0.9670846394984326
0.41000000000000003,0.9788234708604987,0.9811912225705329,0.9890658438262081,0.9890282131661442,0.9696560991390036,0.9670846394984326
0.41100000000000003,0.9788234708604987,0.9811912225705329,0.9890658438262081,0.9890282131661442,0.9696560991390036,0.9670846394984326
0.41200000000000003,0.9788234708604987,0.9811912225705329,0.9890658438262081,0.9890282131661442,0.9696560991390036,0.9670846394984326
0.41300000000000003,0.9788234708604987,0.9811912225705329,0.9890658438262081,0.9890282131661442,0.9696560991390036,0.9670846394984326
0.41400000000000003,0.9805902553127955,0.9811912225705329,0.9890658438262081,0.9890282131661442,0.9696560991390036,0.9686520376175548
0.41500000000000004,0.9805902553127955,0.9811912225705329,0.9890658438262081,0.9890282131661442,0.9696560991390036,0.9686520376175548
0.41600000000000004,0.9805902553127955,0.9811912225705329,0.9890658438262081,0.9890282131661442,0.9696560991390036,0.9686520376175548
0.417,0.9805902553127955,0.9811912225705329,0.9890658438262081,0.9890282131661442,0.9696560991390036,0.9686520376175548
0.418,0.9805902553127955,0.9811912225705329,0.9890658438262081,0.9890282131661442,0.9696560991390036,0.9686520376175548
0.419,0.9805902553127955,0.9811912225705329,0.9890658438262081,0.9890282131661442,0.9696560991390036,0.9686520376175548
0.42,0.9805902553127955,0.9811912225705329,0.9890658438262081,0.9890282131661442,0.9696560991390036,0.9702194357366771
0.421,0.9805902553127955,0.9811912225705329,0.9890658438262081,0.9890282131661442,0.9696560991390036,0.9702194357366771
0.422,0.9805902553127955,0.9811912225705329,0.9890658438262081,0.9890282131661442,0.9696560991390036,0.9702194357366771
0.423,0.9805902553127955,0.9811912225705329,0.9890658438262081,0.9890282131661442,0.9696560991390036,0.9702194357366771
0.424,0.9805902553127955,0.9811912225705329,0.9890658438262081,0.9890282131661442,0.9696560991390036,0.9702194357366771
0.425,0.9805902553127955,0.9811912225705329,0.9890658438262081,0.9890282131661442,0.9696560991390036,0.9702194357366771
0.426,0.9805902553127955,0.9827586206896551,0.9890658438262081,0.9890282131661442,0.9696560991390036,0.9702194357366771
0.427,0.9819987060170209,0.9827586206896551,0.9890658438262081,0.9890282131661442,0.9696560991390036,0.9702194357366771
0.428,0.9819987060170209,0.9827586206896551,0.9890658438262081,0.9890282131661442,0.9696560991390036,0.9702194357366771
0.429,0.9819987060170209,0.9827586206896551,0.9890658438262081,0.9890282131661442,0.9696560991390036,0.9702194357366771
0.43,0.9819987060170209,0.9827586206896551,0.9908326282785049,0.9890282131661442,0.9696560991390036,0.9702194357366771
0.431,0.9819987060170209,0.9827586206896551,0.9908326282785049,0.9890282131661442,0.9696560991390036,0.9702194357366771
0.432,0.9819987060170209,0.9827586206896551,0.9908326282785049,0.9890282131661442,0.9696560991390036,0.9702194357366771
0.433,0.9819987060170209,0.9827586206896551,0.9908326282785049,0.9890282131661442,0.9696560991390036,0.9702194357366771
0.434,0.9819987060170209,0.9827586206896551,0.9908326282785049,0.9890282131661442,0.9696560991390036,0.9702194357366771
0.435,0.9819987060170209,0.9827586206896551,0.9908326282785049,0.9905956112852664,0.9696560991390036,0.9702194357366771
0.436,0.9819987060170209,0.9827586206896551,0.9908326282785049,0.9905956112852664,0.9696560991390036,0.9702194357366771
0.437,0.9819987060170209,0.9827586206896551,0.9908326282785049,0.9905956112852664,0.9696560991390036,0.9702194357366771
0.438,0.9819987060170209,0.9827586206896551,0.9908326282785049,0.9905956112852664,0.9696560991390036,0.9702194357366771
0.439,0.9819987060170209,0.9827586206896551,0.9908326282785049,0.9905956112852664,0.9696560991390036,0.9702194357366771
0.44,0.9819987060170209,0.9827586206896551,0.9908326282785049,0.9905956112852664,0.9696560991390036,0.9702194357366771
0.441,0.9819987060170209,0.9827586206896551,0.9908326282785049,0.9905956112852664,0.9696560991390036,0.9702194357366771
0.442,0.9819987060170209,0.9827586206896551,0.9908326282785049,0.9905956112852664,0.9696560991390036,0.9702194357366771
0.443,0.9819987060170209,0.9827586206896551,0.9908326282785049,0.9905956112852664,0.9714228835913005,0.9702194357366771
0.444,0.9819987060170209,0.9827586206896551,0.9908326282785049,0.9905956112852664,0.9714228835913005,0.9702194357366771
0.445,0.9819987060170209,0.9827586206896551,0.9908326282785049,0.9905956112852664,0.9714228835913005,0.9702194357366771
0.446,0.9819987060170209,0.9827586206896551,0.9908326282785049,0.9905956112852664,0.9714228835913005,0.9702194357366771
0.447,0.9837654904693176,0.9827586206896551,0.9908326282785049,0.9905956112852664,0.9714228835913005,0.9702194357366771
0.448,0.9837654904693176,0.9827586206896551,0.9908326282785049,0.9905956112852664,0.9714228835913005,0.9702194357366771
0.449,0.9837654904693176,0.9827586206896551,0.9908326282785049,0.9905956112852664,0.9714228835913005,0.9702194357366771
0.45,0.9837654904693176,0.9827586206896551,0.9908326282785049,0.9905956112852664,0.9714228835913005,0.9702194357366771
0.451,0.9837654904693176,0.9827586206896551,0.9908326282785049,0.9905956112852664,0.9714228835913005,0.9702194357366771
0.452,0.9837654904693176,0.9827586206896551,0.9908326282785049,0.9905956112852664,0.9714228835913005,0.9702194357366771
0.453,0.9837654904693176,0.9827586206896551,0.9908326282785049,0.9905956112852664,0.9714228835913005,0.9702194357366771
0.454,0.9837654904693176,0.9827586206896551,0.9908326282785049,0.9905956112852664,0.9714228835913005,0.9702194357366771
0.455,0.9837654904693176,0.9827586206896551,0.9908326282785049,0.9905956112852664,0.9714228835913005,0.9702194357366771
0.456,0.9837654904693176,0.9827586206896551,0.9908326282785049,0.9905956112852664,0.9714228835913005,0.9702194357366771
0.457,0.9837654904693176,0.9827586206896551,0.9908326282785049,0.9905956112852664,0.9714228835913005,0.9702194357366771
0.458,0.9837654904693176,0.9827586206896551,0.9908326282785049,0.9905956112852664,0.9714228835913005,0.9717868338557993
0.459,0.9837654904693176,0.9827586206896551,0.9908326282785049,0.9905956112852664,0.9731896680435973,0.9717868338557993
0.46,0.9837654904693176,0.9827586206896551,0.9908326282785049,0.9905956112852664,0.9731896680435973,0.9717868338557993
0.461,0.9837654904693176,0.9827586206896551,0.9908326282785049,0.9905956112852664,0.9731896680435973,0.9717868338557993
0.462,0.9837654904693176,0.9827586206896551,0.9908326282785049,0.9905956112852664,0.9731896680435973,0.9717868338557993
0.463,0.9837654904693176,0.9827586206896551,0.9908326282785049,0.9905956112852664,0.9731896680435973,0.9717868338557993
0.464,0.9837654904693176,0.9827586206896551,0.9908326282785049,0.9905956112852664,0.9731896680435973,0.9717868338557993
0.465,0.9837654904693176,0.9827586206896551,0.9908326282785049,0.9905956112852664,0.9731896680435973,0.9717868338557993
0.466,0.9837654904693176,0.9843260188087775,0.9908326282785049,0.9905956112852664,0.9731896680435973,0.9717868338557993
0.467,0.9837654904693176,0.9858934169278997,0.9908326282785049,0.9905956112852664,0.9731896680435973,0.9717868338557993
0.468,0.9837654904693176,0.9858934169278997,0.9908326282785049,0.9905956112852664,0.9731896680435973,0.9717868338557993
0.46900000000000003,0.9837654904693176,0.9858934169278997,0.9908326282785049,0.9905956112852664,0.9731896680435973,0.9717868338557993
0.47000000000000003,0.9837654904693176,0.9858934169278997,0.9908326282785049,0.9905956112852664,0.9731896680435973,0.9717868338557993
0.47100000000000003,0.9837654904693176,0.9858934169278997,0.9908326282785049,0.9905956112852664,0.9731896680435973,0.9717868338557993
0.47200000000000003,0.9837654904693176,0.9858934169278997,0.9908326282785049,0.9905956112852664,0.9731896680435973,0.9717868338557993
0.47300000000000003,0.9837654904693176,0.9858934169278997,0.9908326282785049,0.9905956112852664,0.9731896680435973,0.9717868338557993
0.47400000000000003,0.9837654904693176,0.9858934169278997,0.9908326282785049,0.9905956112852664,0.9731896680435973,0.9749216300940439
0.47500000000000003,0.9837654904693176,0.9858934169278997,0.9908326282785049,0.9905956112852664,0.9731896680435973,0.9749216300940439
0.47600000000000003,0.9837654904693176,0.9858934169278997,0.9908326282785049,0.9905956112852664,0.9731896680435973,0.9749216300940439
0.47700000000000004,0.9837654904693176,0.9858934169278997,0.9908326282785049,0.9905956112852664,0.9749564524958941,0.9749216300940439
0.47800000000000004,0.9837654904693176,0.9858934169278997,0.9908326282785049,0.9905956112852664,0.9749564524958941,0.9749216300940439
0.47900000000000004,0.9837654904693176,0.9858934169278997,0.9908326282785049,0.9905956112852664,0.9749564524958941,0.9749216300940439
0.48,0.9837654904693176,0.9858934169278997,0.9908326282785049,0.9905956112852664,0.9749564524958941,0.9749216300940439
0.481,0.9837654904693176,0.9858934169278997,0.9908326282785049,0.9905956112852664,0.9749564524958941,0.9749216300940439
0.482,0.9837654904693176,0.9858934169278997,0.9908326282785049,0.9905956112852664,0.9749564524958941,0.9749216300940439
0.483,0.9855322749216144,0.9858934169278997,0.9908326282785049,0.9905956112852664,0.9749564524958941,0.9749216300940439
0.484,0.9855322749216144,0.9858934169278997,0.9908326282785049,0.9905956112852664,0.9767232369481909,0.9749216300940439
0.485,0.9855322749216144,0.987460815047022,0.9908326282785049,0.9905956112852664,0.9767232369481909,0.9749216300940439
0.486,0.9855322749216144,0.987460815047022,0.9908326282785049,0.9905956112852664,0.9767232369481909,0.9749216300940439
0.487,0.9855322749216144,0.987460815047022,0.9908326282785049,0.9905956112852664,0.9767232369481909,0.9749216300940439
0.488,0.9855322749216144,0.987460815047022,0.9908326282785049,0.9905956112852664,0.9781316876524162,0.9749216300940439
0.489,0.9855322749216144,0.987460815047022,0.9908326282785049,0.9905956112852664,0.9781316876524162,0.9764890282131662
0.49,0.9855322749216144,0.987460815047022,0.9908326282785049,0.9905956112852664,0.9781316876524162,0.9764890282131662
0.491,0.9855322749216144,0.987460815047022,0.9908326282785049,0.9905956112852664,0.9781316876524162,0.9764890282131662
0.492,0.9855322749216144,0.987460815047022,0.9908326282785049,0.9905956112852664,0.9781316876524162,0.9764890282131662
0.493,0.9855322749216144,0.987460815047022,0.9908326282785049,0.9905956112852664,0.9781316876524162,0.9780564263322884
0.494,0.9855322749216144,0.987460815047022,0.9908326282785049,0.9905956112852664,0.9781316876524162,0.9780564263322884
0.495,0.9855322749216144,0.987460815047022,0.9908326282785049,0.9905956112852664,0.9781316876524162,0.9780564263322884
0.496,0.9855322749216144,0.987460815047022,0.9908326282785049,0.9905956112852664,0.9781316876524162,0.9780564263322884
0.497,0.9855322749216144,0.987460815047022,0.9908326282785049,0.9905956112852664,0.9781316876524162,0.9780564263322884
0.498,0.9855322749216144,0.987460815047022,0.9908326282785049,0.9905956112852664,0.9781316876524162,0.9780564263322884
0.499,0.9855322749216144,0.987460815047022,0.9908326282785049,0.9905956112852664,0.9781316876524162,0.9780564263322884
0.5,0.9855322749216144,0.987460815047022,0.9908326282785049,0.9905956112852664,0.9781316876524162,0.9796238244514106
0.501,0.9855322749216144,0.987460815047022,0.9908326282785049,0.9905956112852664,0.9781316876524162,0.9796238244514106
0.502,0.9855322749216144,0.987460815047022,0.9908326282785049,0.9905956112852664,0.9781316876524162,0.9796238244514106
0.503,0.9855322749216144,0.987460815047022,0.9908326282785049,0.9905956112852664,0.9781316876524162,0.9796238244514106
0.504,0.9855322749216144,0.987460815047022,0.9908326282785049,0.9905956112852664,0.9795401383566416,0.9796238244514106
0.505,0.9855322749216144,0.987460815047022,0.9908326282785049,0.9905956112852664,0.9795401383566416,0.9796238244514106
0.506,0.9855322749216144,0.987460815047022,0.9908326282785049,0.9905956112852664,0.9795401383566416,0.9796238244514106
0.507,0.9855322749216144,0.987460815047022,0.9908326282785049,0.9905956112852664,0.9795401383566416,0.9796238244514106
0.508,0.9855322749216144,0.987460815047022,0.9908326282785049,0.9905956112852664,0.9795401383566416,0.9796238244514106
0.509,0.9855322749216144,0.987460815047022,0.9908326282785049,0.9905956112852664,0.9795401383566416,0.9796238244514106
0.51,0.9855322749216144,0.987460815047022,0.9908326282785049,0.9905956112852664,0.9795401383566416,0.9796238244514106
0.511,0.9855322749216144,0.987460815047022,0.9908326282785049,0.9905956112852664,0.9795401383566416,0.9796238244514106
0.512,0.9855322749216144,0.987460815047022,0.9908326282785049,0.9905956112852664,0.9795401383566416,0.9796238244514106
0.513,0.9855322749216144,0.987460815047022,0.9908326282785049,0.9905956112852664,0.9795401383566416,0.9796238244514106
0.514,0.9855322749216144,0.987460815047022,0.9908326282785049,0.9905956112852664,0.9795401383566416,0.9796238244514106
0.515,0.9855322749216144,0.987460815047022,0.9908326282785049,0.9905956112852664,0.9795401383566416,0.9796238244514106
0.516,0.9855322749216144,0.987460815047022,0.9908326282785049,0.9905956112852664,0.9795401383566416,0.9796238244514106
0.517,0.9855322749216144,0.987460815047022,0.9908326282785049,0.9905956112852664,0.9795401383566416,0.9796238244514106
0.518,0.9855322749216144,0.987460815047022,0.9908326282785049,0.9905956112852664,0.9795401383566416,0.9796238244514106
0.519,0.9855322749216144,0.987460815047022,0.9908326282785049,0.9905956112852664,0.9813069228089384,0.9796238244514106
0.52,0.9855322749216144,0.987460815047022,0.9908326282785049,0.9905956112852664,0.9813069228089384,0.9796238244514106
0.521,0.9855322749216144,0.987460815047022,0.9908326282785049,0.9905956112852664,0.9813069228089384,0.9796238244514106
0.522,0.9855322749216144,0.987460815047022,0.9908326282785049,0.9905956112852664,0.9813069228089384,0.9796238244514106
0.523,0.9855322749216144,0.987460815047022,0.9908326282785049,0.9905956112852664,0.9813069228089384,0.9796238244514106
0.524,0.9855322749216144,0.987460815047022,0.9908326282785049,0.9905956112852664,0.9813069228089384,0.9796238244514106
0.525,0.9872990593739113,0.987460815047022,0.9908326282785049,0.9905956112852664,0.9813069228089384,0.9796238244514106
0.526,0.9872990593739113,0.987460815047022,0.9908326282785049,0.9905956112852664,0.9813069228089384,0.9796238244514106
0.527,0.9872990593739113,0.987460815047022,0.9908326282785049,0.9905956112852664,0.9813069228089384,0.9796238244514106
0.528,0.9872990593739113,0.987460815047022,0.9908326282785049,0.9905956112852664,0.9813069228089384,0.9796238244514106
0.529,0.9872990593739113,0.987460815047022,0.9908326282785049,0.9905956112852664,0.9813069228089384,0.9796238244514106
0.53,0.9872990593739113,0.987460815047022,0.9908326282785049,0.9905956112852664,0.9813069228089384,0.9796238244514106
0.531,0.9872990593739113,0.987460815047022,0.9908326282785049,0.9905956112852664,0.9813069228089384,0.9796238244514106
0.532,0.9872990593739113,0.987460815047022,0.9908326282785049,0.9905956112852664,0.9813069228089384,0.9796238244514106
0.533,0.9872990593739113,0.987460815047022,0.9908326282785049,0.9905956112852664,0.9813069228089384,0.9811912225705329
0.534,0.9872990593739113,0.987460815047022,0.9908326282785049,0.9905956112852664,0.9813069228089384,0.9827586206896551
0.535,0.9872990593739113,0.987460815047022,0.9908326282785049,0.9905956112852664,0.9813069228089384,0.9827586206896551
0.536,0.9872990593739113,0.987460815047022,0.9908326282785049,0.9905956112852664,0.9813069228089384,0.9827586206896551
0.537,0.9872990593739113,0.987460815047022,0.9908326282785049,0.9905956112852664,0.9813069228089384,0.9843260188087775
0.538,0.9872990593739113,0.987460815047022,0.9908326282785049,0.9905956112852664,0.9813069228089384,0.9843260188087775
0.539,0.9872990593739113,0.987460815047022,0.9908326282785049,0.9905956112852664,0.9813069228089384,0.9843260188087775
0.54,0.9872990593739113,0.987460815047022,0.9908326282785049,0.9905956112852664,0.9813069228089384,0.9843260188087775
0.541,0.9872990593739113,0.987460815047022,0.9908326282785049,0.9905956112852664,0.9813069228089384,0.9843260188087775
0.542,0.9872990593739113,0.987460815047022,0.9908326282785049,0.9905956112852664,0.9813069228089384,0.9843260188087775
0.543,0.9872990593739113,0.987460815047022,0.9908326282785049,0.9905956112852664,0.9813069228089384,0.9843260188087775
0.544,0.9872990593739113,0.987460815047022,0.9908326282785049,0.9905956112852664,0.9813069228089384,0.9843260188087775
0.545,0.9872990593739113,0.987460815047022,0.9908326282785049,0.9905956112852664,0.9813069228089384,0.9843260188087775
0.546,0.9872990593739113,0.987460815047022,0.9908326282785049,0.9905956112852664,0.9813069228089384,0.9843260188087775
0.547,0.9872990593739113,0.987460815047022,0.9908326282785049,0.9905956112852664,0.9813069228089384,0.9843260188087775
0.548,0.9872990593739113,0.987460815047022,0.9908326282785049,0.9905956112852664,0.9827153735131637,0.9843260188087775
0.549,0.9872990593739113,0.987460815047022,0.9908326282785049,0.9905956112852664,0.9827153735131637,0.9843260188087775
0.55,0.9872990593739113,0.987460815047022,0.9908326282785049,0.9905956112852664,0.9827153735131637,0.9843260188087775
0.551,0.9872990593739113,0.987460815047022,0.9908326282785049,0.9905956112852664,0.9827153735131637,0.9843260188087775
0.552,0.9872990593739113,0.987460815047022,0.9908326282785049,0.9905956112852664,0.9841238242173891,0.9843260188087775
0.553,0.9872990593739113,0.987460815047022,0.9908326282785049,0.9905956112852664,0.9841238242173891,0.9843260188087775
0.554,0.9872990593739113,0.987460815047022,0.9908326282785049,0.9905956112852664,0.9841238242173891,0.9843260188087775
0.555,0.9872990593739113,0.987460815047022,0.9908326282785049,0.9905956112852664,0.9841238242173891,0.9843260188087775
0.556,0.9872990593739113,0.987460815047022,0.9908326282785049,0.9905956112852664,0.9841238242173891,0.9843260188087775
0.557,0.9872990593739113,0.987460815047022,0.9908326282785049,0.9905956112852664,0.9841238242173891,0.9843260188087775
0.558,0.9872990593739113,0.987460815047022,0.9908326282785049,0.9905956112852664,0.9841238242173891,0.9843260188087775
0.559,0.9872990593739113,0.987460815047022,0.9908326282785049,0.9905956112852664,0.9841238242173891,0.9843260188087775
0.56,0.9872990593739113,0.987460815047022,0.9908326282785049,0.9905956112852664,0.9841238242173891,0.9843260188087775
0.561,0.9872990593739113,0.987460815047022,0.9908326282785049,0.9905956112852664,0.9841238242173891,0.9843260188087775
0.562,0.9872990593739113,0.987460815047022,0.9908326282785049,0.9905956112852664,0.9841238242173891,0.9843260188087775
0.5630000000000001,0.9872990593739113,0.987460815047022,0.9908326282785049,0.9905956112852664,0.9841238242173891,0.9843260188087775
0.5640000000000001,0.9872990593739113,0.987460815047022,0.9908326282785049,0.9905956112852664,0.9841238242173891,0.9843260188087775
0.5650000000000001,0.9872990593739113,0.987460815047022,0.9908326282785049,0.9905956112852664,0.9841238242173891,0.9843260188087775
0.5660000000000001,0.9872990593739113,0.987460815047022,0.9908326282785049,0.9905956112852664,0.9841238242173891,0.9843260188087775
0.5670000000000001,0.9872990593739113,0.987460815047022,0.9908326282785049,0.9905956112852664,0.9841238242173891,0.9843260188087775
0.5680000000000001,0.9872990593739113,0.987460815047022,0.9908326282785049,0.9905956112852664,0.9841238242173891,0.9843260188087775
0.5690000000000001,0.9872990593739113,0.987460815047022,0.9908326282785049,0.9905956112852664,0.9841238242173891,0.9843260188087775
0.5700000000000001,0.9872990593739113,0.987460815047022,0.9908326282785049,0.9905956112852664,0.9841238242173891,0.9843260188087775
0.5710000000000001,0.9872990593739113,0.987460815047022,0.9908326282785049,0.9905956112852664,0.9841238242173891,0.9843260188087775
0.5720000000000001,0.9872990593739113,0.987460815047022,0.9908326282785049,0.9905956112852664,0.9841238242173891,0.9843260188087775
0.5730000000000001,0.9872990593739113,0.987460815047022,0.9908326282785049,0.9905956112852664,0.9841238242173891,0.9843260188087775
0.5740000000000001,0.9872990593739113,0.987460815047022,0.9908326282785049,0.9905956112852664,0.9841238242173891,0.9843260188087775
0.5750000000000001,0.9872990593739113,0.987460815047022,0.9908326282785049,0.9905956112852664,0.9841238242173891,0.9843260188087775
0.5760000000000001,0.9872990593739113,0.987460815047022,0.9908326282785049,0.9905956112852664,0.9841238242173891,0.9843260188087775
0.577,0.9872990593739113,0.987460815047022,0.9908326282785049,0.9905956112852664,0.9841238242173891,0.9843260188087775
0.578,0.9872990593739113,0.987460815047022,0.9908326282785049,0.9905956112852664,0.9841238242173891,0.9843260188087775
0.579,0.9872990593739113,0.987460815047022,0.9908326282785049,0.9905956112852664,0.9841238242173891,0.9843260188087775
0.58,0.9872990593739113,0.987460815047022,0.9908326282785049,0.9905956112852664,0.9841238242173891,0.9843260188087775
0.581,0.9872990593739113,0.987460815047022,0.9908326282785049,0.9905956112852664,0.9841238242173891,0.9843260188087775
0.582,0.9872990593739113,0.987460815047022,0.9908326282785049,0.9905956112852664,0.9841238242173891,0.9843260188087775
0.583,0.9872990593739113,0.987460815047022,0.9908326282785049,0.9905956112852664,0.9841238242173891,0.9843260188087775
0.584,0.9872990593739113,0.987460815047022,0.9908326282785049,0.9905956112852664,0.9841238242173891,0.9843260188087775
0.585,0.9872990593739113,0.987460815047022,0.9908326282785049,0.9905956112852664,0.9841238242173891,0.9843260188087775
0.586,0.9872990593739113,0.987460815047022,0.9908326282785049,0.9905956112852664,0.9841238242173891,0.9843260188087775
0.587,0.9872990593739113,0.987460815047022,0.9908326282785049,0.9905956112852664,0.9841238242173891,0.9843260188087775
0.588,0.9872990593739113,0.987460815047022,0.9908326282785049,0.9905956112852664,0.9841238242173891,0.9843260188087775
0.589,0.9872990593739113,0.987460815047022,0.9908326282785049,0.9905956112852664,0.9841238242173891,0.9843260188087775
0.59,0.9872990593739113,0.987460815047022,0.9908326282785049,0.9905956112852664,0.9841238242173891,0.9843260188087775
0.591,0.9872990593739113,0.987460815047022,0.9908326282785049,0.9905956112852664,0.9841238242173891,0.9843260188087775
0.592,0.9872990593739113,0.987460815047022,0.9908326282785049,0.9905956112852664,0.9841238242173891,0.9843260188087775
0.593,0.9872990593739113,0.987460815047022,0.9908326282785049,0.9905956112852664,0.9841238242173891,0.9843260188087775
0.594,0.9872990593739113,0.987460815047022,0.9908326282785049,0.9905956112852664,0.9841238242173891,0.9843260188087775
0.595,0.9872990593739113,0.987460815047022,0.9908326282785049,0.9905956112852664,0.9841238242173891,0.9843260188087775
0.596,0.9872990593739113,0.987460815047022,0.9908326282785049,0.9905956112852664,0.9841238242173891,0.9843260188087775
0.597,0.9872990593739113,0.987460815047022,0.9908326282785049,0.9905956112852664,0.9841238242173891,0.9843260188087775
0.598,0.9872990593739113,0.987460815047022,0.9908326282785049,0.9905956112852664,0.9841238242173891,0.9843260188087775
0.599,0.9872990593739113,0.987460815047022,0.9908326282785049,0.9905956112852664,0.9841238242173891,0.9843260188087775
0.6,0.9872990593739113,0.987460815047022,0.9908326282785049,0.9905956112852664,0.9841238242173891,0.9843260188087775
0.601,0.9872990593739113,0.987460815047022,0.9908326282785049,0.9905956112852664,0.9841238242173891,0.9843260188087775
0.602,0.9872990593739113,0.987460815047022,0.9908326282785049,0.9905956112852664,0.9841238242173891,0.9843260188087775
0.603,0.9872990593739113,0.987460815047022,0.9908326282785049,0.9905956112852664,0.9841238242173891,0.9843260188087775
0.604,0.9872990593739113,0.987460815047022,0.9908326282785049,0.9905956112852664,0.9841238242173891,0.9843260188087775
0.605,0.9872990593739113,0.987460815047022,0.9908326282785049,0.9905956112852664,0.9841238242173891,0.9843260188087775
0.606,0.9872990593739113,0.987460815047022,0.9908326282785049,0.9905956112852664,0.9841238242173891,0.9843260188087775
0.607,0.9872990593739113,0.987460815047022,0.9908326282785049,0.9905956112852664,0.9841238242173891,0.9843260188087775
0.608,0.9872990593739113,0.987460815047022,0.9908326282785049,0.9905956112852664,0.9841238242173891,0.9843260188087775
0.609,0.9872990593739113,0.987460815047022,0.9908326282785049,0.9905956112852664,0.9841238242173891,0.9843260188087775
0.61,0.9872990593739113,0.987460815047022,0.9908326282785049,0.9905956112852664,0.9841238242173891,0.9843260188087775
0.611,0.9872990593739113,0.987460815047022,0.9908326282785049,0.9905956112852664,0.9841238242173891,0.9858934169278997
0.612,0.9872990593739113,0.987460815047022,0.9908326282785049,0.9905956112852664,0.9841238242173891,0.9858934169278997
0.613,0.9872990593739113,0.9890282131661442,0.9908326282785049,0.9905956112852664,0.9841238242173891,0.9858934169278997
0.614,0.9872990593739113,0.9890282131661442,0.9908326282785049,0.9905956112852664,0.9841238242173891,0.9858934169278997
0.615,0.9872990593739113,0.9890282131661442,0.9908326282785049,0.9905956112852664,0.9841238242173891,0.9858934169278997
0.616,0.9872990593739113,0.9890282131661442,0.9908326282785049,0.9905956112852664,0.9855322749216144,0.9858934169278997
0.617,0.9872990593739113,0.9890282131661442,0.9908326282785049,0.9905956112852664,0.9872990593739113,0.9858934169278997
0.618,0.9872990593739113,0.9890282131661442,0.9908326282785049,0.9905956112852664,0.9872990593739113,0.9858934169278997
0.619,0.9872990593739113,0.9890282131661442,0.9908326282785049,0.9905956112852664,0.9872990593739113,0.9858934169278997
0.62,0.9872990593739113,0.9890282131661442,0.9908326282785049,0.9905956112852664,0.9872990593739113,0.9858934169278997
0.621,0.9872990593739113,0.9890282131661442,0.9908326282785049,0.9905956112852664,0.9872990593739113,0.9858934169278997
0.622,0.9872990593739113,0.9890282131661442,0.9908326282785049,0.9905956112852664,0.9872990593739113,0.987460815047022
0.623,0.9872990593739113,0.9890282131661442,0.9908326282785049,0.9905956112852664,0.9872990593739113,0.987460815047022
0.624,0.9872990593739113,0.9890282131661442,0.9908326282785049,0.9905956112852664,0.9872990593739113,0.987460815047022
0.625,0.9872990593739113,0.9890282131661442,0.9908326282785049,0.9905956112852664,0.9872990593739113,0.987460815047022
0.626,0.9872990593739113,0.9890282131661442,0.9908326282785049,0.9905956112852664,0.9872990593739113,0.987460815047022
0.627,0.9872990593739113,0.9890282131661442,0.9908326282785049,0.9905956112852664,0.9872990593739113,0.987460815047022
0.628,0.9872990593739113,0.9890282131661442,0.9908326282785049,0.9905956112852664,0.9872990593739113,0.987460815047022
0.629,0.9872990593739113,0.9890282131661442,0.9908326282785049,0.9905956112852664,0.9872990593739113,0.987460815047022
0.63,0.9872990593739113,0.9890282131661442,0.9908326282785049,0.9905956112852664,0.9872990593739113,0.987460815047022
0.631,0.9872990593739113,0.9890282131661442,0.9908326282785049,0.9905956112852664,0.9872990593739113,0.987460815047022
0.632,0.9872990593739113,0.9890282131661442,0.9908326282785049,0.9905956112852664,0.9872990593739113,0.987460815047022
0.633,0.9872990593739113,0.9890282131661442,0.9908326282785049,0.9905956112852664,0.9872990593739113,0.987460815047022
0.634,0.9872990593739113,0.9890282131661442,0.9908326282785049,0.9905956112852664,0.9872990593739113,0.987460815047022
0.635,0.9872990593739113,0.9890282131661442,0.9908326282785049,0.9905956112852664,0.9872990593739113,0.987460815047022
0.636,0.9872990593739113,0.9890282131661442,0.9908326282785049,0.9905956112852664,0.9872990593739113,0.987460815047022
0.637,0.9872990593739113,0.9890282131661442,0.9908326282785049,0.9905956112852664,0.9872990593739113,0.987460815047022
0.638,0.9872990593739113,0.9890282131661442,0.9908326282785049,0.9905956112852664,0.9872990593739113,0.987460815047022
0.639,0.9872990593739113,0.9890282131661442,0.9908326282785049,0.9905956112852664,0.9872990593739113,0.987460815047022
0.64,0.9872990593739113,0.9890282131661442,0.9908326282785049,0.9905956112852664,0.9872990593739113,0.987460815047022
0.641,0.9872990593739113,0.9890282131661442,0.9908326282785049,0.9905956112852664,0.9872990593739113,0.987460815047022
0.642,0.9872990593739113,0.9890282131661442,0.9908326282785049,0.9905956112852664,0.9872990593739113,0.987460815047022
0.643,0.9872990593739113,0.9890282131661442,0.9908326282785049,0.9905956112852664,0.9872990593739113,0.987460815047022
0.644,0.9872990593739113,0.9890282131661442,0.9908326282785049,0.9905956112852664,0.9872990593739113,0.987460815047022
0.645,0.9872990593739113,0.9890282131661442,0.9908326282785049,0.9905956112852664,0.9872990593739113,0.987460815047022
0.646,0.9872990593739113,0.9890282131661442,0.9908326282785049,0.9905956112852664,0.9872990593739113,0.987460815047022
0.647,0.9872990593739113,0.9890282131661442,0.9908326282785049,0.9905956112852664,0.9872990593739113,0.987460815047022
0.648,0.9872990593739113,0.9890282131661442,0.9908326282785049,0.9905956112852664,0.9872990593739113,0.987460815047022
0.649,0.9872990593739113,0.9890282131661442,0.9908326282785049,0.9905956112852664,0.9872990593739113,0.987460815047022
0.65,0.9872990593739113,0.9890282131661442,0.9908326282785049,0.9905956112852664,0.9872990593739113,0.987460815047022
0.651,0.9872990593739113,0.9890282131661442,0.9908326282785049,0.9905956112852664,0.9872990593739113,0.987460815047022
0.652,0.9872990593739113,0.9890282131661442,0.9908326282785049,0.9905956112852664,0.9872990593739113,0.987460815047022
0.653,0.9872990593739113,0.9890282131661442,0.9908326282785049,0.9905956112852664,0.9872990593739113,0.987460815047022
0.654,0.9872990593739113,0.9890282131661442,0.9908326282785049,0.9905956112852664,0.9872990593739113,0.987460815047022
0.655,0.9872990593739113,0.9890282131661442,0.9908326282785049,0.9905956112852664,0.9872990593739113,0.987460815047022
0.656,0.9872990593739113,0.9890282131661442,0.9908326282785049,0.9905956112852664,0.9872990593739113,0.987460815047022
0.657,0.9872990593739113,0.9890282131661442,0.9908326282785049,0.9905956112852664,0.9872990593739113,0.987460815047022
0.658,0.9872990593739113,0.9890282131661442,0.9908326282785049,0.9905956112852664,0.9872990593739113,0.987460815047022
0.659,0.9872990593739113,0.9890282131661442,0.9908326282785049,0.9905956112852664,0.9872990593739113,0.987460815047022
0.66,0.9872990593739113,0.9890282131661442,0.9908326282785049,0.9905956112852664,0.9872990593739113,0.987460815047022
0.661,0.9872990593739113,0.9890282131661442,0.9908326282785049,0.9905956112852664,0.9872990593739113,0.987460815047022
0.662,0.9872990593739113,0.9890282131661442,0.9908326282785049,0.9905956112852664,0.9872990593739113,0.987460815047022
0.663,0.9872990593739113,0.9890282131661442,0.9908326282785049,0.9905956112852664,0.9872990593739113,0.987460815047022
0.664,0.9872990593739113,0.9890282131661442,0.9908326282785049,0.9905956112852664,0.9872990593739113,0.987460815047022
0.665,0.9872990593739113,0.9890282131661442,0.9908326282785049,0.9905956112852664,0.9872990593739113,0.987460815047022
0.666,0.9872990593739113,0.9890282131661442,0.9908326282785049,0.9905956112852664,0.9872990593739113,0.987460815047022
0.667,0.9872990593739113,0.9890282131661442,0.9908326282785049,0.9905956112852664,0.9872990593739113,0.987460815047022
0.668,0.9872990593739113,0.9890282131661442,0.9908326282785049,0.9905956112852664,0.9872990593739113,0.987460815047022
0.669,0.9872990593739113,0.9890282131661442,0.9908326282785049,0.9905956112852664,0.9872990593739113,0.987460815047022
0.67,0.9872990593739113,0.9890282131661442,0.9908326282785049,0.9905956112852664,0.9872990593739113,0.987460815047022
0.671,0.9890658438262081,0.9890282131661442,0.9908326282785049,0.9905956112852664,0.9872990593739113,0.987460815047022
0.672,0.9890658438262081,0.9890282131661442,0.9908326282785049,0.9905956112852664,0.9872990593739113,0.987460815047022
0.673,0.9890658438262081,0.9890282131661442,0.9908326282785049,0.9905956112852664,0.9872990593739113,0.987460815047022
0.674,0.9890658438262081,0.9890282131661442,0.9908326282785049,0.9905956112852664,0.9872990593739113,0.987460815047022
0.675,0.9890658438262081,0.9890282131661442,0.9908326282785049,0.9905956112852664,0.9872990593739113,0.987460815047022
0.676,0.9890658438262081,0.9890282131661442,0.9908326282785049,0.9905956112852664,0.9872990593739113,0.987460815047022
0.677,0.9890658438262081,0.9890282131661442,0.9908326282785049,0.9905956112852664,0.9872990593739113,0.987460815047022
0.678,0.9890658438262081,0.9890282131661442,0.9908326282785049,0.9905956112852664,0.9872990593739113,0.987460815047022
0.679,0.9890658438262081,0.9890282131661442,0.9908326282785049,0.9905956112852664,0.9872990593739113,0.987460815047022
0.68,0.9890658438262081,0.9890282131661442,0.9908326282785049,0.9905956112852664,0.9872990593739113,0.987460815047022
0.681,0.9890658438262081,0.9890282131661442,0.9908326282785049,0.9905956112852664,0.9872990593739113,0.987460815047022
0.682,0.9890658438262081,0.9890282131661442,0.9908326282785049,0.9905956112852664,0.9872990593739113,0.987460815047022
0.683,0.9890658438262081,0.9890282131661442,0.9908326282785049,0.9905956112852664,0.9872990593739113,0.987460815047022
0.684,0.9890658438262081,0.9890282131661442,0.9908326282785049,0.9905956112852664,0.9872990593739113,0.987460815047022
0.685,0.9890658438262081,0.9890282131661442,0.9908326282785049,0.9905956112852664,0.9872990593739113,0.987460815047022
0.686,0.9890658438262081,0.9890282131661442,0.9908326282785049,0.9905956112852664,0.9872990593739113,0.987460815047022
0.687,0.9890658438262081,0.9890282131661442,0.9908326282785049,0.9905956112852664,0.9887075100781366,0.987460815047022
0.6880000000000001,0.9890658438262081,0.9905956112852664,0.9908326282785049,0.9905956112852664,0.9887075100781366,0.987460815047022
0.6890000000000001,0.9890658438262081,0.9905956112852664,0.9908326282785049,0.9905956112852664,0.9887075100781366,0.987460815047022
0.6900000000000001,0.9890658438262081,0.9905956112852664,0.9908326282785049,0.9905956112852664,0.9887075100781366,0.9890282131661442
0.6910000000000001,0.9890658438262081,0.9905956112852664,0.9908326282785049,0.9905956112852664,0.9887075100781366,0.9890282131661442
0.6920000000000001,0.9890658438262081,0.9905956112852664,0.9908326282785049,0.9905956112852664,0.9887075100781366,0.9890282131661442
0.6930000000000001,0.9890658438262081,0.9905956112852664,0.9908326282785049,0.9905956112852664,0.9887075100781366,0.9890282131661442
0.6940000000000001,0.9890658438262081,0.9905956112852664,0.9908326282785049,0.9905956112852664,0.9887075100781366,0.9890282131661442
0.6950000000000001,0.9890658438262081,0.9905956112852664,0.9908326282785049,0.9905956112852664,0.9887075100781366,0.9890282131661442
0.6960000000000001,0.9890658438262081,0.9905956112852664,0.9908326282785049,0.9905956112852664,0.9887075100781366,0.9890282131661442
0.6970000000000001,0.9890658438262081,0.9905956112852664,0.9908326282785049,0.9905956112852664,0.9887075100781366,0.9890282131661442
0.6980000000000001,0.9890658438262081,0.9905956112852664,0.9908326282785049,0.9905956112852664,0.9887075100781366,0.9890282131661442
0.6990000000000001,0.9890658438262081,0.9921630094043887,0.9908326282785049,0.9905956112852664,0.9887075100781366,0.9890282131661442
0.7000000000000001,0.9890658438262081,0.9921630094043887,0.9908326282785049,0.9905956112852664,0.9887075100781366,0.9890282131661442
0.7010000000000001,0.9890658438262081,0.9921630094043887,0.9908326282785049,0.9905956112852664,0.9887075100781366,0.9890282131661442
0.7020000000000001,0.9890658438262081,0.9921630094043887,0.9908326282785049,0.9905956112852664,0.9887075100781366,0.9890282131661442
0.7030000000000001,0.9890658438262081,0.9921630094043887,0.9908326282785049,0.9905956112852664,0.9887075100781366,0.9890282131661442
0.704,0.9890658438262081,0.9921630094043887,0.9908326282785049,0.9905956112852664,0.9887075100781366,0.9890282131661442
0.705,0.9890658438262081,0.9921630094043887,0.9908326282785049,0.9921630094043887,0.9887075100781366,0.9890282131661442
0.706,0.9890658438262081,0.9921630094043887,0.9908326282785049,0.9921630094043887,0.9887075100781366,0.9890282131661442
0.707,0.9890658438262081,0.9921630094043887,0.9908326282785049,0.9921630094043887,0.9887075100781366,0.9890282131661442
0.708,0.9890658438262081,0.9921630094043887,0.9908326282785049,0.9921630094043887,0.9887075100781366,0.9890282131661442
0.709,0.9890658438262081,0.9921630094043887,0.9908326282785049,0.9921630094043887,0.9887075100781366,0.9890282131661442
0.71,0.9890658438262081,0.9921630094043887,0.9908326282785049,0.9921630094043887,0.9887075100781366,0.9905956112852664
0.711,0.9890658438262081,0.9921630094043887,0.9908326282785049,0.9921630094043887,0.9887075100781366,0.9905956112852664
0.712,0.9890658438262081,0.9921630094043887,0.9908326282785049,0.9921630094043887,0.9887075100781366,0.9905956112852664
0.713,0.9890658438262081,0.9921630094043887,0.9908326282785049,0.9921630094043887,0.9887075100781366,0.9905956112852664
0.714,0.9890658438262081,0.9921630094043887,0.9908326282785049,0.9921630094043887,0.9887075100781366,0.9905956112852664
0.715,0.9890658438262081,0.9921630094043887,0.9908326282785049,0.9921630094043887,0.9904742945304335,0.9905956112852664
0.716,0.9890658438262081,0.9921630094043887,0.9908326282785049,0.9921630094043887,0.9904742945304335,0.9905956112852664
0.717,0.9890658438262081,0.9921630094043887,0.9908326282785049,0.9921630094043887,0.9904742945304335,0.9905956112852664
0.718,0.9890658438262081,0.9921630094043887,0.9908326282785049,0.9921630094043887,0.9904742945304335,0.9905956112852664
0.719,0.9890658438262081,0.9921630094043887,0.9908326282785049,0.9921630094043887,0.9904742945304335,0.9905956112852664
0.72,0.9890658438262081,0.9921630094043887,0.9908326282785049,0.9921630094043887,0.9904742945304335,0.9905956112852664
0.721,0.9890658438262081,0.9921630094043887,0.9908326282785049,0.9921630094043887,0.9904742945304335,0.9905956112852664
0.722,0.9890658438262081,0.9921630094043887,0.9908326282785049,0.9921630094043887,0.9904742945304335,0.9905956112852664
0.723,0.9890658438262081,0.9921630094043887,0.9908326282785049,0.9921630094043887,0.9904742945304335,0.9905956112852664
0.724,0.9890658438262081,0.9921630094043887,0.9908326282785049,0.9921630094043887,0.9904742945304335,0.9905956112852664
0.725,0.9890658438262081,0.9921630094043887,0.9908326282785049,0.9921630094043887,0.9904742945304335,0.9905956112852664
0.726,0.9890658438262081,0.9921630094043887,0.9908326282785049,0.9921630094043887,0.9904742945304335,0.9905956112852664
0.727,0.9890658438262081,0.9921630094043887,0.9908326282785049,0.9921630094043887,0.9904742945304335,0.9905956112852664
0.728,0.9890658438262081,0.9921630094043887,0.9908326282785049,0.9921630094043887,0.9904742945304335,0.9905956112852664
0.729,0.9890658438262081,0.9921630094043887,0.9908326282785049,0.9921630094043887,0.9904742945304335,0.9905956112852664
0.73,0.9890658438262081,0.9921630094043887,0.9908326282785049,0.9921630094043887,0.9904742945304335,0.9905956112852664
0.731,0.9890658438262081,0.9921630094043887,0.9908326282785049,0.9921630094043887,0.9904742945304335,0.9905956112852664
0.732,0.9890658438262081,0.9921630094043887,0.9908326282785049,0.9921630094043887,0.9904742945304335,0.9905956112852664
0.733,0.9890658438262081,0.9921630094043887,0.9908326282785049,0.9921630094043887,0.9904742945304335,0.9905956112852664
0.734,0.9890658438262081,0.9921630094043887,0.9908326282785049,0.9921630094043887,0.9904742945304335,0.9905956112852664
0.735,0.9890658438262081,0.9921630094043887,0.9908326282785049,0.9921630094043887,0.9904742945304335,0.9905956112852664
0.736,0.9890658438262081,0.9921630094043887,0.9908326282785049,0.9921630094043887,0.9904742945304335,0.9905956112852664
0.737,0.9890658438262081,0.9921630094043887,0.9908326282785049,0.9921630094043887,0.9904742945304335,0.9905956112852664
0.738,0.9890658438262081,0.9921630094043887,0.9908326282785049,0.9921630094043887,0.9904742945304335,0.9905956112852664
0.739,0.9890658438262081,0.9921630094043887,0.9908326282785049,0.9921630094043887,0.9904742945304335,0.9905956112852664
0.74,0.9890658438262081,0.9921630094043887,0.9908326282785049,0.9921630094043887,0.9904742945304335,0.9921630094043887
0.741,0.9890658438262081,0.9921630094043887,0.9908326282785049,0.9921630094043887,0.9904742945304335,0.9921630094043887
0.742,0.9908326282785049,0.9921630094043887,0.9908326282785049,0.9921630094043887,0.9904742945304335,0.9921630094043887
0.743,0.9908326282785049,0.9921630094043887,0.9908326282785049,0.9921630094043887,0.9904742945304335,0.9921630094043887
0.744,0.9908326282785049,0.9921630094043887,0.9908326282785049,0.9921630094043887,0.9904742945304335,0.9921630094043887
0.745,0.9908326282785049,0.9921630094043887,0.9908326282785049,0.9921630094043887,0.9904742945304335,0.9921630094043887
0.746,0.9908326282785049,0.9921630094043887,0.9908326282785049,0.9921630094043887,0.9904742945304335,0.9937304075235109
0.747,0.9908326282785049,0.9921630094043887,0.9908326282785049,0.9921630094043887,0.9904742945304335,0.9937304075235109
0.748,0.9908326282785049,0.9921630094043887,0.9908326282785049,0.9921630094043887,0.9904742945304335,0.9937304075235109
0.749,0.9908326282785049,0.9921630094043887,0.9908326282785049,0.9921630094043887,0.9904742945304335,0.9937304075235109
0.75,0.9908326282785049,0.9921630094043887,0.9908326282785049,0.9921630094043887,0.9904742945304335,0.9937304075235109
0.751,0.9908326282785049,0.9921630094043887,0.9925994127308018,0.9921630094043887,0.9922410789827303,0.9937304075235109
0.752,0.9908326282785049,0.9921630094043887,0.9925994127308018,0.9921630094043887,0.9922410789827303,0.9937304075235109
0.753,0.9925994127308018,0.9921630094043887,0.9925994127308018,0.9921630094043887,0.9922410789827303,0.9937304075235109
0.754,0.9925994127308018,0.9921630094043887,0.9925994127308018,0.9921630094043887,0.9922410789827303,0.9937304075235109
0.755,0.9940078634350271,0.9921630094043887,0.9925994127308018,0.9921630094043887,0.9922410789827303,0.9937304075235109
0.756,0.9940078634350271,0.9921630094043887,0.9925994127308018,0.9921630094043887,0.9922410789827303,0.9937304075235109
0.757,0.9940078634350271,0.9921630094043887,0.9925994127308018,0.9921630094043887,0.9940078634350271,0.9937304075235109
0.758,0.9940078634350271,0.9921630094043887,0.9925994127308018,0.9921630094043887,0.9940078634350271,0.9937304075235109
0.759,0.9940078634350271,0.9921630094043887,0.9925994127308018,0.9921630094043887,0.9940078634350271,0.9937304075235109
0.76,0.9940078634350271,0.9921630094043887,0.9925994127308018,0.9921630094043887,0.9940078634350271,0.9937304075235109
0.761,0.9940078634350271,0.9921630094043887,0.9940078634350271,0.9921630094043887,0.9940078634350271,0.9937304075235109
0.762,0.9940078634350271,0.9921630094043887,0.9940078634350271,0.9921630094043887,0.9940078634350271,0.9937304075235109
0.763,0.9940078634350271,0.9921630094043887,0.9940078634350271,0.9921630094043887,0.9940078634350271,0.9937304075235109
0.764,0.9940078634350271,0.9921630094043887,0.9940078634350271,0.9921630094043887,0.9940078634350271,0.9937304075235109
0.765,0.9940078634350271,0.9921630094043887,0.9940078634350271,0.9921630094043887,0.9940078634350271,0.9937304075235109
0.766,0.9940078634350271,0.9921630094043887,0.9940078634350271,0.9921630094043887,0.9940078634350271,0.9937304075235109
0.767,0.9940078634350271,0.9921630094043887,0.9940078634350271,0.9921630094043887,0.9940078634350271,0.9937304075235109
0.768,0.9940078634350271,0.9921630094043887,0.9940078634350271,0.9921630094043887,0.9940078634350271,0.9937304075235109
0.769,0.9940078634350271,0.9921630094043887,0.9940078634350271,0.9921630094043887,0.9940078634350271,0.9937304075235109
0.77,0.9940078634350271,0.9921630094043887,0.9940078634350271,0.9921630094043887,0.9940078634350271,0.9937304075235109
0.771,0.9940078634350271,0.9921630094043887,0.9940078634350271,0.9921630094043887,0.9940078634350271,0.9937304075235109
0.772,0.9940078634350271,0.9921630094043887,0.9940078634350271,0.9921630094043887,0.9940078634350271,0.9937304075235109
0.773,0.9940078634350271,0.9921630094043887,0.9940078634350271,0.9921630094043887,0.9940078634350271,0.9937304075235109
0.774,0.9940078634350271,0.9921630094043887,0.9940078634350271,0.9921630094043887,0.9940078634350271,0.9937304075235109
0.775,0.9940078634350271,0.9921630094043887,0.9940078634350271,0.9921630094043887,0.9940078634350271,0.9937304075235109
0.776,0.9940078634350271,0.9921630094043887,0.9940078634350271,0.9921630094043887,0.9940078634350271,0.9937304075235109
0.777,0.9940078634350271,0.9921630094043887,0.9940078634350271,0.9921630094043887,0.9940078634350271,0.9937304075235109
0.778,0.9940078634350271,0.9921630094043887,0.9940078634350271,0.9921630094043887,0.9940078634350271,0.9937304075235109
0.779,0.9940078634350271,0.9921630094043887,0.9940078634350271,0.9921630094043887,0.9940078634350271,0.9937304075235109
0.78,0.9940078634350271,0.9921630094043887,0.9940078634350271,0.9921630094043887,0.9940078634350271,0.9937304075235109
0.781,0.9940078634350271,0.9921630094043887,0.9940078634350271,0.9921630094043887,0.9940078634350271,0.9937304075235109
0.782,0.9940078634350271,0.9921630094043887,0.9940078634350271,0.9921630094043887,0.9940078634350271,0.9937304075235109
0.783,0.9940078634350271,0.9921630094043887,0.9940078634350271,0.9921630094043887,0.9940078634350271,0.9937304075235109
0.784,0.9940078634350271,0.9921630094043887,0.9940078634350271,0.9921630094043887,0.9940078634350271,0.9937304075235109
0.785,0.9940078634350271,0.9921630094043887,0.9940078634350271,0.9921630094043887,0.9940078634350271,0.9937304075235109
0.786,0.9940078634350271,0.9921630094043887,0.9940078634350271,0.9921630094043887,0.9940078634350271,0.9937304075235109
0.787,0.9940078634350271,0.9921630094043887,0.9940078634350271,0.9921630094043887,0.9940078634350271,0.9937304075235109
0.788,0.9940078634350271,0.9921630094043887,0.9940078634350271,0.9921630094043887,0.9940078634350271,0.9937304075235109
0.789,0.9940078634350271,0.9921630094043887,0.9940078634350271,0.9921630094043887,0.9940078634350271,0.9937304075235109
0.79,0.9940078634350271,0.9921630094043887,0.9940078634350271,0.9921630094043887,0.9940078634350271,0.9937304075235109
0.791,0.9940078634350271,0.9921630094043887,0.9940078634350271,0.9921630094043887,0.9940078634350271,0.9937304075235109
0.792,0.9940078634350271,0.9921630094043887,0.9940078634350271,0.9921630094043887,0.9940078634350271,0.9937304075235109
0.793,0.9940078634350271,0.9921630094043887,0.9940078634350271,0.9921630094043887,0.9940078634350271,0.9937304075235109
0.794,0.9940078634350271,0.9921630094043887,0.9940078634350271,0.9921630094043887,0.9940078634350271,0.9937304075235109
0.795,0.9940078634350271,0.9921630094043887,0.9940078634350271,0.9921630094043887,0.9940078634350271,0.9937304075235109
0.796,0.9940078634350271,0.9921630094043887,0.9940078634350271,0.9921630094043887,0.9940078634350271,0.9937304075235109
0.797,0.9940078634350271,0.9921630094043887,0.9940078634350271,0.9921630094043887,0.9940078634350271,0.9937304075235109
0.798,0.9940078634350271,0.9921630094043887,0.9940078634350271,0.9921630094043887,0.9940078634350271,0.9937304075235109
0.799,0.9940078634350271,0.9921630094043887,0.9940078634350271,0.9921630094043887,0.9940078634350271,0.9937304075235109
0.8,0.9940078634350271,0.9937304075235109,0.9940078634350271,0.9921630094043887,0.9940078634350271,0.9937304075235109
0.801,0.9940078634350271,0.9937304075235109,0.9940078634350271,0.9921630094043887,0.9940078634350271,0.9937304075235109
0.802,0.9940078634350271,0.9937304075235109,0.9940078634350271,0.9937304075235109,0.9940078634350271,0.9937304075235109
0.803,0.9940078634350271,0.9937304075235109,0.9940078634350271,0.9937304075235109,0.9940078634350271,0.9937304075235109
0.804,0.9940078634350271,0.9937304075235109,0.9940078634350271,0.9937304075235109,0.9940078634350271,0.9937304075235109
0.805,0.9940078634350271,0.9937304075235109,0.9940078634350271,0.9937304075235109,0.9940078634350271,0.9937304075235109
0.806,0.9940078634350271,0.9937304075235109,0.9940078634350271,0.9937304075235109,0.9940078634350271,0.9937304075235109
0.807,0.9940078634350271,0.9937304075235109,0.9940078634350271,0.9937304075235109,0.9940078634350271,0.9937304075235109
0.808,0.9940078634350271,0.9937304075235109,0.9940078634350271,0.9937304075235109,0.9940078634350271,0.9937304075235109
0.809,0.9954163141392525,0.9937304075235109,0.9940078634350271,0.9937304075235109,0.9940078634350271,0.9937304075235109
0.81,0.9954163141392525,0.9937304075235109,0.9940078634350271,0.9937304075235109,0.9940078634350271,0.9937304075235109
0.811,0.9954163141392525,0.9937304075235109,0.9940078634350271,0.9937304075235109,0.9940078634350271,0.9937304075235109
0.812,0.9954163141392525,0.9937304075235109,0.9940078634350271,0.9937304075235109,0.9940078634350271,0.9937304075235109
0.8130000000000001,0.9954163141392525,0.9937304075235109,0.9940078634350271,0.9937304075235109,0.9940078634350271,0.9937304075235109
0.8140000000000001,0.9954163141392525,0.9937304075235109,0.9940078634350271,0.9937304075235109,0.9940078634350271,0.9937304075235109
0.8150000000000001,0.9954163141392525,0.9937304075235109,0.9940078634350271,0.9937304075235109,0.9940078634350271,0.9937304075235109
0.8160000000000001,0.9968247648434778,0.9937304075235109,0.9940078634350271,0.9937304075235109,0.9940078634350271,0.9937304075235109
0.8170000000000001,0.9968247648434778,0.9937304075235109,0.9940078634350271,0.9937304075235109,0.9940078634350271,0.9937304075235109
0.8180000000000001,0.9968247648434778,0.9937304075235109,0.9940078634350271,0.9937304075235109,0.9940078634350271,0.9937304075235109
0.8190000000000001,0.9968247648434778,0.9937304075235109,0.9940078634350271,0.9937304075235109,0.9940078634350271,0.9937304075235109
0.8200000000000001,0.9968247648434778,0.9937304075235109,0.9940078634350271,0.9937304075235109,0.9940078634350271,0.9937304075235109
0.8210000000000001,0.9968247648434778,0.9937304075235109,0.9940078634350271,0.9937304075235109,0.9940078634350271,0.9937304075235109
0.8220000000000001,0.9968247648434778,0.9937304075235109,0.9940078634350271,0.9937304075235109,0.9940078634350271,0.9937304075235109
0.8230000000000001,0.9968247648434778,0.9937304075235109,0.9940078634350271,0.9937304075235109,0.9940078634350271,0.9937304075235109
0.8240000000000001,0.9968247648434778,0.9937304075235109,0.9940078634350271,0.9937304075235109,0.9940078634350271,0.9937304075235109
0.8250000000000001,0.9968247648434778,0.9937304075235109,0.9940078634350271,0.9937304075235109,0.9940078634350271,0.9937304075235109
0.8260000000000001,0.9968247648434778,0.9937304075235109,0.9940078634350271,0.9937304075235109,0.9940078634350271,0.9937304075235109
0.8270000000000001,0.9968247648434778,0.9937304075235109,0.9940078634350271,0.9937304075235109,0.9940078634350271,0.9937304075235109
0.8280000000000001,0.9968247648434778,0.9937304075235109,0.9940078634350271,0.9937304075235109,0.9940078634350271,0.9937304075235109
0.8290000000000001,0.9968247648434778,0.9937304075235109,0.9940078634350271,0.9937304075235109,0.9940078634350271,0.9937304075235109
0.8300000000000001,0.9968247648434778,0.9937304075235109,0.9940078634350271,0.9937304075235109,0.9940078634350271,0.9937304075235109
0.8310000000000001,0.9968247648434778,0.9937304075235109,0.9940078634350271,0.9937304075235109,0.9940078634350271,0.9937304075235109
0.8320000000000001,0.9968247648434778,0.9937304075235109,0.9940078634350271,0.9952978056426333,0.9940078634350271,0.9937304075235109
0.833,0.9968247648434778,0.9937304075235109,0.9940078634350271,0.9952978056426333,0.9940078634350271,0.9937304075235109
0.834,0.9968247648434778,0.9937304075235109,0.9940078634350271,0.9952978056426333,0.9940078634350271,0.9937304075235109
0.835,0.9968247648434778,0.9937304075235109,0.9940078634350271,0.9952978056426333,0.9940078634350271,0.9937304075235109
0.836,0.9968247648434778,0.9937304075235109,0.9940078634350271,0.9952978056426333,0.9940078634350271,0.9937304075235109
0.837,0.9968247648434778,0.9937304075235109,0.9940078634350271,0.9952978056426333,0.9940078634350271,0.9937304075235109
0.838,0.9968247648434778,0.9937304075235109,0.9940078634350271,0.9952978056426333,0.9940078634350271,0.9937304075235109
0.839,0.9968247648434778,0.9937304075235109,0.9940078634350271,0.9952978056426333,0.9940078634350271,0.9937304075235109
0.84,0.9968247648434778,0.9937304075235109,0.9940078634350271,0.9952978056426333,0.9940078634350271,0.9937304075235109
0.841,0.9968247648434778,0.9937304075235109,0.9940078634350271,0.9952978056426333,0.9940078634350271,0.9937304075235109
0.842,0.9968247648434778,0.9937304075235109,0.9940078634350271,0.9952978056426333,0.9940078634350271,0.9937304075235109
0.843,0.9968247648434778,0.9952978056426333,0.9940078634350271,0.9952978056426333,0.9940078634350271,0.9937304075235109
0.844,0.9968247648434778,0.9952978056426333,0.9940078634350271,0.9952978056426333,0.9940078634350271,0.9937304075235109
0.845,0.9968247648434778,0.9952978056426333,0.9954163141392525,0.9952978056426333,0.9940078634350271,0.9937304075235109
0.846,0.9968247648434778,0.9952978056426333,0.9954163141392525,0.9952978056426333,0.9940078634350271,0.9937304075235109
0.847,0.9968247648434778,0.9952978056426333,0.9954163141392525,0.9952978056426333,0.9940078634350271,0.9937304075235109
0.848,0.9968247648434778,0.9968652037617555,0.9954163141392525,0.9952978056426333,0.9940078634350271,0.9937304075235109
0.849,0.9968247648434778,0.9968652037617555,0.9954163141392525,0.9952978056426333,0.9940078634350271,0.9937304075235109
0.85,0.9968247648434778,0.9968652037617555,0.9954163141392525,0.9952978056426333,0.9940078634350271,0.9937304075235109
0.851,0.9968247648434778,0.9968652037617555,0.9954163141392525,0.9952978056426333,0.9940078634350271,0.9937304075235109
0.852,0.9968247648434778,0.9968652037617555,0.9954163141392525,0.9952978056426333,0.9940078634350271,0.9937304075235109
0.853,0.9968247648434778,0.9968652037617555,0.9954163141392525,0.9952978056426333,0.9940078634350271,0.9937304075235109
0.854,0.9968247648434778,0.9968652037617555,0.9954163141392525,0.9952978056426333,0.9940078634350271,0.9937304075235109
0.855,0.9968247648434778,0.9968652037617555,0.9954163141392525,0.9952978056426333,0.9940078634350271,0.9937304075235109
0.856,0.9968247648434778,0.9968652037617555,0.9954163141392525,0.9952978056426333,0.9940078634350271,0.9937304075235109
0.857,0.9968247648434778,0.9968652037617555,0.9954163141392525,0.9952978056426333,0.9940078634350271,0.9937304075235109
0.858,0.9968247648434778,0.9968652037617555,0.9954163141392525,0.9952978056426333,0.9940078634350271,0.9937304075235109
0.859,0.9968247648434778,0.9968652037617555,0.9968247648434778,0.9952978056426333,0.9940078634350271,0.9937304075235109
0.86,0.9968247648434778,0.9968652037617555,0.9968247648434778,0.9952978056426333,0.9940078634350271,0.9937304075235109
0.861,0.9968247648434778,0.9968652037617555,0.9968247648434778,0.9952978056426333,0.9940078634350271,0.9937304075235109
0.862,0.9968247648434778,0.9968652037617555,0.9968247648434778,0.9952978056426333,0.9940078634350271,0.9937304075235109
0.863,0.9968247648434778,0.9968652037617555,0.9968247648434778,0.9952978056426333,0.9940078634350271,0.9937304075235109
0.864,0.9968247648434778,0.9968652037617555,0.9968247648434778,0.9952978056426333,0.9940078634350271,0.9937304075235109
0.865,0.9968247648434778,0.9968652037617555,0.9968247648434778,0.9952978056426333,0.9940078634350271,0.9937304075235109
0.866,0.9968247648434778,0.9968652037617555,0.9968247648434778,0.9952978056426333,0.9940078634350271,0.9937304075235109
0.867,0.9968247648434778,0.9968652037617555,0.9968247648434778,0.9952978056426333,0.9940078634350271,0.9937304075235109
0.868,0.9968247648434778,0.9968652037617555,0.9968247648434778,0.9952978056426333,0.9940078634350271,0.9937304075235109
0.869,0.9968247648434778,0.9968652037617555,0.9968247648434778,0.9952978056426333,0.9940078634350271,0.9937304075235109
0.87,0.9968247648434778,0.9968652037617555,0.9968247648434778,0.9952978056426333,0.9940078634350271,0.9937304075235109
0.871,0.9968247648434778,0.9968652037617555,0.9985915492957746,0.9952978056426333,0.9940078634350271,0.9937304075235109
0.872,0.9968247648434778,0.9968652037617555,0.9985915492957746,0.9952978056426333,0.9940078634350271,0.9937304075235109
0.873,0.9968247648434778,0.9968652037617555,0.9985915492957746,0.9952978056426333,0.9940078634350271,0.9937304075235109
0.874,0.9968247648434778,0.9968652037617555,0.9985915492957746,0.9952978056426333,0.9940078634350271,0.9937304075235109
0.875,0.9968247648434778,0.9968652037617555,0.9985915492957746,0.9952978056426333,0.9940078634350271,0.9937304075235109
0.876,0.9968247648434778,0.9968652037617555,0.9985915492957746,0.9952978056426333,0.9940078634350271,0.9937304075235109
0.877,0.9968247648434778,0.9968652037617555,0.9985915492957746,0.9952978056426333,0.9940078634350271,0.9937304075235109
0.878,0.9968247648434778,0.9968652037617555,0.9985915492957746,0.9952978056426333,0.9940078634350271,0.9937304075235109
0.879,0.9968247648434778,0.9968652037617555,0.9985915492957746,0.9952978056426333,0.9940078634350271,0.9937304075235109
0.88,0.9968247648434778,0.9968652037617555,0.9985915492957746,0.9968652037617555,0.9940078634350271,0.9937304075235109
0.881,0.9968247648434778,0.9968652037617555,0.9985915492957746,0.9968652037617555,0.9940078634350271,0.9937304075235109
0.882,0.9968247648434778,0.9968652037617555,0.9985915492957746,0.9968652037617555,0.9940078634350271,0.9937304075235109
0.883,0.9968247648434778,0.9968652037617555,0.9985915492957746,0.9968652037617555,0.9940078634350271,0.9937304075235109
0.884,0.9968247648434778,0.9984326018808778,0.9985915492957746,0.9968652037617555,0.9940078634350271,0.9937304075235109
0.885,0.9968247648434778,0.9984326018808778,0.9985915492957746,0.9968652037617555,0.9940078634350271,0.9937304075235109
0.886,0.9968247648434778,0.9984326018808778,0.9985915492957746,0.9968652037617555,0.9940078634350271,0.9937304075235109
0.887,0.9968247648434778,0.9984326018808778,0.9985915492957746,0.9968652037617555,0.9940078634350271,0.9937304075235109
0.888,0.9968247648434778,0.9984326018808778,0.9985915492957746,0.9968652037617555,0.9940078634350271,0.9937304075235109
0.889,0.9968247648434778,0.9984326018808778,0.9985915492957746,0.9968652037617555,0.9940078634350271,0.9937304075235109
0.89,0.9968247648434778,0.9984326018808778,0.9985915492957746,0.9968652037617555,0.9940078634350271,0.9937304075235109
0.891,0.9968247648434778,0.9984326018808778,0.9985915492957746,0.9968652037617555,0.9940078634350271,0.9937304075235109
0.892,0.9968247648434778,0.9984326018808778,0.9985915492957746,0.9968652037617555,0.9940078634350271,0.9937304075235109
0.893,0.9968247648434778,0.9984326018808778,0.9985915492957746,0.9984326018808778,0.9940078634350271,0.9937304075235109
0.894,0.9968247648434778,0.9984326018808778,0.9985915492957746,0.9984326018808778,0.9940078634350271,0.9937304075235109
0.895,0.9968247648434778,0.9984326018808778,0.9985915492957746,0.9984326018808778,0.9940078634350271,0.9937304075235109
0.896,0.9968247648434778,0.9984326018808778,0.9985915492957746,0.9984326018808778,0.9940078634350271,0.9937304075235109
0.897,0.9968247648434778,0.9984326018808778,0.9985915492957746,0.9984326018808778,0.9940078634350271,0.9937304075235109
0.898,0.9968247648434778,0.9984326018808778,0.9985915492957746,0.9984326018808778,0.9940078634350271,0.9937304075235109
0.899,0.9968247648434778,0.9984326018808778,0.9985915492957746,0.9984326018808778,0.9940078634350271,0.9937304075235109
0.9,0.9968247648434778,0.9984326018808778,0.9985915492957746,0.9984326018808778,0.9940078634350271,0.9937304075235109
0.901,0.9968247648434778,0.9984326018808778,0.9985915492957746,0.9984326018808778,0.9940078634350271,0.9937304075235109
0.902,0.9968247648434778,0.9984326018808778,0.9985915492957746,0.9984326018808778,0.9940078634350271,0.9937304075235109
0.903,0.9968247648434778,0.9984326018808778,0.9985915492957746,0.9984326018808778,0.9940078634350271,0.9937304075235109
0.904,0.9968247648434778,0.9984326018808778,0.9985915492957746,0.9984326018808778,0.9940078634350271,0.9937304075235109
0.905,0.9968247648434778,0.9984326018808778,0.9985915492957746,0.9984326018808778,0.9940078634350271,0.9937304075235109
0.906,0.9968247648434778,0.9984326018808778,0.9985915492957746,0.9984326018808778,0.9954163141392525,0.9937304075235109
0.907,0.9968247648434778,0.9984326018808778,0.9985915492957746,0.9984326018808778,0.9954163141392525,0.9937304075235109
0.908,0.9985915492957746,0.9984326018808778,0.9985915492957746,0.9984326018808778,0.9954163141392525,0.9937304075235109
0.909,0.9985915492957746,0.9984326018808778,0.9985915492957746,0.9984326018808778,0.9954163141392525,0.9937304075235109
0.91,0.9985915492957746,0.9984326018808778,0.9985915492957746,0.9984326018808778,0.9968247648434778,0.9937304075235109
0.911,0.9985915492957746,0.9984326018808778,0.9985915492957746,0.9984326018808778,0.9968247648434778,0.9937304075235109
0.912,0.9985915492957746,0.9984326018808778,0.9985915492957746,0.9984326018808778,0.9968247648434778,0.9937304075235109
0.913,0.9985915492957746,0.9984326018808778,0.9985915492957746,0.9984326018808778,0.9968247648434778,0.9937304075235109
0.914,0.9985915492957746,0.9984326018808778,0.9985915492957746,0.9984326018808778,0.9968247648434778,0.9937304075235109
0.915,0.9985915492957746,0.9984326018808778,0.9985915492957746,0.9984326018808778,0.9968247648434778,0.9937304075235109
0.916,0.9985915492957746,0.9984326018808778,0.9985915492957746,0.9984326018808778,0.9968247648434778,0.9952978056426333
0.917,0.9985915492957746,0.9984326018808778,0.9985915492957746,0.9984326018808778,0.9968247648434778,0.9952978056426333
0.918,0.9985915492957746,0.9984326018808778,0.9985915492957746,0.9984326018808778,0.9968247648434778,0.9952978056426333
0.919,0.9985915492957746,0.9984326018808778,0.9985915492957746,0.9984326018808778,0.9968247648434778,0.9952978056426333
0.92,0.9985915492957746,0.9984326018808778,0.9985915492957746,0.9984326018808778,0.9968247648434778,0.9952978056426333
0.921,0.9985915492957746,0.9984326018808778,0.9985915492957746,0.9984326018808778,0.9968247648434778,0.9968652037617555
0.922,0.9985915492957746,0.9984326018808778,1.0,0.9984326018808778,0.9968247648434778,0.9968652037617555
0.923,0.9985915492957746,0.9984326018808778,1.0,0.9984326018808778,0.9968247648434778,0.9968652037617555
0.924,0.9985915492957746,0.9984326018808778,1.0,0.9984326018808778,0.9968247648434778,0.9968652037617555
0.925,0.9985915492957746,0.9984326018808778,1.0,0.9984326018808778,0.9968247648434778,0.9968652037617555
0.926,0.9985915492957746,0.9984326018808778,1.0,0.9984326018808778,0.9968247648434778,0.9968652037617555
0.927,0.9985915492957746,0.9984326018808778,1.0,0.9984326018808778,0.9968247648434778,0.9968652037617555
0.928,0.9985915492957746,0.9984326018808778,1.0,0.9984326018808778,0.9968247648434778,0.9968652037617555
0.929,0.9985915492957746,0.9984326018808778,1.0,0.9984326018808778,0.9968247648434778,0.9968652037617555
0.93,0.9985915492957746,0.9984326018808778,1.0,0.9984326018808778,0.9968247648434778,0.9968652037617555
0.931,0.9985915492957746,0.9984326018808778,1.0,0.9984326018808778,0.9968247648434778,0.9968652037617555
0.932,0.9985915492957746,0.9984326018808778,1.0,0.9984326018808778,0.9968247648434778,0.9968652037617555
0.933,0.9985915492957746,0.9984326018808778,1.0,0.9984326018808778,0.9968247648434778,0.9968652037617555
0.934,0.9985915492957746,0.9984326018808778,1.0,0.9984326018808778,0.9968247648434778,0.9968652037617555
0.935,0.9985915492957746,0.9984326018808778,1.0,0.9984326018808778,0.9968247648434778,0.9968652037617555
0.936,0.9985915492957746,0.9984326018808778,1.0,0.9984326018808778,0.9968247648434778,0.9968652037617555
0.937,0.9985915492957746,0.9984326018808778,1.0,0.9984326018808778,0.9968247648434778,0.9968652037617555
0.9380000000000001,0.9985915492957746,0.9984326018808778,1.0,0.9984326018808778,0.9968247648434778,0.9968652037617555
0.9390000000000001,0.9985915492957746,0.9984326018808778,1.0,0.9984326018808778,0.9968247648434778,0.9968652037617555
0.9400000000000001,0.9985915492957746,0.9984326018808778,1.0,0.9984326018808778,0.9968247648434778,0.9968652037617555
0.9410000000000001,0.9985915492957746,0.9984326018808778,1.0,0.9984326018808778,0.9968247648434778,0.9984326018808778
0.9420000000000001,0.9985915492957746,0.9984326018808778,1.0,0.9984326018808778,0.9968247648434778,0.9984326018808778
0.9430000000000001,0.9985915492957746,0.9984326018808778,1.0,1.0,0.9968247648434778,0.9984326018808778
0.9440000000000001,0.9985915492957746,0.9984326018808778,1.0,1.0,0.9968247648434778,0.9984326018808778
0.9450000000000001,0.9985915492957746,0.9984326018808778,1.0,1.0,0.9968247648434778,0.9984326018808778
0.9460000000000001,0.9985915492957746,0.9984326018808778,1.0,1.0,0.9968247648434778,0.9984326018808778
0.9470000000000001,0.9985915492957746,0.9984326018808778,1.0,1.0,0.9968247648434778,0.9984326018808778
0.9480000000000001,0.9985915492957746,0.9984326018808778,1.0,1.0,0.9985915492957746,0.9984326018808778
0.9490000000000001,0.9985915492957746,0.9984326018808778,1.0,1.0,0.9985915492957746,0.9984326018808778
0.9500000000000001,0.9985915492957746,0.9984326018808778,1.0,1.0,1.0,0.9984326018808778
0.9510000000000001,0.9985915492957746,0.9984326018808778,1.0,1.0,1.0,0.9984326018808778
0.9520000000000001,0.9985915492957746,0.9984326018808778,1.0,1.0,1.0,0.9984326018808778
0.9530000000000001,0.9985915492957746,0.9984326018808778,1.0,1.0,1.0,1.0
0.9540000000000001,0.9985915492957746,0.9984326018808778,1.0,1.0,1.0,1.0
0.9550000000000001,0.9985915492957746,0.9984326018808778,1.0,1.0,1.0,1.0
0.9560000000000001,0.9985915492957746,0.9984326018808778,1.0,1.0,1.0,1.0
0.9570000000000001,0.9985915492957746,0.9984326018808778,1.0,1.0,1.0,1.0
0.9580000000000001,0.9985915492957746,0.9984326018808778,1.0,1.0,1.0,1.0
0.9590000000000001,1.0,0.9984326018808778,1.0,1.0,1.0,1.0
0.96,1.0,0.9984326018808778,1.0,1.0,1.0,1.0
0.961,1.0,0.9984326018808778,1.0,1.0,1.0,1.0
0.962,1.0,0.9984326018808778,1.0,1.0,1.0,1.0
0.963,1.0,0.9984326018808778,1.0,1.0,1.0,1.0
0.964,1.0,0.9984326018808778,1.0,1.0,1.0,1.0
0.965,1.0,0.9984326018808778,1.0,1.0,1.0,1.0
0.966,1.0,1.0,1.0,1.0,1.0,1.0
0.967,1.0,1.0,1.0,1.0,1.0,1.0
0.968,1.0,1.0,1.0,1.0,1.0,1.0
0.969,1.0,1.0,1.0,1.0,1.0,1.0
0.97,1.0,1.0,1.0,1.0,1.0,1.0
0.971,1.0,1.0,1.0,1.0,1.0,1.0
0.972,1.0,1.0,1.0,1.0,1.0,1.0
0.973,1.0,1.0,1.0,1.0,1.0,1.0
0.974,1.0,1.0,1.0,1.0,1.0,1.0
0.975,1.0,1.0,1.0,1.0,1.0,1.0
0.976,1.0,1.0,1.0,1.0,1.0,1.0
0.977,1.0,1.0,1.0,1.0,1.0,1.0
0.978,1.0,1.0,1.0,1.0,1.0,1.0
0.979,1.0,1.0,1.0,1.0,1.0,1.0
0.98,1.0,1.0,1.0,1.0,1.0,1.0
0.981,1.0,1.0,1.0,1.0,1.0,1.0
0.982,1.0,1.0,1.0,1.0,1.0,1.0
0.983,1.0,1.0,1.0,1.0,1.0,1.0
0.984,1.0,1.0,1.0,1.0,1.0,1.0
0.985,1.0,1.0,1.0,1.0,1.0,1.0
0.986,1.0,1.0,1.0,1.0,1.0,1.0
0.987,1.0,1.0,1.0,1.0,1.0,1.0
0.988,1.0,1.0,1.0,1.0,1.0,1.0
0.989,1.0,1.0,1.0,1.0,1.0,1.0
0.99,1.0,1.0,1.0,1.0,1.0,1.0
0.991,1.0,1.0,1.0,1.0,1.0,1.0
0.992,1.0,1.0,1.0,1.0,1.0,1.0
0.993,1.0,1.0,1.0,1.0,1.0,1.0
0.994,1.0,1.0,1.0,1.0,1.0,1.0
0.995,1.0,1.0,1.0,1.0,1.0,1.0
0.996,1.0,1.0,1.0,1.0,1.0,1.0
0.997,1.0,1.0,1.0,1.0,1.0,1.0
0.998,1.0,1.0,1.0,1.0,1.0,1.0
0.999,1.0,1.0,1.0,1.0,1.0,1.0
1.0,1.0,1.0,1.0,1.0,1.0,1.0
