false_positive_rate,M_0_macro_true_positive_rate,M_0_micro_true_positive_rate,M_1_macro_true_positive_rate,M_1_micro_true_positive_rate,M_rand_macro_true_positive_rate,M_rand_micro_true_positive_rate
0.0,0.0,0.0,0.0,0.0,0.0,0.0
0.001,0.17137549836897426,0.0915915915915916,0.17319681043856472,0.10510510510510511,0.17220913374411018,0.09009009009009009
0.002,0.20196629213483147,0.16066066066066065,0.2124229793403407,0.16066066066066065,0.21403588256614717,0.14114114114114115
0.003,0.2333363537513592,0.2087087087087087,0.24238854657484593,0.2147147147147147,0.24280536426241392,0.17867867867867868
0.004,0.2705328017397608,0.26126126126126126,0.26246828561072855,0.2732732732732733,0.2767760057992026,0.22672672672672672
0.005,0.29748097136643714,0.2912912912912913,0.28520297209133744,0.2897897897897898,0.29846864806089163,0.2732732732732733
0.006,0.31376404494382026,0.3108108108108108,0.3171982602392171,0.3213213213213213,0.3190195723088075,0.3123123123123123
0.007,0.3525733961580283,0.34234234234234234,0.33124320405944185,0.3483483483483483,0.3379032258064516,0.32432432432432434
0.008,0.3714570496556724,0.36786786786786785,0.36901051105472993,0.36036036036036034,0.36344690105110544,0.34534534534534533
0.009000000000000001,0.40204784342152955,0.37537537537537535,0.3871148967017035,0.38288288288288286,0.38794853207683944,0.37237237237237236
0.01,0.4146882928597318,0.3948948948948949,0.39294128307357734,0.3993993993993994,0.4088619064878579,0.3843843843843844
0.011,0.4205146792316057,0.4114114114114114,0.410212033345415,0.4114114114114114,0.41609278724175425,0.40540540540540543
0.012,0.4432493657122146,0.4174174174174174,0.4367977528089888,0.4144144144144144,0.4398151504168176,0.4189189189189189
0.013000000000000001,0.45469372961217835,0.42492492492492495,0.4570859006886553,0.43093093093093093,0.45125951431678146,0.42342342342342343
0.014,0.47435665096049295,0.44144144144144143,0.4675425878941646,0.43843843843843844,0.4570859006886553,0.42792792792792794
0.015,0.4759695541862994,0.46846846846846846,0.47919536063791224,0.45345345345345345,0.46873867343240305,0.44294294294294295
0.016,0.48179594055817326,0.4804804804804805,0.49386553098948893,0.466966966966967,0.48059985501993474,0.4594594594594595
0.017,0.4882475534613991,0.4894894894894895,0.5029177238129757,0.47897897897897895,0.49105654222544404,0.4774774774774775
0.018000000000000002,0.5067143892714752,0.5045045045045045,0.513166002174701,0.509009009009009,0.5025009061254078,0.4924924924924925
0.019,0.5125407756433491,0.5135135135135135,0.5145704965567235,0.515015015015015,0.512957593330917,0.5075075075075075
0.02,0.5218013773106198,0.53003003003003,0.5194092062341428,0.524024024024024,0.5203968829285973,0.524024024024024
0.021,0.5262232693004711,0.5480480480480481,0.5240395070677781,0.545045045045045,0.5262232693004711,0.5480480480480481
0.022,0.5334541500543675,0.5615615615615616,0.5352754621239579,0.5585585585585585,0.537876042044219,0.5570570570570571
0.023,0.5334541500543675,0.5855855855855856,0.5429231605654222,0.566066066066066,0.5392805364262414,0.5765765765765766
0.024,0.5406850308082639,0.5900900900900901,0.5471366437114897,0.575075075075075,0.5437024284160927,0.5870870870870871
0.025,0.5597770931496919,0.6051051051051051,0.5555636100036245,0.5885885885885885,0.5485411380935121,0.5960960960960962
0.026000000000000002,0.5641989851395433,0.6186186186186187,0.5646158028271113,0.6051051051051051,0.5499456324755346,0.5975975975975976
0.027,0.5712214570496557,0.6201201201201201,0.5750724900326205,0.6201201201201201,0.5555636100036245,0.6081081081081081
0.028,0.575851757883291,0.6216216216216216,0.5851123595505618,0.6261261261261262,0.5639905762957593,0.6111111111111112
0.029,0.5802736498731424,0.6246246246246246,0.5881297571583908,0.6291291291291291,0.5726259514316782,0.6216216216216216
0.03,0.5947354113809351,0.6336336336336337,0.597961217832548,0.6351351351351351,0.5802736498731424,0.6261261261261262
0.031,0.5993657122145706,0.6381381381381381,0.6021747009786155,0.6411411411411412,0.5931225081551286,0.6261261261261262
0.032,0.6054005074302283,0.6411411411411412,0.6065965929684669,0.6456456456456456,0.5975444001449801,0.6306306306306306
0.033,0.6140358825661472,0.6486486486486487,0.6152319681043856,0.6486486486486487,0.6061797752808988,0.6396396396396397
0.034,0.6244925697716563,0.6516516516516516,0.6238673432403045,0.6546546546546547,0.6148151504168178,0.6486486486486487
0.035,0.6371330192098587,0.6516516516516516,0.6322943095324394,0.6561561561561562,0.6262595143167815,0.6516516516516516
0.036000000000000004,0.644155491119971,0.6531531531531531,0.6393167814425517,0.6636636636636637,0.6362993838347226,0.6591591591591591
0.037,0.6485773831098225,0.6591591591591591,0.646964479884016,0.6666666666666666,0.6391083725987676,0.6636636636636637
0.038,0.6558082638637187,0.6606606606606606,0.6511779630300834,0.6681681681681682,0.6477437477346865,0.6696696696696697
0.039,0.6700616165277273,0.6666666666666666,0.6553914461761507,0.6786786786786787,0.6577836172526277,0.6726726726726727
0.04,0.6716745197535339,0.6696696696696697,0.6644436389996375,0.6801801801801802,0.6682403044581371,0.6816816816816816
0.041,0.6730790141355564,0.6771771771771772,0.6809351214208046,0.6846846846846847,0.6682403044581371,0.6816816816816816
0.042,0.6760964117433852,0.6846846846846847,0.6839525190286335,0.6861861861861862,0.6742750996737948,0.6846846846846847
0.043000000000000003,0.6821312069590431,0.6906906906906907,0.688582819862269,0.6936936936936937,0.6758880028996013,0.6891891891891891
0.044,0.6835357013410657,0.6996996996996997,0.6932131206959044,0.6981981981981982,0.6772924972816238,0.6951951951951952
0.045,0.6927963030083364,0.7012012012012012,0.6932131206959044,0.6981981981981982,0.6819227981152591,0.7027027027027027
0.046,0.6944092062341427,0.7072072072072072,0.6976350126857557,0.7057057057057057,0.6849401957230881,0.7057057057057057
0.047,0.6974266038419717,0.7117117117117117,0.6990395070677782,0.7087087087087087,0.6893620877129395,0.7072072072072072
0.048,0.6990395070677782,0.7177177177177178,0.7036698079014135,0.7162162162162162,0.6893620877129395,0.7102102102102102
0.049,0.7006524102935847,0.7192192192192193,0.7036698079014135,0.7222222222222222,0.6921710764769844,0.7117117117117117
0.05,0.7034613990576296,0.7237237237237237,0.7109006886553099,0.7267267267267268,0.6951884740848133,0.7162162162162162
0.051000000000000004,0.7094961942732874,0.7297297297297297,0.7125135918811163,0.7327327327327328,0.6996103660746646,0.7192192192192193
0.052000000000000005,0.7139180862631389,0.7327327327327328,0.7153225806451613,0.7357357357357357,0.7042406669083001,0.7207207207207207
0.053,0.7269753533889091,0.7342342342342343,0.7227618702428416,0.7372372372372372,0.710067053280174,0.7237237237237237
0.054,0.7339978252990214,0.7387387387387387,0.729784342152954,0.7417417417417418,0.7161018484958319,0.7327327327327328
0.055,0.7354023196810439,0.7447447447447447,0.732593330916999,0.7447447447447447,0.7233327292497282,0.7357357357357357
0.056,0.7398242116708953,0.7462462462462462,0.7370152229068503,0.7447447447447447,0.726141718013773,0.7372372372372372
0.057,0.7412287060529177,0.7477477477477478,0.7412287060529177,0.7522522522522522,0.734777093149692,0.7432432432432432
0.058,0.7456505980427691,0.7477477477477478,0.7444545125045307,0.7537537537537538,0.7361815875317144,0.7462462462462462
0.059000000000000004,0.7470550924247916,0.7507507507507507,0.748667995650598,0.7567567567567568,0.7361815875317144,0.7567567567567568
0.06,0.7498640811888366,0.7537537537537538,0.7544943820224719,0.7612612612612613,0.7361815875317144,0.7627627627627628
0.061,0.7526730699528815,0.7552552552552553,0.7573033707865169,0.7627627627627628,0.7417995650598043,0.7642642642642643
0.062,0.754285973178688,0.7582582582582582,0.7587078651685393,0.7642642642642643,0.7476259514316781,0.7657657657657657
0.063,0.7627129394708227,0.7597597597597597,0.7617252627763682,0.7672672672672672,0.7604748097136644,0.7672672672672672
0.064,0.7627129394708227,0.7597597597597597,0.7705690467560711,0.7717717717717718,0.7681225081551286,0.7702702702702703
0.065,0.7685393258426967,0.7627627627627628,0.7721819499818775,0.7747747747747747,0.7697354113809352,0.7747747747747747
0.066,0.7685393258426967,0.7642642642642643,0.7735864443639,0.7747747747747747,0.7711399057629575,0.7747747747747747
0.067,0.7701522290685031,0.7657657657657657,0.7749909387459224,0.7777777777777778,0.77254440014498,0.7762762762762763
0.068,0.7731696266763319,0.7672672672672672,0.7749909387459224,0.7792792792792793,0.775561797752809,0.7822822822822822
0.069,0.7747825299021385,0.7747747747747747,0.7792044218919898,0.7807807807807807,0.7769662921348315,0.7837837837837838
0.07,0.7804005074302284,0.7807807807807807,0.7822218194998187,0.7837837837837838,0.7818050018122509,0.7837837837837838
0.07100000000000001,0.7832094961942733,0.7822822822822822,0.7866437114896702,0.7837837837837838,0.7818050018122509,0.7882882882882883
0.07200000000000001,0.7862268938021022,0.7822822822822822,0.792470097861544,0.7852852852852853,0.7832094961942733,0.7897897897897898
0.073,0.7890358825661472,0.7882882882882883,0.792470097861544,0.7852852852852853,0.7832094961942733,0.7897897897897898
0.074,0.7922616890177601,0.7897897897897898,0.7954874954693729,0.7882882882882883,0.7864353026458862,0.7912912912912913
0.075,0.7936661833997825,0.7912912912912913,0.7982964842334179,0.7912912912912913,0.7880482058716927,0.7912912912912913
0.076,0.7950706777818051,0.7927927927927928,0.7999093874592244,0.7912912912912913,0.7880482058716927,0.7912912912912913
0.077,0.8011054729974629,0.7927927927927928,0.8013138818412469,0.7912912912912913,0.7880482058716927,0.8018018018018018
0.078,0.8027183762232692,0.7957957957957958,0.8013138818412469,0.7942942942942943,0.7894527002537151,0.8018018018018018
0.079,0.8027183762232692,0.7957957957957958,0.8027183762232692,0.7957957957957958,0.7908571946357377,0.8048048048048048
0.08,0.8027183762232692,0.7987987987987988,0.8085447625951432,0.8033033033033034,0.7950706777818051,0.8048048048048048
0.081,0.8075570859006886,0.7987987987987988,0.8113537513591882,0.8033033033033034,0.79787966654585,0.8078078078078078
0.082,0.8103660746647336,0.8033033033033034,0.8129666545849945,0.8048048048048048,0.79787966654585,0.8123123123123123
0.083,0.8131750634287785,0.8033033033033034,0.817388546574846,0.8108108108108109,0.8043312794490758,0.8138138138138138
0.084,0.814579557810801,0.8033033033033034,0.817388546574846,0.8123123123123123,0.8105744835085176,0.8138138138138138
0.085,0.8159840521928234,0.8078078078078078,0.817388546574846,0.8183183183183184,0.8105744835085176,0.8153153153153153
0.08600000000000001,0.81759695541863,0.8078078078078078,0.8187930409568684,0.8183183183183184,0.815204784342153,0.8168168168168168
0.08700000000000001,0.8204059441826749,0.8123123123123123,0.8234233417905038,0.8183183183183184,0.8166092787241754,0.8198198198198198
0.088,0.8204059441826749,0.8138138138138138,0.8234233417905038,0.8228228228228228,0.8166092787241754,0.8213213213213213
0.089,0.8204059441826749,0.8183183183183184,0.8248278361725263,0.8228228228228228,0.8224356650960493,0.8213213213213213
0.09,0.8236317506342878,0.8183183183183184,0.8294581370061617,0.8243243243243243,0.8224356650960493,0.8228228228228228
0.091,0.8250362450163102,0.8183183183183184,0.8310710402319681,0.8288288288288288,0.8284704603117071,0.8243243243243243
0.092,0.8294581370061617,0.8213213213213213,0.8324755346139906,0.8288288288288288,0.8359097499093875,0.8258258258258259
0.093,0.8324755346139906,0.8243243243243243,0.8338800289960131,0.8288288288288288,0.8401232330554549,0.8258258258258259
0.094,0.8338800289960131,0.8258258258258259,0.8354929322218194,0.8288288288288288,0.8401232330554549,0.8258258258258259
0.095,0.8352845233780355,0.8288288288288288,0.8354929322218194,0.8288288288288288,0.8415277274374773,0.8273273273273273
0.096,0.8423069952881479,0.8303303303303303,0.8403316418992388,0.8288288288288288,0.8431406306632838,0.8288288288288288
0.097,0.8483417905038058,0.8303303303303303,0.8403316418992388,0.8303303303303303,0.8445451250453062,0.8288288288288288
0.098,0.8511507792678507,0.8348348348348348,0.8503715114171801,0.8303303303303303,0.8503715114171801,0.8318318318318318
0.099,0.8511507792678507,0.8348348348348348,0.8566147154766219,0.8333333333333334,0.8547934034070315,0.8318318318318318
0.1,0.8511507792678507,0.8378378378378378,0.8610366074664733,0.8348348348348348,0.856406306632838,0.8318318318318318
0.101,0.8511507792678507,0.8423423423423423,0.8652500906125408,0.8348348348348348,0.8580192098586444,0.8333333333333334
0.10200000000000001,0.858798477709315,0.8423423423423423,0.8666545849945633,0.8453453453453453,0.8580192098586444,0.8363363363363363
0.10300000000000001,0.8630119608553823,0.8423423423423423,0.8722725625226531,0.8453453453453453,0.8580192098586444,0.8393393393393394
0.10400000000000001,0.8660293584632113,0.8438438438438438,0.8722725625226531,0.8453453453453453,0.8610366074664733,0.8423423423423423
0.105,0.8674338528452338,0.8438438438438438,0.875289960130482,0.8498498498498499,0.8610366074664733,0.8438438438438438
0.106,0.8690467560710402,0.8438438438438438,0.875289960130482,0.8528528528528528,0.8624411018484959,0.8438438438438438
0.107,0.8690467560710402,0.8453453453453453,0.875289960130482,0.8573573573573574,0.8640540050743023,0.8438438438438438
0.108,0.8736770569046756,0.8468468468468469,0.875289960130482,0.8588588588588588,0.8670714026821311,0.8453453453453453
0.109,0.8736770569046756,0.8468468468468469,0.8769028633562885,0.8588588588588588,0.8684758970641537,0.8453453453453453
0.11,0.8750815512866981,0.8468468468468469,0.8769028633562885,0.8588588588588588,0.8698803914461761,0.8453453453453453
0.111,0.8750815512866981,0.8483483483483484,0.8769028633562885,0.8633633633633634,0.8712848858281986,0.8453453453453453
0.112,0.8750815512866981,0.8498498498498499,0.8769028633562885,0.8663663663663663,0.8743022834360276,0.8453453453453453
0.113,0.8750815512866981,0.8513513513513513,0.8769028633562885,0.8693693693693694,0.8757067778180501,0.8468468468468469
0.114,0.8766944545125046,0.8543543543543544,0.8769028633562885,0.8738738738738738,0.8771112722000725,0.8483483483483484
0.115,0.8783073577383109,0.8573573573573574,0.8769028633562885,0.8738738738738738,0.8771112722000725,0.8483483483483484
0.116,0.8783073577383109,0.8588588588588588,0.8769028633562885,0.8753753753753754,0.8771112722000725,0.8483483483483484
0.117,0.8783073577383109,0.8588588588588588,0.8783073577383109,0.8768768768768769,0.878724175425879,0.8483483483483484
0.11800000000000001,0.8783073577383109,0.8588588588588588,0.8783073577383109,0.8768768768768769,0.8801286698079014,0.8498498498498499
0.11900000000000001,0.8815331641899239,0.8588588588588588,0.8783073577383109,0.8768768768768769,0.8801286698079014,0.8513513513513513
0.12,0.8829376585719464,0.8588588588588588,0.8783073577383109,0.8768768768768769,0.8801286698079014,0.8543543543543544
0.121,0.8829376585719464,0.8618618618618619,0.8783073577383109,0.8768768768768769,0.8801286698079014,0.8558558558558559
0.122,0.8861634650235592,0.8618618618618619,0.8783073577383109,0.8783783783783784,0.8831460674157303,0.8573573573573574
0.123,0.8875679594055818,0.8618618618618619,0.8815331641899239,0.8813813813813813,0.8831460674157303,0.8573573573573574
0.124,0.8875679594055818,0.8633633633633634,0.8815331641899239,0.8813813813813813,0.8831460674157303,0.8573573573573574
0.125,0.8875679594055818,0.8633633633633634,0.8831460674157303,0.8813813813813813,0.8845505617977528,0.8588588588588588
0.126,0.8907937658571947,0.8648648648648649,0.8845505617977528,0.8813813813813813,0.8859550561797753,0.8618618618618619
0.127,0.8907937658571947,0.8663663663663663,0.8845505617977528,0.8828828828828829,0.8859550561797753,0.8663663663663663
0.128,0.892406669083001,0.8693693693693694,0.8926150779267851,0.8858858858858859,0.8891808626313882,0.8693693693693694
0.129,0.8940195723088076,0.8723723723723724,0.8926150779267851,0.8858858858858859,0.8891808626313882,0.8693693693693694
0.13,0.8940195723088076,0.8738738738738738,0.8926150779267851,0.8858858858858859,0.8905853570134106,0.8708708708708709
0.131,0.8940195723088076,0.8753753753753754,0.8926150779267851,0.8858858858858859,0.8905853570134106,0.8738738738738738
0.132,0.8940195723088076,0.8753753753753754,0.8926150779267851,0.8873873873873874,0.8919898513954331,0.8768768768768769
0.133,0.8940195723088076,0.8753753753753754,0.895840884378398,0.8873873873873874,0.8936027546212395,0.8783783783783784
0.134,0.8940195723088076,0.8783783783783784,0.8974537876042044,0.8873873873873874,0.8936027546212395,0.8783783783783784
0.135,0.895632475534614,0.8798798798798799,0.9004711852120333,0.8873873873873874,0.8936027546212395,0.8783783783783784
0.136,0.895632475534614,0.8813813813813813,0.9053098948894527,0.8873873873873874,0.8936027546212395,0.8783783783783784
0.137,0.895632475534614,0.8828828828828829,0.9053098948894527,0.8888888888888888,0.8936027546212395,0.8813813813813813
0.138,0.8970369699166365,0.8843843843843844,0.9069227981152592,0.8903903903903904,0.8936027546212395,0.8813813813813813
0.139,0.8970369699166365,0.8858858858858859,0.9069227981152592,0.8918918918918919,0.8936027546212395,0.8828828828828829
0.14,0.8986498731424429,0.8873873873873874,0.9069227981152592,0.8918918918918919,0.8936027546212395,0.8873873873873874
0.14100000000000001,0.8986498731424429,0.8873873873873874,0.9085357013410656,0.8918918918918919,0.8936027546212395,0.8888888888888888
0.14200000000000002,0.8986498731424429,0.8903903903903904,0.9085357013410656,0.8918918918918919,0.8936027546212395,0.8918918918918919
0.14300000000000002,0.8986498731424429,0.8903903903903904,0.9101486045668721,0.8933933933933934,0.895215657847046,0.8918918918918919
0.14400000000000002,0.8986498731424429,0.8903903903903904,0.9101486045668721,0.8948948948948949,0.895215657847046,0.8918918918918919
0.145,0.9000543675244654,0.8903903903903904,0.912957593330917,0.8963963963963963,0.895215657847046,0.8918918918918919
0.146,0.9000543675244654,0.8918918918918919,0.9145704965567234,0.8978978978978979,0.895215657847046,0.8918918918918919
0.147,0.9000543675244654,0.8933933933933934,0.9161833997825299,0.8978978978978979,0.895215657847046,0.8948948948948949
0.148,0.9016672707502718,0.8948948948948949,0.9161833997825299,0.9024024024024024,0.895215657847046,0.8963963963963963
0.149,0.9032801739760783,0.8948948948948949,0.9161833997825299,0.9039039039039038,0.895215657847046,0.8963963963963963
0.15,0.9032801739760783,0.8948948948948949,0.9177963030083363,0.9039039039039038,0.8980246466110909,0.8963963963963963
0.151,0.9048930772018847,0.8963963963963963,0.9192007973903589,0.9039039039039038,0.8996375498368974,0.8978978978978979
0.152,0.9062975715839072,0.8963963963963963,0.9208137006161653,0.9054054054054054,0.8996375498368974,0.8978978978978979
0.153,0.9079104748097137,0.8963963963963963,0.9208137006161653,0.9054054054054054,0.9012504530627039,0.8993993993993994
0.154,0.9093149691917362,0.8963963963963963,0.9208137006161653,0.9054054054054054,0.9028633562885103,0.9009009009009009
0.155,0.9123323667995651,0.8993993993993994,0.9208137006161653,0.9054054054054054,0.9028633562885103,0.9009009009009009
0.156,0.9123323667995651,0.9039039039039038,0.9208137006161653,0.9069069069069069,0.9028633562885103,0.9039039039039038
0.157,0.9123323667995651,0.9039039039039038,0.9208137006161653,0.9069069069069069,0.9044762595143168,0.9054054054054054
0.158,0.9123323667995651,0.9039039039039038,0.9222181949981878,0.9069069069069069,0.9044762595143168,0.9084084084084084
0.159,0.9123323667995651,0.9039039039039038,0.9222181949981878,0.9069069069069069,0.9044762595143168,0.9114114114114115
0.16,0.9123323667995651,0.9054054054054054,0.9222181949981878,0.9084084084084084,0.9044762595143168,0.9129129129129129
0.161,0.9139452700253715,0.9054054054054054,0.9222181949981878,0.9084084084084084,0.9060891627401232,0.9129129129129129
0.162,0.9155581732511779,0.9054054054054054,0.9222181949981878,0.9099099099099099,0.9060891627401232,0.9159159159159159
0.163,0.9155581732511779,0.9054054054054054,0.9238310982239941,0.9099099099099099,0.9077020659659296,0.918918918918919
0.164,0.9155581732511779,0.9084084084084084,0.9238310982239941,0.9099099099099099,0.9109278724175426,0.9219219219219219
0.165,0.9155581732511779,0.9084084084084084,0.9238310982239941,0.9099099099099099,0.9109278724175426,0.924924924924925
0.166,0.9171710764769845,0.9099099099099099,0.9238310982239941,0.9114114114114115,0.912540775643349,0.9264264264264265
0.167,0.9171710764769845,0.9129129129129129,0.9266400869880391,0.9129129129129129,0.912540775643349,0.9264264264264265
0.168,0.9171710764769845,0.9129129129129129,0.9266400869880391,0.9144144144144144,0.912540775643349,0.9279279279279279
0.169,0.9171710764769845,0.9144144144144144,0.9266400869880391,0.9144144144144144,0.912540775643349,0.9279279279279279
0.17,0.9187839797027908,0.9159159159159159,0.9282529902138457,0.9159159159159159,0.912540775643349,0.9294294294294294
0.171,0.9187839797027908,0.9174174174174174,0.929865893439652,0.9159159159159159,0.9141536788691556,0.9294294294294294
0.17200000000000001,0.9203968829285973,0.9174174174174174,0.9314787966654585,0.9159159159159159,0.9157665820949619,0.9294294294294294
0.17300000000000001,0.9203968829285973,0.9174174174174174,0.9314787966654585,0.9159159159159159,0.9173794853207684,0.9294294294294294
0.17400000000000002,0.9220097861544038,0.9174174174174174,0.9314787966654585,0.9159159159159159,0.9173794853207684,0.9294294294294294
0.17500000000000002,0.9220097861544038,0.9174174174174174,0.9314787966654585,0.9174174174174174,0.9173794853207684,0.9294294294294294
0.176,0.9236226893802102,0.9204204204204204,0.9314787966654585,0.918918918918919,0.9173794853207684,0.9309309309309309
0.177,0.9236226893802102,0.9204204204204204,0.9328832910474809,0.9234234234234234,0.9173794853207684,0.9324324324324325
0.178,0.9252355926060167,0.9219219219219219,0.9328832910474809,0.9234234234234234,0.9173794853207684,0.9324324324324325
0.179,0.9252355926060167,0.9219219219219219,0.9328832910474809,0.924924924924925,0.9173794853207684,0.9324324324324325
0.18,0.9252355926060167,0.9219219219219219,0.9328832910474809,0.9264264264264265,0.9173794853207684,0.9324324324324325
0.181,0.9252355926060167,0.9219219219219219,0.9328832910474809,0.9264264264264265,0.9203968829285973,0.9324324324324325
0.182,0.9252355926060167,0.9234234234234234,0.9328832910474809,0.9264264264264265,0.9203968829285973,0.9324324324324325
0.183,0.9282529902138457,0.9234234234234234,0.9328832910474809,0.9279279279279279,0.9203968829285973,0.933933933933934
0.184,0.9282529902138457,0.924924924924925,0.9328832910474809,0.9294294294294294,0.9203968829285973,0.933933933933934
0.185,0.9282529902138457,0.9264264264264265,0.9328832910474809,0.9324324324324325,0.9203968829285973,0.9369369369369369
0.186,0.9282529902138457,0.9279279279279279,0.9344961942732875,0.9324324324324325,0.9203968829285973,0.9369369369369369
0.187,0.9282529902138457,0.9279279279279279,0.9344961942732875,0.9324324324324325,0.9220097861544038,0.9369369369369369
0.188,0.9282529902138457,0.9309309309309309,0.9344961942732875,0.9369369369369369,0.9220097861544038,0.9369369369369369
0.189,0.929865893439652,0.9309309309309309,0.9344961942732875,0.9384384384384384,0.9236226893802102,0.9369369369369369
0.19,0.929865893439652,0.933933933933934,0.9344961942732875,0.93993993993994,0.9252355926060167,0.9369369369369369
0.191,0.9314787966654585,0.933933933933934,0.9361090974990939,0.93993993993994,0.9252355926060167,0.93993993993994
0.192,0.9314787966654585,0.9354354354354354,0.9361090974990939,0.9429429429429429,0.9252355926060167,0.93993993993994
0.193,0.933091699891265,0.9354354354354354,0.9361090974990939,0.9444444444444444,0.9252355926060167,0.93993993993994
0.194,0.9347046031170714,0.9384384384384384,0.9361090974990939,0.9474474474474475,0.9252355926060167,0.9414414414414415
0.195,0.9347046031170714,0.9384384384384384,0.9361090974990939,0.9474474474474475,0.9252355926060167,0.9429429429429429
0.196,0.9347046031170714,0.93993993993994,0.9361090974990939,0.9474474474474475,0.9252355926060167,0.9459459459459459
0.197,0.9363175063428779,0.93993993993994,0.9361090974990939,0.948948948948949,0.9252355926060167,0.9459459459459459
0.198,0.9379304095686842,0.9429429429429429,0.9377220007249003,0.9504504504504504,0.9252355926060167,0.9474474474474475
0.199,0.9379304095686842,0.9429429429429429,0.9377220007249003,0.9504504504504504,0.9284613990576296,0.9474474474474475
0.2,0.9379304095686842,0.9429429429429429,0.9393349039507068,0.9519519519519519,0.9284613990576296,0.948948948948949
0.201,0.9379304095686842,0.9444444444444444,0.9393349039507068,0.9534534534534534,0.9284613990576296,0.9504504504504504
0.202,0.9379304095686842,0.9444444444444444,0.9409478071765133,0.9534534534534534,0.930074302283436,0.9519519519519519
0.203,0.9379304095686842,0.9444444444444444,0.9409478071765133,0.9534534534534534,0.930074302283436,0.9519519519519519
0.20400000000000001,0.9379304095686842,0.9444444444444444,0.9409478071765133,0.954954954954955,0.930074302283436,0.9534534534534534
0.20500000000000002,0.9409478071765133,0.9444444444444444,0.9425607104023197,0.954954954954955,0.930074302283436,0.9534534534534534
0.20600000000000002,0.9409478071765133,0.9474474474474475,0.9457865168539326,0.954954954954955,0.930074302283436,0.9534534534534534
0.20700000000000002,0.9409478071765133,0.9474474474474475,0.9457865168539326,0.9564564564564565,0.930074302283436,0.9534534534534534
0.20800000000000002,0.9409478071765133,0.9504504504504504,0.9457865168539326,0.9564564564564565,0.930074302283436,0.954954954954955
0.209,0.9409478071765133,0.9504504504504504,0.9457865168539326,0.9579579579579579,0.930074302283436,0.954954954954955
0.21,0.9409478071765133,0.9504504504504504,0.9457865168539326,0.9594594594594594,0.9316872055092424,0.9564564564564565
0.211,0.9409478071765133,0.9504504504504504,0.9457865168539326,0.9594594594594594,0.933300108735049,0.9564564564564565
0.212,0.9409478071765133,0.9504504504504504,0.9473994200797391,0.9594594594594594,0.933300108735049,0.9564564564564565
0.213,0.9409478071765133,0.9519519519519519,0.9473994200797391,0.960960960960961,0.933300108735049,0.9564564564564565
0.214,0.9425607104023197,0.9534534534534534,0.9473994200797391,0.960960960960961,0.933300108735049,0.9564564564564565
0.215,0.9425607104023197,0.9534534534534534,0.9473994200797391,0.960960960960961,0.9349130119608554,0.9564564564564565
0.216,0.9425607104023197,0.9594594594594594,0.9473994200797391,0.960960960960961,0.9365259151866618,0.9564564564564565
0.217,0.9425607104023197,0.9594594594594594,0.9473994200797391,0.960960960960961,0.9381388184124684,0.9564564564564565
0.218,0.9425607104023197,0.9594594594594594,0.9473994200797391,0.9624624624624625,0.9381388184124684,0.9564564564564565
0.219,0.9425607104023197,0.9594594594594594,0.9473994200797391,0.9624624624624625,0.9381388184124684,0.9579579579579579
0.22,0.9457865168539326,0.9594594594594594,0.9473994200797391,0.9624624624624625,0.9397517216382747,0.9579579579579579
0.221,0.9457865168539326,0.9594594594594594,0.9490123233055455,0.963963963963964,0.9411562160202972,0.9579579579579579
0.222,0.9473994200797391,0.960960960960961,0.9490123233055455,0.963963963963964,0.9411562160202972,0.9579579579579579
0.223,0.950625226531352,0.960960960960961,0.9490123233055455,0.963963963963964,0.9411562160202972,0.9579579579579579
0.224,0.950625226531352,0.960960960960961,0.9490123233055455,0.963963963963964,0.9411562160202972,0.9579579579579579
0.225,0.950625226531352,0.9624624624624625,0.9490123233055455,0.963963963963964,0.9443820224719102,0.9579579579579579
0.226,0.950625226531352,0.9624624624624625,0.9490123233055455,0.963963963963964,0.9443820224719102,0.9579579579579579
0.227,0.950625226531352,0.9624624624624625,0.9490123233055455,0.963963963963964,0.9459949256977165,0.9594594594594594
0.228,0.950625226531352,0.9624624624624625,0.9490123233055455,0.963963963963964,0.9492207321493294,0.9594594594594594
0.229,0.950625226531352,0.9624624624624625,0.9490123233055455,0.963963963963964,0.9492207321493294,0.960960960960961
0.23,0.950625226531352,0.9624624624624625,0.9490123233055455,0.963963963963964,0.9492207321493294,0.960960960960961
0.231,0.950625226531352,0.9624624624624625,0.9490123233055455,0.963963963963964,0.9508336353751359,0.960960960960961
0.232,0.950625226531352,0.9624624624624625,0.9490123233055455,0.963963963963964,0.9524465386009424,0.960960960960961
0.233,0.950625226531352,0.963963963963964,0.9490123233055455,0.963963963963964,0.9524465386009424,0.9654654654654654
0.234,0.950625226531352,0.963963963963964,0.9490123233055455,0.963963963963964,0.9524465386009424,0.9654654654654654
0.23500000000000001,0.950625226531352,0.963963963963964,0.9490123233055455,0.963963963963964,0.9540594418267487,0.9669669669669669
0.23600000000000002,0.9538510329829648,0.963963963963964,0.9490123233055455,0.963963963963964,0.9540594418267487,0.9669669669669669
0.23700000000000002,0.9538510329829648,0.963963963963964,0.950625226531352,0.963963963963964,0.9540594418267487,0.9669669669669669
0.23800000000000002,0.9554639362087713,0.963963963963964,0.950625226531352,0.963963963963964,0.9556723450525553,0.9684684684684685
0.23900000000000002,0.9554639362087713,0.963963963963964,0.9522381297571585,0.963963963963964,0.9556723450525553,0.9684684684684685
0.24,0.9554639362087713,0.963963963963964,0.9522381297571585,0.963963963963964,0.9556723450525553,0.9684684684684685
0.241,0.9554639362087713,0.963963963963964,0.9538510329829648,0.963963963963964,0.9556723450525553,0.9684684684684685
0.242,0.9554639362087713,0.9654654654654654,0.9538510329829648,0.963963963963964,0.9556723450525553,0.9684684684684685
0.243,0.9554639362087713,0.9669669669669669,0.9538510329829648,0.963963963963964,0.9556723450525553,0.9684684684684685
0.244,0.9554639362087713,0.9669669669669669,0.9554639362087713,0.963963963963964,0.9556723450525553,0.9684684684684685
0.245,0.9554639362087713,0.9669669669669669,0.9554639362087713,0.9654654654654654,0.9556723450525553,0.9684684684684685
0.246,0.9554639362087713,0.9669669669669669,0.9554639362087713,0.9654654654654654,0.9556723450525553,0.9684684684684685
0.247,0.9570768394345778,0.9669669669669669,0.9554639362087713,0.9669669669669669,0.9556723450525553,0.9684684684684685
0.248,0.9570768394345778,0.9669669669669669,0.9554639362087713,0.9669669669669669,0.9556723450525553,0.9684684684684685
0.249,0.9570768394345778,0.9669669669669669,0.9554639362087713,0.9669669669669669,0.9572852482783617,0.9684684684684685
0.25,0.9570768394345778,0.9669669669669669,0.9554639362087713,0.9669669669669669,0.9572852482783617,0.9684684684684685
0.251,0.9570768394345778,0.9669669669669669,0.9554639362087713,0.9669669669669669,0.9572852482783617,0.9684684684684685
0.252,0.9570768394345778,0.9669669669669669,0.9554639362087713,0.9669669669669669,0.9572852482783617,0.96996996996997
0.253,0.9570768394345778,0.9684684684684685,0.9554639362087713,0.9669669669669669,0.9572852482783617,0.96996996996997
0.254,0.9570768394345778,0.9684684684684685,0.9554639362087713,0.9669669669669669,0.9572852482783617,0.96996996996997
0.255,0.9570768394345778,0.9684684684684685,0.9554639362087713,0.9669669669669669,0.9572852482783617,0.96996996996997
0.256,0.9586897426603842,0.9684684684684685,0.9554639362087713,0.9669669669669669,0.9572852482783617,0.96996996996997
0.257,0.9586897426603842,0.9684684684684685,0.9554639362087713,0.9669669669669669,0.9572852482783617,0.9714714714714715
0.258,0.9586897426603842,0.9684684684684685,0.9554639362087713,0.9669669669669669,0.9572852482783617,0.9714714714714715
0.259,0.9603026458861907,0.9684684684684685,0.9554639362087713,0.9669669669669669,0.9572852482783617,0.9714714714714715
0.26,0.9603026458861907,0.9684684684684685,0.9554639362087713,0.9669669669669669,0.9572852482783617,0.9714714714714715
0.261,0.9603026458861907,0.9684684684684685,0.9554639362087713,0.9669669669669669,0.9572852482783617,0.9714714714714715
0.262,0.9603026458861907,0.9684684684684685,0.9554639362087713,0.9669669669669669,0.9572852482783617,0.9714714714714715
0.263,0.9603026458861907,0.9684684684684685,0.9554639362087713,0.9669669669669669,0.9605110547299747,0.9714714714714715
0.264,0.9603026458861907,0.9684684684684685,0.9554639362087713,0.9669669669669669,0.9605110547299747,0.9714714714714715
0.265,0.9603026458861907,0.9684684684684685,0.9554639362087713,0.9669669669669669,0.9605110547299747,0.9714714714714715
0.266,0.9603026458861907,0.9684684684684685,0.9554639362087713,0.9669669669669669,0.9605110547299747,0.9714714714714715
0.267,0.9603026458861907,0.9684684684684685,0.9570768394345778,0.9669669669669669,0.9605110547299747,0.9714714714714715
0.268,0.9619155491119971,0.9684684684684685,0.9570768394345778,0.9669669669669669,0.9619155491119971,0.9714714714714715
0.269,0.9619155491119971,0.9684684684684685,0.9586897426603842,0.9669669669669669,0.9619155491119971,0.9714714714714715
0.27,0.9619155491119971,0.9684684684684685,0.9586897426603842,0.9669669669669669,0.9619155491119971,0.9714714714714715
0.271,0.9619155491119971,0.96996996996997,0.9586897426603842,0.9669669669669669,0.9619155491119971,0.9714714714714715
0.272,0.9619155491119971,0.96996996996997,0.9586897426603842,0.9669669669669669,0.9619155491119971,0.9714714714714715
0.273,0.9619155491119971,0.96996996996997,0.9603026458861907,0.9669669669669669,0.9619155491119971,0.9714714714714715
0.274,0.9619155491119971,0.96996996996997,0.9603026458861907,0.9669669669669669,0.9635284523378036,0.9714714714714715
0.275,0.9619155491119971,0.96996996996997,0.9603026458861907,0.9669669669669669,0.9635284523378036,0.9714714714714715
0.276,0.9619155491119971,0.96996996996997,0.9603026458861907,0.9684684684684685,0.9635284523378036,0.972972972972973
0.277,0.9619155491119971,0.96996996996997,0.9603026458861907,0.9684684684684685,0.9635284523378036,0.972972972972973
0.278,0.9619155491119971,0.96996996996997,0.9603026458861907,0.9684684684684685,0.96514135556361,0.972972972972973
0.279,0.9619155491119971,0.96996996996997,0.9603026458861907,0.9684684684684685,0.96514135556361,0.972972972972973
0.28,0.9619155491119971,0.96996996996997,0.9603026458861907,0.9684684684684685,0.9667542587894165,0.9744744744744744
0.281,0.9619155491119971,0.96996996996997,0.9619155491119971,0.9684684684684685,0.9667542587894165,0.9744744744744744
0.28200000000000003,0.9619155491119971,0.96996996996997,0.9619155491119971,0.9684684684684685,0.9667542587894165,0.9744744744744744
0.28300000000000003,0.9635284523378036,0.96996996996997,0.9635284523378036,0.96996996996997,0.9667542587894165,0.9744744744744744
0.28400000000000003,0.9635284523378036,0.9714714714714715,0.9635284523378036,0.96996996996997,0.968367162015223,0.9744744744744744
0.28500000000000003,0.9635284523378036,0.9714714714714715,0.9635284523378036,0.96996996996997,0.968367162015223,0.9744744744744744
0.28600000000000003,0.9635284523378036,0.9714714714714715,0.9635284523378036,0.96996996996997,0.968367162015223,0.9744744744744744
0.28700000000000003,0.9635284523378036,0.9714714714714715,0.9635284523378036,0.96996996996997,0.968367162015223,0.9744744744744744
0.28800000000000003,0.9635284523378036,0.9714714714714715,0.9635284523378036,0.96996996996997,0.968367162015223,0.9744744744744744
0.289,0.9635284523378036,0.9714714714714715,0.9635284523378036,0.96996996996997,0.968367162015223,0.9744744744744744
0.29,0.96514135556361,0.9714714714714715,0.9635284523378036,0.9714714714714715,0.968367162015223,0.9744744744744744
0.291,0.96514135556361,0.9714714714714715,0.9635284523378036,0.9714714714714715,0.9699800652410293,0.9744744744744744
0.292,0.9667542587894165,0.9714714714714715,0.9635284523378036,0.9714714714714715,0.9699800652410293,0.9744744744744744
0.293,0.9667542587894165,0.9714714714714715,0.96514135556361,0.9714714714714715,0.9699800652410293,0.9744744744744744
0.294,0.9667542587894165,0.9714714714714715,0.96514135556361,0.9714714714714715,0.9699800652410293,0.9744744744744744
0.295,0.9667542587894165,0.9714714714714715,0.96514135556361,0.9714714714714715,0.9699800652410293,0.9744744744744744
0.296,0.968367162015223,0.9714714714714715,0.9667542587894165,0.9714714714714715,0.9699800652410293,0.9744744744744744
0.297,0.968367162015223,0.9714714714714715,0.968367162015223,0.9714714714714715,0.9699800652410293,0.9744744744744744
0.298,0.968367162015223,0.9714714714714715,0.968367162015223,0.972972972972973,0.9699800652410293,0.9744744744744744
0.299,0.968367162015223,0.9714714714714715,0.968367162015223,0.972972972972973,0.9699800652410293,0.9744744744744744
0.3,0.968367162015223,0.9714714714714715,0.968367162015223,0.9744744744744744,0.9699800652410293,0.9744744744744744
0.301,0.9699800652410293,0.9714714714714715,0.968367162015223,0.9744744744744744,0.9699800652410293,0.9774774774774775
0.302,0.9699800652410293,0.9714714714714715,0.968367162015223,0.9744744744744744,0.9699800652410293,0.9774774774774775
0.303,0.9699800652410293,0.9714714714714715,0.9699800652410293,0.9744744744744744,0.9699800652410293,0.9774774774774775
0.304,0.9699800652410293,0.9714714714714715,0.9699800652410293,0.9744744744744744,0.9699800652410293,0.9774774774774775
0.305,0.9699800652410293,0.9714714714714715,0.9699800652410293,0.9744744744744744,0.9715929684668358,0.9774774774774775
0.306,0.9699800652410293,0.9714714714714715,0.9699800652410293,0.9744744744744744,0.9715929684668358,0.9774774774774775
0.307,0.9699800652410293,0.972972972972973,0.9699800652410293,0.9744744744744744,0.9715929684668358,0.9774774774774775
0.308,0.9699800652410293,0.972972972972973,0.9699800652410293,0.9744744744744744,0.9715929684668358,0.9774774774774775
0.309,0.9732058716926423,0.972972972972973,0.9699800652410293,0.9744744744744744,0.9715929684668358,0.9774774774774775
0.31,0.9732058716926423,0.972972972972973,0.9699800652410293,0.9744744744744744,0.9715929684668358,0.9774774774774775
0.311,0.9732058716926423,0.972972972972973,0.9715929684668358,0.9744744744744744,0.9715929684668358,0.9774774774774775
0.312,0.9732058716926423,0.972972972972973,0.9715929684668358,0.9744744744744744,0.9715929684668358,0.9774774774774775
0.313,0.9732058716926423,0.972972972972973,0.9715929684668358,0.9744744744744744,0.9715929684668358,0.9774774774774775
0.314,0.9732058716926423,0.972972972972973,0.9732058716926423,0.9744744744744744,0.9715929684668358,0.9774774774774775
0.315,0.9732058716926423,0.972972972972973,0.9732058716926423,0.9744744744744744,0.9715929684668358,0.9774774774774775
0.316,0.9732058716926423,0.972972972972973,0.9732058716926423,0.9744744744744744,0.9715929684668358,0.9774774774774775
0.317,0.9732058716926423,0.972972972972973,0.9748187749184487,0.9744744744744744,0.9715929684668358,0.9774774774774775
0.318,0.9732058716926423,0.972972972972973,0.9748187749184487,0.9744744744744744,0.9715929684668358,0.9774774774774775
0.319,0.9732058716926423,0.972972972972973,0.9748187749184487,0.975975975975976,0.9715929684668358,0.9774774774774775
0.32,0.9732058716926423,0.972972972972973,0.9748187749184487,0.975975975975976,0.9715929684668358,0.9774774774774775
0.321,0.9732058716926423,0.972972972972973,0.9748187749184487,0.978978978978979,0.9715929684668358,0.9774774774774775
0.322,0.9732058716926423,0.972972972972973,0.9748187749184487,0.9804804804804805,0.9715929684668358,0.9774774774774775
0.323,0.9732058716926423,0.972972972972973,0.9748187749184487,0.9804804804804805,0.9715929684668358,0.9774774774774775
0.324,0.9748187749184487,0.972972972972973,0.9748187749184487,0.9804804804804805,0.9715929684668358,0.9774774774774775
0.325,0.9748187749184487,0.972972972972973,0.9748187749184487,0.9804804804804805,0.9715929684668358,0.9774774774774775
0.326,0.9748187749184487,0.972972972972973,0.9764316781442552,0.9804804804804805,0.9715929684668358,0.9774774774774775
0.327,0.9764316781442552,0.9744744744744744,0.9764316781442552,0.9804804804804805,0.9715929684668358,0.9774774774774775
0.328,0.9780445813700616,0.9744744744744744,0.9764316781442552,0.9804804804804805,0.9715929684668358,0.9774774774774775
0.329,0.9780445813700616,0.9744744744744744,0.9764316781442552,0.9804804804804805,0.9715929684668358,0.9774774774774775
0.33,0.9780445813700616,0.9744744744744744,0.9764316781442552,0.9804804804804805,0.9715929684668358,0.9774774774774775
0.331,0.9780445813700616,0.975975975975976,0.9780445813700616,0.9804804804804805,0.9715929684668358,0.9774774774774775
0.332,0.9780445813700616,0.9774774774774775,0.9780445813700616,0.9804804804804805,0.9715929684668358,0.9774774774774775
0.333,0.9780445813700616,0.9774774774774775,0.9780445813700616,0.9804804804804805,0.9715929684668358,0.9774774774774775
0.334,0.9780445813700616,0.9774774774774775,0.9780445813700616,0.9819819819819819,0.9715929684668358,0.9774774774774775
0.335,0.9780445813700616,0.9774774774774775,0.9780445813700616,0.9819819819819819,0.9732058716926423,0.9774774774774775
0.336,0.9780445813700616,0.9774774774774775,0.9780445813700616,0.9819819819819819,0.9732058716926423,0.9774774774774775
0.337,0.9780445813700616,0.9774774774774775,0.9780445813700616,0.9819819819819819,0.9732058716926423,0.9774774774774775
0.338,0.9780445813700616,0.9774774774774775,0.9780445813700616,0.9819819819819819,0.9732058716926423,0.9774774774774775
0.339,0.9780445813700616,0.9774774774774775,0.9780445813700616,0.9819819819819819,0.9732058716926423,0.9774774774774775
0.34,0.9780445813700616,0.9774774774774775,0.9780445813700616,0.9834834834834835,0.9732058716926423,0.9774774774774775
0.341,0.9780445813700616,0.9774774774774775,0.9780445813700616,0.9834834834834835,0.9780445813700616,0.9774774774774775
0.342,0.9780445813700616,0.9774774774774775,0.9780445813700616,0.9834834834834835,0.9780445813700616,0.9774774774774775
0.343,0.9780445813700616,0.9774774774774775,0.9780445813700616,0.9834834834834835,0.9780445813700616,0.9774774774774775
0.34400000000000003,0.9780445813700616,0.9774774774774775,0.9780445813700616,0.9834834834834835,0.9780445813700616,0.9774774774774775
0.34500000000000003,0.9780445813700616,0.9774774774774775,0.9780445813700616,0.9834834834834835,0.9780445813700616,0.9774774774774775
0.34600000000000003,0.9780445813700616,0.9774774774774775,0.9780445813700616,0.9834834834834835,0.9780445813700616,0.9774774774774775
0.34700000000000003,0.9780445813700616,0.9774774774774775,0.9780445813700616,0.984984984984985,0.9780445813700616,0.9774774774774775
0.34800000000000003,0.9780445813700616,0.9774774774774775,0.9780445813700616,0.984984984984985,0.9780445813700616,0.9774774774774775
0.34900000000000003,0.9780445813700616,0.9804804804804805,0.9780445813700616,0.984984984984985,0.9780445813700616,0.9774774774774775
0.35000000000000003,0.9780445813700616,0.9804804804804805,0.9780445813700616,0.9864864864864865,0.9780445813700616,0.9774774774774775
0.35100000000000003,0.9780445813700616,0.9804804804804805,0.9780445813700616,0.9864864864864865,0.9780445813700616,0.9774774774774775
0.352,0.9780445813700616,0.9804804804804805,0.9780445813700616,0.9864864864864865,0.9780445813700616,0.9774774774774775
0.353,0.9780445813700616,0.9804804804804805,0.9780445813700616,0.9864864864864865,0.9780445813700616,0.9774774774774775
0.354,0.9780445813700616,0.9804804804804805,0.9780445813700616,0.9864864864864865,0.9780445813700616,0.978978978978979
0.355,0.9780445813700616,0.9804804804804805,0.9780445813700616,0.9864864864864865,0.9780445813700616,0.978978978978979
0.356,0.9780445813700616,0.9819819819819819,0.9780445813700616,0.9864864864864865,0.9780445813700616,0.978978978978979
0.357,0.9780445813700616,0.9819819819819819,0.9780445813700616,0.9864864864864865,0.9780445813700616,0.978978978978979
0.358,0.9780445813700616,0.9819819819819819,0.9780445813700616,0.9864864864864865,0.9780445813700616,0.978978978978979
0.359,0.9780445813700616,0.9819819819819819,0.9780445813700616,0.9864864864864865,0.9780445813700616,0.978978978978979
0.36,0.9780445813700616,0.9819819819819819,0.9780445813700616,0.9864864864864865,0.9780445813700616,0.978978978978979
0.361,0.9780445813700616,0.9834834834834835,0.9780445813700616,0.9864864864864865,0.9780445813700616,0.978978978978979
0.362,0.9780445813700616,0.9834834834834835,0.9780445813700616,0.9864864864864865,0.9780445813700616,0.978978978978979
0.363,0.9780445813700616,0.984984984984985,0.9780445813700616,0.9864864864864865,0.9780445813700616,0.978978978978979
0.364,0.9780445813700616,0.984984984984985,0.9780445813700616,0.9864864864864865,0.9780445813700616,0.978978978978979
0.365,0.9780445813700616,0.984984984984985,0.9780445813700616,0.9864864864864865,0.9780445813700616,0.978978978978979
0.366,0.9780445813700616,0.9864864864864865,0.9780445813700616,0.9864864864864865,0.9780445813700616,0.978978978978979
0.367,0.9780445813700616,0.9864864864864865,0.9780445813700616,0.9864864864864865,0.9780445813700616,0.978978978978979
0.368,0.9780445813700616,0.9864864864864865,0.9780445813700616,0.9864864864864865,0.9780445813700616,0.978978978978979
0.369,0.9780445813700616,0.9864864864864865,0.9780445813700616,0.9864864864864865,0.9780445813700616,0.978978978978979
0.37,0.9780445813700616,0.9864864864864865,0.9780445813700616,0.987987987987988,0.9780445813700616,0.978978978978979
0.371,0.9780445813700616,0.9864864864864865,0.9780445813700616,0.9894894894894894,0.9780445813700616,0.978978978978979
0.372,0.9780445813700616,0.9864864864864865,0.9796574845958681,0.9894894894894894,0.9780445813700616,0.978978978978979
0.373,0.9796574845958681,0.9864864864864865,0.9796574845958681,0.9894894894894894,0.9780445813700616,0.9804804804804805
0.374,0.9796574845958681,0.9864864864864865,0.9796574845958681,0.9894894894894894,0.9780445813700616,0.9804804804804805
0.375,0.9796574845958681,0.9864864864864865,0.9796574845958681,0.9894894894894894,0.9780445813700616,0.9804804804804805
0.376,0.9796574845958681,0.9864864864864865,0.9796574845958681,0.9894894894894894,0.9780445813700616,0.9819819819819819
0.377,0.9796574845958681,0.9864864864864865,0.9796574845958681,0.9894894894894894,0.9780445813700616,0.9819819819819819
0.378,0.9796574845958681,0.9864864864864865,0.9796574845958681,0.9894894894894894,0.9780445813700616,0.9819819819819819
0.379,0.9796574845958681,0.9864864864864865,0.9796574845958681,0.9894894894894894,0.9780445813700616,0.9819819819819819
0.38,0.9796574845958681,0.9864864864864865,0.9796574845958681,0.9894894894894894,0.9780445813700616,0.9819819819819819
0.381,0.9796574845958681,0.9864864864864865,0.9796574845958681,0.9894894894894894,0.9780445813700616,0.9819819819819819
0.382,0.9796574845958681,0.9864864864864865,0.9796574845958681,0.9894894894894894,0.9780445813700616,0.9819819819819819
0.383,0.9796574845958681,0.9864864864864865,0.9796574845958681,0.9894894894894894,0.9780445813700616,0.9819819819819819
0.384,0.9796574845958681,0.9864864864864865,0.9796574845958681,0.9894894894894894,0.9780445813700616,0.9819819819819819
0.385,0.9796574845958681,0.9864864864864865,0.9796574845958681,0.9894894894894894,0.9780445813700616,0.9819819819819819
0.386,0.9796574845958681,0.9864864864864865,0.9796574845958681,0.9894894894894894,0.9780445813700616,0.9834834834834835
0.387,0.9796574845958681,0.9864864864864865,0.9796574845958681,0.9894894894894894,0.9780445813700616,0.9834834834834835
0.388,0.9796574845958681,0.9864864864864865,0.9796574845958681,0.9894894894894894,0.9780445813700616,0.9834834834834835
0.389,0.9796574845958681,0.9864864864864865,0.9796574845958681,0.9894894894894894,0.9780445813700616,0.9834834834834835
0.39,0.9812703878216745,0.9864864864864865,0.9796574845958681,0.990990990990991,0.9780445813700616,0.9834834834834835
0.391,0.9812703878216745,0.9864864864864865,0.9796574845958681,0.990990990990991,0.9780445813700616,0.9834834834834835
0.392,0.9812703878216745,0.9864864864864865,0.9796574845958681,0.990990990990991,0.9780445813700616,0.9834834834834835
0.393,0.9812703878216745,0.9864864864864865,0.9796574845958681,0.990990990990991,0.9780445813700616,0.9834834834834835
0.394,0.9812703878216745,0.9864864864864865,0.9796574845958681,0.990990990990991,0.9780445813700616,0.9834834834834835
0.395,0.9812703878216745,0.9864864864864865,0.9796574845958681,0.990990990990991,0.9780445813700616,0.9834834834834835
0.396,0.9812703878216745,0.9864864864864865,0.9796574845958681,0.990990990990991,0.9780445813700616,0.9834834834834835
0.397,0.9812703878216745,0.9864864864864865,0.9796574845958681,0.990990990990991,0.9780445813700616,0.9834834834834835
0.398,0.9812703878216745,0.9864864864864865,0.9796574845958681,0.9924924924924925,0.9780445813700616,0.9834834834834835
0.399,0.9812703878216745,0.9864864864864865,0.9796574845958681,0.9924924924924925,0.9780445813700616,0.9834834834834835
0.4,0.9812703878216745,0.9864864864864865,0.9796574845958681,0.9924924924924925,0.9780445813700616,0.9834834834834835
0.401,0.9812703878216745,0.9864864864864865,0.9796574845958681,0.9924924924924925,0.9780445813700616,0.9834834834834835
0.402,0.9812703878216745,0.9864864864864865,0.9796574845958681,0.9924924924924925,0.9780445813700616,0.9834834834834835
0.403,0.9812703878216745,0.9864864864864865,0.9796574845958681,0.9924924924924925,0.9780445813700616,0.9834834834834835
0.404,0.9812703878216745,0.9864864864864865,0.9796574845958681,0.9924924924924925,0.9780445813700616,0.9834834834834835
0.405,0.9812703878216745,0.9864864864864865,0.9796574845958681,0.9924924924924925,0.9780445813700616,0.9834834834834835
0.406,0.9812703878216745,0.9864864864864865,0.9796574845958681,0.9924924924924925,0.9780445813700616,0.9834834834834835
0.40700000000000003,0.9812703878216745,0.9864864864864865,0.9796574845958681,0.9924924924924925,0.9780445813700616,0.984984984984985
0.40800000000000003,0.9812703878216745,0.9864864864864865,0.9796574845958681,0.9924924924924925,0.9780445813700616,0.984984984984985
0.40900000000000003,0.9812703878216745,0.9864864864864865,0.9796574845958681,0.9924924924924925,0.9780445813700616,0.984984984984985
0.41000000000000003,0.9812703878216745,0.9864864864864865,0.9796574845958681,0.9924924924924925,0.9780445813700616,0.984984984984985
0.41100000000000003,0.9812703878216745,0.9864864864864865,0.9796574845958681,0.9924924924924925,0.9796574845958681,0.9864864864864865
0.41200000000000003,0.9812703878216745,0.9864864864864865,0.9796574845958681,0.9924924924924925,0.9796574845958681,0.9864864864864865
0.41300000000000003,0.9812703878216745,0.9864864864864865,0.9796574845958681,0.9924924924924925,0.9796574845958681,0.9864864864864865
0.41400000000000003,0.9812703878216745,0.9864864864864865,0.9796574845958681,0.9924924924924925,0.9796574845958681,0.9864864864864865
0.41500000000000004,0.9812703878216745,0.9864864864864865,0.9796574845958681,0.9924924924924925,0.9796574845958681,0.9864864864864865
0.41600000000000004,0.9812703878216745,0.9864864864864865,0.9796574845958681,0.9924924924924925,0.9796574845958681,0.9864864864864865
0.417,0.9812703878216745,0.9864864864864865,0.9796574845958681,0.9924924924924925,0.9796574845958681,0.9864864864864865
0.418,0.9812703878216745,0.9864864864864865,0.9796574845958681,0.9924924924924925,0.9812703878216745,0.9864864864864865
0.419,0.9812703878216745,0.9864864864864865,0.9796574845958681,0.9924924924924925,0.9812703878216745,0.9864864864864865
0.42,0.9812703878216745,0.987987987987988,0.9796574845958681,0.9924924924924925,0.9812703878216745,0.9864864864864865
0.421,0.9812703878216745,0.987987987987988,0.9796574845958681,0.9924924924924925,0.9812703878216745,0.9864864864864865
0.422,0.9812703878216745,0.987987987987988,0.9796574845958681,0.9924924924924925,0.9812703878216745,0.9864864864864865
0.423,0.9812703878216745,0.987987987987988,0.9796574845958681,0.9924924924924925,0.9812703878216745,0.9864864864864865
0.424,0.9812703878216745,0.987987987987988,0.9796574845958681,0.9924924924924925,0.9812703878216745,0.9864864864864865
0.425,0.9812703878216745,0.987987987987988,0.9796574845958681,0.9924924924924925,0.9812703878216745,0.9864864864864865
0.426,0.9812703878216745,0.987987987987988,0.9796574845958681,0.9924924924924925,0.9812703878216745,0.9864864864864865
0.427,0.9812703878216745,0.987987987987988,0.9796574845958681,0.9924924924924925,0.9812703878216745,0.9864864864864865
0.428,0.9812703878216745,0.987987987987988,0.9796574845958681,0.9924924924924925,0.9812703878216745,0.9864864864864865
0.429,0.9812703878216745,0.987987987987988,0.9796574845958681,0.9924924924924925,0.9812703878216745,0.9864864864864865
0.43,0.9812703878216745,0.9894894894894894,0.9796574845958681,0.9924924924924925,0.9812703878216745,0.9864864864864865
0.431,0.9812703878216745,0.9894894894894894,0.9796574845958681,0.9924924924924925,0.9812703878216745,0.9864864864864865
0.432,0.9812703878216745,0.9894894894894894,0.9796574845958681,0.9924924924924925,0.9812703878216745,0.9864864864864865
0.433,0.9812703878216745,0.9894894894894894,0.9796574845958681,0.9924924924924925,0.9812703878216745,0.9864864864864865
0.434,0.9812703878216745,0.9894894894894894,0.9796574845958681,0.9924924924924925,0.9812703878216745,0.9864864864864865
0.435,0.9812703878216745,0.9894894894894894,0.9812703878216745,0.9924924924924925,0.9812703878216745,0.9864864864864865
0.436,0.9812703878216745,0.9894894894894894,0.9812703878216745,0.9924924924924925,0.9812703878216745,0.9864864864864865
0.437,0.9812703878216745,0.9894894894894894,0.9812703878216745,0.9924924924924925,0.9812703878216745,0.9864864864864865
0.438,0.9812703878216745,0.9894894894894894,0.9812703878216745,0.9924924924924925,0.9812703878216745,0.9864864864864865
0.439,0.9812703878216745,0.9894894894894894,0.9812703878216745,0.9924924924924925,0.9812703878216745,0.9864864864864865
0.44,0.9812703878216745,0.9894894894894894,0.9812703878216745,0.9924924924924925,0.9812703878216745,0.9864864864864865
0.441,0.9812703878216745,0.9894894894894894,0.9812703878216745,0.9924924924924925,0.9812703878216745,0.9864864864864865
0.442,0.9812703878216745,0.9894894894894894,0.9812703878216745,0.9924924924924925,0.9812703878216745,0.987987987987988
0.443,0.9812703878216745,0.9894894894894894,0.982674882203697,0.9924924924924925,0.9812703878216745,0.987987987987988
0.444,0.9812703878216745,0.9894894894894894,0.982674882203697,0.9924924924924925,0.9812703878216745,0.987987987987988
0.445,0.9812703878216745,0.9894894894894894,0.982674882203697,0.9924924924924925,0.9812703878216745,0.987987987987988
0.446,0.9812703878216745,0.9894894894894894,0.9842877854295035,0.9924924924924925,0.9812703878216745,0.987987987987988
0.447,0.9812703878216745,0.9894894894894894,0.9842877854295035,0.9924924924924925,0.9812703878216745,0.987987987987988
0.448,0.9812703878216745,0.9894894894894894,0.9842877854295035,0.9924924924924925,0.9812703878216745,0.987987987987988
0.449,0.9812703878216745,0.9894894894894894,0.9842877854295035,0.9924924924924925,0.9812703878216745,0.987987987987988
0.45,0.9812703878216745,0.9894894894894894,0.9842877854295035,0.9924924924924925,0.9812703878216745,0.987987987987988
0.451,0.9812703878216745,0.9894894894894894,0.9842877854295035,0.9924924924924925,0.9812703878216745,0.987987987987988
0.452,0.9812703878216745,0.990990990990991,0.9842877854295035,0.9924924924924925,0.9812703878216745,0.987987987987988
0.453,0.9812703878216745,0.990990990990991,0.9842877854295035,0.9924924924924925,0.9812703878216745,0.987987987987988
0.454,0.9812703878216745,0.990990990990991,0.9842877854295035,0.9924924924924925,0.9812703878216745,0.987987987987988
0.455,0.9812703878216745,0.990990990990991,0.9842877854295035,0.9924924924924925,0.9812703878216745,0.987987987987988
0.456,0.9812703878216745,0.990990990990991,0.9842877854295035,0.9924924924924925,0.9812703878216745,0.987987987987988
0.457,0.9812703878216745,0.990990990990991,0.9842877854295035,0.9924924924924925,0.9812703878216745,0.987987987987988
0.458,0.9812703878216745,0.990990990990991,0.9842877854295035,0.9924924924924925,0.9812703878216745,0.987987987987988
0.459,0.9812703878216745,0.990990990990991,0.9842877854295035,0.9924924924924925,0.9812703878216745,0.987987987987988
0.46,0.9812703878216745,0.990990990990991,0.9842877854295035,0.9924924924924925,0.9812703878216745,0.987987987987988
0.461,0.9812703878216745,0.990990990990991,0.9842877854295035,0.9924924924924925,0.9812703878216745,0.987987987987988
0.462,0.9812703878216745,0.990990990990991,0.9842877854295035,0.9924924924924925,0.9812703878216745,0.987987987987988
0.463,0.9812703878216745,0.990990990990991,0.9859006886553099,0.9924924924924925,0.9812703878216745,0.987987987987988
0.464,0.9812703878216745,0.990990990990991,0.9859006886553099,0.9924924924924925,0.9812703878216745,0.9894894894894894
0.465,0.9812703878216745,0.990990990990991,0.9859006886553099,0.9924924924924925,0.9812703878216745,0.990990990990991
0.466,0.9812703878216745,0.990990990990991,0.9859006886553099,0.9924924924924925,0.9812703878216745,0.990990990990991
0.467,0.9812703878216745,0.990990990990991,0.9859006886553099,0.9924924924924925,0.9812703878216745,0.990990990990991
0.468,0.9812703878216745,0.990990990990991,0.9859006886553099,0.9924924924924925,0.9812703878216745,0.990990990990991
0.46900000000000003,0.9812703878216745,0.990990990990991,0.9859006886553099,0.9924924924924925,0.9812703878216745,0.990990990990991
0.47000000000000003,0.9812703878216745,0.990990990990991,0.9859006886553099,0.9924924924924925,0.9812703878216745,0.990990990990991
0.47100000000000003,0.9812703878216745,0.990990990990991,0.9859006886553099,0.9924924924924925,0.9812703878216745,0.990990990990991
0.47200000000000003,0.9812703878216745,0.990990990990991,0.9859006886553099,0.9924924924924925,0.9812703878216745,0.990990990990991
0.47300000000000003,0.9812703878216745,0.990990990990991,0.9859006886553099,0.9924924924924925,0.9812703878216745,0.990990990990991
0.47400000000000003,0.9812703878216745,0.990990990990991,0.9859006886553099,0.9924924924924925,0.9812703878216745,0.990990990990991
0.47500000000000003,0.9812703878216745,0.990990990990991,0.9859006886553099,0.9924924924924925,0.9812703878216745,0.990990990990991
0.47600000000000003,0.9812703878216745,0.990990990990991,0.9859006886553099,0.9924924924924925,0.9812703878216745,0.990990990990991
0.47700000000000004,0.9812703878216745,0.990990990990991,0.9859006886553099,0.9924924924924925,0.9812703878216745,0.990990990990991
0.47800000000000004,0.9812703878216745,0.990990990990991,0.9859006886553099,0.9924924924924925,0.9812703878216745,0.990990990990991
0.47900000000000004,0.9812703878216745,0.990990990990991,0.9859006886553099,0.9924924924924925,0.9812703878216745,0.990990990990991
0.48,0.9812703878216745,0.990990990990991,0.9859006886553099,0.9924924924924925,0.9812703878216745,0.990990990990991
0.481,0.982883291047481,0.990990990990991,0.9859006886553099,0.9924924924924925,0.9812703878216745,0.990990990990991
0.482,0.982883291047481,0.990990990990991,0.9859006886553099,0.9924924924924925,0.9812703878216745,0.990990990990991
0.483,0.982883291047481,0.990990990990991,0.9873051830373324,0.9924924924924925,0.9812703878216745,0.990990990990991
0.484,0.982883291047481,0.990990990990991,0.9873051830373324,0.9924924924924925,0.9812703878216745,0.990990990990991
0.485,0.982883291047481,0.990990990990991,0.9873051830373324,0.9924924924924925,0.9812703878216745,0.990990990990991
0.486,0.982883291047481,0.9924924924924925,0.9873051830373324,0.9924924924924925,0.9812703878216745,0.990990990990991
0.487,0.982883291047481,0.9924924924924925,0.9873051830373324,0.9924924924924925,0.9812703878216745,0.990990990990991
0.488,0.982883291047481,0.9924924924924925,0.9873051830373324,0.9924924924924925,0.9812703878216745,0.990990990990991
0.489,0.982883291047481,0.9924924924924925,0.9873051830373324,0.9924924924924925,0.9812703878216745,0.990990990990991
0.49,0.982883291047481,0.9924924924924925,0.9873051830373324,0.9924924924924925,0.9812703878216745,0.990990990990991
0.491,0.982883291047481,0.9924924924924925,0.9873051830373324,0.9924924924924925,0.9812703878216745,0.990990990990991
0.492,0.982883291047481,0.9924924924924925,0.9889180862631388,0.9924924924924925,0.9812703878216745,0.990990990990991
0.493,0.982883291047481,0.9924924924924925,0.9889180862631388,0.9924924924924925,0.9812703878216745,0.990990990990991
0.494,0.982883291047481,0.9924924924924925,0.9889180862631388,0.9924924924924925,0.9812703878216745,0.990990990990991
0.495,0.982883291047481,0.9924924924924925,0.9889180862631388,0.9924924924924925,0.9812703878216745,0.990990990990991
0.496,0.982883291047481,0.9924924924924925,0.9905309894889454,0.9924924924924925,0.9812703878216745,0.990990990990991
0.497,0.982883291047481,0.9924924924924925,0.9905309894889454,0.9924924924924925,0.9812703878216745,0.990990990990991
0.498,0.982883291047481,0.9924924924924925,0.9905309894889454,0.9924924924924925,0.9812703878216745,0.990990990990991
0.499,0.982883291047481,0.9924924924924925,0.9905309894889454,0.9924924924924925,0.9812703878216745,0.990990990990991
0.5,0.982883291047481,0.9924924924924925,0.9905309894889454,0.9924924924924925,0.9812703878216745,0.990990990990991
0.501,0.982883291047481,0.9924924924924925,0.9905309894889454,0.9924924924924925,0.9812703878216745,0.990990990990991
0.502,0.982883291047481,0.9924924924924925,0.9905309894889454,0.9924924924924925,0.9812703878216745,0.990990990990991
0.503,0.982883291047481,0.9924924924924925,0.9905309894889454,0.9924924924924925,0.9812703878216745,0.990990990990991
0.504,0.982883291047481,0.9924924924924925,0.9905309894889454,0.9924924924924925,0.9812703878216745,0.990990990990991
0.505,0.982883291047481,0.9924924924924925,0.9905309894889454,0.9924924924924925,0.9812703878216745,0.990990990990991
0.506,0.982883291047481,0.9924924924924925,0.9905309894889454,0.9924924924924925,0.9812703878216745,0.990990990990991
0.507,0.982883291047481,0.9924924924924925,0.9905309894889454,0.9924924924924925,0.9812703878216745,0.990990990990991
0.508,0.982883291047481,0.9924924924924925,0.9905309894889454,0.9924924924924925,0.9812703878216745,0.990990990990991
0.509,0.982883291047481,0.9924924924924925,0.9905309894889454,0.9924924924924925,0.9812703878216745,0.990990990990991
0.51,0.982883291047481,0.9924924924924925,0.9905309894889454,0.9924924924924925,0.9812703878216745,0.990990990990991
0.511,0.982883291047481,0.9924924924924925,0.9905309894889454,0.9924924924924925,0.9812703878216745,0.990990990990991
0.512,0.982883291047481,0.9924924924924925,0.9905309894889454,0.9924924924924925,0.9812703878216745,0.990990990990991
0.513,0.982883291047481,0.9924924924924925,0.9905309894889454,0.9924924924924925,0.9812703878216745,0.990990990990991
0.514,0.982883291047481,0.9924924924924925,0.9905309894889454,0.9924924924924925,0.9812703878216745,0.990990990990991
0.515,0.982883291047481,0.9924924924924925,0.9905309894889454,0.9924924924924925,0.9812703878216745,0.990990990990991
0.516,0.9844961942732875,0.9924924924924925,0.9905309894889454,0.9924924924924925,0.9812703878216745,0.990990990990991
0.517,0.9844961942732875,0.9924924924924925,0.9905309894889454,0.9924924924924925,0.9812703878216745,0.990990990990991
0.518,0.9844961942732875,0.9924924924924925,0.9905309894889454,0.9924924924924925,0.9812703878216745,0.990990990990991
0.519,0.9844961942732875,0.9924924924924925,0.9905309894889454,0.9924924924924925,0.9812703878216745,0.990990990990991
0.52,0.9844961942732875,0.9924924924924925,0.9905309894889454,0.9924924924924925,0.9812703878216745,0.990990990990991
0.521,0.9844961942732875,0.9924924924924925,0.9905309894889454,0.9924924924924925,0.9812703878216745,0.990990990990991
0.522,0.9844961942732875,0.9924924924924925,0.9905309894889454,0.9924924924924925,0.9812703878216745,0.990990990990991
0.523,0.9844961942732875,0.9924924924924925,0.9905309894889454,0.9924924924924925,0.9812703878216745,0.990990990990991
0.524,0.9875135918811163,0.9924924924924925,0.9905309894889454,0.9924924924924925,0.9812703878216745,0.990990990990991
0.525,0.9875135918811163,0.9924924924924925,0.9921438927147517,0.9924924924924925,0.9812703878216745,0.990990990990991
0.526,0.9875135918811163,0.9924924924924925,0.9921438927147517,0.9924924924924925,0.9812703878216745,0.990990990990991
0.527,0.9875135918811163,0.9924924924924925,0.9921438927147517,0.9924924924924925,0.9812703878216745,0.990990990990991
0.528,0.9875135918811163,0.9924924924924925,0.9921438927147517,0.9924924924924925,0.9812703878216745,0.990990990990991
0.529,0.9875135918811163,0.9924924924924925,0.9921438927147517,0.9924924924924925,0.9812703878216745,0.990990990990991
0.53,0.9875135918811163,0.9924924924924925,0.9921438927147517,0.9924924924924925,0.9812703878216745,0.990990990990991
0.531,0.9875135918811163,0.9924924924924925,0.9921438927147517,0.9924924924924925,0.9812703878216745,0.990990990990991
0.532,0.9875135918811163,0.9924924924924925,0.9921438927147517,0.9924924924924925,0.9812703878216745,0.990990990990991
0.533,0.9875135918811163,0.9924924924924925,0.9921438927147517,0.9924924924924925,0.9812703878216745,0.990990990990991
0.534,0.9875135918811163,0.9924924924924925,0.9921438927147517,0.9924924924924925,0.9812703878216745,0.990990990990991
0.535,0.9875135918811163,0.9924924924924925,0.9937567959405582,0.9924924924924925,0.9812703878216745,0.990990990990991
0.536,0.9875135918811163,0.9924924924924925,0.9937567959405582,0.9924924924924925,0.9812703878216745,0.990990990990991
0.537,0.9875135918811163,0.9924924924924925,0.9937567959405582,0.9924924924924925,0.9812703878216745,0.990990990990991
0.538,0.9875135918811163,0.9924924924924925,0.9937567959405582,0.9924924924924925,0.9812703878216745,0.990990990990991
0.539,0.9875135918811163,0.9924924924924925,0.9937567959405582,0.9924924924924925,0.9812703878216745,0.990990990990991
0.54,0.9875135918811163,0.9924924924924925,0.9937567959405582,0.9924924924924925,0.9812703878216745,0.990990990990991
0.541,0.9875135918811163,0.9924924924924925,0.9937567959405582,0.9924924924924925,0.9812703878216745,0.990990990990991
0.542,0.9875135918811163,0.9924924924924925,0.9937567959405582,0.9924924924924925,0.9812703878216745,0.990990990990991
0.543,0.9875135918811163,0.9924924924924925,0.9937567959405582,0.9924924924924925,0.9812703878216745,0.990990990990991
0.544,0.9875135918811163,0.9924924924924925,0.9937567959405582,0.9924924924924925,0.9812703878216745,0.990990990990991
0.545,0.9875135918811163,0.9924924924924925,0.9937567959405582,0.9924924924924925,0.9812703878216745,0.990990990990991
0.546,0.9875135918811163,0.9924924924924925,0.9937567959405582,0.9924924924924925,0.9812703878216745,0.990990990990991
0.547,0.9889180862631388,0.9924924924924925,0.9937567959405582,0.9924924924924925,0.9812703878216745,0.990990990990991
0.548,0.9889180862631388,0.9924924924924925,0.9937567959405582,0.9924924924924925,0.9812703878216745,0.990990990990991
0.549,0.9889180862631388,0.9924924924924925,0.9937567959405582,0.9924924924924925,0.982883291047481,0.990990990990991
0.55,0.9889180862631388,0.9924924924924925,0.9937567959405582,0.9924924924924925,0.982883291047481,0.990990990990991
0.551,0.9905309894889454,0.9924924924924925,0.9937567959405582,0.9924924924924925,0.982883291047481,0.990990990990991
0.552,0.9905309894889454,0.9924924924924925,0.9937567959405582,0.9924924924924925,0.982883291047481,0.990990990990991
0.553,0.9905309894889454,0.9924924924924925,0.9937567959405582,0.9924924924924925,0.9844961942732875,0.990990990990991
0.554,0.9905309894889454,0.9924924924924925,0.9937567959405582,0.9924924924924925,0.9844961942732875,0.990990990990991
0.555,0.9905309894889454,0.9924924924924925,0.9937567959405582,0.9924924924924925,0.9844961942732875,0.990990990990991
0.556,0.9905309894889454,0.9924924924924925,0.9937567959405582,0.9924924924924925,0.9844961942732875,0.990990990990991
0.557,0.9905309894889454,0.9924924924924925,0.9937567959405582,0.9924924924924925,0.9844961942732875,0.990990990990991
0.558,0.9905309894889454,0.9924924924924925,0.9937567959405582,0.9924924924924925,0.9844961942732875,0.990990990990991
0.559,0.9905309894889454,0.9924924924924925,0.9937567959405582,0.9924924924924925,0.9844961942732875,0.990990990990991
0.56,0.9921438927147517,0.9924924924924925,0.9937567959405582,0.9924924924924925,0.9844961942732875,0.990990990990991
0.561,0.9921438927147517,0.9924924924924925,0.9937567959405582,0.9924924924924925,0.9844961942732875,0.990990990990991
0.562,0.9921438927147517,0.9924924924924925,0.9937567959405582,0.9924924924924925,0.9844961942732875,0.990990990990991
0.5630000000000001,0.9921438927147517,0.9924924924924925,0.9937567959405582,0.9924924924924925,0.9844961942732875,0.990990990990991
0.5640000000000001,0.9921438927147517,0.9924924924924925,0.9937567959405582,0.9924924924924925,0.9844961942732875,0.990990990990991
0.5650000000000001,0.9921438927147517,0.9924924924924925,0.9937567959405582,0.9924924924924925,0.9861090974990938,0.990990990990991
0.5660000000000001,0.9921438927147517,0.9924924924924925,0.9937567959405582,0.9924924924924925,0.9861090974990938,0.990990990990991
0.5670000000000001,0.9921438927147517,0.9924924924924925,0.9937567959405582,0.9924924924924925,0.9861090974990938,0.990990990990991
0.5680000000000001,0.9921438927147517,0.9924924924924925,0.9937567959405582,0.9924924924924925,0.9861090974990938,0.990990990990991
0.5690000000000001,0.9921438927147517,0.9924924924924925,0.9937567959405582,0.9924924924924925,0.9861090974990938,0.990990990990991
0.5700000000000001,0.9921438927147517,0.9924924924924925,0.9937567959405582,0.9924924924924925,0.9861090974990938,0.990990990990991
0.5710000000000001,0.9921438927147517,0.9924924924924925,0.9937567959405582,0.9924924924924925,0.9861090974990938,0.990990990990991
0.5720000000000001,0.9921438927147517,0.9924924924924925,0.9937567959405582,0.9924924924924925,0.9861090974990938,0.990990990990991
0.5730000000000001,0.9921438927147517,0.9924924924924925,0.9937567959405582,0.9924924924924925,0.9861090974990938,0.9924924924924925
0.5740000000000001,0.9921438927147517,0.9924924924924925,0.9937567959405582,0.9924924924924925,0.9861090974990938,0.9924924924924925
0.5750000000000001,0.9921438927147517,0.9924924924924925,0.9937567959405582,0.9924924924924925,0.9861090974990938,0.9924924924924925
0.5760000000000001,0.9921438927147517,0.9924924924924925,0.9937567959405582,0.993993993993994,0.9861090974990938,0.9924924924924925
0.577,0.9921438927147517,0.9924924924924925,0.9937567959405582,0.993993993993994,0.9861090974990938,0.9924924924924925
0.578,0.9921438927147517,0.9924924924924925,0.9937567959405582,0.993993993993994,0.9861090974990938,0.9924924924924925
0.579,0.9921438927147517,0.9924924924924925,0.9937567959405582,0.993993993993994,0.9861090974990938,0.9924924924924925
0.58,0.9921438927147517,0.9924924924924925,0.9937567959405582,0.993993993993994,0.9861090974990938,0.9924924924924925
0.581,0.9921438927147517,0.9924924924924925,0.9937567959405582,0.993993993993994,0.9861090974990938,0.9924924924924925
0.582,0.9921438927147517,0.9924924924924925,0.9937567959405582,0.993993993993994,0.9861090974990938,0.9924924924924925
0.583,0.9921438927147517,0.9924924924924925,0.9937567959405582,0.993993993993994,0.9861090974990938,0.9924924924924925
0.584,0.9921438927147517,0.9924924924924925,0.9937567959405582,0.993993993993994,0.9861090974990938,0.9924924924924925
0.585,0.9921438927147517,0.9924924924924925,0.9937567959405582,0.993993993993994,0.9861090974990938,0.9924924924924925
0.586,0.9921438927147517,0.9924924924924925,0.9937567959405582,0.993993993993994,0.9861090974990938,0.9924924924924925
0.587,0.9921438927147517,0.9924924924924925,0.9937567959405582,0.993993993993994,0.9861090974990938,0.9924924924924925
0.588,0.9921438927147517,0.9924924924924925,0.9937567959405582,0.993993993993994,0.9861090974990938,0.9924924924924925
0.589,0.9921438927147517,0.9924924924924925,0.9937567959405582,0.993993993993994,0.9861090974990938,0.9924924924924925
0.59,0.9921438927147517,0.9924924924924925,0.9937567959405582,0.993993993993994,0.9861090974990938,0.9924924924924925
0.591,0.9921438927147517,0.9924924924924925,0.9937567959405582,0.993993993993994,0.9861090974990938,0.9924924924924925
0.592,0.9921438927147517,0.9924924924924925,0.9937567959405582,0.993993993993994,0.9861090974990938,0.9924924924924925
0.593,0.9921438927147517,0.9924924924924925,0.9937567959405582,0.993993993993994,0.9861090974990938,0.9924924924924925
0.594,0.9921438927147517,0.9924924924924925,0.9937567959405582,0.993993993993994,0.9877220007249004,0.9924924924924925
0.595,0.9921438927147517,0.9924924924924925,0.9937567959405582,0.993993993993994,0.9877220007249004,0.9924924924924925
0.596,0.9921438927147517,0.9924924924924925,0.9937567959405582,0.993993993993994,0.9877220007249004,0.9924924924924925
0.597,0.9921438927147517,0.9924924924924925,0.9937567959405582,0.993993993993994,0.9877220007249004,0.9924924924924925
0.598,0.9921438927147517,0.9924924924924925,0.9937567959405582,0.993993993993994,0.9877220007249004,0.9924924924924925
0.599,0.9921438927147517,0.9924924924924925,0.9937567959405582,0.993993993993994,0.9877220007249004,0.9924924924924925
0.6,0.9921438927147517,0.9924924924924925,0.9937567959405582,0.993993993993994,0.9877220007249004,0.9924924924924925
0.601,0.9921438927147517,0.9924924924924925,0.9937567959405582,0.993993993993994,0.9877220007249004,0.9924924924924925
0.602,0.9921438927147517,0.9924924924924925,0.9937567959405582,0.993993993993994,0.9877220007249004,0.9924924924924925
0.603,0.9921438927147517,0.9924924924924925,0.9937567959405582,0.993993993993994,0.9877220007249004,0.9924924924924925
0.604,0.9921438927147517,0.9924924924924925,0.9937567959405582,0.993993993993994,0.9877220007249004,0.9924924924924925
0.605,0.9921438927147517,0.9924924924924925,0.9937567959405582,0.993993993993994,0.9877220007249004,0.9924924924924925
0.606,0.9921438927147517,0.9924924924924925,0.9937567959405582,0.993993993993994,0.9877220007249004,0.9924924924924925
0.607,0.9921438927147517,0.9924924924924925,0.9937567959405582,0.993993993993994,0.9877220007249004,0.9924924924924925
0.608,0.9921438927147517,0.9924924924924925,0.9937567959405582,0.993993993993994,0.9877220007249004,0.9924924924924925
0.609,0.9921438927147517,0.9924924924924925,0.9937567959405582,0.993993993993994,0.9877220007249004,0.9924924924924925
0.61,0.9921438927147517,0.9924924924924925,0.9937567959405582,0.993993993993994,0.9877220007249004,0.9924924924924925
0.611,0.9921438927147517,0.9924924924924925,0.9937567959405582,0.993993993993994,0.9877220007249004,0.9924924924924925
0.612,0.9921438927147517,0.9924924924924925,0.9953696991663646,0.993993993993994,0.9877220007249004,0.9924924924924925
0.613,0.9921438927147517,0.9924924924924925,0.9953696991663646,0.993993993993994,0.9877220007249004,0.9924924924924925
0.614,0.9921438927147517,0.9924924924924925,0.9953696991663646,0.993993993993994,0.9877220007249004,0.9924924924924925
0.615,0.9921438927147517,0.9924924924924925,0.9953696991663646,0.993993993993994,0.9877220007249004,0.9924924924924925
0.616,0.9921438927147517,0.9924924924924925,0.9953696991663646,0.993993993993994,0.9877220007249004,0.9924924924924925
0.617,0.9921438927147517,0.9924924924924925,0.9953696991663646,0.993993993993994,0.9877220007249004,0.9924924924924925
0.618,0.9921438927147517,0.9924924924924925,0.9953696991663646,0.993993993993994,0.9877220007249004,0.9924924924924925
0.619,0.9921438927147517,0.9924924924924925,0.9953696991663646,0.993993993993994,0.9877220007249004,0.9924924924924925
0.62,0.9921438927147517,0.9924924924924925,0.9953696991663646,0.993993993993994,0.9877220007249004,0.9924924924924925
0.621,0.9921438927147517,0.9924924924924925,0.9953696991663646,0.993993993993994,0.9877220007249004,0.9924924924924925
0.622,0.9921438927147517,0.9924924924924925,0.9953696991663646,0.993993993993994,0.9877220007249004,0.9924924924924925
0.623,0.9921438927147517,0.9924924924924925,0.9953696991663646,0.993993993993994,0.9877220007249004,0.9924924924924925
0.624,0.9921438927147517,0.9924924924924925,0.9953696991663646,0.993993993993994,0.9877220007249004,0.9924924924924925
0.625,0.9921438927147517,0.9924924924924925,0.9953696991663646,0.993993993993994,0.9877220007249004,0.9924924924924925
0.626,0.9921438927147517,0.9924924924924925,0.9953696991663646,0.993993993993994,0.9877220007249004,0.9924924924924925
0.627,0.9921438927147517,0.9924924924924925,0.9953696991663646,0.993993993993994,0.9877220007249004,0.9924924924924925
0.628,0.9921438927147517,0.9924924924924925,0.9953696991663646,0.993993993993994,0.9877220007249004,0.9924924924924925
0.629,0.9921438927147517,0.9924924924924925,0.9953696991663646,0.993993993993994,0.9877220007249004,0.9924924924924925
0.63,0.9921438927147517,0.9924924924924925,0.9953696991663646,0.993993993993994,0.9877220007249004,0.9924924924924925
0.631,0.9921438927147517,0.9924924924924925,0.9953696991663646,0.9954954954954955,0.9877220007249004,0.9924924924924925
0.632,0.9921438927147517,0.9924924924924925,0.9953696991663646,0.9954954954954955,0.9877220007249004,0.9924924924924925
0.633,0.9921438927147517,0.9924924924924925,0.9953696991663646,0.9954954954954955,0.9877220007249004,0.9924924924924925
0.634,0.9921438927147517,0.9924924924924925,0.9953696991663646,0.9954954954954955,0.9877220007249004,0.9924924924924925
0.635,0.9921438927147517,0.9924924924924925,0.9953696991663646,0.9954954954954955,0.9893349039507068,0.9924924924924925
0.636,0.9921438927147517,0.9924924924924925,0.9953696991663646,0.9954954954954955,0.9893349039507068,0.9924924924924925
0.637,0.9921438927147517,0.9924924924924925,0.9953696991663646,0.9954954954954955,0.9893349039507068,0.9924924924924925
0.638,0.9921438927147517,0.9924924924924925,0.9953696991663646,0.9954954954954955,0.9893349039507068,0.9924924924924925
0.639,0.9921438927147517,0.9924924924924925,0.9953696991663646,0.9954954954954955,0.9893349039507068,0.9924924924924925
0.64,0.9921438927147517,0.9924924924924925,0.9953696991663646,0.9954954954954955,0.9893349039507068,0.9924924924924925
0.641,0.9921438927147517,0.9924924924924925,0.9953696991663646,0.9954954954954955,0.9893349039507068,0.9924924924924925
0.642,0.9921438927147517,0.9924924924924925,0.9953696991663646,0.9954954954954955,0.9893349039507068,0.9924924924924925
0.643,0.9921438927147517,0.9924924924924925,0.9953696991663646,0.9954954954954955,0.9893349039507068,0.9924924924924925
0.644,0.9921438927147517,0.9924924924924925,0.9953696991663646,0.9954954954954955,0.9893349039507068,0.9924924924924925
0.645,0.9921438927147517,0.9924924924924925,0.9953696991663646,0.9954954954954955,0.9893349039507068,0.9924924924924925
0.646,0.9921438927147517,0.9924924924924925,0.9953696991663646,0.9954954954954955,0.9893349039507068,0.9924924924924925
0.647,0.9921438927147517,0.9924924924924925,0.9953696991663646,0.9954954954954955,0.9893349039507068,0.9924924924924925
0.648,0.9921438927147517,0.9924924924924925,0.9953696991663646,0.9954954954954955,0.9893349039507068,0.9924924924924925
0.649,0.9921438927147517,0.9924924924924925,0.9953696991663646,0.9954954954954955,0.9893349039507068,0.9924924924924925
0.65,0.9921438927147517,0.9924924924924925,0.9953696991663646,0.9954954954954955,0.9893349039507068,0.9924924924924925
0.651,0.9921438927147517,0.9924924924924925,0.9953696991663646,0.9954954954954955,0.9893349039507068,0.9924924924924925
0.652,0.9921438927147517,0.9924924924924925,0.9953696991663646,0.9954954954954955,0.9893349039507068,0.9924924924924925
0.653,0.9921438927147517,0.9924924924924925,0.9953696991663646,0.9954954954954955,0.9893349039507068,0.9924924924924925
0.654,0.9921438927147517,0.9924924924924925,0.9953696991663646,0.9954954954954955,0.9893349039507068,0.9924924924924925
0.655,0.9921438927147517,0.9924924924924925,0.9953696991663646,0.996996996996997,0.9893349039507068,0.9924924924924925
0.656,0.9921438927147517,0.9924924924924925,0.9953696991663646,0.996996996996997,0.9893349039507068,0.9924924924924925
0.657,0.9921438927147517,0.9924924924924925,0.9953696991663646,0.996996996996997,0.9893349039507068,0.9924924924924925
0.658,0.9921438927147517,0.9924924924924925,0.9953696991663646,0.996996996996997,0.9893349039507068,0.9924924924924925
0.659,0.9921438927147517,0.9924924924924925,0.9953696991663646,0.996996996996997,0.9909478071765132,0.9924924924924925
0.66,0.9921438927147517,0.9924924924924925,0.9953696991663646,0.996996996996997,0.9909478071765132,0.9924924924924925
0.661,0.9921438927147517,0.9924924924924925,0.9953696991663646,0.996996996996997,0.9909478071765132,0.9924924924924925
0.662,0.9921438927147517,0.9924924924924925,0.9953696991663646,0.996996996996997,0.9909478071765132,0.9924924924924925
0.663,0.9921438927147517,0.9924924924924925,0.9953696991663646,0.996996996996997,0.9909478071765132,0.9924924924924925
0.664,0.9921438927147517,0.9924924924924925,0.9953696991663646,0.996996996996997,0.9909478071765132,0.9924924924924925
0.665,0.9921438927147517,0.9924924924924925,0.9953696991663646,0.996996996996997,0.9909478071765132,0.9924924924924925
0.666,0.9921438927147517,0.9924924924924925,0.9953696991663646,0.996996996996997,0.9909478071765132,0.9924924924924925
0.667,0.9921438927147517,0.9924924924924925,0.9953696991663646,0.996996996996997,0.9909478071765132,0.9924924924924925
0.668,0.9921438927147517,0.9924924924924925,0.9953696991663646,0.996996996996997,0.9909478071765132,0.9924924924924925
0.669,0.9937567959405582,0.9924924924924925,0.9953696991663646,0.996996996996997,0.9909478071765132,0.9924924924924925
0.67,0.9937567959405582,0.9924924924924925,0.9953696991663646,0.996996996996997,0.9909478071765132,0.9924924924924925
0.671,0.9937567959405582,0.9924924924924925,0.9953696991663646,0.996996996996997,0.9909478071765132,0.9924924924924925
0.672,0.9937567959405582,0.9924924924924925,0.9953696991663646,0.996996996996997,0.9909478071765132,0.9924924924924925
0.673,0.9937567959405582,0.9924924924924925,0.9953696991663646,0.996996996996997,0.9909478071765132,0.9924924924924925
0.674,0.9937567959405582,0.9924924924924925,0.9953696991663646,0.996996996996997,0.9909478071765132,0.9924924924924925
0.675,0.9937567959405582,0.9924924924924925,0.9953696991663646,0.996996996996997,0.9909478071765132,0.9924924924924925
0.676,0.9937567959405582,0.9924924924924925,0.9953696991663646,0.996996996996997,0.9909478071765132,0.9924924924924925
0.677,0.9937567959405582,0.9924924924924925,0.9953696991663646,0.996996996996997,0.9909478071765132,0.9924924924924925
0.678,0.9937567959405582,0.9924924924924925,0.9953696991663646,0.996996996996997,0.9909478071765132,0.9924924924924925
0.679,0.9937567959405582,0.9924924924924925,0.9953696991663646,0.996996996996997,0.9909478071765132,0.9924924924924925
0.68,0.9937567959405582,0.9924924924924925,0.9953696991663646,0.996996996996997,0.9909478071765132,0.9924924924924925
0.681,0.9937567959405582,0.9924924924924925,0.9953696991663646,0.996996996996997,0.9909478071765132,0.9924924924924925
0.682,0.9937567959405582,0.9924924924924925,0.9953696991663646,0.996996996996997,0.9909478071765132,0.9924924924924925
0.683,0.9937567959405582,0.993993993993994,0.9953696991663646,0.996996996996997,0.9909478071765132,0.9924924924924925
0.684,0.9937567959405582,0.993993993993994,0.9953696991663646,0.996996996996997,0.9909478071765132,0.9924924924924925
0.685,0.9937567959405582,0.993993993993994,0.9953696991663646,0.996996996996997,0.9909478071765132,0.9924924924924925
0.686,0.9937567959405582,0.9954954954954955,0.9953696991663646,0.996996996996997,0.9909478071765132,0.9924924924924925
0.687,0.9937567959405582,0.9954954954954955,0.9953696991663646,0.996996996996997,0.9909478071765132,0.9924924924924925
0.6880000000000001,0.9937567959405582,0.9954954954954955,0.9953696991663646,0.996996996996997,0.9909478071765132,0.9924924924924925
0.6890000000000001,0.9937567959405582,0.9954954954954955,0.9953696991663646,0.996996996996997,0.9909478071765132,0.9924924924924925
0.6900000000000001,0.9937567959405582,0.9954954954954955,0.9953696991663646,0.996996996996997,0.9909478071765132,0.9924924924924925
0.6910000000000001,0.9937567959405582,0.9954954954954955,0.9953696991663646,0.996996996996997,0.9909478071765132,0.9924924924924925
0.6920000000000001,0.9937567959405582,0.9954954954954955,0.9953696991663646,0.996996996996997,0.9909478071765132,0.9924924924924925
0.6930000000000001,0.9937567959405582,0.9954954954954955,0.9953696991663646,0.996996996996997,0.9909478071765132,0.9924924924924925
0.6940000000000001,0.9937567959405582,0.9954954954954955,0.9953696991663646,0.996996996996997,0.9909478071765132,0.9924924924924925
0.6950000000000001,0.9937567959405582,0.9954954954954955,0.9953696991663646,0.996996996996997,0.9909478071765132,0.9924924924924925
0.6960000000000001,0.9937567959405582,0.996996996996997,0.9953696991663646,0.996996996996997,0.9909478071765132,0.9924924924924925
0.6970000000000001,0.9937567959405582,0.996996996996997,0.9953696991663646,0.996996996996997,0.9909478071765132,0.9924924924924925
0.6980000000000001,0.9937567959405582,0.996996996996997,0.9953696991663646,0.996996996996997,0.9909478071765132,0.9924924924924925
0.6990000000000001,0.9937567959405582,0.996996996996997,0.9953696991663646,0.996996996996997,0.9909478071765132,0.9924924924924925
0.7000000000000001,0.9937567959405582,0.996996996996997,0.9953696991663646,0.996996996996997,0.9909478071765132,0.9924924924924925
0.7010000000000001,0.9937567959405582,0.996996996996997,0.9953696991663646,0.996996996996997,0.9923523015585357,0.9924924924924925
0.7020000000000001,0.9937567959405582,0.996996996996997,0.9953696991663646,0.996996996996997,0.9923523015585357,0.9924924924924925
0.7030000000000001,0.9937567959405582,0.996996996996997,0.9953696991663646,0.996996996996997,0.9923523015585357,0.9924924924924925
0.704,0.9937567959405582,0.996996996996997,0.9953696991663646,0.996996996996997,0.9923523015585357,0.9924924924924925
0.705,0.9937567959405582,0.996996996996997,0.9953696991663646,0.996996996996997,0.9923523015585357,0.9924924924924925
0.706,0.9937567959405582,0.996996996996997,0.9953696991663646,0.996996996996997,0.9923523015585357,0.9924924924924925
0.707,0.9937567959405582,0.996996996996997,0.9953696991663646,0.996996996996997,0.9923523015585357,0.9924924924924925
0.708,0.9937567959405582,0.996996996996997,0.9953696991663646,0.996996996996997,0.9923523015585357,0.9924924924924925
0.709,0.9937567959405582,0.996996996996997,0.9953696991663646,0.996996996996997,0.9923523015585357,0.9924924924924925
0.71,0.9937567959405582,0.996996996996997,0.9953696991663646,0.996996996996997,0.9923523015585357,0.9924924924924925
0.711,0.9937567959405582,0.996996996996997,0.9953696991663646,0.996996996996997,0.9923523015585357,0.9924924924924925
0.712,0.9937567959405582,0.996996996996997,0.9953696991663646,0.996996996996997,0.9937567959405582,0.9924924924924925
0.713,0.9937567959405582,0.996996996996997,0.9953696991663646,0.996996996996997,0.9937567959405582,0.9924924924924925
0.714,0.9937567959405582,0.996996996996997,0.9953696991663646,0.996996996996997,0.9937567959405582,0.9924924924924925
0.715,0.9937567959405582,0.996996996996997,0.9953696991663646,0.996996996996997,0.9937567959405582,0.9924924924924925
0.716,0.9937567959405582,0.996996996996997,0.9953696991663646,0.996996996996997,0.9937567959405582,0.9924924924924925
0.717,0.9937567959405582,0.996996996996997,0.9953696991663646,0.996996996996997,0.9937567959405582,0.9924924924924925
0.718,0.9937567959405582,0.996996996996997,0.9953696991663646,0.996996996996997,0.9937567959405582,0.9924924924924925
0.719,0.9937567959405582,0.996996996996997,0.9953696991663646,0.996996996996997,0.9937567959405582,0.9924924924924925
0.72,0.9937567959405582,0.996996996996997,0.9953696991663646,0.996996996996997,0.9937567959405582,0.9924924924924925
0.721,0.9937567959405582,0.996996996996997,0.9953696991663646,0.996996996996997,0.9937567959405582,0.9924924924924925
0.722,0.9937567959405582,0.996996996996997,0.9953696991663646,0.996996996996997,0.9937567959405582,0.9924924924924925
0.723,0.9937567959405582,0.996996996996997,0.9953696991663646,0.996996996996997,0.9937567959405582,0.9924924924924925
0.724,0.9937567959405582,0.996996996996997,0.9953696991663646,0.996996996996997,0.9937567959405582,0.9924924924924925
0.725,0.9937567959405582,0.996996996996997,0.9953696991663646,0.996996996996997,0.9937567959405582,0.9924924924924925
0.726,0.9937567959405582,0.996996996996997,0.9953696991663646,0.996996996996997,0.9937567959405582,0.9924924924924925
0.727,0.9937567959405582,0.996996996996997,0.9953696991663646,0.996996996996997,0.9937567959405582,0.9924924924924925
0.728,0.9937567959405582,0.996996996996997,0.9953696991663646,0.996996996996997,0.9937567959405582,0.9924924924924925
0.729,0.9937567959405582,0.996996996996997,0.9953696991663646,0.996996996996997,0.9937567959405582,0.9924924924924925
0.73,0.9937567959405582,0.996996996996997,0.9953696991663646,0.996996996996997,0.9937567959405582,0.9924924924924925
0.731,0.9937567959405582,0.996996996996997,0.9953696991663646,0.996996996996997,0.9937567959405582,0.9924924924924925
0.732,0.9937567959405582,0.996996996996997,0.9953696991663646,0.996996996996997,0.9937567959405582,0.9924924924924925
0.733,0.9937567959405582,0.996996996996997,0.9953696991663646,0.996996996996997,0.9937567959405582,0.9924924924924925
0.734,0.9953696991663646,0.996996996996997,0.9953696991663646,0.996996996996997,0.9937567959405582,0.9924924924924925
0.735,0.9953696991663646,0.996996996996997,0.9953696991663646,0.996996996996997,0.9937567959405582,0.9924924924924925
0.736,0.9953696991663646,0.996996996996997,0.9953696991663646,0.996996996996997,0.9937567959405582,0.9924924924924925
0.737,0.9953696991663646,0.996996996996997,0.9953696991663646,0.996996996996997,0.9937567959405582,0.9924924924924925
0.738,0.9953696991663646,0.996996996996997,0.9953696991663646,0.996996996996997,0.9937567959405582,0.9924924924924925
0.739,0.9953696991663646,0.996996996996997,0.9953696991663646,0.996996996996997,0.9937567959405582,0.9924924924924925
0.74,0.9953696991663646,0.996996996996997,0.9953696991663646,0.996996996996997,0.9937567959405582,0.9924924924924925
0.741,0.9953696991663646,0.996996996996997,0.9953696991663646,0.996996996996997,0.9937567959405582,0.9924924924924925
0.742,0.9953696991663646,0.996996996996997,0.9953696991663646,0.996996996996997,0.9937567959405582,0.9924924924924925
0.743,0.9953696991663646,0.996996996996997,0.9953696991663646,0.996996996996997,0.9937567959405582,0.9924924924924925
0.744,0.9953696991663646,0.996996996996997,0.9953696991663646,0.996996996996997,0.9937567959405582,0.9924924924924925
0.745,0.9953696991663646,0.996996996996997,0.9953696991663646,0.996996996996997,0.9937567959405582,0.9924924924924925
0.746,0.9953696991663646,0.996996996996997,0.9953696991663646,0.996996996996997,0.9937567959405582,0.9924924924924925
0.747,0.9953696991663646,0.996996996996997,0.9953696991663646,0.996996996996997,0.9953696991663646,0.9924924924924925
0.748,0.9953696991663646,0.996996996996997,0.9953696991663646,0.996996996996997,0.9953696991663646,0.9924924924924925
0.749,0.9953696991663646,0.996996996996997,0.9953696991663646,0.996996996996997,0.9953696991663646,0.9924924924924925
0.75,0.9953696991663646,0.996996996996997,0.9953696991663646,0.996996996996997,0.9953696991663646,0.9924924924924925
0.751,0.9953696991663646,0.996996996996997,0.9953696991663646,0.996996996996997,0.9953696991663646,0.9924924924924925
0.752,0.9953696991663646,0.996996996996997,0.9953696991663646,0.996996996996997,0.9953696991663646,0.9924924924924925
0.753,0.9953696991663646,0.996996996996997,0.9953696991663646,0.996996996996997,0.9953696991663646,0.9924924924924925
0.754,0.9953696991663646,0.996996996996997,0.9953696991663646,0.996996996996997,0.9953696991663646,0.9924924924924925
0.755,0.9953696991663646,0.996996996996997,0.9953696991663646,0.996996996996997,0.9953696991663646,0.9924924924924925
0.756,0.9953696991663646,0.996996996996997,0.9953696991663646,0.996996996996997,0.9953696991663646,0.9924924924924925
0.757,0.9953696991663646,0.996996996996997,0.9953696991663646,0.996996996996997,0.9953696991663646,0.9924924924924925
0.758,0.9953696991663646,0.996996996996997,0.9953696991663646,0.996996996996997,0.9953696991663646,0.9924924924924925
0.759,0.9953696991663646,0.996996996996997,0.9953696991663646,0.996996996996997,0.9953696991663646,0.9924924924924925
0.76,0.9953696991663646,0.996996996996997,0.9953696991663646,0.996996996996997,0.9953696991663646,0.9924924924924925
0.761,0.9953696991663646,0.996996996996997,0.9953696991663646,0.996996996996997,0.9953696991663646,0.9924924924924925
0.762,0.9953696991663646,0.996996996996997,0.9953696991663646,0.996996996996997,0.9953696991663646,0.9924924924924925
0.763,0.9953696991663646,0.996996996996997,0.9953696991663646,0.996996996996997,0.9953696991663646,0.9924924924924925
0.764,0.9953696991663646,0.996996996996997,0.9953696991663646,0.996996996996997,0.9953696991663646,0.9924924924924925
0.765,0.9953696991663646,0.996996996996997,0.9953696991663646,0.996996996996997,0.9953696991663646,0.9924924924924925
0.766,0.9953696991663646,0.996996996996997,0.9953696991663646,0.996996996996997,0.9953696991663646,0.9924924924924925
0.767,0.9953696991663646,0.996996996996997,0.9953696991663646,0.996996996996997,0.9953696991663646,0.9924924924924925
0.768,0.9953696991663646,0.996996996996997,0.9953696991663646,0.996996996996997,0.9953696991663646,0.993993993993994
0.769,0.9953696991663646,0.996996996996997,0.9953696991663646,0.996996996996997,0.9953696991663646,0.993993993993994
0.77,0.9953696991663646,0.996996996996997,0.9953696991663646,0.996996996996997,0.9953696991663646,0.993993993993994
0.771,0.9953696991663646,0.996996996996997,0.9953696991663646,0.996996996996997,0.9953696991663646,0.993993993993994
0.772,0.9953696991663646,0.996996996996997,0.9953696991663646,0.996996996996997,0.9953696991663646,0.993993993993994
0.773,0.9953696991663646,0.996996996996997,0.9953696991663646,0.996996996996997,0.9953696991663646,0.993993993993994
0.774,0.9953696991663646,0.996996996996997,0.9953696991663646,0.996996996996997,0.9953696991663646,0.993993993993994
0.775,0.9953696991663646,0.996996996996997,0.9953696991663646,0.996996996996997,0.9953696991663646,0.9954954954954955
0.776,0.9953696991663646,0.996996996996997,0.9953696991663646,0.996996996996997,0.9953696991663646,0.9954954954954955
0.777,0.9953696991663646,0.996996996996997,0.9953696991663646,0.996996996996997,0.9953696991663646,0.9954954954954955
0.778,0.9953696991663646,0.996996996996997,0.9953696991663646,0.996996996996997,0.9953696991663646,0.9954954954954955
0.779,0.9953696991663646,0.996996996996997,0.9953696991663646,0.996996996996997,0.9953696991663646,0.9954954954954955
0.78,0.9953696991663646,0.996996996996997,0.9953696991663646,0.996996996996997,0.9953696991663646,0.9954954954954955
0.781,0.9953696991663646,0.996996996996997,0.9953696991663646,0.996996996996997,0.9953696991663646,0.9954954954954955
0.782,0.9953696991663646,0.996996996996997,0.9953696991663646,0.996996996996997,0.9953696991663646,0.9954954954954955
0.783,0.9953696991663646,0.996996996996997,0.9953696991663646,0.996996996996997,0.9953696991663646,0.9954954954954955
0.784,0.9953696991663646,0.996996996996997,0.9953696991663646,0.996996996996997,0.9953696991663646,0.9954954954954955
0.785,0.9953696991663646,0.996996996996997,0.9953696991663646,0.996996996996997,0.9953696991663646,0.9954954954954955
0.786,0.9953696991663646,0.996996996996997,0.9953696991663646,0.996996996996997,0.9953696991663646,0.9954954954954955
0.787,0.9953696991663646,0.996996996996997,0.9953696991663646,0.996996996996997,0.9953696991663646,0.9954954954954955
0.788,0.9953696991663646,0.996996996996997,0.9953696991663646,0.996996996996997,0.9953696991663646,0.9954954954954955
0.789,0.9953696991663646,0.996996996996997,0.9953696991663646,0.996996996996997,0.9953696991663646,0.9954954954954955
0.79,0.9953696991663646,0.996996996996997,0.9953696991663646,0.996996996996997,0.9953696991663646,0.9954954954954955
0.791,0.9953696991663646,0.996996996996997,0.9969826023921711,0.996996996996997,0.9953696991663646,0.9954954954954955
0.792,0.9953696991663646,0.996996996996997,0.9969826023921711,0.996996996996997,0.9953696991663646,0.9954954954954955
0.793,0.9953696991663646,0.996996996996997,0.9969826023921711,0.996996996996997,0.9953696991663646,0.9954954954954955
0.794,0.9953696991663646,0.996996996996997,0.9969826023921711,0.996996996996997,0.9953696991663646,0.996996996996997
0.795,0.9953696991663646,0.996996996996997,0.9969826023921711,0.996996996996997,0.9953696991663646,0.996996996996997
0.796,0.9953696991663646,0.996996996996997,0.9969826023921711,0.996996996996997,0.9953696991663646,0.996996996996997
0.797,0.9953696991663646,0.996996996996997,0.9969826023921711,0.996996996996997,0.9953696991663646,0.996996996996997
0.798,0.9953696991663646,0.996996996996997,0.9969826023921711,0.996996996996997,0.9953696991663646,0.996996996996997
0.799,0.9953696991663646,0.996996996996997,0.9969826023921711,0.996996996996997,0.9953696991663646,0.996996996996997
0.8,0.9953696991663646,0.996996996996997,0.9969826023921711,0.996996996996997,0.9953696991663646,0.996996996996997
0.801,0.9953696991663646,0.996996996996997,0.9969826023921711,0.996996996996997,0.9953696991663646,0.996996996996997
0.802,0.9953696991663646,0.996996996996997,0.9969826023921711,0.996996996996997,0.9953696991663646,0.996996996996997
0.803,0.9953696991663646,0.996996996996997,0.9969826023921711,0.996996996996997,0.9953696991663646,0.996996996996997
0.804,0.9953696991663646,0.996996996996997,0.9969826023921711,0.996996996996997,0.9953696991663646,0.996996996996997
0.805,0.9953696991663646,0.996996996996997,0.9969826023921711,0.996996996996997,0.9953696991663646,0.996996996996997
0.806,0.9953696991663646,0.996996996996997,0.9969826023921711,0.996996996996997,0.9953696991663646,0.996996996996997
0.807,0.9953696991663646,0.996996996996997,0.9969826023921711,0.996996996996997,0.9953696991663646,0.996996996996997
0.808,0.9953696991663646,0.996996996996997,0.9969826023921711,0.996996996996997,0.9953696991663646,0.996996996996997
0.809,0.9953696991663646,0.996996996996997,0.9969826023921711,0.996996996996997,0.9953696991663646,0.996996996996997
0.81,0.9953696991663646,0.996996996996997,0.9969826023921711,0.996996996996997,0.9953696991663646,0.996996996996997
0.811,0.9953696991663646,0.996996996996997,0.9969826023921711,0.996996996996997,0.9953696991663646,0.996996996996997
0.812,0.9953696991663646,0.996996996996997,0.9969826023921711,0.996996996996997,0.9953696991663646,0.996996996996997
0.8130000000000001,0.9953696991663646,0.996996996996997,0.9969826023921711,0.996996996996997,0.9953696991663646,0.996996996996997
0.8140000000000001,0.9953696991663646,0.996996996996997,0.9969826023921711,0.996996996996997,0.9953696991663646,0.996996996996997
0.8150000000000001,0.9953696991663646,0.996996996996997,0.9969826023921711,0.996996996996997,0.9953696991663646,0.996996996996997
0.8160000000000001,0.9953696991663646,0.996996996996997,0.9969826023921711,0.996996996996997,0.9953696991663646,0.996996996996997
0.8170000000000001,0.9953696991663646,0.996996996996997,0.9969826023921711,0.996996996996997,0.9953696991663646,0.996996996996997
0.8180000000000001,0.9953696991663646,0.996996996996997,0.9969826023921711,0.996996996996997,0.9953696991663646,0.996996996996997
0.8190000000000001,0.9953696991663646,0.996996996996997,0.9969826023921711,0.996996996996997,0.9953696991663646,0.996996996996997
0.8200000000000001,0.9953696991663646,0.996996996996997,0.9969826023921711,0.996996996996997,0.9953696991663646,0.996996996996997
0.8210000000000001,0.9953696991663646,0.996996996996997,0.9969826023921711,0.996996996996997,0.9953696991663646,0.996996996996997
0.8220000000000001,0.9953696991663646,0.996996996996997,0.9969826023921711,0.996996996996997,0.9953696991663646,0.996996996996997
0.8230000000000001,0.9953696991663646,0.996996996996997,0.9969826023921711,0.996996996996997,0.9953696991663646,0.996996996996997
0.8240000000000001,0.9953696991663646,0.996996996996997,0.9969826023921711,0.996996996996997,0.9953696991663646,0.996996996996997
0.8250000000000001,0.9953696991663646,0.996996996996997,0.9969826023921711,0.996996996996997,0.9953696991663646,0.996996996996997
0.8260000000000001,0.9953696991663646,0.996996996996997,0.9969826023921711,0.996996996996997,0.9953696991663646,0.996996996996997
0.8270000000000001,0.9953696991663646,0.996996996996997,0.9969826023921711,0.996996996996997,0.9953696991663646,0.996996996996997
0.8280000000000001,0.9953696991663646,0.996996996996997,0.9969826023921711,0.996996996996997,0.9953696991663646,0.996996996996997
0.8290000000000001,0.9953696991663646,0.996996996996997,0.9969826023921711,0.996996996996997,0.9953696991663646,0.996996996996997
0.8300000000000001,0.9953696991663646,0.996996996996997,0.9969826023921711,0.996996996996997,0.9953696991663646,0.996996996996997
0.8310000000000001,0.9953696991663646,0.996996996996997,0.9969826023921711,0.996996996996997,0.9953696991663646,0.996996996996997
0.8320000000000001,0.9953696991663646,0.996996996996997,0.9969826023921711,0.996996996996997,0.9953696991663646,0.996996996996997
0.833,0.9953696991663646,0.996996996996997,0.9969826023921711,0.996996996996997,0.9953696991663646,0.996996996996997
0.834,0.9953696991663646,0.996996996996997,0.9969826023921711,0.996996996996997,0.9953696991663646,0.996996996996997
0.835,0.9953696991663646,0.996996996996997,0.9969826023921711,0.996996996996997,0.9953696991663646,0.996996996996997
0.836,0.9953696991663646,0.996996996996997,0.9969826023921711,0.996996996996997,0.9953696991663646,0.996996996996997
0.837,0.9953696991663646,0.996996996996997,0.9969826023921711,0.996996996996997,0.9953696991663646,0.996996996996997
0.838,0.9953696991663646,0.996996996996997,0.9969826023921711,0.996996996996997,0.9953696991663646,0.996996996996997
0.839,0.9953696991663646,0.996996996996997,0.9969826023921711,0.996996996996997,0.9953696991663646,0.996996996996997
0.84,0.9953696991663646,0.996996996996997,0.9969826023921711,0.996996996996997,0.9953696991663646,0.996996996996997
0.841,0.9969826023921711,0.996996996996997,0.9969826023921711,0.996996996996997,0.9953696991663646,0.996996996996997
0.842,0.9969826023921711,0.996996996996997,0.9969826023921711,0.996996996996997,0.9953696991663646,0.996996996996997
0.843,0.9969826023921711,0.996996996996997,0.9969826023921711,0.996996996996997,0.9969826023921711,0.996996996996997
0.844,0.9969826023921711,0.996996996996997,0.9969826023921711,0.996996996996997,0.9969826023921711,0.996996996996997
0.845,0.9969826023921711,0.996996996996997,0.9969826023921711,0.996996996996997,0.9969826023921711,0.996996996996997
0.846,0.9969826023921711,0.996996996996997,0.9969826023921711,0.996996996996997,0.9969826023921711,0.996996996996997
0.847,0.9969826023921711,0.996996996996997,0.9969826023921711,0.996996996996997,0.9969826023921711,0.996996996996997
0.848,0.9969826023921711,0.996996996996997,0.9969826023921711,0.996996996996997,0.9969826023921711,0.996996996996997
0.849,0.9969826023921711,0.996996996996997,0.9969826023921711,0.996996996996997,0.9969826023921711,0.996996996996997
0.85,0.9969826023921711,0.996996996996997,0.9969826023921711,0.996996996996997,0.9969826023921711,0.996996996996997
0.851,0.9969826023921711,0.996996996996997,0.9969826023921711,0.996996996996997,0.9969826023921711,0.996996996996997
0.852,0.9969826023921711,0.996996996996997,0.9969826023921711,0.996996996996997,0.9969826023921711,0.996996996996997
0.853,0.9969826023921711,0.996996996996997,0.9969826023921711,0.996996996996997,0.9969826023921711,0.996996996996997
0.854,0.9969826023921711,0.996996996996997,0.9969826023921711,0.996996996996997,0.9969826023921711,0.996996996996997
0.855,0.9969826023921711,0.996996996996997,0.9969826023921711,0.996996996996997,0.9969826023921711,0.996996996996997
0.856,0.9969826023921711,0.996996996996997,0.9969826023921711,0.996996996996997,0.9969826023921711,0.996996996996997
0.857,0.9969826023921711,0.996996996996997,0.9969826023921711,0.996996996996997,0.9969826023921711,0.996996996996997
0.858,0.9969826023921711,0.996996996996997,0.9969826023921711,0.996996996996997,0.9969826023921711,0.996996996996997
0.859,0.9969826023921711,0.996996996996997,0.9969826023921711,0.996996996996997,0.9969826023921711,0.996996996996997
0.86,0.9969826023921711,0.996996996996997,0.9969826023921711,0.996996996996997,0.9969826023921711,0.996996996996997
0.861,0.9969826023921711,0.996996996996997,0.9969826023921711,0.996996996996997,0.9969826023921711,0.996996996996997
0.862,0.9969826023921711,0.996996996996997,0.9969826023921711,0.996996996996997,0.9969826023921711,0.996996996996997
0.863,0.9969826023921711,0.996996996996997,0.9969826023921711,0.996996996996997,0.9969826023921711,0.996996996996997
0.864,0.9969826023921711,0.996996996996997,0.9969826023921711,0.996996996996997,0.9969826023921711,0.996996996996997
0.865,0.9969826023921711,0.996996996996997,0.9969826023921711,0.996996996996997,0.9969826023921711,0.996996996996997
0.866,0.9969826023921711,0.996996996996997,0.9969826023921711,0.996996996996997,0.9969826023921711,0.996996996996997
0.867,0.9969826023921711,0.996996996996997,0.9969826023921711,0.996996996996997,0.9969826023921711,0.996996996996997
0.868,0.9969826023921711,0.996996996996997,0.9969826023921711,0.996996996996997,0.9969826023921711,0.996996996996997
0.869,0.9969826023921711,0.996996996996997,0.9969826023921711,0.996996996996997,0.9969826023921711,0.996996996996997
0.87,0.9969826023921711,0.996996996996997,0.9969826023921711,0.996996996996997,0.9969826023921711,0.996996996996997
0.871,0.9969826023921711,0.996996996996997,0.9969826023921711,0.996996996996997,0.9969826023921711,0.996996996996997
0.872,0.9969826023921711,0.996996996996997,0.9969826023921711,0.996996996996997,0.9969826023921711,0.996996996996997
0.873,0.9969826023921711,0.996996996996997,0.9969826023921711,0.996996996996997,0.9969826023921711,0.996996996996997
0.874,0.9969826023921711,0.996996996996997,0.9969826023921711,0.996996996996997,0.9969826023921711,0.996996996996997
0.875,0.9969826023921711,0.996996996996997,0.9969826023921711,0.996996996996997,0.9969826023921711,0.996996996996997
0.876,0.9969826023921711,0.996996996996997,0.9969826023921711,0.996996996996997,0.9969826023921711,0.996996996996997
0.877,0.9969826023921711,0.996996996996997,0.9969826023921711,0.996996996996997,0.9969826023921711,0.996996996996997
0.878,0.9969826023921711,0.996996996996997,0.9969826023921711,0.996996996996997,0.9969826023921711,0.996996996996997
0.879,0.9969826023921711,0.996996996996997,0.9969826023921711,0.996996996996997,0.9969826023921711,0.996996996996997
0.88,0.9969826023921711,0.996996996996997,0.9969826023921711,0.996996996996997,0.9969826023921711,0.996996996996997
0.881,0.9969826023921711,0.996996996996997,0.9969826023921711,0.996996996996997,0.9969826023921711,0.996996996996997
0.882,0.9969826023921711,0.996996996996997,0.9969826023921711,0.996996996996997,0.9969826023921711,0.996996996996997
0.883,0.9969826023921711,0.996996996996997,0.9969826023921711,0.996996996996997,0.9969826023921711,0.996996996996997
0.884,0.9969826023921711,0.996996996996997,0.9969826023921711,0.996996996996997,0.9969826023921711,0.996996996996997
0.885,0.9969826023921711,0.996996996996997,0.9969826023921711,0.996996996996997,0.9969826023921711,0.996996996996997
0.886,0.9969826023921711,0.996996996996997,0.9969826023921711,0.996996996996997,0.9969826023921711,0.996996996996997
0.887,0.9969826023921711,0.996996996996997,0.9969826023921711,0.996996996996997,0.9969826023921711,0.996996996996997
0.888,0.9969826023921711,0.996996996996997,0.9969826023921711,0.996996996996997,0.9969826023921711,0.996996996996997
0.889,0.9969826023921711,0.996996996996997,0.9969826023921711,0.996996996996997,0.9969826023921711,0.996996996996997
0.89,0.9969826023921711,0.996996996996997,0.9969826023921711,0.996996996996997,0.9969826023921711,0.996996996996997
0.891,0.9969826023921711,0.996996996996997,0.9969826023921711,0.996996996996997,0.9969826023921711,0.996996996996997
0.892,0.9969826023921711,0.996996996996997,0.9969826023921711,0.996996996996997,0.9969826023921711,0.996996996996997
0.893,0.9969826023921711,0.996996996996997,0.9969826023921711,0.996996996996997,0.9969826023921711,0.996996996996997
0.894,0.9969826023921711,0.996996996996997,0.9969826023921711,0.996996996996997,0.9969826023921711,0.996996996996997
0.895,0.9969826023921711,0.996996996996997,0.9969826023921711,0.996996996996997,0.9969826023921711,0.996996996996997
0.896,0.9969826023921711,0.996996996996997,0.9969826023921711,0.996996996996997,0.9969826023921711,0.996996996996997
0.897,0.9969826023921711,0.996996996996997,0.9969826023921711,0.996996996996997,0.9969826023921711,0.996996996996997
0.898,0.9969826023921711,0.996996996996997,0.9969826023921711,0.996996996996997,0.9969826023921711,0.996996996996997
0.899,0.9969826023921711,0.996996996996997,0.9969826023921711,0.996996996996997,0.9969826023921711,0.996996996996997
0.9,0.9969826023921711,0.996996996996997,0.9969826023921711,0.996996996996997,0.9969826023921711,0.996996996996997
0.901,0.9969826023921711,0.996996996996997,0.9969826023921711,0.996996996996997,0.9969826023921711,0.996996996996997
0.902,0.9969826023921711,0.996996996996997,0.9969826023921711,0.996996996996997,0.9969826023921711,0.996996996996997
0.903,0.9969826023921711,0.996996996996997,0.9969826023921711,0.996996996996997,0.9969826023921711,0.996996996996997
0.904,0.9969826023921711,0.996996996996997,0.9969826023921711,0.996996996996997,0.9969826023921711,0.996996996996997
0.905,0.9969826023921711,0.996996996996997,0.9969826023921711,0.996996996996997,0.9969826023921711,0.996996996996997
0.906,0.9969826023921711,0.996996996996997,0.9969826023921711,0.996996996996997,0.9969826023921711,0.996996996996997
0.907,0.9969826023921711,0.996996996996997,0.9969826023921711,0.996996996996997,0.9969826023921711,0.996996996996997
0.908,0.9969826023921711,0.996996996996997,0.9969826023921711,0.996996996996997,0.9969826023921711,0.996996996996997
0.909,0.9969826023921711,0.996996996996997,0.9969826023921711,0.996996996996997,0.9969826023921711,0.996996996996997
0.91,0.9969826023921711,0.996996996996997,0.9969826023921711,0.996996996996997,0.9969826023921711,0.996996996996997
0.911,0.9969826023921711,0.996996996996997,0.9969826023921711,0.996996996996997,0.9969826023921711,0.996996996996997
0.912,0.9969826023921711,0.996996996996997,0.9969826023921711,0.996996996996997,0.9969826023921711,0.996996996996997
0.913,0.9969826023921711,0.996996996996997,0.9969826023921711,0.996996996996997,0.9969826023921711,0.996996996996997
0.914,0.9969826023921711,0.996996996996997,0.9969826023921711,0.996996996996997,0.9969826023921711,0.996996996996997
0.915,0.9969826023921711,0.996996996996997,0.9969826023921711,0.996996996996997,0.9969826023921711,0.996996996996997
0.916,0.9969826023921711,0.996996996996997,0.9969826023921711,0.996996996996997,0.9969826023921711,0.996996996996997
0.917,0.9969826023921711,0.996996996996997,0.9969826023921711,0.996996996996997,0.9969826023921711,0.996996996996997
0.918,0.9969826023921711,0.996996996996997,0.9969826023921711,0.996996996996997,0.9969826023921711,0.996996996996997
0.919,0.9969826023921711,0.996996996996997,0.9969826023921711,0.996996996996997,0.9969826023921711,0.996996996996997
0.92,0.9969826023921711,0.996996996996997,0.9969826023921711,0.996996996996997,0.9969826023921711,0.996996996996997
0.921,0.9969826023921711,0.996996996996997,0.9969826023921711,0.996996996996997,0.9969826023921711,0.996996996996997
0.922,0.9969826023921711,0.996996996996997,0.9969826023921711,0.996996996996997,0.9969826023921711,0.996996996996997
0.923,0.9969826023921711,0.996996996996997,0.9969826023921711,0.9984984984984985,0.9969826023921711,0.996996996996997
0.924,0.9969826023921711,0.9984984984984985,0.9969826023921711,0.9984984984984985,0.9969826023921711,0.996996996996997
0.925,0.9969826023921711,0.9984984984984985,0.9969826023921711,0.9984984984984985,0.9969826023921711,0.996996996996997
0.926,0.9969826023921711,0.9984984984984985,0.9969826023921711,0.9984984984984985,0.9969826023921711,0.996996996996997
0.927,0.9969826023921711,0.9984984984984985,0.9969826023921711,0.9984984984984985,0.9969826023921711,0.996996996996997
0.928,0.9969826023921711,0.9984984984984985,0.9969826023921711,0.9984984984984985,0.9969826023921711,0.996996996996997
0.929,0.9969826023921711,0.9984984984984985,0.9969826023921711,0.9984984984984985,0.9969826023921711,0.996996996996997
0.93,0.9969826023921711,0.9984984984984985,0.9969826023921711,0.9984984984984985,0.9969826023921711,0.996996996996997
0.931,0.9969826023921711,0.9984984984984985,0.9969826023921711,0.9984984984984985,0.9969826023921711,0.9984984984984985
0.932,0.9969826023921711,0.9984984984984985,0.9969826023921711,0.9984984984984985,0.9969826023921711,0.9984984984984985
0.933,0.9969826023921711,0.9984984984984985,0.9969826023921711,0.9984984984984985,0.9969826023921711,0.9984984984984985
0.934,0.9969826023921711,0.9984984984984985,0.9969826023921711,0.9984984984984985,0.9969826023921711,0.9984984984984985
0.935,0.9969826023921711,0.9984984984984985,0.9969826023921711,0.9984984984984985,0.9969826023921711,0.9984984984984985
0.936,0.9969826023921711,0.9984984984984985,0.9969826023921711,0.9984984984984985,0.9969826023921711,0.9984984984984985
0.937,0.9969826023921711,0.9984984984984985,0.9969826023921711,0.9984984984984985,0.9969826023921711,0.9984984984984985
0.9380000000000001,0.9969826023921711,0.9984984984984985,0.9969826023921711,0.9984984984984985,0.9969826023921711,0.9984984984984985
0.9390000000000001,0.9969826023921711,0.9984984984984985,0.9969826023921711,0.9984984984984985,0.9969826023921711,0.9984984984984985
0.9400000000000001,0.9969826023921711,0.9984984984984985,0.9969826023921711,0.9984984984984985,0.9969826023921711,0.9984984984984985
0.9410000000000001,0.9969826023921711,0.9984984984984985,0.9969826023921711,0.9984984984984985,0.9969826023921711,0.9984984984984985
0.9420000000000001,0.9969826023921711,0.9984984984984985,0.9969826023921711,0.9984984984984985,0.9969826023921711,0.9984984984984985
0.9430000000000001,0.9969826023921711,0.9984984984984985,0.9969826023921711,0.9984984984984985,0.9969826023921711,0.9984984984984985
0.9440000000000001,0.9969826023921711,0.9984984984984985,0.9969826023921711,0.9984984984984985,0.9969826023921711,0.9984984984984985
0.9450000000000001,0.9969826023921711,0.9984984984984985,0.9969826023921711,0.9984984984984985,0.9969826023921711,0.9984984984984985
0.9460000000000001,0.9969826023921711,0.9984984984984985,0.9969826023921711,0.9984984984984985,0.9969826023921711,0.9984984984984985
0.9470000000000001,0.9969826023921711,0.9984984984984985,0.9969826023921711,0.9984984984984985,0.9969826023921711,0.9984984984984985
0.9480000000000001,0.9969826023921711,0.9984984984984985,0.9969826023921711,0.9984984984984985,0.9969826023921711,0.9984984984984985
0.9490000000000001,0.9969826023921711,0.9984984984984985,0.9969826023921711,0.9984984984984985,0.9969826023921711,0.9984984984984985
0.9500000000000001,0.9969826023921711,0.9984984984984985,0.9969826023921711,0.9984984984984985,0.9969826023921711,0.9984984984984985
0.9510000000000001,0.9969826023921711,0.9984984984984985,0.9969826023921711,0.9984984984984985,0.9969826023921711,0.9984984984984985
0.9520000000000001,0.9969826023921711,0.9984984984984985,0.9983870967741936,0.9984984984984985,0.9969826023921711,0.9984984984984985
0.9530000000000001,0.9969826023921711,0.9984984984984985,0.9983870967741936,0.9984984984984985,0.9969826023921711,0.9984984984984985
0.9540000000000001,0.9969826023921711,0.9984984984984985,0.9983870967741936,0.9984984984984985,0.9969826023921711,0.9984984984984985
0.9550000000000001,0.9969826023921711,0.9984984984984985,0.9983870967741936,0.9984984984984985,0.9969826023921711,0.9984984984984985
0.9560000000000001,0.9969826023921711,0.9984984984984985,0.9983870967741936,0.9984984984984985,0.9969826023921711,0.9984984984984985
0.9570000000000001,0.9983870967741936,0.9984984984984985,0.9983870967741936,0.9984984984984985,0.9969826023921711,0.9984984984984985
0.9580000000000001,0.9983870967741936,0.9984984984984985,0.9983870967741936,0.9984984984984985,0.9969826023921711,0.9984984984984985
0.9590000000000001,0.9983870967741936,0.9984984984984985,0.9983870967741936,0.9984984984984985,0.9969826023921711,0.9984984984984985
0.96,0.9983870967741936,0.9984984984984985,0.9983870967741936,0.9984984984984985,0.9969826023921711,0.9984984984984985
0.961,0.9983870967741936,0.9984984984984985,0.9983870967741936,0.9984984984984985,0.9969826023921711,0.9984984984984985
0.962,0.9983870967741936,0.9984984984984985,0.9983870967741936,0.9984984984984985,0.9969826023921711,0.9984984984984985
0.963,0.9983870967741936,0.9984984984984985,0.9983870967741936,0.9984984984984985,0.9969826023921711,0.9984984984984985
0.964,0.9983870967741936,0.9984984984984985,0.9983870967741936,0.9984984984984985,0.9969826023921711,0.9984984984984985
0.965,0.9983870967741936,0.9984984984984985,0.9983870967741936,0.9984984984984985,0.9969826023921711,0.9984984984984985
0.966,0.9983870967741936,0.9984984984984985,0.9983870967741936,0.9984984984984985,0.9969826023921711,0.9984984984984985
0.967,0.9983870967741936,0.9984984984984985,0.9983870967741936,0.9984984984984985,0.9969826023921711,0.9984984984984985
0.968,0.9983870967741936,0.9984984984984985,0.9983870967741936,0.9984984984984985,0.9983870967741936,0.9984984984984985
0.969,0.9983870967741936,0.9984984984984985,0.9983870967741936,0.9984984984984985,0.9983870967741936,0.9984984984984985
0.97,0.9983870967741936,0.9984984984984985,0.9983870967741936,0.9984984984984985,0.9983870967741936,0.9984984984984985
0.971,0.9983870967741936,0.9984984984984985,0.9983870967741936,0.9984984984984985,0.9983870967741936,0.9984984984984985
0.972,0.9983870967741936,0.9984984984984985,0.9983870967741936,0.9984984984984985,0.9983870967741936,0.9984984984984985
0.973,0.9983870967741936,0.9984984984984985,0.9983870967741936,0.9984984984984985,0.9983870967741936,0.9984984984984985
0.974,0.9983870967741936,0.9984984984984985,0.9983870967741936,0.9984984984984985,0.9983870967741936,0.9984984984984985
0.975,0.9983870967741936,0.9984984984984985,0.9983870967741936,0.9984984984984985,0.9983870967741936,0.9984984984984985
0.976,0.9983870967741936,0.9984984984984985,0.9983870967741936,0.9984984984984985,0.9983870967741936,0.9984984984984985
0.977,0.9983870967741936,0.9984984984984985,0.9983870967741936,0.9984984984984985,0.9983870967741936,0.9984984984984985
0.978,0.9983870967741936,0.9984984984984985,0.9983870967741936,0.9984984984984985,0.9983870967741936,0.9984984984984985
0.979,0.9983870967741936,0.9984984984984985,0.9983870967741936,0.9984984984984985,0.9983870967741936,0.9984984984984985
0.98,0.9983870967741936,0.9984984984984985,0.9983870967741936,0.9984984984984985,0.9983870967741936,0.9984984984984985
0.981,0.9983870967741936,0.9984984984984985,0.9983870967741936,0.9984984984984985,0.9983870967741936,0.9984984984984985
0.982,0.9983870967741936,0.9984984984984985,0.9983870967741936,0.9984984984984985,0.9983870967741936,0.9984984984984985
0.983,0.9983870967741936,0.9984984984984985,0.9983870967741936,0.9984984984984985,0.9983870967741936,0.9984984984984985
0.984,0.9983870967741936,0.9984984984984985,0.9983870967741936,0.9984984984984985,0.9983870967741936,0.9984984984984985
0.985,0.9983870967741936,0.9984984984984985,0.9983870967741936,0.9984984984984985,0.9983870967741936,0.9984984984984985
0.986,0.9983870967741936,0.9984984984984985,0.9983870967741936,0.9984984984984985,0.9983870967741936,0.9984984984984985
0.987,0.9983870967741936,0.9984984984984985,0.9983870967741936,0.9984984984984985,0.9983870967741936,0.9984984984984985
0.988,0.9983870967741936,0.9984984984984985,0.9983870967741936,0.9984984984984985,0.9983870967741936,0.9984984984984985
0.989,1.0,0.9984984984984985,1.0,0.9984984984984985,0.9983870967741936,0.9984984984984985
0.99,1.0,0.9984984984984985,1.0,0.9984984984984985,0.9983870967741936,0.9984984984984985
0.991,1.0,0.9984984984984985,1.0,0.9984984984984985,1.0,0.9984984984984985
0.992,1.0,0.9984984984984985,1.0,0.9984984984984985,1.0,0.9984984984984985
0.993,1.0,0.9984984984984985,1.0,0.9984984984984985,1.0,0.9984984984984985
0.994,1.0,0.9984984984984985,1.0,0.9984984984984985,1.0,0.9984984984984985
0.995,1.0,1.0,1.0,1.0,1.0,0.9984984984984985
0.996,1.0,1.0,1.0,1.0,1.0,1.0
0.997,1.0,1.0,1.0,1.0,1.0,1.0
0.998,1.0,1.0,1.0,1.0,1.0,1.0
0.999,1.0,1.0,1.0,1.0,1.0,1.0
1.0,1.0,1.0,1.0,1.0,1.0,1.0
