false_positive_rate,M_0_macro_true_positive_rate,M_0_micro_true_positive_rate,M_1_macro_true_positive_rate,M_1_micro_true_positive_rate,M_rand_macro_true_positive_rate,M_rand_micro_true_positive_rate
0.0,0.0,0.0,0.0,0.0,0.0,0.0
0.001,0.09085633901881485,0.07584269662921349,0.09097942676279233,0.07209737827715355,0.08951995779848779,0.07865168539325842
0.002,0.1355078834769357,0.11142322097378277,0.12286501377410469,0.10112359550561797,0.118896899361116,0.11423220973782772
0.003,0.142435965066526,0.12640449438202248,0.1353847957329582,0.12172284644194757,0.1592520954223082,0.13670411985018727
0.004,0.18295527811968817,0.16292134831460675,0.1639704589414454,0.149812734082397,0.16964421780669364,0.17415730337078653
0.005,0.190551550319442,0.17134831460674158,0.20082058495984995,0.1601123595505618,0.2012308774397749,0.18352059925093633
0.006,0.2114178535841979,0.1900749063670412,0.20503487486079364,0.18445692883895132,0.2172147001934236,0.20037453183520598
0.007,0.23169802473477522,0.2153558052434457,0.22744270558583904,0.19756554307116106,0.23929429693452903,0.20973782771535582
0.008,0.25598733954633374,0.22659176029962547,0.2545688998300217,0.21722846441947566,0.26078776156145594,0.2247191011235955
0.009000000000000001,0.2637066994900651,0.24250936329588016,0.26366567024207255,0.24250936329588016,0.2733896020162945,0.2406367041198502
0.01,0.2858683547271555,0.25280898876404495,0.2927964363167458,0.26217228464419473,0.29555125725338494,0.2612359550561798
0.011,0.2956743449973624,0.27247191011235955,0.3068167164878964,0.2687265917602996,0.3053162182755993,0.27153558052434457
0.012,0.31098997714084753,0.28651685393258425,0.3158724576519547,0.2893258426966292,0.3172088388722818,0.29119850187265917
0.013000000000000001,0.32280053924154506,0.299625468164794,0.32559638942617664,0.2958801498127341,0.33532032120039856,0.3089887640449438
0.014,0.33540237969638353,0.3136704119850187,0.3373659222788816,0.30430711610486894,0.34441709161244943,0.32209737827715357
0.015,0.35914659164175605,0.3258426966292135,0.3484672645214231,0.3146067415730337,0.36169626633843266,0.3398876404494382
0.016,0.37296172557294416,0.34269662921348315,0.36394701365687826,0.3267790262172285,0.3791395580563859,0.3548689138576779
0.017,0.3834359064533146,0.3539325842696629,0.3709571537424535,0.33801498127340823,0.3966649082703242,0.37359550561797755
0.018000000000000002,0.393282925971514,0.3717228464419476,0.39315983822753653,0.35674157303370785,0.4125256432799953,0.3857677902621723
0.019,0.40993493933532615,0.3913857677902622,0.4084754703710216,0.3698501872659176,0.4388605591700369,0.4091760299625468
0.02,0.43084227184807455,0.40262172284644193,0.4244182638766778,0.38108614232209737,0.4542582498095071,0.41947565543071164
0.021,0.4573002754820936,0.4204119850187266,0.4390657054099994,0.40074906367041196,0.47099232166930427,0.43352059925093633
0.022,0.47607994842037393,0.4288389513108614,0.45233573647500147,0.4288389513108614,0.4738292011019284,0.4419475655430712
0.023,0.490141257839517,0.45318352059925093,0.4727389953695563,0.4363295880149813,0.48789051052107146,0.448501872659176
0.024,0.4922689174139851,0.4653558052434457,0.49277299103217864,0.4438202247191011,0.5012426000820585,0.45692883895131087
0.025,0.5041205087626751,0.47659176029962547,0.4970283101811148,0.46254681647940077,0.5118398687064064,0.4653558052434457
0.026000000000000002,0.5181407889338256,0.4887640449438202,0.5075024910614853,0.47659176029962547,0.5181818181818182,0.4756554307116105
0.027,0.5244827384092374,0.5046816479400749,0.5187269210480042,0.4887640449438202,0.5259011781255495,0.5009363295880149
0.028,0.5314928784948127,0.5131086142322098,0.5300334095305081,0.5028089887640449,0.5335795088212884,0.5112359550561798
0.029,0.5445987925678448,0.5205992509363296,0.5446808510638298,0.5121722846441947,0.5370435496160835,0.5215355805243446
0.03,0.5571596037746909,0.5252808988764045,0.5503135806810855,0.5159176029962547,0.5425942207373542,0.5327715355805244
0.031,0.560705703065471,0.5308988764044944,0.562915421135924,0.5308988764044944,0.5495223023269445,0.5374531835205992
0.032,0.5726393529101459,0.5374531835205992,0.5684250630092023,0.5365168539325843,0.5592462341011664,0.5430711610486891
0.033,0.5811089619600258,0.5402621722846442,0.5851591348689995,0.5468164794007491,0.5641287146122737,0.550561797752809
0.034,0.585282222612977,0.549625468164794,0.5907918644862552,0.5514981273408239,0.573184455776332,0.5552434456928839
0.035,0.5929195240607232,0.5627340823970037,0.6040208663032648,0.5552434456928839,0.5821991676923979,0.5561797752808989
0.036000000000000004,0.5998476056503136,0.5683520599250936,0.6088623175663794,0.5683520599250936,0.5928374655647384,0.5608614232209738
0.037,0.6101986987867065,0.5730337078651685,0.6130355782193306,0.5720973782771536,0.599806576402321,0.5655430711610487
0.038,0.6164996190141258,0.5758426966292135,0.6178770294824454,0.5777153558052435,0.6102397280346991,0.5664794007490637
0.039,0.6227595099935526,0.5861423220973783,0.6248871695680206,0.5852059925093633,0.6116581677510111,0.5730337078651685
0.04,0.6263056092843327,0.5889513108614233,0.6318562804056034,0.5908239700374532,0.620045718304906,0.5767790262172284
0.041,0.6374890100228592,0.5955056179775281,0.6360295410585546,0.596441947565543,0.6249692280640057,0.5795880149812734
0.042,0.6423714905339664,0.6039325842696629,0.6402028017115058,0.601123595505618,0.6333567786179004,0.5917602996254682
0.043000000000000003,0.6485903522654006,0.6123595505617978,0.647840103159252,0.6086142322097379,0.6417032999238028,0.600187265917603
0.044,0.6527636129183518,0.6189138576779026,0.6520133638122032,0.6170411985018727,0.6486313815133931,0.6076779026217228
0.045,0.6603598851181056,0.6226591760299626,0.6541410233866713,0.6198501872659176,0.6486313815133931,0.6114232209737828
0.046,0.6652423656292128,0.6292134831460674,0.6652833948772053,0.6264044943820225,0.6541820526346638,0.6207865168539326
0.047,0.670916124494461,0.6367041198501873,0.6715022566086396,0.6282771535580525,0.657646093429459,0.6245318352059925
0.048,0.6750893851474122,0.6460674157303371,0.6750483558994198,0.6348314606741573,0.6624875446925738,0.6320224719101124
0.049,0.6799718656585194,0.650749063670412,0.6785534259422074,0.6385767790262172,0.6667428638415098,0.6338951310861424
0.05,0.6856045952757752,0.6526217228464419,0.684186155559463,0.6432584269662921,0.669497684778149,0.6413857677902621
0.051000000000000004,0.6891506945665553,0.653558052434457,0.6876912256022507,0.648876404494382,0.6785123966942148,0.649812734082397
0.052000000000000005,0.6934060137154915,0.6563670411985019,0.6911552663970459,0.6544943820224719,0.6840220385674931,0.6526217228464419
0.053,0.6941152335736476,0.6591760299625468,0.6939921458296701,0.6601123595505618,0.6854404782838052,0.6591760299625468
0.054,0.7065529570365161,0.6619850187265918,0.694701365687826,0.6629213483146067,0.6875681378582732,0.6657303370786517
0.055,0.7086395873629916,0.6685393258426966,0.6995838461989332,0.6694756554307116,0.6960377469081531,0.6685393258426966
0.056,0.7121446574057793,0.6722846441947565,0.7051755465681965,0.6732209737827716,0.6995428169509408,0.6694756554307116
0.057,0.719113768243362,0.6769662921348315,0.7106851884414747,0.6779026217228464,0.7051345173202039,0.6722846441947565
0.058,0.7254557177187738,0.6816479400749064,0.7142312877322549,0.6835205992509363,0.7107672469374597,0.6760299625468165
0.059000000000000004,0.7310474180880371,0.6882022471910112,0.7260008205849598,0.6853932584269663,0.7121856866537718,0.6788389513108615
0.06,0.732465857804349,0.6900749063670412,0.7281284801594279,0.6919475655430711,0.7170681671648789,0.6844569288389513
0.061,0.7331750776625051,0.6985018726591761,0.730256139733896,0.6956928838951311,0.7233690873922982,0.6882022471910112
0.062,0.7345524881308247,0.7031835205992509,0.7351386202450032,0.699438202247191,0.7275423480452494,0.6985018726591761
0.063,0.7393939393939394,0.7059925093632958,0.7386026610397984,0.7050561797752809,0.7310063888400445,0.7031835205992509
0.064,0.740771349862259,0.7078651685393258,0.7393118808979544,0.7088014981273408,0.7338432682726687,0.7059925093632958
0.065,0.7449446105152101,0.7125468164794008,0.7414395404724226,0.7106741573033708,0.7366391184573002,0.7078651685393258
0.066,0.7463220209835297,0.7172284644194756,0.743526170798898,0.7116104868913857,0.7373483383154563,0.7144194756554307
0.067,0.7484086513100052,0.7209737827715356,0.7449446105152101,0.7125468164794008,0.7416036574643925,0.7181647940074907
0.068,0.7512455307426293,0.7219101123595506,0.7477814899478342,0.7162921348314607,0.7458179473653361,0.7200374531835206
0.069,0.7533731903170975,0.7228464419475655,0.7499091495223023,0.7209737827715356,0.7486137975499678,0.7284644194756554
0.07,0.7554598206435731,0.7265917602996255,0.751995779848778,0.7275280898876404,0.7500322372662798,0.7303370786516854
0.07100000000000001,0.7561690405017292,0.7312734082397003,0.7547916300334095,0.7322097378277154,0.7542465271672235,0.7331460674157303
0.07200000000000001,0.7590059199343533,0.7368913857677902,0.7631791805873044,0.7350187265917603,0.7570423773518551,0.7406367041198502
0.073,0.7603833304026728,0.7462546816479401,0.7701072621768947,0.7406367041198502,0.7570423773518551,0.7453183520599251
0.074,0.7638884004454605,0.74812734082397,0.7743215520778384,0.7443820224719101,0.7605064181466503,0.7471910112359551
0.075,0.7694801008147236,0.75187265917603,0.7750307719359943,0.75,0.7625930484731258,0.75187265917603
0.076,0.7708985405310358,0.7528089887640449,0.7806224723052576,0.7556179775280899,0.767475528984233,0.7537453183520599
0.077,0.7743625813258308,0.7612359550561798,0.7827091026317332,0.7565543071161048,0.7688529394525526,0.7565543071161048
0.078,0.7792860910849306,0.7631086142322098,0.7862141726745209,0.7584269662921348,0.7716898188851767,0.7602996254681648
0.079,0.7806635015532501,0.7659176029962547,0.7869233925326768,0.7649812734082397,0.7744856690698083,0.7631086142322098
0.08,0.7842096008440302,0.7696629213483146,0.7876326123908329,0.7659176029962547,0.7759041087861205,0.7640449438202247
0.081,0.7862962311705058,0.7715355805243446,0.7890100228591526,0.7696629213483146,0.7793681495809155,0.7687265917602997
0.082,0.7898013012132934,0.7734082397003745,0.7939335326182522,0.7724719101123596,0.7857100990563273,0.7705992509363296
0.083,0.7932653420080886,0.7743445692883895,0.7953109430865717,0.7790262172284644,0.7877967293828029,0.7724719101123596
0.084,0.7981888517671882,0.7762172284644194,0.8016528925619835,0.7837078651685393,0.7940155911142371,0.7743445692883895
0.085,0.8030713322782955,0.7818352059925093,0.8037395228884591,0.7837078651685393,0.7988980716253443,0.7780898876404494
0.08600000000000001,0.8030713322782955,0.7902621722846442,0.8079127835414102,0.7883895131086143,0.8009847019518199,0.7790262172284644
0.08700000000000001,0.8058261532149347,0.7921348314606742,0.8106676044780494,0.7883895131086143,0.8016939218099759,0.7799625468164794
0.088,0.8086220033995662,0.7940074906367042,0.8127952640525175,0.7893258426966292,0.8079948420373952,0.7855805243445693
0.089,0.8107496629740343,0.795880149812734,0.8149229236269855,0.7893258426966292,0.8087040618955512,0.7855805243445693
0.09,0.8121681026903464,0.798689138576779,0.8156321434851416,0.7902621722846442,0.8094132817537073,0.7874531835205992
0.091,0.8142957622648145,0.8043071161048689,0.8156321434851416,0.7911985018726592,0.8150049821229706,0.7883895131086143
0.092,0.8150049821229706,0.8061797752808989,0.8191782427759218,0.795880149812734,0.8178418615555947,0.7893258426966292
0.093,0.8192192720239142,0.8080524344569289,0.8227243420667019,0.795880149812734,0.8199284918820702,0.7921348314606742
0.094,0.8220561514565383,0.8117977528089888,0.8234335619248578,0.800561797752809,0.8213469315983823,0.7949438202247191
0.095,0.8234335619248578,0.8136704119850188,0.8241427817830139,0.8061797752808989,0.8262294121094895,0.795880149812734
0.096,0.8276478518258015,0.8136704119850188,0.826979661215638,0.8080524344569289,0.8290662915421136,0.7968164794007491
0.097,0.8276478518258015,0.8136704119850188,0.8276888810737941,0.8117977528089888,0.8290662915421136,0.799625468164794
0.098,0.8311118926205967,0.8155430711610487,0.8290662915421136,0.8146067415730337,0.8311529218685891,0.8014981273408239
0.099,0.8353672117695329,0.8155430711610487,0.8304847312584256,0.8164794007490637,0.8339487720532208,0.8033707865168539
0.1,0.8353672117695329,0.8164794007490637,0.8311939511165817,0.8220973782771536,0.8346579919113768,0.8080524344569289
0.101,0.836076431627689,0.8164794007490637,0.8339898013012133,0.8230337078651685,0.8374948713440009,0.8089887640449438
0.10200000000000001,0.838204091202157,0.8211610486891385,0.8354082410175254,0.8249063670411985,0.8374948713440009,0.8099250936329588
0.10300000000000001,0.8389133110603131,0.8220973782771536,0.8417501904929372,0.8277153558052435,0.838204091202157,0.8127340823970037
0.10400000000000001,0.8389133110603131,0.8258426966292135,0.8459234511458883,0.8314606741573034,0.840331750776625,0.8155430711610487
0.105,0.840331750776625,0.8277153558052435,0.8480511107203563,0.8361423220973783,0.8424594103510932,0.8174157303370787
0.106,0.8431276009612567,0.8295880149812734,0.8480511107203563,0.8380149812734082,0.8424594103510932,0.8192883895131086
0.107,0.8452142312877322,0.8305243445692884,0.8501787702948245,0.8389513108614233,0.8445460406775688,0.8220973782771536
0.108,0.8452142312877322,0.8333333333333334,0.8508879901529804,0.8408239700374532,0.8466737002520368,0.8230337078651685
0.109,0.8466326710040444,0.8408239700374532,0.8508879901529804,0.8426966292134831,0.8480511107203563,0.8249063670411985
0.11,0.8501787702948245,0.8417602996254682,0.8515972100111364,0.8436329588014981,0.8487603305785123,0.8295880149812734
0.111,0.8508879901529804,0.8426966292134831,0.8515972100111364,0.8445692883895131,0.8494695504366684,0.8314606741573034
0.112,0.8551433093019166,0.8436329588014981,0.8523064298692925,0.8473782771535581,0.8508879901529804,0.8342696629213483
0.113,0.8558525291600727,0.8455056179775281,0.8530156497274486,0.848314606741573,0.8523064298692925,0.8370786516853933
0.114,0.8572709688763847,0.848314606741573,0.8530156497274486,0.850187265917603,0.8523064298692925,0.8370786516853933
0.115,0.8572709688763847,0.849250936329588,0.8530156497274486,0.851123595505618,0.8523064298692925,0.8389513108614233
0.116,0.8579801887345407,0.850187265917603,0.8558525291600727,0.851123595505618,0.8537248695856046,0.8408239700374532
0.117,0.8586894085926968,0.8539325842696629,0.8558525291600727,0.8548689138576779,0.8544340894437605,0.8436329588014981
0.11800000000000001,0.8601078483090088,0.8558052434456929,0.8586483793447043,0.8595505617977528,0.8544340894437605,0.8445692883895131
0.11900000000000001,0.8615262880253209,0.8576779026217228,0.8600668190610163,0.8632958801498127,0.8551433093019166,0.8445692883895131
0.12,0.863653947599789,0.8576779026217228,0.8621944786354845,0.8670411985018727,0.8578981302385558,0.846441947565543
0.121,0.8664087685364281,0.8576779026217228,0.8629036984936405,0.8717228464419475,0.8578981302385558,0.8473782771535581
0.122,0.8671179883945841,0.8595505617977528,0.8636129183517964,0.8717228464419475,0.8586073500967117,0.849250936329588
0.123,0.8706640876853643,0.8595505617977528,0.8649903288201161,0.8726591760299626,0.8593165699548678,0.851123595505618
0.124,0.8706640876853643,0.8614232209737828,0.8677861790047476,0.8754681647940075,0.8614442295293359,0.8520599250936329
0.125,0.8713733075435204,0.8623595505617978,0.8684953988629037,0.8782771535580525,0.8649082703241311,0.8558052434456929
0.126,0.8713733075435204,0.8642322097378277,0.8692046187210598,0.8792134831460674,0.8656174901822871,0.8595505617977528
0.127,0.8713733075435204,0.8651685393258427,0.8699138385792158,0.8810861423220974,0.866326710040443,0.8604868913857678
0.128,0.8727507180118399,0.8670411985018727,0.8713322782955278,0.8820224719101124,0.8677451497567552,0.8632958801498127
0.129,0.8775921692749546,0.8698501872659176,0.874169157728152,0.8820224719101124,0.8698317800832307,0.8670411985018727
0.13,0.8796787996014301,0.8707865168539326,0.874169157728152,0.8838951310861424,0.8705409999413868,0.8679775280898876
0.131,0.8796787996014301,0.8726591760299626,0.875587597444464,0.8857677902621723,0.8705409999413868,0.8698501872659176
0.132,0.8796787996014301,0.8754681647940075,0.8776742277709395,0.8876404494382022,0.8726686595158548,0.8707865168539326
0.133,0.8796787996014301,0.8754681647940075,0.8798018873454077,0.8885767790262172,0.874796319090323,0.8707865168539326
0.134,0.8803880194595862,0.8773408239700374,0.8818885176718833,0.8885767790262172,0.8755055389484789,0.8745318352059925
0.135,0.8832248988922103,0.8773408239700374,0.8825977375300393,0.8885767790262172,0.8755055389484789,0.8773408239700374
0.136,0.8832248988922103,0.8792134831460674,0.886812027430983,0.8885767790262172,0.8755055389484789,0.8792134831460674
0.137,0.8839341187503664,0.8801498127340824,0.887521247289139,0.8913857677902621,0.8776331985229471,0.8792134831460674
0.138,0.8867709981829905,0.8810861423220974,0.888230467147295,0.8923220973782772,0.8776331985229471,0.8801498127340824
0.139,0.8867709981829905,0.8857677902621723,0.8889396870054511,0.8941947565543071,0.8790516382392591,0.8801498127340824
0.14,0.8881484086513101,0.8867041198501873,0.8903170974737706,0.8941947565543071,0.8797608580974152,0.8810861423220974
0.14100000000000001,0.8902760682257781,0.8895131086142322,0.8910263173319266,0.8951310861423221,0.8804700779555712,0.8820224719101124
0.14200000000000002,0.8902760682257781,0.8904494382022472,0.8910263173319266,0.8960674157303371,0.8818885176718833,0.8829588014981273
0.14300000000000002,0.8909852880839342,0.8923220973782772,0.8924447570482388,0.897003745318352,0.8825977375300393,0.8838951310861424
0.14400000000000002,0.8924037278002461,0.8941947565543071,0.8924447570482388,0.897003745318352,0.8839751479983589,0.8848314606741573
0.145,0.8959498270910263,0.8941947565543071,0.8931539769063948,0.8979400749063671,0.8846843678565148,0.8867041198501873
0.146,0.8966590469491824,0.8960674157303371,0.8945724166227068,0.8979400749063671,0.886102807572827,0.8876404494382022
0.147,0.8973682668073384,0.898876404494382,0.8952816364808629,0.8979400749063671,0.887521247289139,0.8885767790262172
0.148,0.8973682668073384,0.899812734082397,0.8973682668073384,0.901685393258427,0.8903170974737706,0.8913857677902621
0.149,0.8980774866654944,0.899812734082397,0.8973682668073384,0.903558052434457,0.8910263173319266,0.8923220973782772
0.15,0.8987867065236503,0.900749063670412,0.8980774866654944,0.903558052434457,0.8917355371900827,0.8932584269662921
0.151,0.8994959263818064,0.9026217228464419,0.8987867065236503,0.903558052434457,0.8931539769063948,0.8951310861423221
0.152,0.9002051462399625,0.9026217228464419,0.8987867065236503,0.903558052434457,0.8931539769063948,0.897003745318352
0.153,0.9002051462399625,0.9026217228464419,0.8987867065236503,0.9044943820224719,0.8945724166227068,0.897003745318352
0.154,0.9009143660981185,0.9026217228464419,0.9009143660981185,0.9044943820224719,0.8945724166227068,0.899812734082397
0.155,0.9009143660981185,0.9044943820224719,0.9009143660981185,0.9063670411985019,0.8945724166227068,0.900749063670412
0.156,0.9016235859562745,0.9063670411985019,0.9037512455307426,0.9063670411985019,0.8945724166227068,0.903558052434457
0.157,0.9023328058144305,0.9063670411985019,0.9058789051052107,0.9063670411985019,0.8959908563390189,0.9054307116104869
0.158,0.9023328058144305,0.9091760299625468,0.9065881249633667,0.9073033707865169,0.8967000761971748,0.9054307116104869
0.159,0.9030420256725866,0.9091760299625468,0.9080065646796788,0.9082397003745318,0.8981185159134869,0.9063670411985019
0.16,0.9058789051052107,0.9101123595505618,0.9101342242541468,0.9082397003745318,0.9002051462399625,0.9073033707865169
0.161,0.9058789051052107,0.9110486891385767,0.912261883828615,0.9082397003745318,0.9009143660981185,0.9091760299625468
0.162,0.9065881249633667,0.9110486891385767,0.912261883828615,0.9091760299625468,0.9009143660981185,0.9110486891385767
0.163,0.9065881249633667,0.9110486891385767,0.912261883828615,0.9091760299625468,0.9009143660981185,0.9119850187265918
0.164,0.9065881249633667,0.9110486891385767,0.9129711036867709,0.9110486891385767,0.9016235859562745,0.9129213483146067
0.165,0.9065881249633667,0.9119850187265918,0.9157669538714026,0.9129213483146067,0.9016235859562745,0.9129213483146067
0.166,0.9072973448215227,0.9119850187265918,0.9171443643397221,0.9129213483146067,0.9030420256725866,0.9129213483146067
0.167,0.9080065646796788,0.9129213483146067,0.9178535841978782,0.9138576779026217,0.9037512455307426,0.9129213483146067
0.168,0.9080065646796788,0.9129213483146067,0.9185628040560343,0.9147940074906367,0.9058378758572182,0.9157303370786517
0.169,0.9080065646796788,0.9138576779026217,0.9185628040560343,0.9166666666666666,0.9058378758572182,0.9157303370786517
0.17,0.9087157845378349,0.9138576779026217,0.9185628040560343,0.9176029962546817,0.9058378758572182,0.9166666666666666
0.171,0.9087157845378349,0.9138576779026217,0.9192720239141903,0.9176029962546817,0.9072563155735303,0.9166666666666666
0.17200000000000001,0.9087157845378349,0.9138576779026217,0.9199812437723462,0.9204119850187266,0.9086747552898423,0.9166666666666666
0.17300000000000001,0.9108024148643104,0.9138576779026217,0.9199812437723462,0.9213483146067416,0.9100931950061544,0.9166666666666666
0.17400000000000002,0.9108024148643104,0.9166666666666666,0.9199812437723462,0.9213483146067416,0.9100931950061544,0.9176029962546817
0.17500000000000002,0.9108024148643104,0.9176029962546817,0.9199812437723462,0.9222846441947565,0.9100931950061544,0.9176029962546817
0.176,0.913598265048942,0.9194756554307116,0.9206904636305023,0.9222846441947565,0.9115116347224664,0.9185393258426966
0.177,0.914307484907098,0.9204119850187266,0.9213996834886584,0.9222846441947565,0.9122208545806225,0.9185393258426966
0.178,0.9150167047652541,0.9213483146067416,0.9234863138151339,0.9241573033707865,0.9129300744387785,0.9194756554307116
0.179,0.9150167047652541,0.9213483146067416,0.9249047535314461,0.9241573033707865,0.9136392942969345,0.9194756554307116
0.18,0.9157259246234102,0.9232209737827716,0.9249047535314461,0.9250936329588015,0.9136392942969345,0.9194756554307116
0.181,0.9164351444815662,0.9241573033707865,0.925613973389602,0.9260299625468165,0.9143485141550906,0.9194756554307116
0.182,0.9178535841978782,0.9260299625468165,0.925613973389602,0.9269662921348315,0.9157259246234102,0.9194756554307116
0.183,0.9178535841978782,0.9279026217228464,0.925613973389602,0.9288389513108615,0.9157259246234102,0.9213483146067416
0.184,0.9178535841978782,0.9279026217228464,0.925613973389602,0.9307116104868914,0.9157259246234102,0.9213483146067416
0.185,0.9192720239141903,0.9279026217228464,0.925613973389602,0.9316479400749064,0.9171443643397221,0.9222846441947565
0.186,0.9192720239141903,0.9288389513108615,0.925613973389602,0.9316479400749064,0.9185628040560343,0.9222846441947565
0.187,0.9192720239141903,0.9297752808988764,0.9270324131059141,0.9316479400749064,0.9199812437723462,0.9222846441947565
0.188,0.9192720239141903,0.9297752808988764,0.9277416329640702,0.9316479400749064,0.9206904636305023,0.9222846441947565
0.189,0.9206904636305023,0.9307116104868914,0.9284508528222262,0.9316479400749064,0.9213996834886584,0.9232209737827716
0.19,0.9206904636305023,0.9316479400749064,0.9291600726803821,0.9316479400749064,0.9213996834886584,0.9232209737827716
0.191,0.9213996834886584,0.9316479400749064,0.9298692925385382,0.9325842696629213,0.9213996834886584,0.9241573033707865
0.192,0.9213996834886584,0.9316479400749064,0.9298692925385382,0.9325842696629213,0.9213996834886584,0.9241573033707865
0.193,0.9221089033468144,0.9316479400749064,0.9305785123966943,0.9325842696629213,0.9213996834886584,0.9250936329588015
0.194,0.9221089033468144,0.9316479400749064,0.9305785123966943,0.9335205992509363,0.9213996834886584,0.9250936329588015
0.195,0.9235273430631264,0.9316479400749064,0.9312877322548503,0.9372659176029963,0.9213996834886584,0.9250936329588015
0.196,0.9235273430631264,0.9316479400749064,0.9312877322548503,0.9372659176029963,0.9213996834886584,0.9250936329588015
0.197,0.9249457827794385,0.9316479400749064,0.9312877322548503,0.9372659176029963,0.9221089033468144,0.9250936329588015
0.198,0.9249457827794385,0.9316479400749064,0.9319969521130063,0.9372659176029963,0.9228181232049704,0.9269662921348315
0.199,0.9263642224957506,0.9325842696629213,0.9319969521130063,0.9382022471910112,0.9228181232049704,0.9269662921348315
0.2,0.9277826622120626,0.9325842696629213,0.9319969521130063,0.9391385767790262,0.9235273430631264,0.9279026217228464
0.201,0.9277826622120626,0.9325842696629213,0.9327061719711623,0.9391385767790262,0.9235273430631264,0.9279026217228464
0.202,0.9299103217865308,0.9335205992509363,0.9327061719711623,0.9400749063670412,0.9235273430631264,0.9279026217228464
0.203,0.9299103217865308,0.9335205992509363,0.9327061719711623,0.9400749063670412,0.9242365629212825,0.9288389513108615
0.20400000000000001,0.9299103217865308,0.9353932584269663,0.9327061719711623,0.9400749063670412,0.9249457827794385,0.9297752808988764
0.20500000000000002,0.9299103217865308,0.9353932584269663,0.9348338315456304,0.9400749063670412,0.9256550026375945,0.9297752808988764
0.20600000000000002,0.9313287615028427,0.9353932584269663,0.9362522712619425,0.9400749063670412,0.9256550026375945,0.9316479400749064
0.20700000000000002,0.9320379813609988,0.9353932584269663,0.9369614911200985,0.9400749063670412,0.9263642224957506,0.9344569288389513
0.20800000000000002,0.9334564210773109,0.9363295880149812,0.9369614911200985,0.9400749063670412,0.9270734423539067,0.9353932584269663
0.209,0.9341656409354668,0.9372659176029963,0.9369614911200985,0.9400749063670412,0.9277826622120626,0.9353932584269663
0.21,0.9341656409354668,0.9372659176029963,0.9369614911200985,0.9410112359550562,0.9277826622120626,0.9363295880149812
0.211,0.9348748607936229,0.9382022471910112,0.9369614911200985,0.9410112359550562,0.9284918820702186,0.9363295880149812
0.212,0.9348748607936229,0.9382022471910112,0.9369614911200985,0.9419475655430711,0.9284918820702186,0.9372659176029963
0.213,0.935584080651779,0.9391385767790262,0.9369614911200985,0.9419475655430711,0.9284918820702186,0.9391385767790262
0.214,0.935584080651779,0.9391385767790262,0.9376707109782545,0.9419475655430711,0.9299103217865308,0.9400749063670412
0.215,0.9369614911200985,0.9410112359550562,0.9383799308364106,0.9419475655430711,0.9299103217865308,0.9400749063670412
0.216,0.9369614911200985,0.9419475655430711,0.9383799308364106,0.9428838951310862,0.9320379813609988,0.9400749063670412
0.217,0.9369614911200985,0.9428838951310862,0.9383799308364106,0.9428838951310862,0.9320379813609988,0.9400749063670412
0.218,0.9369614911200985,0.9456928838951311,0.9383799308364106,0.9428838951310862,0.9327472012191549,0.9400749063670412
0.219,0.9376707109782545,0.9456928838951311,0.9383799308364106,0.9438202247191011,0.9341656409354668,0.9410112359550562
0.22,0.9383799308364106,0.9466292134831461,0.9383799308364106,0.9447565543071161,0.9341656409354668,0.9410112359550562
0.221,0.9383799308364106,0.9466292134831461,0.9390891506945667,0.9447565543071161,0.935584080651779,0.9410112359550562
0.222,0.9390891506945667,0.9485018726591761,0.9390891506945667,0.9447565543071161,0.935584080651779,0.9410112359550562
0.223,0.9390891506945667,0.9485018726591761,0.9397983705527226,0.9447565543071161,0.935584080651779,0.9410112359550562
0.224,0.9397983705527226,0.9485018726591761,0.9397983705527226,0.9447565543071161,0.935584080651779,0.9410112359550562
0.225,0.9405075904108786,0.9485018726591761,0.9397983705527226,0.9466292134831461,0.936293300509935,0.9419475655430711
0.226,0.9405075904108786,0.949438202247191,0.9397983705527226,0.947565543071161,0.937002520368091,0.9419475655430711
0.227,0.9405075904108786,0.949438202247191,0.9397983705527226,0.947565543071161,0.937711740226247,0.9428838951310862
0.228,0.9405075904108786,0.949438202247191,0.9397983705527226,0.949438202247191,0.937711740226247,0.9428838951310862
0.229,0.9405075904108786,0.950374531835206,0.9397983705527226,0.951310861423221,0.9391301799425591,0.9447565543071161
0.23,0.9405075904108786,0.950374531835206,0.9412168102690346,0.952247191011236,0.9391301799425591,0.9447565543071161
0.231,0.9405075904108786,0.950374531835206,0.9419260301271907,0.952247191011236,0.9398393998007151,0.9456928838951311
0.232,0.9405075904108786,0.952247191011236,0.9419260301271907,0.9531835205992509,0.9398393998007151,0.947565543071161
0.233,0.9405075904108786,0.952247191011236,0.9419260301271907,0.9531835205992509,0.940548619658871,0.947565543071161
0.234,0.9405075904108786,0.9559925093632958,0.9419260301271907,0.9531835205992509,0.940548619658871,0.947565543071161
0.23500000000000001,0.9412168102690346,0.9569288389513109,0.9426352499853468,0.954119850187266,0.940548619658871,0.947565543071161
0.23600000000000002,0.9412168102690346,0.9569288389513109,0.9426352499853468,0.9559925093632958,0.940548619658871,0.949438202247191
0.23700000000000002,0.9412168102690346,0.9578651685393258,0.9426352499853468,0.9569288389513109,0.940548619658871,0.949438202247191
0.23800000000000002,0.9412168102690346,0.9578651685393258,0.9433444698435027,0.9569288389513109,0.940548619658871,0.949438202247191
0.23900000000000002,0.9419260301271907,0.9578651685393258,0.9433444698435027,0.9569288389513109,0.9419670593751832,0.9531835205992509
0.24,0.9419260301271907,0.9588014981273408,0.9440536897016587,0.9569288389513109,0.9426762792333392,0.954119850187266
0.241,0.9426352499853468,0.9588014981273408,0.9440536897016587,0.9569288389513109,0.9426762792333392,0.954119850187266
0.242,0.9426352499853468,0.9588014981273408,0.9440536897016587,0.9578651685393258,0.9433854990914952,0.9559925093632958
0.243,0.9426352499853468,0.9588014981273408,0.9454311001699782,0.9578651685393258,0.9433854990914952,0.9559925093632958
0.244,0.9426352499853468,0.9588014981273408,0.9475587597444464,0.9588014981273408,0.9433854990914952,0.9559925093632958
0.245,0.9426352499853468,0.9597378277153558,0.9482679796026023,0.9606741573033708,0.9433854990914952,0.9559925093632958
0.246,0.9426352499853468,0.9597378277153558,0.9482679796026023,0.9616104868913857,0.9433854990914952,0.9559925093632958
0.247,0.9426352499853468,0.9597378277153558,0.9482679796026023,0.9616104868913857,0.9433854990914952,0.9559925093632958
0.248,0.9426352499853468,0.9597378277153558,0.9489771994607584,0.9616104868913857,0.9433854990914952,0.9569288389513109
0.249,0.9426352499853468,0.9606741573033708,0.9489771994607584,0.9625468164794008,0.9440947189496512,0.9569288389513109
0.25,0.9426352499853468,0.9616104868913857,0.9489771994607584,0.9625468164794008,0.9440947189496512,0.9569288389513109
0.251,0.9447629095598148,0.9625468164794008,0.9489771994607584,0.9625468164794008,0.9448039388078073,0.9569288389513109
0.252,0.9447629095598148,0.9625468164794008,0.9496864193189145,0.9644194756554307,0.9448039388078073,0.9578651685393258
0.253,0.9447629095598148,0.9625468164794008,0.9503956391770705,0.9644194756554307,0.9448039388078073,0.9578651685393258
0.254,0.9454721294179709,0.9625468164794008,0.9503956391770705,0.9644194756554307,0.9448039388078073,0.9578651685393258
0.255,0.9468905691342828,0.9625468164794008,0.9503956391770705,0.9644194756554307,0.9448039388078073,0.9588014981273408
0.256,0.9475997889924389,0.9625468164794008,0.9511048590352265,0.9644194756554307,0.9448039388078073,0.9588014981273408
0.257,0.9475997889924389,0.9625468164794008,0.9511048590352265,0.9644194756554307,0.9448039388078073,0.9597378277153558
0.258,0.948309008850595,0.9634831460674157,0.9518140788933825,0.9644194756554307,0.9448039388078073,0.9597378277153558
0.259,0.948309008850595,0.9644194756554307,0.9525232987515386,0.9644194756554307,0.9448039388078073,0.9597378277153558
0.26,0.9497274485669069,0.9644194756554307,0.9525232987515386,0.9653558052434457,0.9448039388078073,0.9606741573033708
0.261,0.9497274485669069,0.9644194756554307,0.9539417384678506,0.9662921348314607,0.9448039388078073,0.9606741573033708
0.262,0.9497274485669069,0.9653558052434457,0.9546509583260067,0.9672284644194756,0.9448039388078073,0.9616104868913857
0.263,0.9497274485669069,0.9662921348314607,0.9553601781841627,0.9672284644194756,0.9455131586659633,0.9616104868913857
0.264,0.950436668425063,0.9662921348314607,0.9553601781841627,0.9672284644194756,0.9455131586659633,0.9616104868913857
0.265,0.9518551081413751,0.9662921348314607,0.9560693980423187,0.9672284644194756,0.9462223785241193,0.9625468164794008
0.266,0.9518551081413751,0.9662921348314607,0.9560693980423187,0.9672284644194756,0.9462223785241193,0.9625468164794008
0.267,0.9518551081413751,0.9672284644194756,0.9560693980423187,0.9672284644194756,0.9462223785241193,0.9625468164794008
0.268,0.9518551081413751,0.9681647940074907,0.9560693980423187,0.9672284644194756,0.9462223785241193,0.9625468164794008
0.269,0.9518551081413751,0.9681647940074907,0.9560693980423187,0.9672284644194756,0.9462223785241193,0.9625468164794008
0.27,0.9518551081413751,0.9681647940074907,0.9560693980423187,0.9672284644194756,0.9462223785241193,0.9625468164794008
0.271,0.9525643279995311,0.9681647940074907,0.9560693980423187,0.9691011235955056,0.9462223785241193,0.9625468164794008
0.272,0.9532735478576871,0.9691011235955056,0.9560693980423187,0.9691011235955056,0.9469315983822754,0.9625468164794008
0.273,0.9532735478576871,0.9691011235955056,0.9560693980423187,0.9691011235955056,0.9469315983822754,0.9625468164794008
0.274,0.9532735478576871,0.9709737827715356,0.9567786179004747,0.9691011235955056,0.9469315983822754,0.9625468164794008
0.275,0.9539827677158432,0.9719101123595506,0.9567786179004747,0.9700374531835206,0.9476408182404314,0.9625468164794008
0.276,0.9539827677158432,0.9719101123595506,0.9567786179004747,0.9700374531835206,0.9476408182404314,0.9625468164794008
0.277,0.9560693980423187,0.9719101123595506,0.9567786179004747,0.9700374531835206,0.9476408182404314,0.9625468164794008
0.278,0.9560693980423187,0.9719101123595506,0.9567786179004747,0.9700374531835206,0.9483500380985874,0.9625468164794008
0.279,0.9560693980423187,0.9719101123595506,0.9574878377586308,0.9700374531835206,0.9483500380985874,0.9644194756554307
0.28,0.9560693980423187,0.9719101123595506,0.9589062774749428,0.9700374531835206,0.9483500380985874,0.9644194756554307
0.281,0.9560693980423187,0.9719101123595506,0.9589062774749428,0.9709737827715356,0.9483500380985874,0.9644194756554307
0.28200000000000003,0.9560693980423187,0.9719101123595506,0.9603247171912549,0.9719101123595506,0.9483500380985874,0.9644194756554307
0.28300000000000003,0.9560693980423187,0.9719101123595506,0.9603247171912549,0.9719101123595506,0.9483500380985874,0.9644194756554307
0.28400000000000003,0.9560693980423187,0.9719101123595506,0.9603247171912549,0.9719101123595506,0.9483500380985874,0.9653558052434457
0.28500000000000003,0.9560693980423187,0.9719101123595506,0.9603247171912549,0.9719101123595506,0.9497684778148995,0.9653558052434457
0.28600000000000003,0.9560693980423187,0.9719101123595506,0.9603247171912549,0.9719101123595506,0.9497684778148995,0.9653558052434457
0.28700000000000003,0.9560693980423187,0.9719101123595506,0.9603247171912549,0.9719101123595506,0.9497684778148995,0.9653558052434457
0.28800000000000003,0.9560693980423187,0.9719101123595506,0.9603247171912549,0.9728464419475655,0.9497684778148995,0.9662921348314607
0.289,0.9560693980423187,0.9719101123595506,0.961033937049411,0.9737827715355806,0.9504776976730556,0.9662921348314607
0.29,0.9560693980423187,0.9719101123595506,0.961743156907567,0.9737827715355806,0.9518551081413751,0.9662921348314607
0.291,0.9567786179004747,0.9719101123595506,0.961743156907567,0.9747191011235955,0.9518551081413751,0.9672284644194756
0.292,0.9567786179004747,0.9719101123595506,0.961743156907567,0.9747191011235955,0.9518551081413751,0.9672284644194756
0.293,0.9567786179004747,0.9728464419475655,0.961743156907567,0.9747191011235955,0.9518551081413751,0.9681647940074907
0.294,0.9567786179004747,0.9728464419475655,0.961743156907567,0.9747191011235955,0.9525643279995311,0.9681647940074907
0.295,0.9567786179004747,0.9728464419475655,0.961743156907567,0.9747191011235955,0.9525643279995311,0.9681647940074907
0.296,0.9567786179004747,0.9728464419475655,0.961743156907567,0.9747191011235955,0.9525643279995311,0.9681647940074907
0.297,0.9574878377586308,0.9728464419475655,0.961743156907567,0.9747191011235955,0.9525643279995311,0.9681647940074907
0.298,0.9574878377586308,0.9728464419475655,0.961743156907567,0.9747191011235955,0.9532735478576871,0.9681647940074907
0.299,0.9581970576167869,0.9737827715355806,0.961743156907567,0.9747191011235955,0.9554012074321552,0.9681647940074907
0.3,0.9589062774749428,0.9737827715355806,0.961743156907567,0.9747191011235955,0.9561104272903113,0.9681647940074907
0.301,0.9589062774749428,0.9737827715355806,0.961743156907567,0.9756554307116105,0.9561104272903113,0.9681647940074907
0.302,0.9589062774749428,0.9737827715355806,0.961743156907567,0.9756554307116105,0.9561104272903113,0.9691011235955056
0.303,0.9589062774749428,0.9737827715355806,0.961743156907567,0.9756554307116105,0.9561104272903113,0.9691011235955056
0.304,0.9589062774749428,0.9737827715355806,0.961743156907567,0.9756554307116105,0.9561104272903113,0.9691011235955056
0.305,0.9589062774749428,0.9737827715355806,0.961743156907567,0.9756554307116105,0.9568196471484673,0.9691011235955056
0.306,0.9596154973330988,0.9737827715355806,0.9624523767657229,0.9756554307116105,0.9568196471484673,0.9700374531835206
0.307,0.9596154973330988,0.9737827715355806,0.9624523767657229,0.9756554307116105,0.9568196471484673,0.9719101123595506
0.308,0.9603247171912549,0.9737827715355806,0.9624523767657229,0.9765917602996255,0.9581970576167869,0.9719101123595506
0.309,0.9603247171912549,0.9737827715355806,0.9624523767657229,0.9765917602996255,0.9596154973330988,0.9719101123595506
0.31,0.9603247171912549,0.9737827715355806,0.9624523767657229,0.9775280898876404,0.9596154973330988,0.9719101123595506
0.311,0.961033937049411,0.9737827715355806,0.9624523767657229,0.9775280898876404,0.9596154973330988,0.9719101123595506
0.312,0.961033937049411,0.9737827715355806,0.9624523767657229,0.9775280898876404,0.9596154973330988,0.9728464419475655
0.313,0.961033937049411,0.9737827715355806,0.9624523767657229,0.9775280898876404,0.9596154973330988,0.9728464419475655
0.314,0.9631205673758865,0.9737827715355806,0.9624523767657229,0.9775280898876404,0.9596154973330988,0.9728464419475655
0.315,0.9631205673758865,0.9737827715355806,0.9624523767657229,0.9784644194756554,0.9596154973330988,0.9728464419475655
0.316,0.9631205673758865,0.9737827715355806,0.9624523767657229,0.9784644194756554,0.9596154973330988,0.9737827715355806
0.317,0.9631205673758865,0.9737827715355806,0.9624523767657229,0.9784644194756554,0.9596154973330988,0.9737827715355806
0.318,0.9638297872340426,0.9747191011235955,0.9624523767657229,0.9784644194756554,0.9596154973330988,0.9737827715355806
0.319,0.9645390070921986,0.9747191011235955,0.9624523767657229,0.9794007490636704,0.9603247171912549,0.9737827715355806
0.32,0.9652482269503546,0.9747191011235955,0.963161596623879,0.9794007490636704,0.9603247171912549,0.9737827715355806
0.321,0.9659574468085106,0.9747191011235955,0.963161596623879,0.9794007490636704,0.9603247171912549,0.9737827715355806
0.322,0.9659574468085106,0.9747191011235955,0.963161596623879,0.9812734082397003,0.9603247171912549,0.9747191011235955
0.323,0.9666666666666667,0.9747191011235955,0.9638708164820351,0.9812734082397003,0.9603247171912549,0.9747191011235955
0.324,0.9666666666666667,0.9747191011235955,0.9638708164820351,0.9812734082397003,0.9603247171912549,0.9747191011235955
0.325,0.9673758865248228,0.9747191011235955,0.9638708164820351,0.9812734082397003,0.9603247171912549,0.9747191011235955
0.326,0.9673758865248228,0.9747191011235955,0.9638708164820351,0.9812734082397003,0.9603247171912549,0.9747191011235955
0.327,0.9673758865248228,0.9747191011235955,0.9638708164820351,0.9822097378277154,0.9603247171912549,0.9756554307116105
0.328,0.9673758865248228,0.9747191011235955,0.9638708164820351,0.9831460674157303,0.9603247171912549,0.9756554307116105
0.329,0.9680851063829787,0.9756554307116105,0.9645800363401911,0.9831460674157303,0.9603247171912549,0.9756554307116105
0.33,0.9687943262411347,0.9756554307116105,0.965289256198347,0.9831460674157303,0.9603247171912549,0.9756554307116105
0.331,0.9687943262411347,0.9765917602996255,0.9659984760565031,0.9831460674157303,0.961033937049411,0.9756554307116105
0.332,0.9687943262411347,0.9765917602996255,0.9659984760565031,0.9831460674157303,0.961033937049411,0.9756554307116105
0.333,0.9687943262411347,0.9765917602996255,0.9674169157728152,0.9831460674157303,0.9624523767657229,0.9756554307116105
0.334,0.9687943262411347,0.9775280898876404,0.9674169157728152,0.9831460674157303,0.9624523767657229,0.9756554307116105
0.335,0.9687943262411347,0.9775280898876404,0.9688353554891272,0.9831460674157303,0.9624523767657229,0.9765917602996255
0.336,0.9695035460992908,0.9775280898876404,0.9695445753472833,0.9840823970037453,0.963161596623879,0.9765917602996255
0.337,0.9695035460992908,0.9775280898876404,0.9695445753472833,0.9840823970037453,0.963161596623879,0.9765917602996255
0.338,0.9695035460992908,0.9775280898876404,0.9695445753472833,0.9840823970037453,0.963161596623879,0.9765917602996255
0.339,0.9695035460992908,0.9784644194756554,0.9695445753472833,0.9840823970037453,0.9645800363401911,0.9765917602996255
0.34,0.9702127659574469,0.9784644194756554,0.9695445753472833,0.9840823970037453,0.9645800363401911,0.9775280898876404
0.341,0.9702127659574469,0.9784644194756554,0.9695445753472833,0.9840823970037453,0.9645800363401911,0.9775280898876404
0.342,0.9702127659574469,0.9784644194756554,0.9695445753472833,0.9840823970037453,0.9645800363401911,0.9775280898876404
0.343,0.9702127659574469,0.9784644194756554,0.9695445753472833,0.9840823970037453,0.9645800363401911,0.9775280898876404
0.34400000000000003,0.9702127659574469,0.9784644194756554,0.9695445753472833,0.9840823970037453,0.9645800363401911,0.9775280898876404
0.34500000000000003,0.9709219858156029,0.9784644194756554,0.9709630150635953,0.9840823970037453,0.9659984760565031,0.9775280898876404
0.34600000000000003,0.9709219858156029,0.9794007490636704,0.9709630150635953,0.9840823970037453,0.9659984760565031,0.9775280898876404
0.34700000000000003,0.9716312056737588,0.9794007490636704,0.9709630150635953,0.9840823970037453,0.9659984760565031,0.9784644194756554
0.34800000000000003,0.9723404255319149,0.9803370786516854,0.9716722349217514,0.9840823970037453,0.9659984760565031,0.9784644194756554
0.34900000000000003,0.973049645390071,0.9803370786516854,0.9716722349217514,0.9840823970037453,0.9667076959146592,0.9794007490636704
0.35000000000000003,0.973049645390071,0.9822097378277154,0.9716722349217514,0.9850187265917603,0.9688353554891272,0.9794007490636704
0.35100000000000003,0.973049645390071,0.9822097378277154,0.9716722349217514,0.9850187265917603,0.9695445753472833,0.9794007490636704
0.352,0.973049645390071,0.9822097378277154,0.9716722349217514,0.9850187265917603,0.9695445753472833,0.9794007490636704
0.353,0.973049645390071,0.9822097378277154,0.9716722349217514,0.9850187265917603,0.9695445753472833,0.9794007490636704
0.354,0.973049645390071,0.9822097378277154,0.9716722349217514,0.9859550561797753,0.9709630150635953,0.9794007490636704
0.355,0.973049645390071,0.9822097378277154,0.9716722349217514,0.9859550561797753,0.9709630150635953,0.9794007490636704
0.356,0.973049645390071,0.9822097378277154,0.9716722349217514,0.9859550561797753,0.9709630150635953,0.9794007490636704
0.357,0.973049645390071,0.9831460674157303,0.9723814547799075,0.9859550561797753,0.9709630150635953,0.9803370786516854
0.358,0.973049645390071,0.9831460674157303,0.9723814547799075,0.9859550561797753,0.9709630150635953,0.9803370786516854
0.359,0.973049645390071,0.9831460674157303,0.9723814547799075,0.9859550561797753,0.9709630150635953,0.9803370786516854
0.36,0.973049645390071,0.9831460674157303,0.9723814547799075,0.9859550561797753,0.9709630150635953,0.9803370786516854
0.361,0.973049645390071,0.9831460674157303,0.9730906746380634,0.9859550561797753,0.9709630150635953,0.9803370786516854
0.362,0.973049645390071,0.9831460674157303,0.9730906746380634,0.9859550561797753,0.9709630150635953,0.9803370786516854
0.363,0.973049645390071,0.9831460674157303,0.9745091143543755,0.9859550561797753,0.9716722349217514,0.9803370786516854
0.364,0.973049645390071,0.9831460674157303,0.9745091143543755,0.9859550561797753,0.9716722349217514,0.9803370786516854
0.365,0.973049645390071,0.9831460674157303,0.9745091143543755,0.9859550561797753,0.9716722349217514,0.9803370786516854
0.366,0.973049645390071,0.9840823970037453,0.9758865248226951,0.9859550561797753,0.9716722349217514,0.9803370786516854
0.367,0.973049645390071,0.9840823970037453,0.9758865248226951,0.9859550561797753,0.9716722349217514,0.9803370786516854
0.368,0.973758865248227,0.9840823970037453,0.9765957446808511,0.9859550561797753,0.9716722349217514,0.9803370786516854
0.369,0.973758865248227,0.9840823970037453,0.9765957446808511,0.9859550561797753,0.9716722349217514,0.9803370786516854
0.37,0.973758865248227,0.9840823970037453,0.9765957446808511,0.9859550561797753,0.9716722349217514,0.9803370786516854
0.371,0.973758865248227,0.9840823970037453,0.9765957446808511,0.9859550561797753,0.9716722349217514,0.9822097378277154
0.372,0.973758865248227,0.9840823970037453,0.9765957446808511,0.9859550561797753,0.9716722349217514,0.9822097378277154
0.373,0.975177304964539,0.9840823970037453,0.9773049645390071,0.9859550561797753,0.9716722349217514,0.9822097378277154
0.374,0.975177304964539,0.9840823970037453,0.9773049645390071,0.9859550561797753,0.9723814547799075,0.9822097378277154
0.375,0.9758865248226951,0.9840823970037453,0.9773049645390071,0.9859550561797753,0.9723814547799075,0.9822097378277154
0.376,0.9758865248226951,0.9840823970037453,0.9773049645390071,0.9859550561797753,0.9730906746380634,0.9822097378277154
0.377,0.9758865248226951,0.9840823970037453,0.9773049645390071,0.9859550561797753,0.9730906746380634,0.9822097378277154
0.378,0.9758865248226951,0.9840823970037453,0.9773049645390071,0.9859550561797753,0.9730906746380634,0.9822097378277154
0.379,0.9758865248226951,0.9840823970037453,0.9773049645390071,0.9859550561797753,0.9730906746380634,0.9822097378277154
0.38,0.9758865248226951,0.9840823970037453,0.9773049645390071,0.9859550561797753,0.9730906746380634,0.9822097378277154
0.381,0.9758865248226951,0.9840823970037453,0.9773049645390071,0.9859550561797753,0.9730906746380634,0.9822097378277154
0.382,0.9758865248226951,0.9840823970037453,0.9773049645390071,0.9859550561797753,0.9730906746380634,0.9822097378277154
0.383,0.9758865248226951,0.9840823970037453,0.9773049645390071,0.9859550561797753,0.9730906746380634,0.9822097378277154
0.384,0.9758865248226951,0.9840823970037453,0.9773049645390071,0.9859550561797753,0.9737998944962194,0.9822097378277154
0.385,0.9758865248226951,0.9840823970037453,0.9780141843971631,0.9859550561797753,0.9737998944962194,0.9822097378277154
0.386,0.9765957446808511,0.9840823970037453,0.9780141843971631,0.9868913857677902,0.9737998944962194,0.9822097378277154
0.387,0.9765957446808511,0.9840823970037453,0.9787234042553192,0.9868913857677902,0.9737998944962194,0.9822097378277154
0.388,0.9765957446808511,0.9840823970037453,0.9794326241134752,0.9868913857677902,0.9745091143543755,0.9822097378277154
0.389,0.9765957446808511,0.9840823970037453,0.9794326241134752,0.9868913857677902,0.9745091143543755,0.9822097378277154
0.39,0.9765957446808511,0.9840823970037453,0.9794326241134752,0.9868913857677902,0.9745091143543755,0.9822097378277154
0.391,0.9765957446808511,0.9840823970037453,0.9794326241134752,0.9868913857677902,0.9745091143543755,0.9822097378277154
0.392,0.9765957446808511,0.9840823970037453,0.9794326241134752,0.9868913857677902,0.9745091143543755,0.9822097378277154
0.393,0.9773049645390071,0.9840823970037453,0.9794326241134752,0.9868913857677902,0.9745091143543755,0.9822097378277154
0.394,0.9773049645390071,0.9840823970037453,0.9794326241134752,0.9868913857677902,0.9745091143543755,0.9822097378277154
0.395,0.9773049645390071,0.9850187265917603,0.9794326241134752,0.9868913857677902,0.9745091143543755,0.9822097378277154
0.396,0.9780141843971631,0.9850187265917603,0.9794326241134752,0.9868913857677902,0.9745091143543755,0.9822097378277154
0.397,0.9780141843971631,0.9850187265917603,0.9794326241134752,0.9868913857677902,0.9745091143543755,0.9822097378277154
0.398,0.9780141843971631,0.9850187265917603,0.9794326241134752,0.9868913857677902,0.9745091143543755,0.9831460674157303
0.399,0.9780141843971631,0.9850187265917603,0.9794326241134752,0.9868913857677902,0.9745091143543755,0.9831460674157303
0.4,0.9780141843971631,0.9850187265917603,0.9794326241134752,0.9868913857677902,0.9745091143543755,0.9831460674157303
0.401,0.9787234042553192,0.9850187265917603,0.9794326241134752,0.9868913857677902,0.9745091143543755,0.9831460674157303
0.402,0.9787234042553192,0.9850187265917603,0.9794326241134752,0.9868913857677902,0.9745091143543755,0.9831460674157303
0.403,0.9787234042553192,0.9859550561797753,0.9794326241134752,0.9868913857677902,0.9745091143543755,0.9831460674157303
0.404,0.9794326241134752,0.9859550561797753,0.9801418439716312,0.9868913857677902,0.9745091143543755,0.9831460674157303
0.405,0.9794326241134752,0.9859550561797753,0.9801418439716312,0.9868913857677902,0.9745091143543755,0.9831460674157303
0.406,0.9794326241134752,0.9868913857677902,0.9801418439716312,0.9868913857677902,0.9745091143543755,0.9831460674157303
0.40700000000000003,0.9794326241134752,0.9868913857677902,0.9801418439716312,0.9868913857677902,0.9745091143543755,0.9831460674157303
0.40800000000000003,0.9794326241134752,0.9868913857677902,0.9801418439716312,0.9868913857677902,0.9745091143543755,0.9831460674157303
0.40900000000000003,0.9794326241134752,0.9868913857677902,0.9801418439716312,0.9868913857677902,0.9752183342125316,0.9831460674157303
0.41000000000000003,0.9794326241134752,0.9868913857677902,0.9808510638297872,0.9868913857677902,0.9752183342125316,0.9831460674157303
0.41100000000000003,0.9801418439716312,0.9868913857677902,0.9808510638297872,0.9868913857677902,0.9752183342125316,0.9831460674157303
0.41200000000000003,0.9801418439716312,0.9868913857677902,0.9808510638297872,0.9868913857677902,0.9752183342125316,0.9831460674157303
0.41300000000000003,0.9815602836879432,0.9868913857677902,0.9808510638297872,0.9868913857677902,0.9752183342125316,0.9831460674157303
0.41400000000000003,0.9822695035460993,0.9868913857677902,0.9808510638297872,0.9868913857677902,0.9752183342125316,0.9840823970037453
0.41500000000000004,0.9822695035460993,0.9868913857677902,0.9808510638297872,0.9868913857677902,0.9752183342125316,0.9840823970037453
0.41600000000000004,0.9822695035460993,0.9868913857677902,0.9808510638297872,0.9868913857677902,0.9759275540706875,0.9850187265917603
0.417,0.9822695035460993,0.9868913857677902,0.9808510638297872,0.9868913857677902,0.9759275540706875,0.9850187265917603
0.418,0.9822695035460993,0.9868913857677902,0.9808510638297872,0.9868913857677902,0.9759275540706875,0.9850187265917603
0.419,0.9822695035460993,0.9868913857677902,0.9808510638297872,0.9868913857677902,0.9759275540706875,0.9850187265917603
0.42,0.9822695035460993,0.9878277153558053,0.9815602836879432,0.9868913857677902,0.9759275540706875,0.9850187265917603
0.421,0.9822695035460993,0.9878277153558053,0.9822695035460993,0.9868913857677902,0.9766367739288435,0.9850187265917603
0.422,0.9822695035460993,0.9878277153558053,0.9822695035460993,0.9868913857677902,0.9766367739288435,0.9850187265917603
0.423,0.9822695035460993,0.9878277153558053,0.9822695035460993,0.9868913857677902,0.9766367739288435,0.9850187265917603
0.424,0.9822695035460993,0.9878277153558053,0.9822695035460993,0.9868913857677902,0.9766367739288435,0.9850187265917603
0.425,0.9822695035460993,0.9878277153558053,0.9822695035460993,0.9868913857677902,0.9773459937869996,0.9850187265917603
0.426,0.9822695035460993,0.9878277153558053,0.9822695035460993,0.9868913857677902,0.9773459937869996,0.9850187265917603
0.427,0.9822695035460993,0.9878277153558053,0.9822695035460993,0.9868913857677902,0.9773459937869996,0.9850187265917603
0.428,0.9822695035460993,0.9878277153558053,0.9822695035460993,0.9868913857677902,0.9773459937869996,0.9850187265917603
0.429,0.9822695035460993,0.9878277153558053,0.9822695035460993,0.9868913857677902,0.9773459937869996,0.9850187265917603
0.43,0.9822695035460993,0.9878277153558053,0.9822695035460993,0.9868913857677902,0.9773459937869996,0.9850187265917603
0.431,0.9822695035460993,0.9878277153558053,0.9829787234042553,0.9868913857677902,0.9773459937869996,0.9850187265917603
0.432,0.9822695035460993,0.9878277153558053,0.9836879432624113,0.9868913857677902,0.9773459937869996,0.9850187265917603
0.433,0.9822695035460993,0.9878277153558053,0.9836879432624113,0.9868913857677902,0.9773459937869996,0.9850187265917603
0.434,0.9822695035460993,0.9878277153558053,0.9843971631205674,0.9868913857677902,0.9773459937869996,0.9850187265917603
0.435,0.9822695035460993,0.9878277153558053,0.9843971631205674,0.9868913857677902,0.9773459937869996,0.9850187265917603
0.436,0.9822695035460993,0.9878277153558053,0.9843971631205674,0.9868913857677902,0.9773459937869996,0.9850187265917603
0.437,0.9822695035460993,0.9878277153558053,0.9843971631205674,0.9868913857677902,0.9773459937869996,0.9850187265917603
0.438,0.9822695035460993,0.9878277153558053,0.9843971631205674,0.9878277153558053,0.9773459937869996,0.9850187265917603
0.439,0.9822695035460993,0.9878277153558053,0.9843971631205674,0.9878277153558053,0.9773459937869996,0.9850187265917603
0.44,0.9822695035460993,0.9878277153558053,0.9843971631205674,0.9878277153558053,0.9773459937869996,0.9850187265917603
0.441,0.9822695035460993,0.9878277153558053,0.9843971631205674,0.9878277153558053,0.9780552136451557,0.9850187265917603
0.442,0.9822695035460993,0.9878277153558053,0.9843971631205674,0.9878277153558053,0.9780552136451557,0.9850187265917603
0.443,0.9829787234042553,0.9878277153558053,0.9843971631205674,0.9878277153558053,0.9780552136451557,0.9850187265917603
0.444,0.9829787234042553,0.9878277153558053,0.9843971631205674,0.9878277153558053,0.9780552136451557,0.9850187265917603
0.445,0.9829787234042553,0.9878277153558053,0.9843971631205674,0.9878277153558053,0.9780552136451557,0.9859550561797753
0.446,0.9829787234042553,0.9878277153558053,0.9843971631205674,0.9887640449438202,0.9780552136451557,0.9859550561797753
0.447,0.9829787234042553,0.9878277153558053,0.9843971631205674,0.9887640449438202,0.9787644335033117,0.9859550561797753
0.448,0.9829787234042553,0.9878277153558053,0.9843971631205674,0.9887640449438202,0.9801828732196236,0.9859550561797753
0.449,0.9829787234042553,0.9878277153558053,0.9843971631205674,0.9887640449438202,0.9801828732196236,0.9859550561797753
0.45,0.9829787234042553,0.9878277153558053,0.9843971631205674,0.9887640449438202,0.9801828732196236,0.9859550561797753
0.451,0.9829787234042553,0.9878277153558053,0.9851063829787234,0.9887640449438202,0.9801828732196236,0.9859550561797753
0.452,0.9836879432624113,0.9878277153558053,0.9851063829787234,0.9887640449438202,0.9801828732196236,0.9859550561797753
0.453,0.9836879432624113,0.9878277153558053,0.9851063829787234,0.9887640449438202,0.9801828732196236,0.9859550561797753
0.454,0.9836879432624113,0.9878277153558053,0.9851063829787234,0.9887640449438202,0.9801828732196236,0.9859550561797753
0.455,0.9836879432624113,0.9878277153558053,0.9851063829787234,0.9887640449438202,0.9801828732196236,0.9859550561797753
0.456,0.9836879432624113,0.9878277153558053,0.9851063829787234,0.9887640449438202,0.9808920930777797,0.9868913857677902
0.457,0.9836879432624113,0.9878277153558053,0.9851063829787234,0.9887640449438202,0.9808920930777797,0.9868913857677902
0.458,0.9836879432624113,0.9878277153558053,0.9851063829787234,0.9887640449438202,0.9808920930777797,0.9868913857677902
0.459,0.9836879432624113,0.9878277153558053,0.9851063829787234,0.9887640449438202,0.9808920930777797,0.9868913857677902
0.46,0.9836879432624113,0.9878277153558053,0.9851063829787234,0.9887640449438202,0.9808920930777797,0.9868913857677902
0.461,0.9836879432624113,0.9878277153558053,0.9851063829787234,0.9887640449438202,0.9808920930777797,0.9868913857677902
0.462,0.9836879432624113,0.9878277153558053,0.9851063829787234,0.9887640449438202,0.9808920930777797,0.9878277153558053
0.463,0.9836879432624113,0.9878277153558053,0.9851063829787234,0.9887640449438202,0.9808920930777797,0.9878277153558053
0.464,0.9836879432624113,0.9878277153558053,0.9851063829787234,0.9887640449438202,0.9808920930777797,0.9878277153558053
0.465,0.9836879432624113,0.9878277153558053,0.9851063829787234,0.9887640449438202,0.9808920930777797,0.9878277153558053
0.466,0.9836879432624113,0.9878277153558053,0.9851063829787234,0.9887640449438202,0.9808920930777797,0.9878277153558053
0.467,0.9836879432624113,0.9878277153558053,0.9851063829787234,0.9887640449438202,0.9808920930777797,0.9878277153558053
0.468,0.9836879432624113,0.9878277153558053,0.9851063829787234,0.9887640449438202,0.9816013129359358,0.9878277153558053
0.46900000000000003,0.9836879432624113,0.9878277153558053,0.9851063829787234,0.9897003745318352,0.9816013129359358,0.9878277153558053
0.47000000000000003,0.9836879432624113,0.9878277153558053,0.9851063829787234,0.9897003745318352,0.9816013129359358,0.9878277153558053
0.47100000000000003,0.9836879432624113,0.9878277153558053,0.9851063829787234,0.9897003745318352,0.9816013129359358,0.9878277153558053
0.47200000000000003,0.9836879432624113,0.9878277153558053,0.9851063829787234,0.9897003745318352,0.9816013129359358,0.9878277153558053
0.47300000000000003,0.9836879432624113,0.9878277153558053,0.9851063829787234,0.9897003745318352,0.9816013129359358,0.9878277153558053
0.47400000000000003,0.9836879432624113,0.9887640449438202,0.9858156028368794,0.9906367041198502,0.9816013129359358,0.9878277153558053
0.47500000000000003,0.9836879432624113,0.9887640449438202,0.9858156028368794,0.9906367041198502,0.9823105327940918,0.9878277153558053
0.47600000000000003,0.9836879432624113,0.9887640449438202,0.9858156028368794,0.9906367041198502,0.9823105327940918,0.9878277153558053
0.47700000000000004,0.9836879432624113,0.9897003745318352,0.9858156028368794,0.9906367041198502,0.9823105327940918,0.9878277153558053
0.47800000000000004,0.9836879432624113,0.9897003745318352,0.9858156028368794,0.9906367041198502,0.9823105327940918,0.9878277153558053
0.47900000000000004,0.9836879432624113,0.9897003745318352,0.9858156028368794,0.9906367041198502,0.9823105327940918,0.9878277153558053
0.48,0.9836879432624113,0.9897003745318352,0.9865248226950354,0.9906367041198502,0.9823105327940918,0.9878277153558053
0.481,0.9836879432624113,0.9897003745318352,0.9865248226950354,0.9915730337078652,0.9823105327940918,0.9878277153558053
0.482,0.9843971631205674,0.9897003745318352,0.9865248226950354,0.9915730337078652,0.9823105327940918,0.9878277153558053
0.483,0.9843971631205674,0.9897003745318352,0.9865248226950354,0.9915730337078652,0.9830197526522477,0.9878277153558053
0.484,0.9843971631205674,0.9897003745318352,0.9879432624113476,0.9915730337078652,0.9830197526522477,0.9878277153558053
0.485,0.9843971631205674,0.9897003745318352,0.9879432624113476,0.9915730337078652,0.9830197526522477,0.9878277153558053
0.486,0.9843971631205674,0.9897003745318352,0.9879432624113476,0.9915730337078652,0.9830197526522477,0.9878277153558053
0.487,0.9843971631205674,0.9897003745318352,0.9879432624113476,0.9915730337078652,0.9830197526522477,0.9878277153558053
0.488,0.9843971631205674,0.9897003745318352,0.9879432624113476,0.9915730337078652,0.9830197526522477,0.9878277153558053
0.489,0.9843971631205674,0.9897003745318352,0.9879432624113476,0.9915730337078652,0.9837289725104038,0.9878277153558053
0.49,0.9843971631205674,0.9906367041198502,0.9879432624113476,0.9915730337078652,0.9837289725104038,0.9878277153558053
0.491,0.9843971631205674,0.9906367041198502,0.9879432624113476,0.9915730337078652,0.9837289725104038,0.9878277153558053
0.492,0.9843971631205674,0.9906367041198502,0.9886524822695035,0.9915730337078652,0.9837289725104038,0.9878277153558053
0.493,0.9843971631205674,0.9906367041198502,0.9886524822695035,0.9915730337078652,0.9837289725104038,0.9887640449438202
0.494,0.9843971631205674,0.9906367041198502,0.9893617021276595,0.9915730337078652,0.9837289725104038,0.9887640449438202
0.495,0.9843971631205674,0.9906367041198502,0.9893617021276595,0.9915730337078652,0.9837289725104038,0.9887640449438202
0.496,0.9843971631205674,0.9906367041198502,0.9893617021276595,0.9915730337078652,0.9837289725104038,0.9887640449438202
0.497,0.9843971631205674,0.9906367041198502,0.9893617021276595,0.9915730337078652,0.9837289725104038,0.9887640449438202
0.498,0.9843971631205674,0.9906367041198502,0.9893617021276595,0.9915730337078652,0.9837289725104038,0.9887640449438202
0.499,0.9851063829787234,0.9906367041198502,0.9893617021276595,0.9915730337078652,0.9837289725104038,0.9887640449438202
0.5,0.9851063829787234,0.9906367041198502,0.9893617021276595,0.9915730337078652,0.9851063829787234,0.9887640449438202
0.501,0.9851063829787234,0.9906367041198502,0.9893617021276595,0.9915730337078652,0.9858156028368794,0.9887640449438202
0.502,0.9851063829787234,0.9906367041198502,0.9893617021276595,0.9915730337078652,0.9858156028368794,0.9887640449438202
0.503,0.9858156028368794,0.9906367041198502,0.9893617021276595,0.9915730337078652,0.9865248226950354,0.9887640449438202
0.504,0.9858156028368794,0.9906367041198502,0.9893617021276595,0.9915730337078652,0.9865248226950354,0.9887640449438202
0.505,0.9858156028368794,0.9906367041198502,0.9893617021276595,0.9915730337078652,0.9865248226950354,0.9887640449438202
0.506,0.9858156028368794,0.9906367041198502,0.9893617021276595,0.9915730337078652,0.9865248226950354,0.9887640449438202
0.507,0.9858156028368794,0.9906367041198502,0.9893617021276595,0.9915730337078652,0.9865248226950354,0.9887640449438202
0.508,0.9858156028368794,0.9906367041198502,0.9893617021276595,0.9915730337078652,0.9865248226950354,0.9887640449438202
0.509,0.9858156028368794,0.9906367041198502,0.9893617021276595,0.9915730337078652,0.9865248226950354,0.9887640449438202
0.51,0.9858156028368794,0.9906367041198502,0.9893617021276595,0.9915730337078652,0.9865248226950354,0.9887640449438202
0.511,0.9858156028368794,0.9906367041198502,0.9893617021276595,0.9915730337078652,0.9865248226950354,0.9887640449438202
0.512,0.9858156028368794,0.9906367041198502,0.9893617021276595,0.9915730337078652,0.9865248226950354,0.9887640449438202
0.513,0.9858156028368794,0.9915730337078652,0.9893617021276595,0.9915730337078652,0.9865248226950354,0.9887640449438202
0.514,0.9858156028368794,0.9915730337078652,0.9893617021276595,0.9915730337078652,0.9872340425531915,0.9887640449438202
0.515,0.9858156028368794,0.9915730337078652,0.9893617021276595,0.9915730337078652,0.9872340425531915,0.9887640449438202
0.516,0.9858156028368794,0.9915730337078652,0.9893617021276595,0.9915730337078652,0.9872340425531915,0.9887640449438202
0.517,0.9858156028368794,0.9915730337078652,0.9893617021276595,0.9915730337078652,0.9872340425531915,0.9887640449438202
0.518,0.9858156028368794,0.9925093632958801,0.9893617021276595,0.9915730337078652,0.9872340425531915,0.9887640449438202
0.519,0.9858156028368794,0.9925093632958801,0.9893617021276595,0.9915730337078652,0.9872340425531915,0.9887640449438202
0.52,0.9858156028368794,0.9925093632958801,0.9893617021276595,0.9925093632958801,0.9872340425531915,0.9887640449438202
0.521,0.9858156028368794,0.9925093632958801,0.9893617021276595,0.9925093632958801,0.9872340425531915,0.9887640449438202
0.522,0.9858156028368794,0.9925093632958801,0.9893617021276595,0.9925093632958801,0.9872340425531915,0.9887640449438202
0.523,0.9858156028368794,0.9925093632958801,0.9893617021276595,0.9925093632958801,0.9872340425531915,0.9887640449438202
0.524,0.9858156028368794,0.9925093632958801,0.9893617021276595,0.9925093632958801,0.9872340425531915,0.9887640449438202
0.525,0.9865248226950354,0.9925093632958801,0.9893617021276595,0.9925093632958801,0.9872340425531915,0.9887640449438202
0.526,0.9865248226950354,0.9925093632958801,0.9893617021276595,0.9925093632958801,0.9872340425531915,0.9887640449438202
0.527,0.9865248226950354,0.9934456928838952,0.9900709219858156,0.9925093632958801,0.9872340425531915,0.9887640449438202
0.528,0.9865248226950354,0.9934456928838952,0.9900709219858156,0.9925093632958801,0.9872340425531915,0.9887640449438202
0.529,0.9872340425531915,0.9934456928838952,0.9900709219858156,0.9925093632958801,0.9872340425531915,0.9887640449438202
0.53,0.9872340425531915,0.9934456928838952,0.9900709219858156,0.9925093632958801,0.9872340425531915,0.9887640449438202
0.531,0.9872340425531915,0.9934456928838952,0.9900709219858156,0.9925093632958801,0.9886524822695035,0.9887640449438202
0.532,0.9872340425531915,0.9934456928838952,0.9900709219858156,0.9925093632958801,0.9886524822695035,0.9887640449438202
0.533,0.9886524822695035,0.9934456928838952,0.9907801418439717,0.9925093632958801,0.9886524822695035,0.9887640449438202
0.534,0.9886524822695035,0.9934456928838952,0.9907801418439717,0.9925093632958801,0.9886524822695035,0.9887640449438202
0.535,0.9886524822695035,0.9934456928838952,0.9907801418439717,0.9925093632958801,0.9886524822695035,0.9887640449438202
0.536,0.9886524822695035,0.9934456928838952,0.9907801418439717,0.9925093632958801,0.9886524822695035,0.9887640449438202
0.537,0.9886524822695035,0.9934456928838952,0.9907801418439717,0.9925093632958801,0.9886524822695035,0.9887640449438202
0.538,0.9886524822695035,0.9934456928838952,0.9907801418439717,0.9925093632958801,0.9886524822695035,0.9887640449438202
0.539,0.9886524822695035,0.9934456928838952,0.9907801418439717,0.9925093632958801,0.9886524822695035,0.9887640449438202
0.54,0.9886524822695035,0.9934456928838952,0.9907801418439717,0.9925093632958801,0.9886524822695035,0.9887640449438202
0.541,0.9893617021276595,0.9934456928838952,0.9907801418439717,0.9925093632958801,0.9886524822695035,0.9887640449438202
0.542,0.9893617021276595,0.9934456928838952,0.9907801418439717,0.9925093632958801,0.9886524822695035,0.9897003745318352
0.543,0.9893617021276595,0.9934456928838952,0.9907801418439717,0.9925093632958801,0.9886524822695035,0.9897003745318352
0.544,0.9893617021276595,0.9934456928838952,0.9907801418439717,0.9925093632958801,0.9886524822695035,0.9906367041198502
0.545,0.9893617021276595,0.9934456928838952,0.9907801418439717,0.9925093632958801,0.9886524822695035,0.9906367041198502
0.546,0.9893617021276595,0.9934456928838952,0.9907801418439717,0.9934456928838952,0.9886524822695035,0.9906367041198502
0.547,0.9893617021276595,0.9934456928838952,0.9907801418439717,0.9934456928838952,0.9886524822695035,0.9906367041198502
0.548,0.9893617021276595,0.9934456928838952,0.9907801418439717,0.9934456928838952,0.9886524822695035,0.9906367041198502
0.549,0.9893617021276595,0.9934456928838952,0.9907801418439717,0.9934456928838952,0.9886524822695035,0.9906367041198502
0.55,0.9893617021276595,0.9934456928838952,0.9907801418439717,0.9934456928838952,0.9886524822695035,0.9906367041198502
0.551,0.9893617021276595,0.9934456928838952,0.9907801418439717,0.9934456928838952,0.9886524822695035,0.9906367041198502
0.552,0.9893617021276595,0.9934456928838952,0.9907801418439717,0.9934456928838952,0.9886524822695035,0.9906367041198502
0.553,0.9893617021276595,0.9934456928838952,0.9907801418439717,0.9934456928838952,0.9886524822695035,0.9906367041198502
0.554,0.9893617021276595,0.9934456928838952,0.9907801418439717,0.9934456928838952,0.9886524822695035,0.9906367041198502
0.555,0.9900709219858156,0.9934456928838952,0.9907801418439717,0.9934456928838952,0.9886524822695035,0.9906367041198502
0.556,0.9900709219858156,0.9934456928838952,0.9907801418439717,0.9934456928838952,0.9886524822695035,0.9906367041198502
0.557,0.9900709219858156,0.9934456928838952,0.9907801418439717,0.9934456928838952,0.9886524822695035,0.9906367041198502
0.558,0.9900709219858156,0.9934456928838952,0.9907801418439717,0.9934456928838952,0.9886524822695035,0.9906367041198502
0.559,0.9900709219858156,0.9934456928838952,0.9907801418439717,0.9934456928838952,0.9886524822695035,0.9906367041198502
0.56,0.9900709219858156,0.9934456928838952,0.9907801418439717,0.9934456928838952,0.9886524822695035,0.9906367041198502
0.561,0.9900709219858156,0.9934456928838952,0.9907801418439717,0.9934456928838952,0.9886524822695035,0.9906367041198502
0.562,0.9900709219858156,0.9934456928838952,0.9907801418439717,0.9934456928838952,0.9886524822695035,0.9906367041198502
0.5630000000000001,0.9900709219858156,0.9934456928838952,0.9907801418439717,0.9934456928838952,0.9886524822695035,0.9906367041198502
0.5640000000000001,0.9900709219858156,0.9934456928838952,0.9907801418439717,0.9934456928838952,0.9886524822695035,0.9906367041198502
0.5650000000000001,0.9900709219858156,0.9934456928838952,0.9907801418439717,0.9934456928838952,0.9893617021276595,0.9906367041198502
0.5660000000000001,0.9900709219858156,0.9934456928838952,0.9907801418439717,0.9934456928838952,0.9893617021276595,0.9906367041198502
0.5670000000000001,0.9900709219858156,0.9934456928838952,0.9907801418439717,0.9934456928838952,0.9893617021276595,0.9906367041198502
0.5680000000000001,0.9900709219858156,0.9934456928838952,0.9907801418439717,0.9934456928838952,0.9893617021276595,0.9906367041198502
0.5690000000000001,0.9900709219858156,0.9934456928838952,0.9907801418439717,0.9943820224719101,0.9893617021276595,0.9906367041198502
0.5700000000000001,0.9900709219858156,0.9934456928838952,0.9907801418439717,0.9943820224719101,0.9893617021276595,0.9906367041198502
0.5710000000000001,0.9900709219858156,0.9934456928838952,0.9907801418439717,0.9943820224719101,0.9893617021276595,0.9906367041198502
0.5720000000000001,0.9900709219858156,0.9934456928838952,0.9907801418439717,0.9943820224719101,0.9893617021276595,0.9906367041198502
0.5730000000000001,0.9900709219858156,0.9934456928838952,0.9907801418439717,0.9943820224719101,0.9893617021276595,0.9906367041198502
0.5740000000000001,0.9900709219858156,0.9934456928838952,0.9907801418439717,0.9943820224719101,0.9893617021276595,0.9906367041198502
0.5750000000000001,0.9900709219858156,0.9934456928838952,0.9907801418439717,0.9943820224719101,0.9893617021276595,0.9906367041198502
0.5760000000000001,0.9900709219858156,0.9934456928838952,0.9907801418439717,0.9943820224719101,0.9893617021276595,0.9906367041198502
0.577,0.9900709219858156,0.9934456928838952,0.9907801418439717,0.9943820224719101,0.9893617021276595,0.9906367041198502
0.578,0.9900709219858156,0.9934456928838952,0.9907801418439717,0.9943820224719101,0.9893617021276595,0.9906367041198502
0.579,0.9900709219858156,0.9934456928838952,0.9907801418439717,0.9943820224719101,0.9893617021276595,0.9906367041198502
0.58,0.9900709219858156,0.9934456928838952,0.9907801418439717,0.9943820224719101,0.9893617021276595,0.9906367041198502
0.581,0.9900709219858156,0.9943820224719101,0.9907801418439717,0.9943820224719101,0.9900709219858156,0.9906367041198502
0.582,0.9900709219858156,0.9943820224719101,0.9914893617021276,0.9943820224719101,0.9907801418439717,0.9906367041198502
0.583,0.9900709219858156,0.9943820224719101,0.9914893617021276,0.9943820224719101,0.9907801418439717,0.9906367041198502
0.584,0.9900709219858156,0.9943820224719101,0.9914893617021276,0.9943820224719101,0.9907801418439717,0.9906367041198502
0.585,0.9900709219858156,0.9943820224719101,0.9914893617021276,0.9943820224719101,0.9907801418439717,0.9915730337078652
0.586,0.9900709219858156,0.9943820224719101,0.9914893617021276,0.9943820224719101,0.9907801418439717,0.9915730337078652
0.587,0.9900709219858156,0.9943820224719101,0.9914893617021276,0.9943820224719101,0.9907801418439717,0.9915730337078652
0.588,0.9900709219858156,0.9943820224719101,0.9914893617021276,0.9943820224719101,0.9907801418439717,0.9915730337078652
0.589,0.9900709219858156,0.9943820224719101,0.9914893617021276,0.9943820224719101,0.9907801418439717,0.9915730337078652
0.59,0.9900709219858156,0.9943820224719101,0.9914893617021276,0.9943820224719101,0.9907801418439717,0.9915730337078652
0.591,0.9900709219858156,0.9943820224719101,0.9914893617021276,0.9943820224719101,0.9907801418439717,0.9915730337078652
0.592,0.9900709219858156,0.9943820224719101,0.9914893617021276,0.9943820224719101,0.9907801418439717,0.9915730337078652
0.593,0.9900709219858156,0.9943820224719101,0.9914893617021276,0.9943820224719101,0.9907801418439717,0.9915730337078652
0.594,0.9900709219858156,0.9943820224719101,0.9914893617021276,0.9943820224719101,0.9907801418439717,0.9915730337078652
0.595,0.9900709219858156,0.9943820224719101,0.9914893617021276,0.9943820224719101,0.9907801418439717,0.9915730337078652
0.596,0.9907801418439717,0.9943820224719101,0.9914893617021276,0.9943820224719101,0.9907801418439717,0.9915730337078652
0.597,0.9907801418439717,0.9943820224719101,0.9914893617021276,0.9943820224719101,0.9907801418439717,0.9915730337078652
0.598,0.9907801418439717,0.9943820224719101,0.9914893617021276,0.9943820224719101,0.9907801418439717,0.9915730337078652
0.599,0.9907801418439717,0.9943820224719101,0.9914893617021276,0.9943820224719101,0.9907801418439717,0.9915730337078652
0.6,0.9907801418439717,0.9943820224719101,0.9914893617021276,0.9943820224719101,0.9907801418439717,0.9915730337078652
0.601,0.9907801418439717,0.9943820224719101,0.9914893617021276,0.9943820224719101,0.9907801418439717,0.9915730337078652
0.602,0.9907801418439717,0.9943820224719101,0.9914893617021276,0.9943820224719101,0.9907801418439717,0.9915730337078652
0.603,0.9907801418439717,0.9943820224719101,0.9914893617021276,0.9943820224719101,0.9907801418439717,0.9915730337078652
0.604,0.9907801418439717,0.9943820224719101,0.9914893617021276,0.9943820224719101,0.9907801418439717,0.9915730337078652
0.605,0.9907801418439717,0.9943820224719101,0.9914893617021276,0.9943820224719101,0.9907801418439717,0.9915730337078652
0.606,0.9907801418439717,0.9943820224719101,0.9914893617021276,0.9943820224719101,0.9907801418439717,0.9915730337078652
0.607,0.9907801418439717,0.9943820224719101,0.9914893617021276,0.9943820224719101,0.9907801418439717,0.9915730337078652
0.608,0.9914893617021276,0.9943820224719101,0.9914893617021276,0.9943820224719101,0.9907801418439717,0.9915730337078652
0.609,0.9914893617021276,0.9943820224719101,0.9914893617021276,0.9943820224719101,0.9907801418439717,0.9915730337078652
0.61,0.9914893617021276,0.9943820224719101,0.9914893617021276,0.9943820224719101,0.9907801418439717,0.9915730337078652
0.611,0.9914893617021276,0.9943820224719101,0.9914893617021276,0.9943820224719101,0.9907801418439717,0.9915730337078652
0.612,0.9914893617021276,0.9943820224719101,0.9914893617021276,0.9943820224719101,0.9907801418439717,0.9915730337078652
0.613,0.9914893617021276,0.9943820224719101,0.9914893617021276,0.9943820224719101,0.9907801418439717,0.9915730337078652
0.614,0.9914893617021276,0.9943820224719101,0.9914893617021276,0.9943820224719101,0.9907801418439717,0.9915730337078652
0.615,0.9914893617021276,0.9943820224719101,0.9914893617021276,0.9943820224719101,0.9907801418439717,0.9915730337078652
0.616,0.9914893617021276,0.9943820224719101,0.9914893617021276,0.9943820224719101,0.9907801418439717,0.9915730337078652
0.617,0.9914893617021276,0.9943820224719101,0.9914893617021276,0.9953183520599251,0.9907801418439717,0.9915730337078652
0.618,0.9914893617021276,0.9943820224719101,0.9914893617021276,0.9953183520599251,0.9907801418439717,0.9915730337078652
0.619,0.9914893617021276,0.9943820224719101,0.9914893617021276,0.9953183520599251,0.9907801418439717,0.9915730337078652
0.62,0.9914893617021276,0.9943820224719101,0.9914893617021276,0.9953183520599251,0.9907801418439717,0.9915730337078652
0.621,0.9914893617021276,0.9943820224719101,0.9914893617021276,0.9953183520599251,0.9907801418439717,0.9925093632958801
0.622,0.9914893617021276,0.9943820224719101,0.9914893617021276,0.9953183520599251,0.9907801418439717,0.9925093632958801
0.623,0.9914893617021276,0.9943820224719101,0.9914893617021276,0.9953183520599251,0.9914893617021276,0.9925093632958801
0.624,0.9914893617021276,0.9943820224719101,0.9914893617021276,0.9953183520599251,0.9914893617021276,0.9925093632958801
0.625,0.9914893617021276,0.9943820224719101,0.9914893617021276,0.9953183520599251,0.9914893617021276,0.9934456928838952
0.626,0.9914893617021276,0.9943820224719101,0.9914893617021276,0.9953183520599251,0.9914893617021276,0.9934456928838952
0.627,0.9914893617021276,0.9943820224719101,0.9914893617021276,0.9953183520599251,0.9914893617021276,0.9934456928838952
0.628,0.9914893617021276,0.9943820224719101,0.9914893617021276,0.9953183520599251,0.9914893617021276,0.9934456928838952
0.629,0.9914893617021276,0.9943820224719101,0.9914893617021276,0.9953183520599251,0.9914893617021276,0.9934456928838952
0.63,0.9921985815602836,0.9943820224719101,0.9914893617021276,0.9953183520599251,0.9914893617021276,0.9934456928838952
0.631,0.9921985815602836,0.9943820224719101,0.9914893617021276,0.9953183520599251,0.9914893617021276,0.9934456928838952
0.632,0.9921985815602836,0.9943820224719101,0.9914893617021276,0.9953183520599251,0.9914893617021276,0.9934456928838952
0.633,0.9921985815602836,0.9943820224719101,0.9914893617021276,0.9953183520599251,0.9914893617021276,0.9934456928838952
0.634,0.9921985815602836,0.9943820224719101,0.9914893617021276,0.9953183520599251,0.9914893617021276,0.9934456928838952
0.635,0.9921985815602836,0.9943820224719101,0.9914893617021276,0.9953183520599251,0.9914893617021276,0.9934456928838952
0.636,0.9921985815602836,0.9943820224719101,0.9914893617021276,0.9953183520599251,0.9914893617021276,0.9934456928838952
0.637,0.9921985815602836,0.9943820224719101,0.9914893617021276,0.9953183520599251,0.9914893617021276,0.9934456928838952
0.638,0.9921985815602836,0.9943820224719101,0.9914893617021276,0.9953183520599251,0.9914893617021276,0.9934456928838952
0.639,0.9921985815602836,0.9943820224719101,0.9914893617021276,0.9953183520599251,0.9914893617021276,0.9934456928838952
0.64,0.9921985815602836,0.9943820224719101,0.9914893617021276,0.9953183520599251,0.9914893617021276,0.9934456928838952
0.641,0.9921985815602836,0.9943820224719101,0.9914893617021276,0.9953183520599251,0.9914893617021276,0.9934456928838952
0.642,0.9921985815602836,0.9943820224719101,0.9914893617021276,0.9953183520599251,0.9914893617021276,0.9934456928838952
0.643,0.9921985815602836,0.9943820224719101,0.9914893617021276,0.9953183520599251,0.9914893617021276,0.9934456928838952
0.644,0.9921985815602836,0.9943820224719101,0.9914893617021276,0.9953183520599251,0.9914893617021276,0.9934456928838952
0.645,0.9921985815602836,0.9943820224719101,0.9914893617021276,0.9953183520599251,0.9914893617021276,0.9934456928838952
0.646,0.9921985815602836,0.9943820224719101,0.9914893617021276,0.9962546816479401,0.9914893617021276,0.9934456928838952
0.647,0.9921985815602836,0.9953183520599251,0.9914893617021276,0.9962546816479401,0.9914893617021276,0.9934456928838952
0.648,0.9921985815602836,0.9953183520599251,0.9914893617021276,0.9962546816479401,0.9914893617021276,0.9934456928838952
0.649,0.9921985815602836,0.9953183520599251,0.9914893617021276,0.9962546816479401,0.9914893617021276,0.9934456928838952
0.65,0.9921985815602836,0.9953183520599251,0.9914893617021276,0.9962546816479401,0.9914893617021276,0.9934456928838952
0.651,0.9921985815602836,0.9953183520599251,0.9914893617021276,0.9962546816479401,0.9914893617021276,0.9943820224719101
0.652,0.9921985815602836,0.9953183520599251,0.9914893617021276,0.9962546816479401,0.9914893617021276,0.9943820224719101
0.653,0.9921985815602836,0.9953183520599251,0.9914893617021276,0.9962546816479401,0.9914893617021276,0.9943820224719101
0.654,0.9921985815602836,0.9953183520599251,0.9914893617021276,0.9962546816479401,0.9914893617021276,0.9943820224719101
0.655,0.9921985815602836,0.9953183520599251,0.9921985815602836,0.9962546816479401,0.9914893617021276,0.9943820224719101
0.656,0.9921985815602836,0.9953183520599251,0.9921985815602836,0.9962546816479401,0.9914893617021276,0.9943820224719101
0.657,0.9921985815602836,0.9953183520599251,0.9921985815602836,0.9962546816479401,0.9921985815602836,0.9943820224719101
0.658,0.9921985815602836,0.9953183520599251,0.9921985815602836,0.9962546816479401,0.9921985815602836,0.9943820224719101
0.659,0.9921985815602836,0.9953183520599251,0.9921985815602836,0.9962546816479401,0.9921985815602836,0.9943820224719101
0.66,0.9921985815602836,0.9953183520599251,0.9921985815602836,0.9962546816479401,0.9921985815602836,0.9943820224719101
0.661,0.9921985815602836,0.9953183520599251,0.9921985815602836,0.9962546816479401,0.9921985815602836,0.9943820224719101
0.662,0.9921985815602836,0.9953183520599251,0.9921985815602836,0.9962546816479401,0.9921985815602836,0.9943820224719101
0.663,0.9921985815602836,0.9953183520599251,0.9921985815602836,0.9962546816479401,0.9921985815602836,0.9943820224719101
0.664,0.9921985815602836,0.9953183520599251,0.9921985815602836,0.9962546816479401,0.9921985815602836,0.9943820224719101
0.665,0.9921985815602836,0.9953183520599251,0.9921985815602836,0.9962546816479401,0.9921985815602836,0.9943820224719101
0.666,0.9921985815602836,0.9953183520599251,0.9921985815602836,0.9962546816479401,0.9921985815602836,0.9943820224719101
0.667,0.9921985815602836,0.9953183520599251,0.9921985815602836,0.9962546816479401,0.9921985815602836,0.9943820224719101
0.668,0.9921985815602836,0.9953183520599251,0.9921985815602836,0.9962546816479401,0.9921985815602836,0.9953183520599251
0.669,0.9921985815602836,0.9953183520599251,0.9921985815602836,0.9962546816479401,0.9921985815602836,0.9953183520599251
0.67,0.9921985815602836,0.9953183520599251,0.9921985815602836,0.9962546816479401,0.9921985815602836,0.9953183520599251
0.671,0.9921985815602836,0.9953183520599251,0.9921985815602836,0.9962546816479401,0.9921985815602836,0.9953183520599251
0.672,0.9921985815602836,0.9953183520599251,0.9921985815602836,0.9962546816479401,0.9921985815602836,0.9953183520599251
0.673,0.9921985815602836,0.9953183520599251,0.9921985815602836,0.9962546816479401,0.9921985815602836,0.9953183520599251
0.674,0.9921985815602836,0.9953183520599251,0.9921985815602836,0.9962546816479401,0.9921985815602836,0.9953183520599251
0.675,0.9921985815602836,0.9953183520599251,0.9921985815602836,0.9962546816479401,0.9921985815602836,0.9953183520599251
0.676,0.9921985815602836,0.9953183520599251,0.9921985815602836,0.9962546816479401,0.9921985815602836,0.9953183520599251
0.677,0.9921985815602836,0.9953183520599251,0.9921985815602836,0.9962546816479401,0.9921985815602836,0.9953183520599251
0.678,0.9921985815602836,0.9953183520599251,0.9921985815602836,0.9962546816479401,0.9921985815602836,0.9953183520599251
0.679,0.9921985815602836,0.9953183520599251,0.9921985815602836,0.9962546816479401,0.9921985815602836,0.9953183520599251
0.68,0.9921985815602836,0.9953183520599251,0.9921985815602836,0.9962546816479401,0.9921985815602836,0.9953183520599251
0.681,0.9921985815602836,0.9953183520599251,0.9921985815602836,0.9962546816479401,0.9921985815602836,0.9953183520599251
0.682,0.9921985815602836,0.9953183520599251,0.9921985815602836,0.9962546816479401,0.9921985815602836,0.9962546816479401
0.683,0.9921985815602836,0.9953183520599251,0.9921985815602836,0.9962546816479401,0.9921985815602836,0.9962546816479401
0.684,0.9921985815602836,0.9953183520599251,0.9921985815602836,0.9962546816479401,0.9921985815602836,0.9962546816479401
0.685,0.9921985815602836,0.9953183520599251,0.9921985815602836,0.9962546816479401,0.9921985815602836,0.9962546816479401
0.686,0.9921985815602836,0.9953183520599251,0.9921985815602836,0.9962546816479401,0.9921985815602836,0.9962546816479401
0.687,0.9921985815602836,0.9953183520599251,0.9921985815602836,0.9962546816479401,0.9921985815602836,0.9962546816479401
0.6880000000000001,0.9921985815602836,0.9953183520599251,0.9921985815602836,0.9962546816479401,0.9921985815602836,0.9962546816479401
0.6890000000000001,0.9921985815602836,0.9953183520599251,0.9921985815602836,0.9962546816479401,0.9921985815602836,0.9962546816479401
0.6900000000000001,0.9929078014184397,0.9953183520599251,0.9921985815602836,0.9962546816479401,0.9921985815602836,0.9962546816479401
0.6910000000000001,0.9929078014184397,0.9953183520599251,0.9921985815602836,0.9962546816479401,0.9921985815602836,0.9962546816479401
0.6920000000000001,0.9929078014184397,0.9953183520599251,0.9929078014184397,0.9962546816479401,0.9921985815602836,0.9962546816479401
0.6930000000000001,0.9929078014184397,0.9953183520599251,0.9929078014184397,0.9962546816479401,0.9921985815602836,0.9962546816479401
0.6940000000000001,0.9929078014184397,0.9953183520599251,0.9929078014184397,0.9971910112359551,0.9921985815602836,0.9962546816479401
0.6950000000000001,0.9929078014184397,0.9953183520599251,0.9929078014184397,0.9971910112359551,0.9921985815602836,0.9962546816479401
0.6960000000000001,0.9929078014184397,0.9953183520599251,0.9929078014184397,0.9971910112359551,0.9921985815602836,0.9962546816479401
0.6970000000000001,0.9929078014184397,0.9953183520599251,0.9929078014184397,0.9971910112359551,0.9921985815602836,0.9962546816479401
0.6980000000000001,0.9929078014184397,0.9953183520599251,0.9929078014184397,0.9971910112359551,0.9921985815602836,0.9962546816479401
0.6990000000000001,0.9929078014184397,0.9953183520599251,0.9936170212765958,0.9971910112359551,0.9921985815602836,0.9962546816479401
0.7000000000000001,0.9929078014184397,0.9953183520599251,0.9936170212765958,0.9971910112359551,0.9921985815602836,0.9962546816479401
0.7010000000000001,0.9929078014184397,0.9953183520599251,0.9936170212765958,0.9971910112359551,0.9929078014184397,0.9962546816479401
0.7020000000000001,0.9929078014184397,0.9953183520599251,0.9936170212765958,0.99812734082397,0.9936170212765958,0.9962546816479401
0.7030000000000001,0.9929078014184397,0.9953183520599251,0.9936170212765958,0.99812734082397,0.9936170212765958,0.9962546816479401
0.704,0.9929078014184397,0.9953183520599251,0.9936170212765958,0.99812734082397,0.9936170212765958,0.9962546816479401
0.705,0.9929078014184397,0.9953183520599251,0.9936170212765958,0.99812734082397,0.9936170212765958,0.9962546816479401
0.706,0.9936170212765958,0.9953183520599251,0.9943262411347518,0.99812734082397,0.9936170212765958,0.9971910112359551
0.707,0.9936170212765958,0.9953183520599251,0.9943262411347518,0.99812734082397,0.9936170212765958,0.9971910112359551
0.708,0.9936170212765958,0.9953183520599251,0.9943262411347518,0.99812734082397,0.9936170212765958,0.9971910112359551
0.709,0.9936170212765958,0.9962546816479401,0.9943262411347518,0.99812734082397,0.9936170212765958,0.9971910112359551
0.71,0.9936170212765958,0.9962546816479401,0.9943262411347518,0.99812734082397,0.9936170212765958,0.9971910112359551
0.711,0.9936170212765958,0.9962546816479401,0.9943262411347518,0.99812734082397,0.9936170212765958,0.9971910112359551
0.712,0.9936170212765958,0.9962546816479401,0.9943262411347518,0.99812734082397,0.9936170212765958,0.9971910112359551
0.713,0.9936170212765958,0.9962546816479401,0.9943262411347518,0.99812734082397,0.9936170212765958,0.9971910112359551
0.714,0.9936170212765958,0.9962546816479401,0.9943262411347518,0.99812734082397,0.9936170212765958,0.9971910112359551
0.715,0.9936170212765958,0.9962546816479401,0.9943262411347518,0.99812734082397,0.9936170212765958,0.9971910112359551
0.716,0.9936170212765958,0.9962546816479401,0.9943262411347518,0.99812734082397,0.9936170212765958,0.9971910112359551
0.717,0.9936170212765958,0.9962546816479401,0.9943262411347518,0.99812734082397,0.9936170212765958,0.9971910112359551
0.718,0.9936170212765958,0.9962546816479401,0.9943262411347518,0.99812734082397,0.9936170212765958,0.9971910112359551
0.719,0.9936170212765958,0.9962546816479401,0.9943262411347518,0.99812734082397,0.9936170212765958,0.9971910112359551
0.72,0.9936170212765958,0.9962546816479401,0.9943262411347518,0.99812734082397,0.9936170212765958,0.9971910112359551
0.721,0.9936170212765958,0.9962546816479401,0.9943262411347518,0.99812734082397,0.9936170212765958,0.9971910112359551
0.722,0.9936170212765958,0.9962546816479401,0.9943262411347518,0.99812734082397,0.9936170212765958,0.9971910112359551
0.723,0.9936170212765958,0.9962546816479401,0.9943262411347518,0.99812734082397,0.9936170212765958,0.9971910112359551
0.724,0.9936170212765958,0.9962546816479401,0.9943262411347518,0.99812734082397,0.9936170212765958,0.9971910112359551
0.725,0.9936170212765958,0.9962546816479401,0.9943262411347518,0.99812734082397,0.9936170212765958,0.9971910112359551
0.726,0.9936170212765958,0.9962546816479401,0.9943262411347518,0.99812734082397,0.9936170212765958,0.9971910112359551
0.727,0.9936170212765958,0.9962546816479401,0.9943262411347518,0.99812734082397,0.9936170212765958,0.9971910112359551
0.728,0.9936170212765958,0.9962546816479401,0.9943262411347518,0.99812734082397,0.9936170212765958,0.9971910112359551
0.729,0.9936170212765958,0.9962546816479401,0.9943262411347518,0.99812734082397,0.9936170212765958,0.9971910112359551
0.73,0.9936170212765958,0.9962546816479401,0.9943262411347518,0.99812734082397,0.9936170212765958,0.9971910112359551
0.731,0.9936170212765958,0.9962546816479401,0.9943262411347518,0.99812734082397,0.9936170212765958,0.9971910112359551
0.732,0.9936170212765958,0.9962546816479401,0.9943262411347518,0.99812734082397,0.9936170212765958,0.9971910112359551
0.733,0.9943262411347518,0.9962546816479401,0.9943262411347518,0.99812734082397,0.9936170212765958,0.9971910112359551
0.734,0.9943262411347518,0.9971910112359551,0.9943262411347518,0.99812734082397,0.9936170212765958,0.9971910112359551
0.735,0.9943262411347518,0.9971910112359551,0.9943262411347518,0.99812734082397,0.9943262411347518,0.9971910112359551
0.736,0.9943262411347518,0.9971910112359551,0.9943262411347518,0.99812734082397,0.9943262411347518,0.9971910112359551
0.737,0.9943262411347518,0.9971910112359551,0.9943262411347518,0.99812734082397,0.9943262411347518,0.9971910112359551
0.738,0.9943262411347518,0.9971910112359551,0.9943262411347518,0.99812734082397,0.9943262411347518,0.9971910112359551
0.739,0.9943262411347518,0.9971910112359551,0.9943262411347518,0.99812734082397,0.9943262411347518,0.9971910112359551
0.74,0.9943262411347518,0.9971910112359551,0.9943262411347518,0.99812734082397,0.9943262411347518,0.9971910112359551
0.741,0.9943262411347518,0.9971910112359551,0.9943262411347518,0.99812734082397,0.9943262411347518,0.9971910112359551
0.742,0.9950354609929077,0.9971910112359551,0.9943262411347518,0.99812734082397,0.9943262411347518,0.9971910112359551
0.743,0.9950354609929077,0.9971910112359551,0.9943262411347518,0.99812734082397,0.9943262411347518,0.9971910112359551
0.744,0.9950354609929077,0.9971910112359551,0.9943262411347518,0.99812734082397,0.9943262411347518,0.9971910112359551
0.745,0.9950354609929077,0.9971910112359551,0.9943262411347518,0.99812734082397,0.9943262411347518,0.9971910112359551
0.746,0.9950354609929077,0.9971910112359551,0.9943262411347518,0.99812734082397,0.9943262411347518,0.9971910112359551
0.747,0.9950354609929077,0.9971910112359551,0.9950354609929077,0.99812734082397,0.9943262411347518,0.9971910112359551
0.748,0.9950354609929077,0.9971910112359551,0.9950354609929077,0.99812734082397,0.9943262411347518,0.9971910112359551
0.749,0.9950354609929077,0.9971910112359551,0.9950354609929077,0.99812734082397,0.9943262411347518,0.9971910112359551
0.75,0.9950354609929077,0.99812734082397,0.9950354609929077,0.99812734082397,0.9943262411347518,0.9971910112359551
0.751,0.9950354609929077,0.99812734082397,0.9950354609929077,0.99812734082397,0.9943262411347518,0.9971910112359551
0.752,0.9950354609929077,0.99812734082397,0.9950354609929077,0.99812734082397,0.9943262411347518,0.9971910112359551
0.753,0.9950354609929077,0.99812734082397,0.9950354609929077,0.99812734082397,0.9943262411347518,0.9971910112359551
0.754,0.9950354609929077,0.99812734082397,0.9950354609929077,0.99812734082397,0.9943262411347518,0.9971910112359551
0.755,0.9950354609929077,0.99812734082397,0.9950354609929077,0.99812734082397,0.9943262411347518,0.9971910112359551
0.756,0.9950354609929077,0.99812734082397,0.9950354609929077,0.99812734082397,0.9943262411347518,0.9971910112359551
0.757,0.9950354609929077,0.99812734082397,0.9950354609929077,0.99812734082397,0.9943262411347518,0.9971910112359551
0.758,0.9950354609929077,0.99812734082397,0.9950354609929077,0.99812734082397,0.9943262411347518,0.9971910112359551
0.759,0.9950354609929077,0.99812734082397,0.9950354609929077,0.99812734082397,0.9950354609929077,0.9971910112359551
0.76,0.9950354609929077,0.99812734082397,0.9950354609929077,0.99812734082397,0.9950354609929077,0.9971910112359551
0.761,0.9950354609929077,0.99812734082397,0.9950354609929077,0.99812734082397,0.9950354609929077,0.9971910112359551
0.762,0.9950354609929077,0.99812734082397,0.9950354609929077,0.99812734082397,0.9950354609929077,0.9971910112359551
0.763,0.9950354609929077,0.99812734082397,0.9950354609929077,0.99812734082397,0.9950354609929077,0.9971910112359551
0.764,0.9950354609929077,0.99812734082397,0.9950354609929077,0.99812734082397,0.9950354609929077,0.9971910112359551
0.765,0.9950354609929077,0.99812734082397,0.9950354609929077,0.99812734082397,0.9950354609929077,0.9971910112359551
0.766,0.9950354609929077,0.99812734082397,0.9950354609929077,0.99812734082397,0.9950354609929077,0.9971910112359551
0.767,0.9950354609929077,0.99812734082397,0.9950354609929077,0.99812734082397,0.9950354609929077,0.9971910112359551
0.768,0.9950354609929077,0.99812734082397,0.9950354609929077,0.99812734082397,0.9950354609929077,0.9971910112359551
0.769,0.9950354609929077,0.99812734082397,0.9950354609929077,0.99812734082397,0.9950354609929077,0.9971910112359551
0.77,0.9950354609929077,0.99812734082397,0.9957446808510638,0.99812734082397,0.9950354609929077,0.9971910112359551
0.771,0.9950354609929077,0.99812734082397,0.9957446808510638,0.99812734082397,0.9950354609929077,0.9971910112359551
0.772,0.9950354609929077,0.99812734082397,0.9957446808510638,0.99812734082397,0.9950354609929077,0.9971910112359551
0.773,0.9950354609929077,0.99812734082397,0.9957446808510638,0.99812734082397,0.9950354609929077,0.9971910112359551
0.774,0.9950354609929077,0.99812734082397,0.9957446808510638,0.99812734082397,0.9950354609929077,0.9971910112359551
0.775,0.9950354609929077,0.99812734082397,0.9957446808510638,0.99812734082397,0.9950354609929077,0.9971910112359551
0.776,0.9950354609929077,0.99812734082397,0.9957446808510638,0.99812734082397,0.9957446808510638,0.9971910112359551
0.777,0.9950354609929077,0.99812734082397,0.9957446808510638,0.99812734082397,0.9957446808510638,0.9971910112359551
0.778,0.9950354609929077,0.99812734082397,0.9957446808510638,0.99812734082397,0.9957446808510638,0.9971910112359551
0.779,0.9950354609929077,0.99812734082397,0.9957446808510638,0.99812734082397,0.9957446808510638,0.9971910112359551
0.78,0.9950354609929077,0.99812734082397,0.9957446808510638,0.99812734082397,0.9957446808510638,0.9971910112359551
0.781,0.9950354609929077,0.99812734082397,0.9957446808510638,0.99812734082397,0.9957446808510638,0.9971910112359551
0.782,0.9950354609929077,0.99812734082397,0.9957446808510638,0.99812734082397,0.9957446808510638,0.9971910112359551
0.783,0.9950354609929077,0.99812734082397,0.9957446808510638,0.99812734082397,0.9957446808510638,0.9971910112359551
0.784,0.9950354609929077,0.99812734082397,0.9957446808510638,0.99812734082397,0.9957446808510638,0.9971910112359551
0.785,0.9957446808510638,0.99812734082397,0.9957446808510638,0.99812734082397,0.9957446808510638,0.9971910112359551
0.786,0.9957446808510638,0.99812734082397,0.9957446808510638,0.99812734082397,0.9957446808510638,0.9971910112359551
0.787,0.9957446808510638,0.99812734082397,0.9957446808510638,0.99812734082397,0.9964539007092199,0.9971910112359551
0.788,0.9957446808510638,0.99812734082397,0.9957446808510638,0.99812734082397,0.9964539007092199,0.9971910112359551
0.789,0.9957446808510638,0.99812734082397,0.9957446808510638,0.99812734082397,0.9964539007092199,0.9971910112359551
0.79,0.9957446808510638,0.99812734082397,0.9957446808510638,0.99812734082397,0.9964539007092199,0.9971910112359551
0.791,0.9957446808510638,0.99812734082397,0.9957446808510638,0.99812734082397,0.9964539007092199,0.9971910112359551
0.792,0.9957446808510638,0.99812734082397,0.9957446808510638,0.99812734082397,0.9964539007092199,0.9971910112359551
0.793,0.9957446808510638,0.99812734082397,0.9957446808510638,0.99812734082397,0.9964539007092199,0.9971910112359551
0.794,0.9957446808510638,0.99812734082397,0.9957446808510638,0.99812734082397,0.9964539007092199,0.9971910112359551
0.795,0.9957446808510638,0.99812734082397,0.9957446808510638,0.99812734082397,0.9964539007092199,0.9971910112359551
0.796,0.9957446808510638,0.99812734082397,0.9957446808510638,0.99812734082397,0.9971631205673759,0.9971910112359551
0.797,0.9957446808510638,0.99812734082397,0.9957446808510638,0.99812734082397,0.9971631205673759,0.9971910112359551
0.798,0.9957446808510638,0.99812734082397,0.9957446808510638,0.99812734082397,0.9971631205673759,0.9971910112359551
0.799,0.9957446808510638,0.99812734082397,0.9957446808510638,0.99812734082397,0.9971631205673759,0.9971910112359551
0.8,0.9957446808510638,0.99812734082397,0.9957446808510638,0.99812734082397,0.9971631205673759,0.9971910112359551
0.801,0.9957446808510638,0.99812734082397,0.9957446808510638,0.99812734082397,0.9971631205673759,0.9971910112359551
0.802,0.9957446808510638,0.99812734082397,0.9957446808510638,0.99812734082397,0.9971631205673759,0.9971910112359551
0.803,0.9957446808510638,0.99812734082397,0.9957446808510638,0.99812734082397,0.9971631205673759,0.9971910112359551
0.804,0.9957446808510638,0.99812734082397,0.9957446808510638,0.99812734082397,0.9971631205673759,0.9971910112359551
0.805,0.9957446808510638,0.99812734082397,0.9957446808510638,0.99812734082397,0.9971631205673759,0.9971910112359551
0.806,0.9957446808510638,0.99812734082397,0.9957446808510638,0.99812734082397,0.9971631205673759,0.9971910112359551
0.807,0.9957446808510638,0.99812734082397,0.9957446808510638,0.99812734082397,0.9971631205673759,0.9971910112359551
0.808,0.9957446808510638,0.99812734082397,0.9957446808510638,0.99812734082397,0.9971631205673759,0.9971910112359551
0.809,0.9957446808510638,0.99812734082397,0.9957446808510638,0.99812734082397,0.9978723404255319,0.9971910112359551
0.81,0.9957446808510638,0.99812734082397,0.9957446808510638,0.99812734082397,0.9978723404255319,0.9971910112359551
0.811,0.9957446808510638,0.99812734082397,0.9957446808510638,0.99812734082397,0.9978723404255319,0.9971910112359551
0.812,0.9957446808510638,0.99812734082397,0.9957446808510638,0.99812734082397,0.9978723404255319,0.9971910112359551
0.8130000000000001,0.9957446808510638,0.99812734082397,0.9957446808510638,0.99812734082397,0.9978723404255319,0.9971910112359551
0.8140000000000001,0.9957446808510638,0.99812734082397,0.9957446808510638,0.99812734082397,0.9978723404255319,0.9971910112359551
0.8150000000000001,0.9957446808510638,0.99812734082397,0.9957446808510638,0.99812734082397,0.9978723404255319,0.9971910112359551
0.8160000000000001,0.9957446808510638,0.99812734082397,0.9957446808510638,0.99812734082397,0.9978723404255319,0.9971910112359551
0.8170000000000001,0.9957446808510638,0.99812734082397,0.9957446808510638,0.99812734082397,0.9978723404255319,0.9971910112359551
0.8180000000000001,0.9957446808510638,0.99812734082397,0.9957446808510638,0.99812734082397,0.9978723404255319,0.9971910112359551
0.8190000000000001,0.9957446808510638,0.99812734082397,0.9964539007092199,0.99812734082397,0.9978723404255319,0.9971910112359551
0.8200000000000001,0.9957446808510638,0.99812734082397,0.9964539007092199,0.99812734082397,0.9978723404255319,0.9971910112359551
0.8210000000000001,0.9964539007092199,0.99812734082397,0.9964539007092199,0.99812734082397,0.9978723404255319,0.9971910112359551
0.8220000000000001,0.9964539007092199,0.99812734082397,0.9964539007092199,0.99812734082397,0.9978723404255319,0.9971910112359551
0.8230000000000001,0.9964539007092199,0.99812734082397,0.9964539007092199,0.99812734082397,0.9978723404255319,0.9971910112359551
0.8240000000000001,0.9964539007092199,0.99812734082397,0.9964539007092199,0.99812734082397,0.9978723404255319,0.9971910112359551
0.8250000000000001,0.9964539007092199,0.99812734082397,0.9964539007092199,0.99812734082397,0.9978723404255319,0.9971910112359551
0.8260000000000001,0.9964539007092199,0.99812734082397,0.9964539007092199,0.99812734082397,0.9978723404255319,0.9971910112359551
0.8270000000000001,0.9964539007092199,0.99812734082397,0.9964539007092199,0.99812734082397,0.9978723404255319,0.9971910112359551
0.8280000000000001,0.9964539007092199,0.99812734082397,0.9964539007092199,0.99812734082397,0.9978723404255319,0.9971910112359551
0.8290000000000001,0.9964539007092199,0.99812734082397,0.9964539007092199,0.99812734082397,0.9978723404255319,0.9971910112359551
0.8300000000000001,0.9964539007092199,0.99812734082397,0.9964539007092199,0.99812734082397,0.9978723404255319,0.9971910112359551
0.8310000000000001,0.9964539007092199,0.99812734082397,0.9964539007092199,0.99812734082397,0.9978723404255319,0.9971910112359551
0.8320000000000001,0.9964539007092199,0.99812734082397,0.9964539007092199,0.99812734082397,0.9978723404255319,0.9971910112359551
0.833,0.9964539007092199,0.99812734082397,0.9964539007092199,0.99812734082397,0.9978723404255319,0.9971910112359551
0.834,0.9964539007092199,0.99812734082397,0.9964539007092199,0.99812734082397,0.9978723404255319,0.9971910112359551
0.835,0.9964539007092199,0.99812734082397,0.9971631205673759,0.99812734082397,0.9978723404255319,0.9971910112359551
0.836,0.9964539007092199,0.99812734082397,0.9971631205673759,0.99812734082397,0.9978723404255319,0.9971910112359551
0.837,0.9964539007092199,0.99812734082397,0.9971631205673759,0.99812734082397,0.9978723404255319,0.9971910112359551
0.838,0.9964539007092199,0.99812734082397,0.9971631205673759,0.99812734082397,0.9978723404255319,0.9971910112359551
0.839,0.9964539007092199,0.99812734082397,0.9971631205673759,0.99812734082397,0.9978723404255319,0.9971910112359551
0.84,0.9964539007092199,0.99812734082397,0.9971631205673759,0.99812734082397,0.9978723404255319,0.9971910112359551
0.841,0.9964539007092199,0.99812734082397,0.9971631205673759,0.99812734082397,0.9978723404255319,0.9971910112359551
0.842,0.9964539007092199,0.99812734082397,0.9971631205673759,0.99812734082397,0.9978723404255319,0.9971910112359551
0.843,0.9964539007092199,0.99812734082397,0.9971631205673759,0.99812734082397,0.9978723404255319,0.9971910112359551
0.844,0.9964539007092199,0.99812734082397,0.9971631205673759,0.99812734082397,0.9978723404255319,0.9971910112359551
0.845,0.9964539007092199,0.99812734082397,0.9971631205673759,0.99812734082397,0.9978723404255319,0.9971910112359551
0.846,0.9964539007092199,0.99812734082397,0.9971631205673759,0.99812734082397,0.9978723404255319,0.9971910112359551
0.847,0.9964539007092199,0.99812734082397,0.9971631205673759,0.99812734082397,0.9978723404255319,0.9971910112359551
0.848,0.9964539007092199,0.99812734082397,0.9971631205673759,0.99812734082397,0.9978723404255319,0.9971910112359551
0.849,0.9964539007092199,0.99812734082397,0.9971631205673759,0.99812734082397,0.9978723404255319,0.9971910112359551
0.85,0.9964539007092199,0.99812734082397,0.9971631205673759,0.99812734082397,0.9978723404255319,0.9971910112359551
0.851,0.9964539007092199,0.99812734082397,0.9971631205673759,0.99812734082397,0.9978723404255319,0.9971910112359551
0.852,0.9964539007092199,0.99812734082397,0.9971631205673759,0.99812734082397,0.9978723404255319,0.9971910112359551
0.853,0.9964539007092199,0.99812734082397,0.9971631205673759,0.99812734082397,0.9978723404255319,0.9971910112359551
0.854,0.9971631205673759,0.99812734082397,0.9971631205673759,0.99812734082397,0.9978723404255319,0.99812734082397
0.855,0.9971631205673759,0.99812734082397,0.9971631205673759,0.99812734082397,0.9978723404255319,0.99812734082397
0.856,0.9971631205673759,0.99812734082397,0.9971631205673759,0.99812734082397,0.9978723404255319,0.99812734082397
0.857,0.9971631205673759,0.99812734082397,0.9971631205673759,0.99812734082397,0.9978723404255319,0.99812734082397
0.858,0.9971631205673759,0.99812734082397,0.9971631205673759,0.99812734082397,0.9978723404255319,0.99812734082397
0.859,0.9971631205673759,0.99812734082397,0.9971631205673759,0.99812734082397,0.9978723404255319,0.99812734082397
0.86,0.9971631205673759,0.99812734082397,0.9978723404255319,0.99812734082397,0.9978723404255319,0.99812734082397
0.861,0.9971631205673759,0.99812734082397,0.9978723404255319,0.99812734082397,0.9978723404255319,0.99812734082397
0.862,0.9971631205673759,0.99812734082397,0.9978723404255319,0.99812734082397,0.9978723404255319,0.99812734082397
0.863,0.9971631205673759,0.99812734082397,0.9978723404255319,0.99812734082397,0.9978723404255319,0.99812734082397
0.864,0.9978723404255319,0.99812734082397,0.9985815602836879,0.99812734082397,0.9978723404255319,0.99812734082397
0.865,0.9978723404255319,0.99812734082397,0.9985815602836879,0.99812734082397,0.9978723404255319,0.99812734082397
0.866,0.9978723404255319,0.99812734082397,0.9985815602836879,0.99812734082397,0.9978723404255319,0.99812734082397
0.867,0.9978723404255319,0.99812734082397,0.9985815602836879,0.99812734082397,0.9978723404255319,0.99812734082397
0.868,0.9978723404255319,0.99812734082397,0.9985815602836879,0.99812734082397,0.9978723404255319,0.99812734082397
0.869,0.9978723404255319,0.99812734082397,0.9985815602836879,0.99812734082397,0.9978723404255319,0.99812734082397
0.87,0.9978723404255319,0.99812734082397,0.9985815602836879,0.99812734082397,0.9978723404255319,0.99812734082397
0.871,0.9985815602836879,0.99812734082397,0.9985815602836879,0.99812734082397,0.9978723404255319,0.99812734082397
0.872,0.9985815602836879,0.99812734082397,0.9985815602836879,0.99812734082397,0.9978723404255319,0.99812734082397
0.873,0.9985815602836879,0.99812734082397,0.9985815602836879,0.9990636704119851,0.9978723404255319,0.99812734082397
0.874,0.9985815602836879,0.99812734082397,0.9985815602836879,0.9990636704119851,0.9978723404255319,0.99812734082397
0.875,0.9985815602836879,0.99812734082397,0.9985815602836879,0.9990636704119851,0.9978723404255319,0.99812734082397
0.876,0.9985815602836879,0.99812734082397,0.9985815602836879,0.9990636704119851,0.9978723404255319,0.99812734082397
0.877,0.9985815602836879,0.99812734082397,0.9985815602836879,0.9990636704119851,0.9978723404255319,0.99812734082397
0.878,0.9985815602836879,0.99812734082397,0.9985815602836879,0.9990636704119851,0.9978723404255319,0.99812734082397
0.879,0.9985815602836879,0.99812734082397,0.9985815602836879,0.9990636704119851,0.9978723404255319,0.99812734082397
0.88,0.9985815602836879,0.99812734082397,0.9985815602836879,0.9990636704119851,0.9978723404255319,0.99812734082397
0.881,0.9985815602836879,0.99812734082397,0.9985815602836879,0.9990636704119851,0.9978723404255319,0.99812734082397
0.882,0.9985815602836879,0.99812734082397,0.9985815602836879,0.9990636704119851,0.9978723404255319,0.99812734082397
0.883,0.9985815602836879,0.99812734082397,0.9985815602836879,0.9990636704119851,0.9978723404255319,0.99812734082397
0.884,0.9985815602836879,0.99812734082397,0.9985815602836879,0.9990636704119851,0.9978723404255319,0.99812734082397
0.885,0.9985815602836879,0.99812734082397,0.9985815602836879,0.9990636704119851,0.9978723404255319,0.99812734082397
0.886,0.9985815602836879,0.99812734082397,0.9985815602836879,0.9990636704119851,0.9978723404255319,0.99812734082397
0.887,0.9985815602836879,0.99812734082397,0.9985815602836879,0.9990636704119851,0.9978723404255319,0.99812734082397
0.888,0.9985815602836879,0.99812734082397,0.9985815602836879,0.9990636704119851,0.9978723404255319,0.99812734082397
0.889,0.9985815602836879,0.99812734082397,0.9985815602836879,0.9990636704119851,0.9978723404255319,0.99812734082397
0.89,0.9985815602836879,0.99812734082397,0.9985815602836879,0.9990636704119851,0.9985815602836879,0.99812734082397
0.891,0.9985815602836879,0.99812734082397,0.9985815602836879,0.9990636704119851,0.9985815602836879,0.99812734082397
0.892,0.9985815602836879,0.99812734082397,0.9985815602836879,0.9990636704119851,0.9985815602836879,0.99812734082397
0.893,0.9985815602836879,0.99812734082397,0.9985815602836879,0.9990636704119851,0.9985815602836879,0.99812734082397
0.894,0.9985815602836879,0.99812734082397,0.9985815602836879,0.9990636704119851,0.9985815602836879,0.99812734082397
0.895,0.9985815602836879,0.99812734082397,0.9985815602836879,0.9990636704119851,0.9985815602836879,0.99812734082397
0.896,0.9985815602836879,0.99812734082397,0.9985815602836879,0.9990636704119851,0.9985815602836879,0.99812734082397
0.897,0.9985815602836879,0.99812734082397,0.9985815602836879,0.9990636704119851,0.9985815602836879,0.99812734082397
0.898,0.9985815602836879,0.99812734082397,0.9985815602836879,0.9990636704119851,0.9985815602836879,0.99812734082397
0.899,0.9985815602836879,0.99812734082397,0.9985815602836879,0.9990636704119851,0.9985815602836879,0.99812734082397
0.9,0.9985815602836879,0.99812734082397,0.9985815602836879,0.9990636704119851,0.9985815602836879,0.99812734082397
0.901,0.9985815602836879,0.99812734082397,0.9985815602836879,0.9990636704119851,0.9985815602836879,0.99812734082397
0.902,0.9985815602836879,0.99812734082397,0.9985815602836879,0.9990636704119851,0.9985815602836879,0.99812734082397
0.903,0.9985815602836879,0.99812734082397,0.9985815602836879,0.9990636704119851,0.9985815602836879,0.99812734082397
0.904,0.9985815602836879,0.99812734082397,0.9985815602836879,0.9990636704119851,0.9985815602836879,0.99812734082397
0.905,0.9985815602836879,0.99812734082397,0.9985815602836879,0.9990636704119851,0.9985815602836879,0.99812734082397
0.906,0.9985815602836879,0.99812734082397,0.9985815602836879,0.9990636704119851,0.9985815602836879,0.99812734082397
0.907,0.9985815602836879,0.99812734082397,0.9985815602836879,0.9990636704119851,0.9985815602836879,0.99812734082397
0.908,0.9985815602836879,0.99812734082397,0.9985815602836879,0.9990636704119851,0.9985815602836879,0.99812734082397
0.909,0.9985815602836879,0.99812734082397,0.9985815602836879,0.9990636704119851,0.9985815602836879,0.99812734082397
0.91,0.9985815602836879,0.99812734082397,0.9985815602836879,0.9990636704119851,0.9985815602836879,0.99812734082397
0.911,0.9985815602836879,0.99812734082397,0.9985815602836879,0.9990636704119851,0.9985815602836879,0.99812734082397
0.912,0.9985815602836879,0.99812734082397,0.9985815602836879,0.9990636704119851,0.9985815602836879,0.99812734082397
0.913,0.9985815602836879,0.99812734082397,0.9985815602836879,0.9990636704119851,0.9985815602836879,0.99812734082397
0.914,0.9985815602836879,0.99812734082397,0.9985815602836879,0.9990636704119851,0.9985815602836879,0.99812734082397
0.915,0.9985815602836879,0.99812734082397,0.9985815602836879,0.9990636704119851,0.9985815602836879,0.99812734082397
0.916,0.9985815602836879,0.99812734082397,0.9985815602836879,0.9990636704119851,0.9985815602836879,0.99812734082397
0.917,0.9985815602836879,0.99812734082397,0.9985815602836879,0.9990636704119851,0.9985815602836879,0.99812734082397
0.918,0.9985815602836879,0.99812734082397,0.9985815602836879,0.9990636704119851,0.9985815602836879,0.99812734082397
0.919,0.9985815602836879,0.99812734082397,0.9985815602836879,0.9990636704119851,0.9985815602836879,0.99812734082397
0.92,0.9985815602836879,0.99812734082397,0.9985815602836879,0.9990636704119851,0.9985815602836879,0.99812734082397
0.921,0.9985815602836879,0.99812734082397,0.9985815602836879,0.9990636704119851,0.9985815602836879,0.99812734082397
0.922,0.9985815602836879,0.99812734082397,0.9985815602836879,0.9990636704119851,0.9985815602836879,0.99812734082397
0.923,0.9985815602836879,0.99812734082397,0.9985815602836879,0.9990636704119851,0.9985815602836879,0.99812734082397
0.924,0.9985815602836879,0.99812734082397,0.9985815602836879,0.9990636704119851,0.9985815602836879,0.99812734082397
0.925,0.9985815602836879,0.99812734082397,0.9985815602836879,0.9990636704119851,0.9985815602836879,0.99812734082397
0.926,0.9985815602836879,0.99812734082397,0.9985815602836879,0.9990636704119851,0.9985815602836879,0.99812734082397
0.927,0.9985815602836879,0.99812734082397,0.9985815602836879,0.9990636704119851,0.9985815602836879,0.99812734082397
0.928,0.9985815602836879,0.99812734082397,0.9985815602836879,0.9990636704119851,0.9985815602836879,0.99812734082397
0.929,0.9985815602836879,0.99812734082397,0.9985815602836879,1.0,0.9985815602836879,0.99812734082397
0.93,0.9985815602836879,0.99812734082397,0.9985815602836879,1.0,0.9985815602836879,0.99812734082397
0.931,0.9985815602836879,0.99812734082397,0.9985815602836879,1.0,0.9985815602836879,0.99812734082397
0.932,0.9985815602836879,0.99812734082397,0.9985815602836879,1.0,0.9985815602836879,0.99812734082397
0.933,0.9985815602836879,0.99812734082397,0.9985815602836879,1.0,0.9985815602836879,0.99812734082397
0.934,0.9985815602836879,0.99812734082397,0.9985815602836879,1.0,0.9985815602836879,0.99812734082397
0.935,0.9985815602836879,0.99812734082397,0.9985815602836879,1.0,0.9985815602836879,0.99812734082397
0.936,0.9985815602836879,0.99812734082397,0.9985815602836879,1.0,0.9985815602836879,0.99812734082397
0.937,0.9985815602836879,0.99812734082397,0.9985815602836879,1.0,0.9985815602836879,0.99812734082397
0.9380000000000001,0.9985815602836879,0.99812734082397,0.9985815602836879,1.0,0.9985815602836879,0.99812734082397
0.9390000000000001,0.9985815602836879,0.99812734082397,0.9985815602836879,1.0,0.9985815602836879,0.99812734082397
0.9400000000000001,0.9985815602836879,0.99812734082397,0.9985815602836879,1.0,0.9985815602836879,0.99812734082397
0.9410000000000001,0.9985815602836879,0.99812734082397,0.9985815602836879,1.0,0.9985815602836879,0.99812734082397
0.9420000000000001,0.9985815602836879,0.9990636704119851,0.999290780141844,1.0,0.9985815602836879,0.99812734082397
0.9430000000000001,0.9985815602836879,0.9990636704119851,0.999290780141844,1.0,0.9985815602836879,0.99812734082397
0.9440000000000001,0.9985815602836879,0.9990636704119851,0.999290780141844,1.0,0.9985815602836879,0.99812734082397
0.9450000000000001,0.9985815602836879,0.9990636704119851,0.999290780141844,1.0,0.9985815602836879,0.99812734082397
0.9460000000000001,0.9985815602836879,1.0,0.999290780141844,1.0,0.9985815602836879,0.99812734082397
0.9470000000000001,0.9985815602836879,1.0,0.999290780141844,1.0,0.9985815602836879,0.99812734082397
0.9480000000000001,0.9985815602836879,1.0,0.999290780141844,1.0,0.9985815602836879,0.99812734082397
0.9490000000000001,0.9985815602836879,1.0,0.999290780141844,1.0,0.9985815602836879,0.99812734082397
0.9500000000000001,0.9985815602836879,1.0,0.999290780141844,1.0,0.9985815602836879,0.9990636704119851
0.9510000000000001,0.9985815602836879,1.0,0.999290780141844,1.0,0.9985815602836879,0.9990636704119851
0.9520000000000001,0.9985815602836879,1.0,0.999290780141844,1.0,0.9985815602836879,0.9990636704119851
0.9530000000000001,0.9985815602836879,1.0,0.999290780141844,1.0,0.9985815602836879,0.9990636704119851
0.9540000000000001,0.9985815602836879,1.0,0.999290780141844,1.0,0.9985815602836879,0.9990636704119851
0.9550000000000001,0.9985815602836879,1.0,0.999290780141844,1.0,0.9985815602836879,0.9990636704119851
0.9560000000000001,0.9985815602836879,1.0,0.999290780141844,1.0,0.999290780141844,0.9990636704119851
0.9570000000000001,0.9985815602836879,1.0,0.999290780141844,1.0,0.999290780141844,0.9990636704119851
0.9580000000000001,0.9985815602836879,1.0,0.999290780141844,1.0,0.999290780141844,0.9990636704119851
0.9590000000000001,0.9985815602836879,1.0,0.999290780141844,1.0,0.999290780141844,0.9990636704119851
0.96,0.9985815602836879,1.0,0.999290780141844,1.0,0.999290780141844,0.9990636704119851
0.961,0.9985815602836879,1.0,0.999290780141844,1.0,0.999290780141844,0.9990636704119851
0.962,0.9985815602836879,1.0,0.999290780141844,1.0,0.999290780141844,0.9990636704119851
0.963,0.9985815602836879,1.0,0.999290780141844,1.0,0.999290780141844,0.9990636704119851
0.964,0.999290780141844,1.0,0.999290780141844,1.0,0.999290780141844,0.9990636704119851
0.965,0.999290780141844,1.0,0.999290780141844,1.0,0.999290780141844,0.9990636704119851
0.966,0.999290780141844,1.0,0.999290780141844,1.0,0.999290780141844,0.9990636704119851
0.967,0.999290780141844,1.0,0.999290780141844,1.0,0.999290780141844,1.0
0.968,1.0,1.0,0.999290780141844,1.0,0.999290780141844,1.0
0.969,1.0,1.0,0.999290780141844,1.0,1.0,1.0
0.97,1.0,1.0,1.0,1.0,1.0,1.0
0.971,1.0,1.0,1.0,1.0,1.0,1.0
0.972,1.0,1.0,1.0,1.0,1.0,1.0
0.973,1.0,1.0,1.0,1.0,1.0,1.0
0.974,1.0,1.0,1.0,1.0,1.0,1.0
0.975,1.0,1.0,1.0,1.0,1.0,1.0
0.976,1.0,1.0,1.0,1.0,1.0,1.0
0.977,1.0,1.0,1.0,1.0,1.0,1.0
0.978,1.0,1.0,1.0,1.0,1.0,1.0
0.979,1.0,1.0,1.0,1.0,1.0,1.0
0.98,1.0,1.0,1.0,1.0,1.0,1.0
0.981,1.0,1.0,1.0,1.0,1.0,1.0
0.982,1.0,1.0,1.0,1.0,1.0,1.0
0.983,1.0,1.0,1.0,1.0,1.0,1.0
0.984,1.0,1.0,1.0,1.0,1.0,1.0
0.985,1.0,1.0,1.0,1.0,1.0,1.0
0.986,1.0,1.0,1.0,1.0,1.0,1.0
0.987,1.0,1.0,1.0,1.0,1.0,1.0
0.988,1.0,1.0,1.0,1.0,1.0,1.0
0.989,1.0,1.0,1.0,1.0,1.0,1.0
0.99,1.0,1.0,1.0,1.0,1.0,1.0
0.991,1.0,1.0,1.0,1.0,1.0,1.0
0.992,1.0,1.0,1.0,1.0,1.0,1.0
0.993,1.0,1.0,1.0,1.0,1.0,1.0
0.994,1.0,1.0,1.0,1.0,1.0,1.0
0.995,1.0,1.0,1.0,1.0,1.0,1.0
0.996,1.0,1.0,1.0,1.0,1.0,1.0
0.997,1.0,1.0,1.0,1.0,1.0,1.0
0.998,1.0,1.0,1.0,1.0,1.0,1.0
0.999,1.0,1.0,1.0,1.0,1.0,1.0
1.0,1.0,1.0,1.0,1.0,1.0,1.0
