false_positive_rate,M_0_macro_true_positive_rate,M_0_micro_true_positive_rate,M_1_macro_true_positive_rate,M_1_micro_true_positive_rate,M_rand_macro_true_positive_rate,M_rand_micro_true_positive_rate
0.0,0.0,0.0,0.0,0.0,0.0,0.0
0.001,0.08406510694348616,0.088,0.1326601016119927,0.14057142857142857,0.08513401910974513,0.088
0.002,0.10800194442702127,0.10057142857142858,0.15309226619833155,0.15428571428571428,0.10337870329716281,0.09371428571428571
0.003,0.11496163415501057,0.10971428571428571,0.16890118965481193,0.16228571428571428,0.1169504902883188,0.10742857142857143
0.004,0.12532668464738966,0.12571428571428572,0.1778993915825127,0.17142857142857143,0.12381086788350165,0.11314285714285714
0.005,0.13777990340588345,0.13142857142857142,0.18704656170942316,0.18971428571428572,0.1408873277718539,0.128
0.006,0.14570919316732525,0.1417142857142857,0.1916698028392816,0.20457142857142857,0.1454112567689059,0.1417142857142857
0.007,0.15480670722783246,0.15657142857142858,0.20797528695979428,0.2102857142857143,0.14774770536703674,0.15314285714285714
0.008,0.16161742875661209,0.1657142857142857,0.21249921595684626,0.21942857142857142,0.16151811662380564,0.15885714285714286
0.009000000000000001,0.17548715214618746,0.17257142857142857,0.22052781785109452,0.224,0.16735923811913272,0.17714285714285713
0.01,0.18453501014029144,0.18057142857142858,0.2252007150473562,0.23314285714285715,0.1763574400468335,0.18514285714285714
0.011,0.19485040456626734,0.18857142857142858,0.23994072633757763,0.2377142857142857,0.184435698007485,0.19428571428571428
0.012,0.19601862886533275,0.19542857142857142,0.2410592945702398,0.24114285714285713,0.19129607560266781,0.1977142857142857
0.013000000000000001,0.20623471115850217,0.2022857142857143,0.2571164983587363,0.24571428571428572,0.20603608689288924,0.20914285714285713
0.014,0.21202617658742604,0.21714285714285714,0.2582847226578017,0.2571428571428571,0.21990581028246461,0.21371428571428572
0.015,0.21655010558447801,0.21828571428571428,0.2616900834221916,0.26971428571428574,0.2267165318112442,0.22057142857142858
0.016,0.22559796357858203,0.23657142857142857,0.26631332455205003,0.28114285714285714,0.23479478977189572,0.22742857142857142
0.017,0.24277373559974075,0.24114285714285713,0.2766287189780259,0.288,0.24038763093520665,0.2377142857142857
0.018000000000000002,0.2473969767295992,0.25142857142857145,0.28242018440694977,0.2914285714285714,0.24622875243053377,0.24571428571428572
0.019,0.26121704405277135,0.256,0.2926859227665224,0.29942857142857143,0.24958445712852034,0.25485714285714284
0.02,0.266958853415292,0.26285714285714284,0.30752524618955024,0.304,0.2564448347237032,0.2582857142857143
0.021,0.270413870246085,0.2674285714285714,0.31336636768487736,0.30857142857142855,0.25985019548809296,0.26171428571428573
0.022,0.2771749357084614,0.27314285714285713,0.3213949695791256,0.31085714285714283,0.268898053482197,0.2651428571428571
0.023,0.279461728240189,0.28114285714285714,0.3237314181772565,0.31885714285714284,0.27824384787472034,0.26971428571428574
0.024,0.2828670890045788,0.2834285714285714,0.32942357147337387,0.32571428571428573,0.28164920863911014,0.2754285714285714
0.025,0.28749033013443726,0.29028571428571426,0.336134980869347,0.3394285714285714,0.28276777687177235,0.27885714285714286
0.026000000000000002,0.2921135712642957,0.2914285714285714,0.33954034163373686,0.3394285714285714,0.28617313763616214,0.2822857142857143
0.027,0.29775606849400993,0.296,0.34533180706266076,0.3417142857142857,0.29069706663321415,0.2925714285714286
0.028,0.2989242927930753,0.3028571428571429,0.3522418407242468,0.34514285714285714,0.2953203077630726,0.29942857142857143
0.029,0.304666102155596,0.30514285714285716,0.3522418407242468,0.35085714285714287,0.2987753245938657,0.30057142857142854
0.03,0.31035825545171336,0.30742857142857144,0.3580829622195739,0.35085714285714287,0.30101246105919,0.3062857142857143
0.031,0.3194557695122206,0.312,0.3592015304522361,0.35428571428571426,0.3067046143553075,0.31085714285714283
0.032,0.32286113027661045,0.31314285714285717,0.3637254594492881,0.3588571428571429,0.3135153358840871,0.31314285714285717
0.033,0.3285036275063246,0.3211428571428571,0.37048652491166445,0.3702857142857143,0.3215935938447385,0.3177142857142857
0.034,0.32962219573898677,0.32571428571428573,0.37160509314432666,0.37142857142857144,0.322761818143804,0.31885714285714284
0.035,0.33195864433711764,0.3314285714285714,0.3774462146396538,0.37485714285714283,0.3239300424428694,0.3211428571428571
0.036000000000000004,0.33541366116791066,0.3325714285714286,0.3774462146396538,0.37714285714285717,0.3273850592736624,0.32457142857142857
0.037,0.337650797633235,0.3405714285714286,0.3796833511049782,0.38057142857142856,0.33312686863618307,0.32571428571428573
0.038,0.3456297434610801,0.34285714285714286,0.3796833511049782,0.38057142857142856,0.33653222940057287,0.3314285714285714
0.039,0.3456297434610801,0.344,0.3864940726337578,0.38285714285714284,0.3388190219323005,0.33485714285714285
0.04,0.3456297434610801,0.3474285714285714,0.3957405548934747,0.3862857142857143,0.3399375901649627,0.336
0.041,0.35249012105626293,0.3497142857142857,0.3957405548934747,0.38971428571428574,0.3445111752284179,0.3417142857142857
0.042,0.35482656965439374,0.35428571428571426,0.3991459156578645,0.3954285714285714,0.3479165359928077,0.34514285714285714
0.043000000000000003,0.35594513788705595,0.3577142857142857,0.40026448389052666,0.3977142857142857,0.3513218967571975,0.34514285714285714
0.044,0.3593008425850426,0.3577142857142857,0.40026448389052666,0.4,0.35249012105626293,0.34514285714285714
0.045,0.36275585941583555,0.3588571428571429,0.4025512764222543,0.4,0.35365834535532836,0.3462857142857143
0.046,0.36275585941583555,0.36457142857142855,0.40488772502038517,0.4045714285714286,0.3571133621861214,0.3485714285714286
0.047,0.368448012711953,0.36457142857142855,0.4060062932530473,0.408,0.3571133621861214,0.3485714285714286
0.048,0.37515942210792613,0.3657142857142857,0.4082930857847749,0.4125714285714286,0.3571133621861214,0.352
0.049,0.3796833511049782,0.3702857142857143,0.41169844654916476,0.41485714285714287,0.3605187229505112,0.3554285714285714
0.05,0.3808515754040436,0.376,0.4150541512471513,0.41828571428571426,0.36951692487821197,0.3577142857142857
0.051000000000000004,0.38308871186936794,0.37714285714285717,0.41850916807794436,0.41828571428571426,0.37068514917727735,0.36
0.052000000000000005,0.38654372870016096,0.38171428571428573,0.4219641849087374,0.4217142857142857,0.37180371740993956,0.36228571428571427
0.053,0.3888305212318886,0.384,0.4231324092078028,0.42628571428571427,0.374040853875264,0.3657142857142857
0.054,0.3899490894645508,0.3851428571428571,0.4243006335068682,0.42857142857142855,0.37627799034058834,0.368
0.055,0.40128373999038236,0.38857142857142857,0.427705994271258,0.42857142857142855,0.3785151268059127,0.36914285714285716
0.056,0.40473875682117544,0.3954285714285714,0.43344780363377866,0.4308571428571429,0.3796336950385749,0.37142857142857144
0.057,0.407025549352903,0.4,0.43344780363377866,0.432,0.3819204875703025,0.37257142857142855
0.058,0.4104309101172928,0.4022857142857143,0.4346160279328441,0.43542857142857144,0.3819204875703025,0.37257142857142855
0.059000000000000004,0.41271770264902047,0.4057142857142857,0.43578425223190953,0.44,0.38308871186936794,0.3782857142857143
0.06,0.4162223755462167,0.4057142857142857,0.44366388592694805,0.44342857142857145,0.38766229693282317,0.38057142857142856
0.061,0.4173409437788789,0.40685714285714286,0.44478245415961026,0.448,0.3887808651654854,0.38857142857142857
0.062,0.4184595120115411,0.4125714285714286,0.44823747099040334,0.4491428571428571,0.39213656986347195,0.38857142857142857
0.063,0.41962773631060657,0.41485714285714287,0.4516924878211963,0.45371428571428574,0.3955419306278618,0.39085714285714285
0.064,0.42308275314139954,0.41714285714285715,0.4528607121202618,0.45485714285714285,0.39899694745865477,0.3954285714285714
0.065,0.42760668213845154,0.4205714285714286,0.4551475046519894,0.45714285714285713,0.4001651717577202,0.39885714285714285
0.066,0.42872525037111375,0.4297142857142857,0.4585528654163792,0.46285714285714286,0.40362018858851323,0.4022857142857143
0.067,0.4298934746701792,0.432,0.4585528654163792,0.4674285714285714,0.40473875682117544,0.4045714285714286
0.068,0.43441740366723114,0.4342857142857143,0.45972108971544456,0.4674285714285714,0.4069758932864998,0.408
0.069,0.437822764431621,0.43885714285714283,0.4643443308453031,0.4685714285714286,0.4104805661836961,0.40914285714285714
0.07,0.437822764431621,0.44342857142857145,0.4643443308453031,0.472,0.4116487904827615,0.4102857142857143
0.07100000000000001,0.4389909887306864,0.44685714285714284,0.46998682807501724,0.4754285714285714,0.4138859269480859,0.4102857142857143
0.07200000000000001,0.441277781262414,0.4514285714285714,0.47349150097221354,0.4777142857142857,0.4195284241778001,0.4125714285714286
0.073,0.4436142298605449,0.4514285714285714,0.4768968617366033,0.47885714285714287,0.4217655606431245,0.41485714285714287
0.074,0.4459010223922725,0.45257142857142857,0.47923331033473415,0.48228571428571426,0.42628948964017643,0.416
0.075,0.4470692466913379,0.456,0.48263867109912395,0.4857142857142857,0.4286259382383073,0.41828571428571426
0.076,0.4493560392230655,0.4594285714285714,0.48609368792991703,0.4868571428571429,0.4309127307700349,0.4217142857142857
0.077,0.4528110560538585,0.4605714285714286,0.49188515335884087,0.48914285714285716,0.43324917936816576,0.4228571428571429
0.078,0.4562660728846516,0.4662857142857143,0.49529051412323066,0.49142857142857144,0.43665454013255556,0.42742857142857144
0.079,0.45962177758263817,0.4674285714285714,0.49640908235589287,0.4948571428571429,0.43894133266428315,0.4308571428571429
0.08,0.46190857011436576,0.47085714285714286,0.4999137552530891,0.4948571428571429,0.44458382989399736,0.43314285714285716
0.081,0.46770003554328965,0.47314285714285714,0.504388028183738,0.4948571428571429,0.4457520541930628,0.43314285714285716
0.082,0.4710557402412762,0.47314285714285714,0.5055065964164001,0.5005714285714286,0.44798919065838716,0.4342857142857143
0.083,0.4756789813711347,0.4777142857142857,0.5066251646490623,0.5005714285714286,0.4502263271237116,0.43542857142857144
0.084,0.47796577390286227,0.47885714285714287,0.5066251646490623,0.5051428571428571,0.452463463589036,0.44
0.085,0.4802525664345899,0.48114285714285715,0.5077933889481276,0.5074285714285715,0.45475025612076353,0.44
0.08600000000000001,0.48370758326538293,0.48114285714285715,0.5089616132471931,0.5074285714285715,0.45932384118421876,0.4422857142857143
0.08700000000000001,0.48482615149804514,0.4845714285714286,0.511298061845324,0.5108571428571429,0.46049206548328425,0.4422857142857143
0.088,0.48711294402977273,0.4868571428571429,0.514753078676117,0.5154285714285715,0.46161063371594635,0.44571428571428573
0.089,0.4939236655585524,0.4868571428571429,0.514753078676117,0.5177142857142857,0.46272920194860856,0.448
0.09,0.49742833845574863,0.4868571428571429,0.51820809550691,0.5188571428571429,0.4650159944803362,0.45257142857142857
0.091,0.49742833845574863,0.49142857142857144,0.5204452319722345,0.5234285714285715,0.467352443078467,0.4594285714285714
0.092,0.498596562754814,0.49142857142857144,0.5227320245039621,0.5268571428571428,0.4684710113111292,0.4605714285714286
0.093,0.5055065964164001,0.49257142857142855,0.5227320245039621,0.528,0.4696392356101947,0.4617142857142857
0.094,0.5055065964164001,0.4937142857142857,0.5227320245039621,0.5302857142857142,0.4708074599092601,0.464
0.095,0.5100305254134521,0.49714285714285716,0.5250684731020929,0.5325714285714286,0.47197568420832553,0.4662857142857143
0.096,0.5100305254134521,0.49942857142857144,0.5274049217002237,0.5337142857142857,0.47426247674005306,0.4685714285714286
0.097,0.5111987497125174,0.5017142857142857,0.5297413702983546,0.536,0.47538104497271527,0.47314285714285714
0.098,0.5167915908758285,0.504,0.5308599385310167,0.5371428571428571,0.47654926927178076,0.4754285714285714
0.099,0.5179101591084907,0.504,0.5319785067636789,0.5371428571428571,0.47878640573710507,0.47885714285714287
0.1,0.5235030002718016,0.5097142857142857,0.5331467310627444,0.5371428571428571,0.4810731982688327,0.47885714285714287
0.101,0.5257897928035292,0.512,0.5366017478935374,0.5371428571428571,0.4821917665014949,0.48114285714285715
0.10200000000000001,0.5269083610361914,0.5154285714285715,0.5388388843588618,0.5382857142857143,0.4844785590332225,0.48342857142857143
0.10300000000000001,0.5304130339333877,0.5188571428571429,0.5411753329569926,0.5382857142857143,0.48676535156495015,0.48342857142857143
0.10400000000000001,0.5326998264651153,0.52,0.5411753329569926,0.5405714285714286,0.48788391979761236,0.4857142857142857
0.105,0.5326998264651153,0.5211428571428571,0.5457985740868511,0.544,0.4935264170273266,0.49028571428571427
0.106,0.5326998264651153,0.5211428571428571,0.5469667983859166,0.5451428571428572,0.4935264170273266,0.49142857142857144
0.107,0.538441635827636,0.5234285714285715,0.5514410713165653,0.5462857142857143,0.49469464132639196,0.4937142857142857
0.108,0.538441635827636,0.5245714285714286,0.5536782077818896,0.5485714285714286,0.4958628656254574,0.4948571428571429
0.109,0.538441635827636,0.5245714285714286,0.5536782077818896,0.5485714285714286,0.4993178824562504,0.49714285714285716
0.11,0.5395602040602981,0.5291428571428571,0.5536782077818896,0.5508571428571428,0.5004364506889126,0.49942857142857144
0.111,0.5418469965920257,0.5302857142857142,0.5548464320809551,0.5531428571428572,0.5038418114533023,0.5017142857142857
0.112,0.5441337891237534,0.5302857142857142,0.5560146563800206,0.5542857142857143,0.50612860398503,0.5017142857142857
0.113,0.5441337891237534,0.5302857142857142,0.5560146563800206,0.5554285714285714,0.5072968282840954,0.5017142857142857
0.114,0.5441337891237534,0.5325714285714286,0.5560146563800206,0.56,0.5095836208158231,0.5062857142857143
0.115,0.5453020134228188,0.5325714285714286,0.5560146563800206,0.5622857142857143,0.5119200694139538,0.5085714285714286
0.116,0.5453020134228188,0.5337142857142857,0.5582517928453449,0.5645714285714286,0.5142068619456814,0.5085714285714286
0.117,0.5453020134228188,0.5348571428571428,0.5582517928453449,0.5645714285714286,0.5142068619456814,0.5085714285714286
0.11800000000000001,0.5476384620209496,0.5348571428571428,0.5616074975433314,0.5668571428571428,0.5153750862447469,0.5085714285714286
0.11900000000000001,0.5499749106190805,0.5371428571428571,0.5661810826067867,0.5714285714285714,0.5153750862447469,0.5097142857142857
0.12,0.5511431349181459,0.5382857142857143,0.5673493069058522,0.5725714285714286,0.5153750862447469,0.5108571428571429
0.121,0.5545981517489389,0.5462857142857143,0.5696857555039829,0.5725714285714286,0.5153750862447469,0.5108571428571429
0.122,0.5557167199816011,0.5462857142857143,0.5708539798030483,0.5737142857142857,0.5153750862447469,0.5142857142857142
0.123,0.5580035125133287,0.5462857142857143,0.5720222041021138,0.5737142857142857,0.5153750862447469,0.5154285714285715
0.124,0.5580035125133287,0.5531428571428572,0.5731904284011793,0.5737142857142857,0.5165433105438123,0.5165714285714286
0.125,0.5580035125133287,0.5577142857142857,0.5743586527002447,0.5737142857142857,0.5233540320725919,0.52
0.126,0.5591220807459909,0.5611428571428572,0.5801004620627652,0.5737142857142857,0.5233540320725919,0.5257142857142857
0.127,0.5602406489786531,0.5622857142857143,0.5823872545944928,0.5737142857142857,0.5233540320725919,0.528
0.128,0.5614088732777185,0.5645714285714286,0.5823872545944928,0.576,0.5256408246043196,0.5291428571428571
0.129,0.5614088732777185,0.5657142857142857,0.5823872545944928,0.5805714285714285,0.5279276171360472,0.5337142857142857
0.13,0.5625770975767839,0.5657142857142857,0.583505822827155,0.5817142857142857,0.5290958414351126,0.536
0.131,0.5648142340421083,0.5691428571428572,0.5857926153588826,0.5828571428571429,0.5302640657341781,0.536
0.132,0.5659328022747705,0.5714285714285714,0.588029751824207,0.5851428571428572,0.5325508582659056,0.5371428571428571
0.133,0.5681699387400949,0.5725714285714286,0.588029751824207,0.5874285714285714,0.5325508582659056,0.5405714285714286
0.134,0.5681699387400949,0.5737142857142857,0.5903165443559346,0.5874285714285714,0.5325508582659056,0.5405714285714286
0.135,0.5692885069727571,0.576,0.5903165443559346,0.5885714285714285,0.5359065629638922,0.544
0.136,0.5704070752054193,0.5782857142857143,0.5903165443559346,0.5897142857142857,0.5394112358610884,0.5451428571428572
0.137,0.5704070752054193,0.5805714285714285,0.5903165443559346,0.5897142857142857,0.5417476844592193,0.5462857142857143
0.138,0.5715256434380815,0.5817142857142857,0.5914351125885968,0.5897142857142857,0.5417476844592193,0.5485714285714286
0.139,0.5748813481360681,0.584,0.592553680821259,0.5897142857142857,0.5428662526918815,0.5485714285714286
0.14,0.5748813481360681,0.5874285714285714,0.5948901294193899,0.5908571428571429,0.5428662526918815,0.5497142857142857
0.14100000000000001,0.5782370528340546,0.5874285714285714,0.5948901294193899,0.5931428571428572,0.5428662526918815,0.552
0.14200000000000002,0.5794052771331201,0.5874285714285714,0.5994637144828452,0.5965714285714285,0.5428662526918815,0.5531428571428572
0.14300000000000002,0.5805735014321856,0.5874285714285714,0.5994637144828452,0.5988571428571429,0.5439848209245437,0.5577142857142857
0.14400000000000002,0.5829099500303163,0.5874285714285714,0.5994637144828452,0.5988571428571429,0.5451530452236091,0.56
0.145,0.5829099500303163,0.5874285714285714,0.5994637144828452,0.6,0.5462716134562713,0.56
0.146,0.5862656547283029,0.5885714285714285,0.6006319387819106,0.6022857142857143,0.5462716134562713,0.56
0.147,0.5862656547283029,0.592,0.6017505070145728,0.6034285714285714,0.5473901816889335,0.56
0.148,0.5885524472600305,0.592,0.6017505070145728,0.6034285714285714,0.5508948545861297,0.5634285714285714
0.149,0.5897206715590959,0.5942857142857143,0.6040372995463004,0.6057142857142858,0.5543498714169228,0.5668571428571428
0.15,0.5931756883898889,0.5954285714285714,0.6052055238453657,0.6057142857142858,0.5578048882477158,0.568
0.151,0.5943439126889544,0.5954285714285714,0.6052055238453657,0.608,0.558923456480378,0.5702857142857143
0.152,0.5966803612870852,0.5988571428571429,0.6052055238453657,0.6102857142857143,0.5600916807794434,0.5714285714285714
0.153,0.5966803612870852,0.6011428571428571,0.6052055238453657,0.6114285714285714,0.5624281293775742,0.5737142857142857
0.154,0.5978485855861506,0.6034285714285714,0.606324092078028,0.6114285714285714,0.5635466976102365,0.5748571428571428
0.155,0.5978485855861506,0.6045714285714285,0.6074923163770933,0.6114285714285714,0.5646652658428987,0.5748571428571428
0.156,0.6001850341842815,0.6045714285714285,0.6120659014405486,0.6125714285714285,0.5658334901419642,0.576
0.157,0.601353258483347,0.6068571428571429,0.6132341257396141,0.6137142857142858,0.5681202826736917,0.576
0.158,0.6025214827824124,0.608,0.6132341257396141,0.6148571428571429,0.5704070752054193,0.5771428571428572
0.159,0.6036897070814777,0.6114285714285714,0.6144023500386795,0.6148571428571429,0.5715256434380815,0.5805714285714285
0.16,0.6059764996132053,0.6137142857142858,0.6155209182713417,0.6171428571428571,0.5749310042024713,0.5828571428571429
0.161,0.6071447239122708,0.6148571428571429,0.6166891425704071,0.6205714285714286,0.5749310042024713,0.5828571428571429
0.162,0.6094315164439984,0.616,0.6178573668694725,0.6217142857142857,0.5760992285015367,0.5851428571428572
0.163,0.611718308975726,0.6205714285714286,0.6189759351021347,0.6228571428571429,0.5760992285015367,0.5862857142857143
0.164,0.6151733258065191,0.6205714285714286,0.6189759351021347,0.6228571428571429,0.5760992285015367,0.5885714285714285
0.165,0.6186779987037153,0.6262857142857143,0.6189759351021347,0.6251428571428571,0.5772674528006021,0.5885714285714285
0.166,0.6209151351690397,0.6262857142857143,0.6189759351021347,0.6251428571428571,0.5795542453323297,0.5908571428571429
0.167,0.6220337034017018,0.6297142857142857,0.6189759351021347,0.6251428571428571,0.5818410378640574,0.592
0.168,0.6220337034017018,0.632,0.6212627276338623,0.6274285714285714,0.58885038365845,0.5931428571428572
0.169,0.623152271634364,0.6331428571428571,0.6224309519329277,0.6274285714285714,0.58885038365845,0.5931428571428572
0.17,0.6242708398670263,0.6331428571428571,0.6235991762319932,0.6274285714285714,0.58885038365845,0.5954285714285714
0.171,0.6242708398670263,0.6331428571428571,0.6247674005310586,0.6285714285714286,0.5911371761901775,0.5954285714285714
0.17200000000000001,0.6254390641660917,0.6331428571428571,0.6247674005310586,0.6308571428571429,0.592305400489243,0.5977142857142858
0.17300000000000001,0.6277755127642226,0.6365714285714286,0.6258859687637207,0.632,0.592305400489243,0.5988571428571429
0.17400000000000002,0.6277755127642226,0.6365714285714286,0.6270541930627862,0.6331428571428571,0.5934736247883083,0.6011428571428571
0.17500000000000002,0.628943737063288,0.6388571428571429,0.6270541930627862,0.6354285714285715,0.5969286416191013,0.6022857142857143
0.176,0.628943737063288,0.64,0.6270541930627862,0.6365714285714286,0.5969286416191013,0.6022857142857143
0.177,0.6311808735286124,0.6434285714285715,0.6270541930627862,0.6365714285714286,0.6003836584498945,0.6022857142857143
0.178,0.63346766606034,0.6445714285714286,0.6270541930627862,0.6365714285714286,0.6003836584498945,0.6034285714285714
0.179,0.6358041146584708,0.6445714285714286,0.6305588659599823,0.6377142857142857,0.6003836584498945,0.6057142857142858
0.18,0.6369723389575362,0.6445714285714286,0.6316774341926445,0.6388571428571429,0.6003836584498945,0.6068571428571429
0.181,0.6393087875556671,0.6457142857142857,0.63284565849171,0.6388571428571429,0.6015022266825566,0.6091428571428571
0.182,0.6393087875556671,0.6468571428571429,0.6340138827907755,0.64,0.6026704509816221,0.6102857142857143
0.183,0.6393087875556671,0.648,0.6351324510234377,0.6411428571428571,0.6037890192142843,0.6102857142857143
0.184,0.6404273557883292,0.648,0.6374192435551653,0.6434285714285715,0.606125467812415,0.6137142857142858
0.185,0.6427638043864601,0.648,0.6374192435551653,0.6434285714285715,0.606125467812415,0.616
0.186,0.6439320286855255,0.6491428571428571,0.6385378117878275,0.6445714285714286,0.606125467812415,0.616
0.187,0.6439320286855255,0.6502857142857142,0.6397060360868929,0.6457142857142857,0.6095804846432081,0.6171428571428571
0.188,0.6451002529845908,0.6525714285714286,0.6397060360868929,0.6457142857142857,0.6130355014740011,0.6171428571428571
0.189,0.6497234941144494,0.6548571428571428,0.6408246043195551,0.6457142857142857,0.6130355014740011,0.6171428571428571
0.19,0.6508420623471116,0.6548571428571428,0.6431113968512827,0.6457142857142857,0.615371950072132,0.6182857142857143
0.191,0.652010286646177,0.656,0.6465664136820757,0.6468571428571429,0.615371950072132,0.6194285714285714
0.192,0.652010286646177,0.6571428571428571,0.6488035501474001,0.648,0.6164905183047942,0.6205714285714286
0.193,0.652010286646177,0.6594285714285715,0.6499717744464655,0.648,0.619895879069184,0.6205714285714286
0.194,0.6554653034769701,0.6594285714285715,0.6499717744464655,0.6502857142857142,0.619895879069184,0.6205714285714286
0.195,0.6577024399422944,0.6605714285714286,0.6522585669781931,0.6514285714285715,0.6210641033682494,0.6205714285714286
0.196,0.6588706642413599,0.6628571428571428,0.6522585669781931,0.6514285714285715,0.6222323276673147,0.6217142857142857
0.197,0.6588706642413599,0.664,0.6522585669781931,0.6525714285714286,0.6222323276673147,0.6228571428571429
0.198,0.6611078007066842,0.6651428571428571,0.6533771352108553,0.6525714285714286,0.6234005519663802,0.6228571428571429
0.199,0.6633449371720086,0.6651428571428571,0.6533771352108553,0.656,0.6234005519663802,0.6262857142857143
0.2,0.6633449371720086,0.6651428571428571,0.6545453595099208,0.6582857142857143,0.6234005519663802,0.6262857142857143
0.201,0.6633449371720086,0.6651428571428571,0.6557135838089863,0.6582857142857143,0.6234005519663802,0.6274285714285714
0.202,0.6656317297037362,0.6651428571428571,0.6557135838089863,0.6594285714285715,0.6234005519663802,0.6274285714285714
0.203,0.6667999540028016,0.6662857142857143,0.658050032407117,0.6605714285714286,0.6245687762654456,0.6285714285714286
0.20400000000000001,0.6702549708335948,0.6662857142857143,0.6591686006397792,0.6617142857142857,0.6268555687971733,0.6285714285714286
0.20500000000000002,0.6714231951326601,0.6685714285714286,0.6603368249388446,0.664,0.6280237930962387,0.6285714285714286
0.20600000000000002,0.6714231951326601,0.6697142857142857,0.6603368249388446,0.6662857142857143,0.6291423613289009,0.6297142857142857
0.20700000000000002,0.6714231951326601,0.6708571428571428,0.6614553931715068,0.6685714285714286,0.6291423613289009,0.632
0.20800000000000002,0.6737099876643877,0.6708571428571428,0.662573961404169,0.672,0.6291423613289009,0.6331428571428571
0.209,0.6748782119634531,0.6708571428571428,0.6637421857032344,0.6731428571428572,0.6303105856279663,0.6342857142857142
0.21,0.6771650044951807,0.6731428571428572,0.6649104100022998,0.6731428571428572,0.6314788099270316,0.6342857142857142
0.211,0.6782835727278429,0.6731428571428572,0.6660786343013653,0.6731428571428572,0.6314788099270316,0.6354285714285715
0.212,0.6794517970269083,0.6742857142857143,0.6672468586004308,0.6731428571428572,0.6326470342260971,0.6377142857142857
0.213,0.6794517970269083,0.6765714285714286,0.6672468586004308,0.6742857142857143,0.6326470342260971,0.6388571428571429
0.214,0.6794517970269083,0.6765714285714286,0.6672468586004308,0.6742857142857143,0.6326470342260971,0.6388571428571429
0.215,0.6817882456250393,0.6777142857142857,0.668365426833093,0.6742857142857143,0.6338152585251626,0.6411428571428571
0.216,0.6817882456250393,0.6777142857142857,0.6741072361956135,0.6742857142857143,0.6338152585251626,0.6411428571428571
0.217,0.6817882456250393,0.6788571428571428,0.6752258044282757,0.6765714285714286,0.6349338267578248,0.6445714285714286
0.218,0.6829068138577015,0.68,0.6752258044282757,0.6765714285714286,0.6349338267578248,0.648
0.219,0.6840750381567668,0.6811428571428572,0.6763940287273411,0.6777142857142857,0.6349338267578248,0.648
0.22,0.6840750381567668,0.6811428571428572,0.6786808212590688,0.6777142857142857,0.6371709632231491,0.648
0.221,0.6840750381567668,0.6811428571428572,0.6809676137907963,0.6788571428571428,0.6383391875222146,0.648
0.222,0.6840750381567668,0.6822857142857143,0.6821358380898618,0.68,0.6405763239875389,0.6491428571428571
0.223,0.6863618306884944,0.6834285714285714,0.6844226306215895,0.68,0.6416948922202012,0.6491428571428571
0.224,0.688648623220222,0.6868571428571428,0.6878776474523824,0.6811428571428572,0.6451995651173974,0.6491428571428571
0.225,0.6897671914528842,0.6868571428571428,0.6878776474523824,0.6811428571428572,0.6451995651173974,0.6491428571428571
0.226,0.6897671914528842,0.688,0.6878776474523824,0.6822857142857143,0.6463181333500596,0.6491428571428571
0.227,0.6897671914528842,0.6925714285714286,0.6901147839177069,0.6857142857142857,0.6463181333500596,0.6491428571428571
0.228,0.6897671914528842,0.6937142857142857,0.6901147839177069,0.6868571428571428,0.6474367015827218,0.6502857142857142
0.229,0.6897671914528842,0.6937142857142857,0.6912333521503691,0.6868571428571428,0.6496738380480462,0.6502857142857142
0.23,0.6909354157519496,0.6948571428571428,0.6923519203830312,0.6868571428571428,0.6496738380480462,0.6514285714285715
0.231,0.6909354157519496,0.6948571428571428,0.6923519203830312,0.6868571428571428,0.652010286646177,0.6525714285714286
0.232,0.6921036400510151,0.696,0.6934704886156934,0.6868571428571428,0.652010286646177,0.6525714285714286
0.233,0.6921036400510151,0.6971428571428572,0.6934704886156934,0.6891428571428572,0.652010286646177,0.6525714285714286
0.234,0.6921036400510151,0.6971428571428572,0.6934704886156934,0.6891428571428572,0.6542970791779046,0.6525714285714286
0.23500000000000001,0.6921036400510151,0.6971428571428572,0.6946387129147589,0.6914285714285714,0.6542970791779046,0.6525714285714286
0.23600000000000002,0.6921036400510151,0.6971428571428572,0.6946387129147589,0.6937142857142857,0.6565838717096322,0.6537142857142857
0.23700000000000002,0.6921036400510151,0.6971428571428572,0.6968758493800833,0.6937142857142857,0.6577520960086977,0.6537142857142857
0.23800000000000002,0.694440088649146,0.6982857142857143,0.7002812101444731,0.6948571428571428,0.6577520960086977,0.6537142857142857
0.23900000000000002,0.694440088649146,0.6982857142857143,0.7014494344435385,0.696,0.6600885446068285,0.6548571428571428
0.24,0.6956083129482113,0.7005714285714286,0.7014494344435385,0.696,0.6600885446068285,0.656
0.241,0.6978951054799389,0.7017142857142857,0.7014494344435385,0.6994285714285714,0.6612567689058939,0.6582857142857143
0.242,0.6978951054799389,0.7017142857142857,0.7014494344435385,0.7005714285714286,0.6635435614376215,0.6617142857142857
0.243,0.6978951054799389,0.7028571428571428,0.7026176587426038,0.7017142857142857,0.6647117857366869,0.6617142857142857
0.244,0.7001818980116665,0.7028571428571428,0.7026176587426038,0.704,0.6647117857366869,0.6662857142857143
0.245,0.7013501223107319,0.7028571428571428,0.7026176587426038,0.704,0.6647117857366869,0.6662857142857143
0.246,0.7024686905433941,0.704,0.7049541073407347,0.704,0.6669489222020113,0.6674285714285715
0.247,0.7024686905433941,0.7051428571428572,0.7049541073407347,0.7051428571428572,0.6703542829664011,0.6674285714285715
0.248,0.7024686905433941,0.7051428571428572,0.7072408998724624,0.7074285714285714,0.6714728511990633,0.6685714285714286
0.249,0.7024686905433941,0.7051428571428572,0.7072408998724624,0.7074285714285714,0.6725914194317255,0.6685714285714286
0.25,0.7047058270087185,0.7051428571428572,0.7083594681051245,0.7085714285714285,0.6737099876643877,0.6697142857142857
0.251,0.7058740513077839,0.7051428571428572,0.7083594681051245,0.7097142857142857,0.6737099876643877,0.6731428571428572
0.252,0.7081608438395116,0.7062857142857143,0.7095276924041899,0.7108571428571429,0.6737099876643877,0.6731428571428572
0.253,0.7081608438395116,0.7062857142857143,0.7118144849359176,0.7108571428571429,0.6737099876643877,0.6731428571428572
0.254,0.7081608438395116,0.7074285714285714,0.7118144849359176,0.7131428571428572,0.6759471241297121,0.6731428571428572
0.255,0.7081608438395116,0.7097142857142857,0.7118144849359176,0.7131428571428572,0.6771153484287775,0.6742857142857143
0.256,0.7104972924376425,0.7108571428571429,0.7118144849359176,0.7131428571428572,0.6782339166614397,0.6754285714285714
0.257,0.7116158606703047,0.712,0.7152198457003074,0.7165714285714285,0.6782339166614397,0.6777142857142857
0.258,0.7116158606703047,0.7131428571428572,0.7152198457003074,0.72,0.6804710531267641,0.6777142857142857
0.259,0.713852997135629,0.7142857142857143,0.7163384139329696,0.7211428571428572,0.6816392774258295,0.6777142857142857
0.26,0.7150212214346945,0.7142857142857143,0.7208623429300216,0.7222857142857143,0.6816392774258295,0.6777142857142857
0.261,0.7150212214346945,0.7154285714285714,0.7231491354617492,0.7222857142857143,0.6828075017248949,0.6777142857142857
0.262,0.7150212214346945,0.7154285714285714,0.7243173597608146,0.7222857142857143,0.6839757260239603,0.6777142857142857
0.263,0.7161397896673567,0.7165714285714285,0.7243173597608146,0.7222857142857143,0.6839757260239603,0.6788571428571428
0.264,0.7161397896673567,0.7165714285714285,0.72548558405988,0.7222857142857143,0.6863121746220913,0.6788571428571428
0.265,0.7161397896673567,0.7177142857142857,0.7266041522925422,0.7222857142857143,0.6863121746220913,0.68
0.266,0.7161397896673567,0.7177142857142857,0.7288412887578666,0.7234285714285714,0.6874803989211566,0.6811428571428572
0.267,0.7172583579000189,0.7177142857142857,0.7299598569905288,0.7234285714285714,0.6874803989211566,0.6822857142857143
0.268,0.718376926132681,0.7177142857142857,0.7311280812895942,0.7234285714285714,0.6897671914528842,0.6845714285714286
0.269,0.718376926132681,0.7188571428571429,0.7311280812895942,0.7245714285714285,0.6897671914528842,0.6845714285714286
0.27,0.7217822868970709,0.7211428571428572,0.7311280812895942,0.7257142857142858,0.6908857596855464,0.6868571428571428
0.271,0.7217822868970709,0.7211428571428572,0.7333652177549186,0.7268571428571429,0.6908857596855464,0.688
0.272,0.7240690794287984,0.7222857142857143,0.7333652177549186,0.728,0.6908857596855464,0.688
0.273,0.7240690794287984,0.7222857142857143,0.7333652177549186,0.728,0.6920539839846118,0.688
0.274,0.7251876476614606,0.7234285714285714,0.7357016663530493,0.728,0.6942911204499362,0.688
0.275,0.7274744401931883,0.7245714285714285,0.7379388028183738,0.7302857142857143,0.6942911204499362,0.6914285714285714
0.276,0.7274744401931883,0.7268571428571429,0.7379388028183738,0.7302857142857143,0.6965282569152607,0.6925714285714286
0.277,0.7285930084258504,0.728,0.7402255953501014,0.7314285714285714,0.697696481214326,0.6925714285714286
0.278,0.7285930084258504,0.728,0.7436806121808944,0.7325714285714285,0.6988647055133914,0.6948571428571428
0.279,0.7308301448911748,0.7291428571428571,0.7447991804135566,0.7348571428571429,0.6988647055133914,0.696
0.28,0.731948713123837,0.7291428571428571,0.7459177486462187,0.7371428571428571,0.6988647055133914,0.6971428571428572
0.281,0.7330672813564991,0.7291428571428571,0.7482045411779464,0.7371428571428571,0.6988647055133914,0.6971428571428572
0.28200000000000003,0.7341858495891613,0.7302857142857143,0.7504416776432707,0.7371428571428571,0.7011018419787158,0.6971428571428572
0.28300000000000003,0.7341858495891613,0.7302857142857143,0.751560245875933,0.7382857142857143,0.7011018419787158,0.6971428571428572
0.28400000000000003,0.7364229860544858,0.7302857142857143,0.751560245875933,0.7394285714285714,0.7011018419787158,0.6982857142857143
0.28500000000000003,0.740996571117941,0.7314285714285714,0.751560245875933,0.7428571428571429,0.7011018419787158,0.6982857142857143
0.28600000000000003,0.7421647954170064,0.7325714285714285,0.7526788141085952,0.744,0.7033886345104434,0.6982857142857143
0.28700000000000003,0.7433330197160719,0.7337142857142858,0.7526788141085952,0.7451428571428571,0.70674433920843,0.6982857142857143
0.28800000000000003,0.7456198122477995,0.736,0.7538470384076607,0.7462857142857143,0.70674433920843,0.6994285714285714
0.289,0.7456198122477995,0.7371428571428571,0.7538470384076607,0.7462857142857143,0.7089814756737545,0.7005714285714286
0.29,0.7467880365468649,0.7371428571428571,0.7561338309393882,0.7474285714285714,0.7101000439064167,0.7005714285714286
0.291,0.7467880365468649,0.7371428571428571,0.7561338309393882,0.7497142857142857,0.7101000439064167,0.7005714285714286
0.292,0.7479562608459303,0.7394285714285714,0.7561338309393882,0.7497142857142857,0.7112186121390788,0.7005714285714286
0.293,0.7479562608459303,0.7394285714285714,0.7561338309393882,0.7497142857142857,0.7112186121390788,0.7005714285714286
0.294,0.7491244851449956,0.7394285714285714,0.7561338309393882,0.7497142857142857,0.7134557486044032,0.7028571428571428
0.295,0.7491244851449956,0.7394285714285714,0.7583709674047127,0.7508571428571429,0.7134557486044032,0.704
0.296,0.7491244851449956,0.7417142857142857,0.7583709674047127,0.752,0.7134557486044032,0.7062857142857143
0.297,0.7502430533776578,0.7428571428571429,0.7583709674047127,0.7531428571428571,0.7157921972025341,0.7062857142857143
0.298,0.7525795019757888,0.744,0.759539191703778,0.7542857142857143,0.7169107654351963,0.7062857142857143
0.299,0.753698070208451,0.744,0.759539191703778,0.7565714285714286,0.7191975579669239,0.7062857142857143
0.3,0.753698070208451,0.7451428571428571,0.759539191703778,0.7565714285714286,0.7191975579669239,0.7062857142857143
0.301,0.7548166384411132,0.7451428571428571,0.7617763281691023,0.7565714285714286,0.7191975579669239,0.7062857142857143
0.302,0.757153087039244,0.7474285714285714,0.7617763281691023,0.76,0.7214346944322483,0.712
0.303,0.7582716552719062,0.7474285714285714,0.7617763281691023,0.76,0.7214346944322483,0.712
0.304,0.7582716552719062,0.7485714285714286,0.7663499132325577,0.7622857142857142,0.7214346944322483,0.7131428571428572
0.305,0.7593902235045684,0.7497142857142857,0.7675181375316231,0.7634285714285715,0.7226029187313137,0.7131428571428572
0.306,0.7593902235045684,0.752,0.7686367057642853,0.7645714285714286,0.7237214869639759,0.7177142857142857
0.307,0.7593902235045684,0.7542857142857143,0.7698049300633507,0.7645714285714286,0.7248400551966381,0.7188571428571429
0.308,0.7593902235045684,0.7542857142857143,0.7698049300633507,0.7657142857142857,0.7248400551966381,0.7222857142857143
0.309,0.761677016036296,0.7554285714285714,0.7698049300633507,0.7657142857142857,0.7248400551966381,0.7222857142857143
0.31,0.761677016036296,0.7577142857142857,0.7709731543624161,0.7657142857142857,0.7248400551966381,0.7234285714285714
0.311,0.761677016036296,0.7588571428571429,0.7709731543624161,0.7657142857142857,0.7248400551966381,0.7245714285714285
0.312,0.761677016036296,0.76,0.7709731543624161,0.768,0.7248400551966381,0.7257142857142858
0.313,0.761677016036296,0.76,0.7709731543624161,0.768,0.7248400551966381,0.7268571428571429
0.314,0.761677016036296,0.76,0.7709731543624161,0.768,0.7248400551966381,0.728
0.315,0.7640134646344268,0.7611428571428571,0.7709731543624161,0.768,0.7282454159610279,0.7291428571428571
0.316,0.7640134646344268,0.7634285714285715,0.7709731543624161,0.768,0.7282454159610279,0.7302857142857143
0.317,0.7651816889334923,0.7634285714285715,0.7709731543624161,0.7691428571428571,0.7282454159610279,0.7302857142857143
0.318,0.7651816889334923,0.7634285714285715,0.7709731543624161,0.7725714285714286,0.7282454159610279,0.7302857142857143
0.319,0.7651816889334923,0.7634285714285715,0.7721413786614815,0.7725714285714286,0.7282454159610279,0.7302857142857143
0.32,0.7663499132325577,0.7634285714285715,0.7733096029605468,0.7725714285714286,0.7282454159610279,0.7325714285714285
0.321,0.7674684814652198,0.7634285714285715,0.7733096029605468,0.7725714285714286,0.7305818645591586,0.7325714285714285
0.322,0.7674684814652198,0.7634285714285715,0.7733096029605468,0.7725714285714286,0.731750088858224,0.7325714285714285
0.323,0.7697056179305443,0.7634285714285715,0.7733096029605468,0.7725714285714286,0.731750088858224,0.7348571428571429
0.324,0.7697056179305443,0.7645714285714286,0.7744281711932091,0.7748571428571429,0.7329183131572895,0.736
0.325,0.7697056179305443,0.7657142857142857,0.7744281711932091,0.7748571428571429,0.7329183131572895,0.7371428571428571
0.326,0.7697056179305443,0.7668571428571429,0.7744281711932091,0.7748571428571429,0.7352051056890172,0.7382857142857143
0.327,0.7697056179305443,0.7668571428571429,0.7755467394258713,0.7771428571428571,0.7352051056890172,0.7382857142857143
0.328,0.7708241861632064,0.768,0.7767149637249368,0.7771428571428571,0.7352051056890172,0.7382857142857143
0.329,0.7719427543958686,0.768,0.7767149637249368,0.7782857142857142,0.7352051056890172,0.7394285714285714
0.33,0.7719427543958686,0.7702857142857142,0.7767149637249368,0.7794285714285715,0.7363236739216794,0.7405714285714285
0.331,0.7719427543958686,0.7714285714285715,0.7778335319575989,0.7794285714285715,0.7397786907524724,0.7405714285714285
0.332,0.7719427543958686,0.7725714285714286,0.7789521001902611,0.7794285714285715,0.7397786907524724,0.7405714285714285
0.333,0.7731109786949341,0.7737142857142857,0.7789521001902611,0.7794285714285715,0.7408972589851346,0.7428571428571429
0.334,0.7731109786949341,0.7748571428571429,0.7812388927219888,0.7794285714285715,0.7408972589851346,0.7428571428571429
0.335,0.7731109786949341,0.7748571428571429,0.7812388927219888,0.7805714285714286,0.7408972589851346,0.7428571428571429
0.336,0.7731109786949341,0.7771428571428571,0.7812388927219888,0.7805714285714286,0.7408972589851346,0.7451428571428571
0.337,0.7731109786949341,0.7771428571428571,0.7812388927219888,0.7805714285714286,0.743134395450459,0.7451428571428571
0.338,0.7731109786949341,0.7771428571428571,0.7812388927219888,0.7817142857142857,0.743134395450459,0.7451428571428571
0.339,0.7731109786949341,0.7771428571428571,0.7823574609546509,0.7817142857142857,0.743134395450459,0.7451428571428571
0.34,0.7731109786949341,0.7771428571428571,0.7835256852537164,0.7817142857142857,0.7443026197495244,0.7451428571428571
0.341,0.7731109786949341,0.7782857142857142,0.7846939095527817,0.7817142857142857,0.7443026197495244,0.7462857142857143
0.342,0.7742792029939994,0.7782857142857142,0.7846939095527817,0.7817142857142857,0.7443026197495244,0.7474285714285714
0.343,0.7742792029939994,0.7782857142857142,0.7869310460181062,0.7817142857142857,0.7454708440485898,0.7474285714285714
0.34400000000000003,0.7754474272930649,0.7782857142857142,0.7869310460181062,0.7817142857142857,0.7466390683476551,0.7474285714285714
0.34500000000000003,0.7754474272930649,0.7782857142857142,0.7869310460181062,0.7817142857142857,0.7466390683476551,0.7497142857142857
0.34600000000000003,0.7765659955257271,0.7782857142857142,0.7869310460181062,0.7828571428571428,0.7477576365803174,0.7508571428571429
0.34700000000000003,0.7765659955257271,0.7817142857142857,0.7869310460181062,0.7828571428571428,0.7512126534111104,0.7508571428571429
0.34800000000000003,0.7776845637583892,0.7817142857142857,0.7869310460181062,0.7828571428571428,0.7512126534111104,0.752
0.34900000000000003,0.7776845637583892,0.784,0.7880496142507684,0.784,0.7512126534111104,0.752
0.35000000000000003,0.7776845637583892,0.784,0.7880496142507684,0.784,0.7523312216437726,0.752
0.35100000000000003,0.7799217002237137,0.7851428571428571,0.7880496142507684,0.7862857142857143,0.7523312216437726,0.7531428571428571
0.352,0.7822084927554414,0.7851428571428571,0.7880496142507684,0.7874285714285715,0.7523312216437726,0.7554285714285714
0.353,0.7833270609881035,0.7851428571428571,0.7892178385498338,0.7874285714285715,0.7546676702419035,0.7554285714285714
0.354,0.7833270609881035,0.7862857142857143,0.7892178385498338,0.7874285714285715,0.7546676702419035,0.7554285714285714
0.355,0.7833270609881035,0.7885714285714286,0.7914549750151582,0.7874285714285715,0.7546676702419035,0.7554285714285714
0.356,0.7844952852871688,0.7885714285714286,0.7914549750151582,0.7874285714285715,0.7546676702419035,0.7554285714285714
0.357,0.7844952852871688,0.7885714285714286,0.7926231993142236,0.7897142857142857,0.7546676702419035,0.7554285714285714
0.358,0.7856635095862343,0.7885714285714286,0.7926231993142236,0.7908571428571428,0.7558358945409689,0.7554285714285714
0.359,0.7856635095862343,0.7885714285714286,0.7926231993142236,0.7908571428571428,0.7580730310062933,0.7577142857142857
0.36,0.7868317338852997,0.7885714285714286,0.7926231993142236,0.792,0.7603598235380209,0.7577142857142857
0.361,0.7902370946496895,0.7885714285714286,0.7949099918459512,0.7942857142857143,0.7603598235380209,0.7611428571428571
0.362,0.7902370946496895,0.7897142857142857,0.7960285600786134,0.7942857142857143,0.7603598235380209,0.7634285714285715
0.363,0.7902370946496895,0.7897142857142857,0.7960285600786134,0.7942857142857143,0.7603598235380209,0.7645714285714286
0.364,0.7914053189487549,0.7897142857142857,0.7960285600786134,0.7954285714285714,0.7603598235380209,0.7645714285714286
0.365,0.7914053189487549,0.7908571428571428,0.7960285600786134,0.7954285714285714,0.7603598235380209,0.7657142857142857
0.366,0.7914053189487549,0.7908571428571428,0.7960285600786134,0.7965714285714286,0.7615280478370863,0.7668571428571429
0.367,0.7914053189487549,0.7908571428571428,0.7960285600786134,0.7965714285714286,0.7615280478370863,0.7668571428571429
0.368,0.7914053189487549,0.7908571428571428,0.7960285600786134,0.7965714285714286,0.7615280478370863,0.7668571428571429
0.369,0.7936921114804825,0.7908571428571428,0.7960285600786134,0.7965714285714286,0.7637651843024107,0.7668571428571429
0.37,0.7948106797131447,0.7908571428571428,0.798315352610341,0.7977142857142857,0.7648837525350729,0.7668571428571429
0.371,0.7948106797131447,0.792,0.7994339208430032,0.7988571428571428,0.7660023207677351,0.7691428571428571
0.372,0.7948106797131447,0.7931428571428571,0.8005524890756653,0.8,0.7671208890003973,0.7702857142857142
0.373,0.7970974722448724,0.7931428571428571,0.8005524890756653,0.8011428571428572,0.7694076815321249,0.7702857142857142
0.374,0.7982656965439379,0.7931428571428571,0.8005524890756653,0.8011428571428572,0.7705262497647871,0.7702857142857142
0.375,0.7982656965439379,0.7931428571428571,0.8005524890756653,0.8011428571428572,0.7728626983629179,0.7702857142857142
0.376,0.7982656965439379,0.7942857142857143,0.8028889376737962,0.8011428571428572,0.7763177151937108,0.7702857142857142
0.377,0.7994339208430032,0.7977142857142857,0.8028889376737962,0.8034285714285714,0.7774859394927763,0.7702857142857142
0.378,0.8005524890756653,0.7988571428571428,0.8028889376737962,0.8034285714285714,0.7786541637918418,0.7714285714285715
0.379,0.8016710573083276,0.8,0.8028889376737962,0.8034285714285714,0.7786541637918418,0.7714285714285715
0.38,0.8016710573083276,0.8011428571428572,0.8040075059064584,0.8045714285714286,0.779772732024504,0.7737142857142857
0.381,0.802839281607393,0.8022857142857143,0.8040075059064584,0.8045714285714286,0.779772732024504,0.7748571428571429
0.382,0.802839281607393,0.8022857142857143,0.8051757302055238,0.8045714285714286,0.779772732024504,0.7748571428571429
0.383,0.802839281607393,0.8022857142857143,0.8051757302055238,0.8045714285714286,0.7808913002571662,0.7782857142857142
0.384,0.8039578498400552,0.8022857142857143,0.8051757302055238,0.8045714285714286,0.7808913002571662,0.7794285714285715
0.385,0.8039578498400552,0.8022857142857143,0.8051757302055238,0.8068571428571428,0.7808913002571662,0.7805714285714286
0.386,0.8039578498400552,0.8022857142857143,0.8051757302055238,0.8068571428571428,0.7808913002571662,0.7828571428571428
0.387,0.8051260741391206,0.8034285714285714,0.8063439545045892,0.8068571428571428,0.7808913002571662,0.784
0.388,0.8051260741391206,0.8045714285714286,0.8086307470363169,0.8068571428571428,0.7820098684898283,0.7862857142857143
0.389,0.8051260741391206,0.808,0.8086307470363169,0.8068571428571428,0.784296661021556,0.7862857142857143
0.39,0.806294298438186,0.808,0.8097989713353824,0.8068571428571428,0.784296661021556,0.7874285714285715
0.391,0.806294298438186,0.808,0.8097989713353824,0.8068571428571428,0.784296661021556,0.7874285714285715
0.392,0.806294298438186,0.808,0.8097989713353824,0.8102857142857143,0.784296661021556,0.7874285714285715
0.393,0.806294298438186,0.808,0.8097989713353824,0.8102857142857143,0.784296661021556,0.7885714285714286
0.394,0.806294298438186,0.808,0.8097989713353824,0.8102857142857143,0.7865834535532836,0.7897142857142857
0.395,0.806294298438186,0.8102857142857143,0.8097989713353824,0.8102857142857143,0.7888702460850112,0.7897142857142857
0.396,0.806294298438186,0.8114285714285714,0.8097989713353824,0.8102857142857143,0.7888702460850112,0.7897142857142857
0.397,0.806294298438186,0.8114285714285714,0.8109175395680446,0.8114285714285714,0.7888702460850112,0.7897142857142857
0.398,0.8085314349035104,0.8125714285714286,0.81208576386711,0.8114285714285714,0.7911570386167388,0.7908571428571428
0.399,0.8085314349035104,0.8125714285714286,0.81208576386711,0.8114285714285714,0.7923252629158042,0.7931428571428571
0.4,0.8085314349035104,0.8137142857142857,0.81208576386711,0.8125714285714286,0.7934438311484664,0.7977142857142857
0.401,0.8085314349035104,0.8137142857142857,0.8132539881661753,0.8148571428571428,0.7946120554475318,0.7977142857142857
0.402,0.810818227435238,0.8137142857142857,0.8132539881661753,0.8148571428571428,0.7946120554475318,0.7977142857142857
0.403,0.8119864517343034,0.8148571428571428,0.8132539881661753,0.816,0.7957802797465973,0.7977142857142857
0.404,0.8119864517343034,0.8148571428571428,0.8143725563988375,0.816,0.7968988479792595,0.7977142857142857
0.405,0.8119864517343034,0.8171428571428572,0.8155407806979029,0.8171428571428572,0.7968988479792595,0.7977142857142857
0.406,0.8131546760333689,0.8171428571428572,0.8166593489305651,0.8171428571428572,0.7968988479792595,0.8
0.40700000000000003,0.8154414685650966,0.8182857142857143,0.8166593489305651,0.8182857142857143,0.7980174162119216,0.8045714285714286
0.40800000000000003,0.8154414685650966,0.8182857142857143,0.8166593489305651,0.8182857142857143,0.7991359844445838,0.8045714285714286
0.40900000000000003,0.8154414685650966,0.8182857142857143,0.8166593489305651,0.8182857142857143,0.8014227769763115,0.8057142857142857
0.41000000000000003,0.8154414685650966,0.8182857142857143,0.8178275732296305,0.8194285714285714,0.8025910012753769,0.8057142857142857
0.41100000000000003,0.8154414685650966,0.8182857142857143,0.8178275732296305,0.8205714285714286,0.8072142424052353,0.8068571428571428
0.41200000000000003,0.8154414685650966,0.8194285714285714,0.8178275732296305,0.8217142857142857,0.8072142424052353,0.808
0.41300000000000003,0.8165600367977587,0.8194285714285714,0.8189461414622927,0.8217142857142857,0.8083328106378975,0.808
0.41400000000000003,0.8177282610968241,0.8194285714285714,0.8189461414622927,0.8217142857142857,0.8083328106378975,0.8091428571428572
0.41500000000000004,0.8177282610968241,0.8194285714285714,0.8189461414622927,0.8217142857142857,0.8083328106378975,0.8102857142857143
0.41600000000000004,0.8188964853958896,0.8194285714285714,0.8189461414622927,0.8228571428571428,0.8083328106378975,0.8114285714285714
0.417,0.8200647096949549,0.8194285714285714,0.8189461414622927,0.8228571428571428,0.8083328106378975,0.8114285714285714
0.418,0.8200647096949549,0.8194285714285714,0.8189461414622927,0.8228571428571428,0.8106692592360283,0.8137142857142857
0.419,0.8200647096949549,0.8194285714285714,0.8189461414622927,0.8228571428571428,0.8130057078341593,0.8148571428571428
0.42,0.8211832779276171,0.8194285714285714,0.8189461414622927,0.8228571428571428,0.8130057078341593,0.816
0.421,0.8211832779276171,0.8205714285714286,0.8189461414622927,0.8251428571428572,0.8130057078341593,0.816
0.422,0.8246382947584101,0.8205714285714286,0.8189461414622927,0.8251428571428572,0.8130057078341593,0.8171428571428572
0.423,0.8246382947584101,0.8205714285714286,0.8201143657613582,0.8251428571428572,0.8141739321332246,0.8171428571428572
0.424,0.8246382947584101,0.8217142857142857,0.8201143657613582,0.8251428571428572,0.8141739321332246,0.8182857142857143
0.425,0.8257568629910723,0.8228571428571428,0.8201143657613582,0.8251428571428572,0.81534215643229,0.8194285714285714
0.426,0.8257568629910723,0.824,0.8201143657613582,0.8262857142857143,0.8164607246649522,0.8194285714285714
0.427,0.8268754312237345,0.8251428571428572,0.8212825900604236,0.8262857142857143,0.8176289489640176,0.8194285714285714
0.428,0.8268754312237345,0.8251428571428572,0.8212825900604236,0.8262857142857143,0.8176289489640176,0.8205714285714286
0.429,0.8268754312237345,0.8251428571428572,0.8224011582930857,0.8262857142857143,0.8176289489640176,0.8205714285714286
0.43,0.8280436555227999,0.8262857142857143,0.8224011582930857,0.8274285714285714,0.8187971732630831,0.8205714285714286
0.431,0.8280436555227999,0.8274285714285714,0.8235693825921512,0.8274285714285714,0.8187971732630831,0.8205714285714286
0.432,0.8292118798218654,0.8297142857142857,0.8235693825921512,0.8274285714285714,0.8187971732630831,0.8205714285714286
0.433,0.8292118798218654,0.8308571428571428,0.8246879508248134,0.8274285714285714,0.8199157414957452,0.8205714285714286
0.434,0.8292118798218654,0.8308571428571428,0.8246879508248134,0.8285714285714286,0.8199157414957452,0.8217142857142857
0.435,0.8292118798218654,0.832,0.8246879508248134,0.8285714285714286,0.8210839657948106,0.8217142857142857
0.436,0.8292118798218654,0.832,0.8258561751238789,0.8285714285714286,0.8210839657948106,0.8217142857142857
0.437,0.8292118798218654,0.832,0.8258561751238789,0.8285714285714286,0.8222521900938761,0.8228571428571428
0.438,0.8292118798218654,0.832,0.8270243994229443,0.8285714285714286,0.8222521900938761,0.8228571428571428
0.439,0.8292118798218654,0.832,0.8281429676556065,0.8308571428571428,0.8222521900938761,0.8228571428571428
0.44,0.8292118798218654,0.8331428571428572,0.8292615358882687,0.832,0.8222521900938761,0.8228571428571428
0.441,0.8292118798218654,0.8331428571428572,0.8303801041209309,0.832,0.8222521900938761,0.824
0.442,0.8303304480545276,0.8342857142857143,0.8315483284199963,0.8331428571428572,0.8222521900938761,0.824
0.443,0.8303304480545276,0.8342857142857143,0.8327165527190616,0.8342857142857143,0.8244893265592005,0.824
0.444,0.8303304480545276,0.8342857142857143,0.8327165527190616,0.8342857142857143,0.825657550858266,0.8262857142857143
0.445,0.8303304480545276,0.8342857142857143,0.8327165527190616,0.8342857142857143,0.825657550858266,0.8262857142857143
0.446,0.8303304480545276,0.8342857142857143,0.8327165527190616,0.8342857142857143,0.825657550858266,0.8262857142857143
0.447,0.8303304480545276,0.8354285714285714,0.8327165527190616,0.8342857142857143,0.825657550858266,0.8274285714285714
0.448,0.8314986723535931,0.8365714285714285,0.8327165527190616,0.8354285714285714,0.825657550858266,0.8274285714285714
0.449,0.8326172405862552,0.8377142857142857,0.833884777018127,0.8354285714285714,0.825657550858266,0.8274285714285714
0.45,0.8337854648853206,0.8377142857142857,0.8350033452507892,0.8354285714285714,0.825657550858266,0.8274285714285714
0.451,0.8337854648853206,0.8388571428571429,0.8350033452507892,0.8354285714285714,0.825657550858266,0.8274285714285714
0.452,0.8337854648853206,0.84,0.8350033452507892,0.8354285714285714,0.8268257751573314,0.8285714285714286
0.453,0.8337854648853206,0.84,0.8361715695498547,0.8354285714285714,0.8268257751573314,0.8297142857142857
0.454,0.8349536891843861,0.8411428571428572,0.8372901377825168,0.8354285714285714,0.8268257751573314,0.832
0.455,0.8349536891843861,0.8411428571428572,0.8372901377825168,0.8354285714285714,0.8279939994563967,0.832
0.456,0.8349536891843861,0.8422857142857143,0.8372901377825168,0.8354285714285714,0.8279939994563967,0.832
0.457,0.8349536891843861,0.8422857142857143,0.8372901377825168,0.8354285714285714,0.8279939994563967,0.832
0.458,0.8360722574170483,0.8422857142857143,0.8372901377825168,0.8354285714285714,0.8291125676890589,0.8331428571428572
0.459,0.8372404817161136,0.8434285714285714,0.8372901377825168,0.8354285714285714,0.8302807919881243,0.8331428571428572
0.46,0.8395769303142444,0.8445714285714285,0.8384583620815822,0.8354285714285714,0.8302807919881243,0.8342857142857143
0.461,0.8407451546133099,0.8457142857142858,0.8384583620815822,0.8354285714285714,0.8302807919881243,0.8342857142857143
0.462,0.8407451546133099,0.8457142857142858,0.8395769303142444,0.8365714285714285,0.8313993602207865,0.8354285714285714
0.463,0.8407451546133099,0.8457142857142858,0.8395769303142444,0.8365714285714285,0.8336861527525141,0.8354285714285714
0.464,0.8407451546133099,0.8457142857142858,0.8395769303142444,0.8377142857142857,0.8336861527525141,0.8354285714285714
0.465,0.8407451546133099,0.8457142857142858,0.8418140667795688,0.8377142857142857,0.8348543770515796,0.8354285714285714
0.466,0.8407451546133099,0.8457142857142858,0.8418140667795688,0.8388571428571429,0.8348543770515796,0.8354285714285714
0.467,0.8418637228459721,0.8457142857142858,0.842932635012231,0.8411428571428572,0.8359729452842418,0.8354285714285714
0.468,0.8430319471450376,0.8468571428571429,0.8441008593112964,0.8422857142857143,0.8382597378159693,0.8354285714285714
0.46900000000000003,0.8441505153776998,0.8468571428571429,0.8441008593112964,0.8422857142857143,0.8382597378159693,0.8365714285714285
0.47000000000000003,0.8452690836103619,0.8468571428571429,0.8463379957766208,0.8422857142857143,0.8382597378159693,0.8365714285714285
0.47100000000000003,0.8452690836103619,0.8468571428571429,0.8463379957766208,0.8422857142857143,0.8394279621150348,0.8365714285714285
0.47200000000000003,0.8452690836103619,0.8468571428571429,0.8463379957766208,0.8422857142857143,0.8394279621150348,0.8377142857142857
0.47300000000000003,0.8452690836103619,0.8491428571428571,0.8475062200756863,0.8422857142857143,0.8394279621150348,0.84
0.47400000000000003,0.8452690836103619,0.8491428571428571,0.8475062200756863,0.8445714285714285,0.8417147546467625,0.84
0.47500000000000003,0.8452690836103619,0.8502857142857143,0.8475062200756863,0.8457142857142858,0.8417147546467625,0.8411428571428572
0.47600000000000003,0.8452690836103619,0.8502857142857143,0.8486744443747518,0.8468571428571429,0.8417147546467625,0.8411428571428572
0.47700000000000004,0.8464373079094274,0.8502857142857143,0.8498426686738172,0.848,0.8417147546467625,0.8411428571428572
0.47800000000000004,0.8476055322084928,0.8514285714285714,0.8498426686738172,0.848,0.8439518911120868,0.8422857142857143
0.47900000000000004,0.8476055322084928,0.8514285714285714,0.8498426686738172,0.848,0.8439518911120868,0.8434285714285714
0.48,0.8476055322084928,0.8514285714285714,0.8498426686738172,0.848,0.8439518911120868,0.8434285714285714
0.481,0.8487737565075582,0.8514285714285714,0.8509612369064793,0.848,0.8439518911120868,0.8445714285714285
0.482,0.8487737565075582,0.8514285714285714,0.8509612369064793,0.848,0.845070459344749,0.8457142857142858
0.483,0.8487737565075582,0.8514285714285714,0.8509612369064793,0.848,0.8462386836438145,0.8457142857142858
0.484,0.8487737565075582,0.8514285714285714,0.8509612369064793,0.848,0.8474069079428799,0.8457142857142858
0.485,0.8487737565075582,0.8514285714285714,0.8509612369064793,0.8502857142857143,0.8496440444082042,0.8468571428571429
0.486,0.8487737565075582,0.8525714285714285,0.8509612369064793,0.8514285714285714,0.8496440444082042,0.8468571428571429
0.487,0.8499419808066235,0.8525714285714285,0.8509612369064793,0.8514285714285714,0.8496440444082042,0.848
0.488,0.851110205105689,0.8548571428571429,0.8509612369064793,0.8514285714285714,0.8496440444082042,0.848
0.489,0.8522784294047544,0.8548571428571429,0.8509612369064793,0.8525714285714285,0.8496440444082042,0.848
0.49,0.8522784294047544,0.8548571428571429,0.8520798051391415,0.8537142857142858,0.8508122687072697,0.8514285714285714
0.491,0.8522784294047544,0.8548571428571429,0.8520798051391415,0.8537142857142858,0.8508122687072697,0.8514285714285714
0.492,0.8522784294047544,0.8548571428571429,0.8520798051391415,0.8537142857142858,0.8508122687072697,0.8514285714285714
0.493,0.8522784294047544,0.8548571428571429,0.8520798051391415,0.8537142857142858,0.8508122687072697,0.8514285714285714
0.494,0.8522784294047544,0.8571428571428571,0.8531983733718037,0.8537142857142858,0.851980493006335,0.8525714285714285
0.495,0.8522784294047544,0.8571428571428571,0.8531983733718037,0.8537142857142858,0.8530990612389973,0.8525714285714285
0.496,0.8522784294047544,0.8571428571428571,0.855435509837128,0.8537142857142858,0.8542176294716595,0.8525714285714285
0.497,0.8533969976374166,0.8594285714285714,0.8566037341361935,0.8537142857142858,0.8553858537707248,0.856
0.498,0.8533969976374166,0.8605714285714285,0.8566037341361935,0.8537142857142858,0.8565044220033871,0.856
0.499,0.8533969976374166,0.8617142857142858,0.8566037341361935,0.8548571428571429,0.8565044220033871,0.8571428571428571
0.5,0.8557334462355475,0.8617142857142858,0.857771958435259,0.8548571428571429,0.8565044220033871,0.8571428571428571
0.501,0.8557334462355475,0.8617142857142858,0.8589401827343244,0.856,0.8565044220033871,0.8571428571428571
0.502,0.8568520144682097,0.8628571428571429,0.861226975266052,0.856,0.8565044220033871,0.8571428571428571
0.503,0.8568520144682097,0.8628571428571429,0.861226975266052,0.8582857142857143,0.8576726463024524,0.8571428571428571
0.504,0.8591388069999373,0.8628571428571429,0.861226975266052,0.8582857142857143,0.8587912145351146,0.8571428571428571
0.505,0.8602573752325995,0.8628571428571429,0.861226975266052,0.8594285714285714,0.8587912145351146,0.8571428571428571
0.506,0.8613759434652617,0.8628571428571429,0.861226975266052,0.8594285714285714,0.8587912145351146,0.8571428571428571
0.507,0.8613759434652617,0.8628571428571429,0.861226975266052,0.8594285714285714,0.8587912145351146,0.8582857142857143
0.508,0.8613759434652617,0.8628571428571429,0.8623455434987142,0.8605714285714285,0.8599097827677769,0.8594285714285714
0.509,0.8613759434652617,0.8628571428571429,0.8635137677977796,0.8605714285714285,0.8610780070668422,0.8605714285714285
0.51,0.8613759434652617,0.8628571428571429,0.8635137677977796,0.8628571428571429,0.8610780070668422,0.8617142857142858
0.511,0.8636130799305861,0.8628571428571429,0.8635137677977796,0.8628571428571429,0.8622462313659077,0.8617142857142858
0.512,0.8647316481632483,0.8628571428571429,0.864681992096845,0.8628571428571429,0.8622462313659077,0.8617142857142858
0.513,0.8658502163959105,0.8628571428571429,0.864681992096845,0.8628571428571429,0.8622462313659077,0.8617142857142858
0.514,0.8669687846285726,0.8628571428571429,0.864681992096845,0.8628571428571429,0.8622462313659077,0.8628571428571429
0.515,0.8680873528612348,0.8628571428571429,0.864681992096845,0.8628571428571429,0.8622462313659077,0.8628571428571429
0.516,0.8704238014593657,0.8628571428571429,0.864681992096845,0.8628571428571429,0.8622462313659077,0.864
0.517,0.8704238014593657,0.8628571428571429,0.864681992096845,0.8628571428571429,0.8622462313659077,0.864
0.518,0.8704238014593657,0.8628571428571429,0.8658005603295071,0.8628571428571429,0.8633647995985699,0.864
0.519,0.8704238014593657,0.8628571428571429,0.8658005603295071,0.8628571428571429,0.8633647995985699,0.864
0.52,0.8704238014593657,0.8628571428571429,0.8669687846285726,0.8628571428571429,0.8633647995985699,0.8651428571428571
0.521,0.8715920257584311,0.8628571428571429,0.868137008927638,0.8628571428571429,0.8633647995985699,0.8662857142857143
0.522,0.8715920257584311,0.864,0.868137008927638,0.864,0.8645330238976354,0.8662857142857143
0.523,0.8727105939910933,0.864,0.868137008927638,0.864,0.8645330238976354,0.8662857142857143
0.524,0.8727105939910933,0.864,0.868137008927638,0.864,0.8645330238976354,0.8662857142857143
0.525,0.8738788182901587,0.864,0.8693052332267035,0.864,0.8645330238976354,0.8662857142857143
0.526,0.8738788182901587,0.8651428571428571,0.8693052332267035,0.8651428571428571,0.8657012481967008,0.8674285714285714
0.527,0.8750470425892241,0.8651428571428571,0.8693052332267035,0.8651428571428571,0.8657012481967008,0.8697142857142857
0.528,0.8750470425892241,0.8651428571428571,0.8693052332267035,0.8651428571428571,0.8657012481967008,0.8697142857142857
0.529,0.8750470425892241,0.8651428571428571,0.8693052332267035,0.8651428571428571,0.8657012481967008,0.8697142857142857
0.53,0.8762152668882895,0.8662857142857143,0.8693052332267035,0.8662857142857143,0.8657012481967008,0.8708571428571429
0.531,0.8762152668882895,0.8674285714285714,0.8693052332267035,0.8674285714285714,0.8657012481967008,0.8708571428571429
0.532,0.8762152668882895,0.8685714285714285,0.8693052332267035,0.8674285714285714,0.8657012481967008,0.8708571428571429
0.533,0.8762152668882895,0.8685714285714285,0.8693052332267035,0.8674285714285714,0.8668694724957662,0.8708571428571429
0.534,0.8762152668882895,0.8697142857142857,0.8693052332267035,0.8685714285714285,0.8668694724957662,0.8708571428571429
0.535,0.8762152668882895,0.8708571428571429,0.8693052332267035,0.8685714285714285,0.8668694724957662,0.8708571428571429
0.536,0.8762152668882895,0.8708571428571429,0.8693052332267035,0.8685714285714285,0.8668694724957662,0.8708571428571429
0.537,0.8762152668882895,0.8708571428571429,0.8693052332267035,0.8697142857142857,0.8668694724957662,0.872
0.538,0.8762152668882895,0.8708571428571429,0.8693052332267035,0.8708571428571429,0.869205921093897,0.872
0.539,0.8762152668882895,0.872,0.8693052332267035,0.872,0.8714927136256245,0.8731428571428571
0.54,0.8773338351209516,0.8742857142857143,0.8704734575257689,0.872,0.8714927136256245,0.8731428571428571
0.541,0.8773338351209516,0.8754285714285714,0.8704734575257689,0.872,0.8714927136256245,0.8731428571428571
0.542,0.8784524033536139,0.8777142857142857,0.8704734575257689,0.8731428571428571,0.8714927136256245,0.8731428571428571
0.543,0.8784524033536139,0.8788571428571429,0.8704734575257689,0.8731428571428571,0.8714927136256245,0.8731428571428571
0.544,0.8784524033536139,0.8788571428571429,0.8704734575257689,0.8742857142857143,0.8714927136256245,0.8731428571428571
0.545,0.8784524033536139,0.8788571428571429,0.8704734575257689,0.8754285714285714,0.8714927136256245,0.8731428571428571
0.546,0.8784524033536139,0.8788571428571429,0.8715920257584311,0.8754285714285714,0.8714927136256245,0.8731428571428571
0.547,0.8795709715862761,0.8788571428571429,0.8727602500574965,0.8754285714285714,0.8714927136256245,0.8731428571428571
0.548,0.8795709715862761,0.8788571428571429,0.8727602500574965,0.8754285714285714,0.8714927136256245,0.8731428571428571
0.549,0.8795709715862761,0.8788571428571429,0.8727602500574965,0.8754285714285714,0.8714927136256245,0.8731428571428571
0.55,0.8795709715862761,0.88,0.8727602500574965,0.8754285714285714,0.8714927136256245,0.8731428571428571
0.551,0.8807391958853416,0.8811428571428571,0.8727602500574965,0.8788571428571429,0.87266093792469,0.8742857142857143
0.552,0.8807391958853416,0.8811428571428571,0.8738788182901587,0.8788571428571429,0.8738291622237555,0.8742857142857143
0.553,0.8807391958853416,0.8811428571428571,0.8738788182901587,0.8788571428571429,0.8738291622237555,0.8742857142857143
0.554,0.8807391958853416,0.8811428571428571,0.8738788182901587,0.8811428571428571,0.8738291622237555,0.8742857142857143
0.555,0.8818577641180037,0.8811428571428571,0.8738788182901587,0.8811428571428571,0.8738291622237555,0.8742857142857143
0.556,0.8818577641180037,0.8811428571428571,0.8738788182901587,0.8811428571428571,0.8749477304564177,0.8742857142857143
0.557,0.8818577641180037,0.8811428571428571,0.8738788182901587,0.8811428571428571,0.8749477304564177,0.8742857142857143
0.558,0.8818577641180037,0.8811428571428571,0.8738788182901587,0.8811428571428571,0.8749477304564177,0.8742857142857143
0.559,0.8830259884170691,0.8811428571428571,0.8738788182901587,0.8811428571428571,0.8760662986890799,0.8742857142857143
0.56,0.8841445566497314,0.8811428571428571,0.8738788182901587,0.8811428571428571,0.877184866921742,0.8765714285714286
0.561,0.8841445566497314,0.8811428571428571,0.8761159547554831,0.8822857142857143,0.877184866921742,0.8765714285714286
0.562,0.8841445566497314,0.8811428571428571,0.8761159547554831,0.8834285714285715,0.877184866921742,0.8765714285714286
0.5630000000000001,0.8841445566497314,0.8845714285714286,0.8761159547554831,0.8834285714285715,0.877184866921742,0.8777142857142857
0.5640000000000001,0.8841445566497314,0.8845714285714286,0.8761159547554831,0.8834285714285715,0.877184866921742,0.8777142857142857
0.5650000000000001,0.8841445566497314,0.8845714285714286,0.8761159547554831,0.8834285714285715,0.877184866921742,0.8777142857142857
0.5660000000000001,0.8841445566497314,0.8845714285714286,0.8761159547554831,0.8834285714285715,0.877184866921742,0.8777142857142857
0.5670000000000001,0.8852631248823936,0.8845714285714286,0.8772841790545485,0.8834285714285715,0.8783034351544042,0.8777142857142857
0.5680000000000001,0.8852631248823936,0.8857142857142857,0.8784027472872107,0.8834285714285715,0.8783034351544042,0.8777142857142857
0.5690000000000001,0.8864313491814589,0.8857142857142857,0.8795213155198729,0.8834285714285715,0.8783034351544042,0.8777142857142857
0.5700000000000001,0.8864313491814589,0.888,0.8795213155198729,0.8834285714285715,0.8783034351544042,0.8788571428571429
0.5710000000000001,0.8864313491814589,0.888,0.8806895398189383,0.8834285714285715,0.8783034351544042,0.8788571428571429
0.5720000000000001,0.8864313491814589,0.8902857142857142,0.8818081080516005,0.8834285714285715,0.8783034351544042,0.88
0.5730000000000001,0.8864313491814589,0.8902857142857142,0.8818081080516005,0.8834285714285715,0.8783034351544042,0.88
0.5740000000000001,0.8864313491814589,0.8914285714285715,0.8818081080516005,0.8834285714285715,0.8794716594534697,0.8811428571428571
0.5750000000000001,0.8864313491814589,0.8914285714285715,0.8829266762842627,0.8834285714285715,0.8817584519851973,0.8822857142857143
0.5760000000000001,0.887549917414121,0.8914285714285715,0.8840949005833281,0.8834285714285715,0.8817584519851973,0.8822857142857143
0.577,0.8898367099458487,0.8914285714285715,0.8840949005833281,0.8834285714285715,0.8829266762842627,0.8822857142857143
0.578,0.8898367099458487,0.8914285714285715,0.8840949005833281,0.8834285714285715,0.8829266762842627,0.8822857142857143
0.579,0.8898367099458487,0.8914285714285715,0.8840949005833281,0.8845714285714286,0.8829266762842627,0.8822857142857143
0.58,0.8898367099458487,0.8914285714285715,0.8840949005833281,0.8857142857142857,0.8829266762842627,0.8845714285714286
0.581,0.890955278178511,0.8914285714285715,0.8840949005833281,0.8857142857142857,0.8829266762842627,0.8845714285714286
0.582,0.890955278178511,0.8925714285714286,0.8840949005833281,0.8857142857142857,0.8829266762842627,0.8845714285714286
0.583,0.890955278178511,0.8937142857142857,0.8840949005833281,0.8857142857142857,0.8829266762842627,0.8845714285714286
0.584,0.890955278178511,0.8937142857142857,0.8840949005833281,0.8857142857142857,0.8829266762842627,0.8845714285714286
0.585,0.890955278178511,0.8948571428571429,0.8852631248823936,0.8857142857142857,0.8829266762842627,0.8845714285714286
0.586,0.890955278178511,0.8948571428571429,0.8864313491814589,0.8857142857142857,0.8829266762842627,0.8857142857142857
0.587,0.890955278178511,0.896,0.887549917414121,0.8857142857142857,0.8829266762842627,0.8857142857142857
0.588,0.890955278178511,0.896,0.887549917414121,0.8857142857142857,0.8829266762842627,0.888
0.589,0.890955278178511,0.896,0.887549917414121,0.8868571428571429,0.8840949005833281,0.888
0.59,0.890955278178511,0.896,0.887549917414121,0.8868571428571429,0.8840949005833281,0.888
0.591,0.8932917267766418,0.896,0.887549917414121,0.8868571428571429,0.8840949005833281,0.888
0.592,0.8944599510757072,0.896,0.887549917414121,0.888,0.8840949005833281,0.8891428571428571
0.593,0.8944599510757072,0.8971428571428571,0.889886366012252,0.888,0.8840949005833281,0.8891428571428571
0.594,0.8944599510757072,0.8982857142857142,0.889886366012252,0.888,0.8875002613477179,0.8902857142857142
0.595,0.8944599510757072,0.8982857142857142,0.889886366012252,0.888,0.8886188295803801,0.8902857142857142
0.596,0.8944599510757072,0.8982857142857142,0.889886366012252,0.888,0.8886188295803801,0.8902857142857142
0.597,0.8944599510757072,0.8982857142857142,0.8922228146103828,0.888,0.8886188295803801,0.8902857142857142
0.598,0.8956281753747726,0.8982857142857142,0.8922228146103828,0.8891428571428571,0.8897373978130423,0.8902857142857142
0.599,0.8956281753747726,0.8982857142857142,0.8922228146103828,0.8891428571428571,0.8909056221121077,0.8902857142857142
0.6,0.8979646239729036,0.8982857142857142,0.8922228146103828,0.8902857142857142,0.8909056221121077,0.8902857142857142
0.601,0.8979646239729036,0.8982857142857142,0.8922228146103828,0.8902857142857142,0.8920738464111732,0.8902857142857142
0.602,0.8979646239729036,0.8982857142857142,0.8922228146103828,0.8902857142857142,0.8920738464111732,0.8902857142857142
0.603,0.8979646239729036,0.8982857142857142,0.8922228146103828,0.8902857142857142,0.8920738464111732,0.8902857142857142
0.604,0.8979646239729036,0.8982857142857142,0.8922228146103828,0.8902857142857142,0.8932420707102386,0.8914285714285715
0.605,0.8979646239729036,0.8994285714285715,0.8933910389094482,0.8902857142857142,0.8932420707102386,0.8914285714285715
0.606,0.8979646239729036,0.9005714285714286,0.8933910389094482,0.8914285714285715,0.894410295009304,0.8925714285714286
0.607,0.8979646239729036,0.9005714285714286,0.8933910389094482,0.8925714285714286,0.894410295009304,0.8937142857142857
0.608,0.8979646239729036,0.9005714285714286,0.8933910389094482,0.8925714285714286,0.894410295009304,0.8948571428571429
0.609,0.8979646239729036,0.9005714285714286,0.8945096071421104,0.8925714285714286,0.894410295009304,0.8948571428571429
0.61,0.8979646239729036,0.9017142857142857,0.8945096071421104,0.8925714285714286,0.894410295009304,0.8948571428571429
0.611,0.8991328482719689,0.9017142857142857,0.8945096071421104,0.8925714285714286,0.894410295009304,0.896
0.612,0.9003010725710343,0.9017142857142857,0.8945096071421104,0.8925714285714286,0.8955288632419662,0.896
0.613,0.9003010725710343,0.9017142857142857,0.8945096071421104,0.8925714285714286,0.8955288632419662,0.896
0.614,0.9003010725710343,0.9017142857142857,0.8956281753747726,0.8925714285714286,0.8955288632419662,0.896
0.615,0.9014196408036965,0.9017142857142857,0.8956281753747726,0.8948571428571429,0.8955288632419662,0.896
0.616,0.9014196408036965,0.9017142857142857,0.8956281753747726,0.8948571428571429,0.8955288632419662,0.896
0.617,0.9014196408036965,0.9017142857142857,0.8956281753747726,0.896,0.8966970875410316,0.896
0.618,0.9014196408036965,0.9017142857142857,0.8967467436074348,0.896,0.8966970875410316,0.896
0.619,0.9014196408036965,0.9017142857142857,0.8989838800727592,0.896,0.8966970875410316,0.896
0.62,0.9025878651027619,0.9028571428571428,0.8989838800727592,0.8971428571428571,0.8966970875410316,0.8971428571428571
0.621,0.9025878651027619,0.9028571428571428,0.8989838800727592,0.8982857142857142,0.8966970875410316,0.8971428571428571
0.622,0.9025878651027619,0.9028571428571428,0.8989838800727592,0.8982857142857142,0.8978156557736938,0.8971428571428571
0.623,0.9025878651027619,0.9028571428571428,0.8989838800727592,0.8982857142857142,0.898934224006356,0.8971428571428571
0.624,0.9048250015680863,0.9028571428571428,0.8989838800727592,0.8994285714285715,0.9000527922390181,0.8982857142857142
0.625,0.9048250015680863,0.9028571428571428,0.9013203286708901,0.9005714285714286,0.9000527922390181,0.8982857142857142
0.626,0.9048250015680863,0.9028571428571428,0.9013203286708901,0.9005714285714286,0.9000527922390181,0.8982857142857142
0.627,0.9048250015680863,0.9028571428571428,0.9013203286708901,0.9005714285714286,0.9000527922390181,0.8982857142857142
0.628,0.9048250015680863,0.9028571428571428,0.9013203286708901,0.9005714285714286,0.9000527922390181,0.8982857142857142
0.629,0.9059435698007485,0.9028571428571428,0.9013203286708901,0.9005714285714286,0.9000527922390181,0.8982857142857142
0.63,0.9059435698007485,0.9028571428571428,0.9013203286708901,0.9005714285714286,0.9000527922390181,0.9005714285714286
0.631,0.9070621380334107,0.9028571428571428,0.9024388969035523,0.9005714285714286,0.9000527922390181,0.9005714285714286
0.632,0.9070621380334107,0.9028571428571428,0.9024388969035523,0.9005714285714286,0.9012210165380836,0.9017142857142857
0.633,0.9070621380334107,0.9028571428571428,0.9024388969035523,0.9005714285714286,0.9012210165380836,0.9017142857142857
0.634,0.9070621380334107,0.9028571428571428,0.9047256894352798,0.9005714285714286,0.9023395847707458,0.9017142857142857
0.635,0.9070621380334107,0.9028571428571428,0.905844257667942,0.9005714285714286,0.9023395847707458,0.9017142857142857
0.636,0.9070621380334107,0.9028571428571428,0.905844257667942,0.9005714285714286,0.9023395847707458,0.9028571428571428
0.637,0.9070621380334107,0.9028571428571428,0.9069628259006042,0.9005714285714286,0.903458153003408,0.904
0.638,0.9070621380334107,0.9028571428571428,0.9069628259006042,0.9005714285714286,0.903458153003408,0.904
0.639,0.9070621380334107,0.9028571428571428,0.9069628259006042,0.9005714285714286,0.903458153003408,0.9051428571428571
0.64,0.9070621380334107,0.9028571428571428,0.9069628259006042,0.9005714285714286,0.903458153003408,0.9051428571428571
0.641,0.9070621380334107,0.9028571428571428,0.9069628259006042,0.9017142857142857,0.903458153003408,0.9051428571428571
0.642,0.9070621380334107,0.9028571428571428,0.9069628259006042,0.9028571428571428,0.903458153003408,0.9051428571428571
0.643,0.908180706266073,0.9028571428571428,0.9069628259006042,0.9028571428571428,0.9057946016015388,0.9051428571428571
0.644,0.9092992744987352,0.904,0.9069628259006042,0.9028571428571428,0.906913169834201,0.9051428571428571
0.645,0.9092992744987352,0.904,0.9069628259006042,0.9028571428571428,0.9080813941332664,0.9051428571428571
0.646,0.9092992744987352,0.904,0.9081310501996697,0.9028571428571428,0.9080813941332664,0.9051428571428571
0.647,0.9092992744987352,0.904,0.9081310501996697,0.9028571428571428,0.9080813941332664,0.9051428571428571
0.648,0.9092992744987352,0.904,0.9081310501996697,0.9051428571428571,0.9080813941332664,0.9051428571428571
0.649,0.9104674987978005,0.904,0.9092496184323318,0.9051428571428571,0.9080813941332664,0.9051428571428571
0.65,0.9115860670304627,0.904,0.9092496184323318,0.9051428571428571,0.9080813941332664,0.9051428571428571
0.651,0.912704635263125,0.904,0.9092496184323318,0.9062857142857143,0.9080813941332664,0.9062857142857143
0.652,0.912704635263125,0.904,0.9092496184323318,0.9062857142857143,0.9080813941332664,0.9062857142857143
0.653,0.912704635263125,0.904,0.9092496184323318,0.9062857142857143,0.9080813941332664,0.9062857142857143
0.654,0.912704635263125,0.9051428571428571,0.9092496184323318,0.9062857142857143,0.9080813941332664,0.9074285714285715
0.655,0.912704635263125,0.9062857142857143,0.9092496184323318,0.9062857142857143,0.9080813941332664,0.9074285714285715
0.656,0.912704635263125,0.9062857142857143,0.9092496184323318,0.9062857142857143,0.9080813941332664,0.9074285714285715
0.657,0.912704635263125,0.9062857142857143,0.9092496184323318,0.9062857142857143,0.9080813941332664,0.9074285714285715
0.658,0.912704635263125,0.9062857142857143,0.9092496184323318,0.9062857142857143,0.9080813941332664,0.9085714285714286
0.659,0.9138232034957872,0.9062857142857143,0.9092496184323318,0.9062857142857143,0.9080813941332664,0.9097142857142857
0.66,0.9149417717284494,0.9074285714285715,0.9092496184323318,0.9062857142857143,0.9080813941332664,0.9097142857142857
0.661,0.9149417717284494,0.9085714285714286,0.9092496184323318,0.9062857142857143,0.9080813941332664,0.9097142857142857
0.662,0.9149417717284494,0.9097142857142857,0.910368186664994,0.9062857142857143,0.9080813941332664,0.9108571428571428
0.663,0.9149417717284494,0.9097142857142857,0.9115364109640595,0.9062857142857143,0.9080813941332664,0.9108571428571428
0.664,0.9149417717284494,0.9097142857142857,0.9115364109640595,0.9074285714285715,0.9080813941332664,0.9108571428571428
0.665,0.9149417717284494,0.9097142857142857,0.9115364109640595,0.9074285714285715,0.9091999623659286,0.9108571428571428
0.666,0.9149417717284494,0.9097142857142857,0.9115364109640595,0.9074285714285715,0.9091999623659286,0.9108571428571428
0.667,0.9149417717284494,0.9097142857142857,0.9115364109640595,0.9074285714285715,0.9091999623659286,0.9108571428571428
0.668,0.9149417717284494,0.9097142857142857,0.912704635263125,0.9074285714285715,0.9091999623659286,0.9108571428571428
0.669,0.9149417717284494,0.9108571428571428,0.912704635263125,0.9074285714285715,0.9091999623659286,0.9108571428571428
0.67,0.9149417717284494,0.9108571428571428,0.912704635263125,0.9097142857142857,0.9091999623659286,0.9108571428571428
0.671,0.9149417717284494,0.9108571428571428,0.912704635263125,0.9097142857142857,0.9091999623659286,0.9108571428571428
0.672,0.9149417717284494,0.9108571428571428,0.912704635263125,0.9097142857142857,0.9091999623659286,0.9108571428571428
0.673,0.9149417717284494,0.9108571428571428,0.9138728595621903,0.9097142857142857,0.9091999623659286,0.9108571428571428
0.674,0.9149417717284494,0.9108571428571428,0.9149914277948525,0.9108571428571428,0.9114867548976562,0.9108571428571428
0.675,0.9149417717284494,0.9142857142857143,0.9161099960275148,0.912,0.9126549791967217,0.9108571428571428
0.676,0.9160603399611115,0.9142857142857143,0.9161099960275148,0.9131428571428571,0.9126549791967217,0.9108571428571428
0.677,0.9160603399611115,0.9142857142857143,0.9161099960275148,0.9131428571428571,0.9126549791967217,0.912
0.678,0.9160603399611115,0.9142857142857143,0.9161099960275148,0.9142857142857143,0.9126549791967217,0.912
0.679,0.9160603399611115,0.9142857142857143,0.9161099960275148,0.9142857142857143,0.9137735474293839,0.912
0.68,0.9160603399611115,0.9154285714285715,0.9161099960275148,0.9142857142857143,0.9137735474293839,0.9131428571428571
0.681,0.9160603399611115,0.9165714285714286,0.9172285642601768,0.9142857142857143,0.9137735474293839,0.9131428571428571
0.682,0.9160603399611115,0.9177142857142857,0.9172285642601768,0.9142857142857143,0.9137735474293839,0.9142857142857143
0.683,0.9160603399611115,0.9177142857142857,0.9172285642601768,0.9142857142857143,0.9137735474293839,0.9142857142857143
0.684,0.9160603399611115,0.9177142857142857,0.9172285642601768,0.9154285714285715,0.9137735474293839,0.9142857142857143
0.685,0.9160603399611115,0.9177142857142857,0.9172285642601768,0.9154285714285715,0.9137735474293839,0.9142857142857143
0.686,0.9160603399611115,0.9177142857142857,0.9172285642601768,0.9154285714285715,0.914892115662046,0.9142857142857143
0.687,0.9160603399611115,0.9177142857142857,0.9172285642601768,0.9165714285714286,0.914892115662046,0.9142857142857143
0.6880000000000001,0.9160603399611115,0.9177142857142857,0.9172285642601768,0.9165714285714286,0.914892115662046,0.9142857142857143
0.6890000000000001,0.9160603399611115,0.9177142857142857,0.9172285642601768,0.9177142857142857,0.914892115662046,0.9142857142857143
0.6900000000000001,0.9160603399611115,0.9188571428571428,0.9172285642601768,0.92,0.914892115662046,0.9142857142857143
0.6910000000000001,0.9171789081937737,0.92,0.9172285642601768,0.9211428571428572,0.914892115662046,0.9142857142857143
0.6920000000000001,0.9183471324928391,0.92,0.9172285642601768,0.9211428571428572,0.914892115662046,0.9154285714285715
0.6930000000000001,0.9183471324928391,0.92,0.9172285642601768,0.9222857142857143,0.914892115662046,0.9154285714285715
0.6940000000000001,0.9183471324928391,0.92,0.9172285642601768,0.9222857142857143,0.9160603399611115,0.9154285714285715
0.6950000000000001,0.9194657007255013,0.92,0.9172285642601768,0.9222857142857143,0.9171789081937737,0.9154285714285715
0.6960000000000001,0.9205842689581634,0.92,0.9195153567919045,0.9245714285714286,0.9171789081937737,0.9154285714285715
0.6970000000000001,0.9205842689581634,0.92,0.9195153567919045,0.9245714285714286,0.9171789081937737,0.9165714285714286
0.6980000000000001,0.9205842689581634,0.92,0.9195153567919045,0.9245714285714286,0.9183471324928391,0.9165714285714286
0.6990000000000001,0.9205842689581634,0.92,0.9195153567919045,0.9245714285714286,0.9183471324928391,0.9165714285714286
0.7000000000000001,0.9217524932572289,0.92,0.9195153567919045,0.9257142857142857,0.9183471324928391,0.9165714285714286
0.7010000000000001,0.9217524932572289,0.92,0.9195153567919045,0.9257142857142857,0.9183471324928391,0.9165714285714286
0.7020000000000001,0.9217524932572289,0.92,0.9206835810909699,0.9257142857142857,0.9183471324928391,0.9165714285714286
0.7030000000000001,0.9217524932572289,0.92,0.9218518053900353,0.9257142857142857,0.9183471324928391,0.9165714285714286
0.704,0.9217524932572289,0.92,0.9218518053900353,0.9257142857142857,0.9183471324928391,0.9165714285714286
0.705,0.9217524932572289,0.9211428571428572,0.9218518053900353,0.9268571428571428,0.9183471324928391,0.9165714285714286
0.706,0.9217524932572289,0.9211428571428572,0.9230200296891007,0.9268571428571428,0.9183471324928391,0.9177142857142857
0.707,0.9240392857889566,0.9211428571428572,0.9230200296891007,0.9268571428571428,0.9183471324928391,0.9177142857142857
0.708,0.9240392857889566,0.9211428571428572,0.9230200296891007,0.9268571428571428,0.9183471324928391,0.9177142857142857
0.709,0.9240392857889566,0.9222857142857143,0.9241385979217629,0.9268571428571428,0.9183471324928391,0.9177142857142857
0.71,0.9240392857889566,0.9222857142857143,0.9241385979217629,0.9268571428571428,0.9183471324928391,0.9177142857142857
0.711,0.9252075100880219,0.9222857142857143,0.9241385979217629,0.9268571428571428,0.9194657007255013,0.9177142857142857
0.712,0.9252075100880219,0.9222857142857143,0.9241385979217629,0.9268571428571428,0.9194657007255013,0.9177142857142857
0.713,0.9252075100880219,0.9222857142857143,0.9241385979217629,0.9268571428571428,0.9194657007255013,0.9177142857142857
0.714,0.9263260783206841,0.9222857142857143,0.9241385979217629,0.9268571428571428,0.9194657007255013,0.9188571428571428
0.715,0.9263260783206841,0.9222857142857143,0.9241385979217629,0.9268571428571428,0.9194657007255013,0.92
0.716,0.9263260783206841,0.9234285714285714,0.9241385979217629,0.9268571428571428,0.9205842689581634,0.92
0.717,0.9274446465533464,0.9245714285714286,0.9241385979217629,0.9268571428571428,0.9205842689581634,0.92
0.718,0.9274446465533464,0.9245714285714286,0.9241385979217629,0.9268571428571428,0.9217028371908256,0.92
0.719,0.9274446465533464,0.9245714285714286,0.9241385979217629,0.928,0.9217028371908256,0.92
0.72,0.9274446465533464,0.9245714285714286,0.9241385979217629,0.928,0.9228214054234878,0.92
0.721,0.9274446465533464,0.9257142857142857,0.9252571661544251,0.928,0.9228214054234878,0.92
0.722,0.9274446465533464,0.928,0.9252571661544251,0.928,0.9228214054234878,0.92
0.723,0.9285632147860086,0.928,0.9252571661544251,0.928,0.92393997365615,0.92
0.724,0.9285632147860086,0.928,0.9263757343870873,0.928,0.92393997365615,0.92
0.725,0.9285632147860086,0.928,0.9263757343870873,0.928,0.9250585418888122,0.92
0.726,0.9285632147860086,0.9291428571428572,0.9286625269188149,0.928,0.9250585418888122,0.92
0.727,0.9285632147860086,0.9302857142857143,0.9286625269188149,0.9291428571428572,0.9250585418888122,0.92
0.728,0.9285632147860086,0.9302857142857143,0.9286625269188149,0.9291428571428572,0.9250585418888122,0.92
0.729,0.9285632147860086,0.9302857142857143,0.9286625269188149,0.9291428571428572,0.9250585418888122,0.92
0.73,0.9285632147860086,0.9314285714285714,0.9286625269188149,0.9291428571428572,0.9250585418888122,0.92
0.731,0.9285632147860086,0.9314285714285714,0.9286625269188149,0.9302857142857143,0.9250585418888122,0.92
0.732,0.9285632147860086,0.9314285714285714,0.9286625269188149,0.9314285714285714,0.9261771101214744,0.92
0.733,0.9285632147860086,0.9314285714285714,0.9286625269188149,0.9325714285714286,0.9261771101214744,0.9211428571428572
0.734,0.9285632147860086,0.9314285714285714,0.9298307512178804,0.9325714285714286,0.9273453344205398,0.9211428571428572
0.735,0.9285632147860086,0.9314285714285714,0.9298307512178804,0.9325714285714286,0.9273453344205398,0.9211428571428572
0.736,0.9285632147860086,0.9314285714285714,0.9309493194505425,0.9337142857142857,0.9273453344205398,0.9211428571428572
0.737,0.9285632147860086,0.9314285714285714,0.9309493194505425,0.9371428571428572,0.9273453344205398,0.9211428571428572
0.738,0.9297314390850739,0.9325714285714286,0.9309493194505425,0.9371428571428572,0.9273453344205398,0.9211428571428572
0.739,0.9297314390850739,0.9325714285714286,0.932117543749608,0.9371428571428572,0.928463902653202,0.9222857142857143
0.74,0.9297314390850739,0.9325714285714286,0.932117543749608,0.9371428571428572,0.9295824708858642,0.9234285714285714
0.741,0.9297314390850739,0.9325714285714286,0.932117543749608,0.9371428571428572,0.9295824708858642,0.9234285714285714
0.742,0.9297314390850739,0.9325714285714286,0.932117543749608,0.9371428571428572,0.9295824708858642,0.9245714285714286
0.743,0.9297314390850739,0.9325714285714286,0.932117543749608,0.9371428571428572,0.9295824708858642,0.9245714285714286
0.744,0.9297314390850739,0.9325714285714286,0.932117543749608,0.9371428571428572,0.9295824708858642,0.9245714285714286
0.745,0.9297314390850739,0.9337142857142857,0.9332857680486734,0.9371428571428572,0.9295824708858642,0.9257142857142857
0.746,0.9308996633841393,0.9348571428571428,0.9344539923477388,0.9371428571428572,0.9295824708858642,0.9257142857142857
0.747,0.9320678876832047,0.9348571428571428,0.9344539923477388,0.9371428571428572,0.9295824708858642,0.9268571428571428
0.748,0.9320678876832047,0.9371428571428572,0.9344539923477388,0.9371428571428572,0.9295824708858642,0.9268571428571428
0.749,0.9320678876832047,0.9371428571428572,0.9344539923477388,0.9382857142857143,0.9295824708858642,0.928
0.75,0.9320678876832047,0.9382857142857143,0.9344539923477388,0.9382857142857143,0.9295824708858642,0.9291428571428572
0.751,0.9332361119822702,0.9382857142857143,0.9356222166468042,0.9382857142857143,0.9295824708858642,0.9302857142857143
0.752,0.9344043362813356,0.9382857142857143,0.9367904409458696,0.9382857142857143,0.9295824708858642,0.9302857142857143
0.753,0.9344043362813356,0.9394285714285714,0.9367904409458696,0.9394285714285714,0.9295824708858642,0.9314285714285714
0.754,0.9344043362813356,0.9394285714285714,0.9367904409458696,0.9394285714285714,0.9295824708858642,0.9325714285714286
0.755,0.9344043362813356,0.9405714285714286,0.9379090091785318,0.9394285714285714,0.9295824708858642,0.9325714285714286
0.756,0.9355229045139978,0.9405714285714286,0.9390772334775972,0.9394285714285714,0.9295824708858642,0.9325714285714286
0.757,0.9355229045139978,0.9405714285714286,0.9390772334775972,0.9394285714285714,0.9295824708858642,0.9325714285714286
0.758,0.9355229045139978,0.9405714285714286,0.9390772334775972,0.9394285714285714,0.9295824708858642,0.9325714285714286
0.759,0.9355229045139978,0.9405714285714286,0.9390772334775972,0.9394285714285714,0.9295824708858642,0.9325714285714286
0.76,0.9355229045139978,0.9405714285714286,0.9390772334775972,0.9394285714285714,0.9295824708858642,0.9325714285714286
0.761,0.9366911288130633,0.9405714285714286,0.9390772334775972,0.9394285714285714,0.9295824708858642,0.9325714285714286
0.762,0.9366911288130633,0.9405714285714286,0.9390772334775972,0.9394285714285714,0.9307010391185264,0.9325714285714286
0.763,0.9366911288130633,0.9405714285714286,0.9390772334775972,0.9394285714285714,0.9307010391185264,0.9337142857142857
0.764,0.9366911288130633,0.9405714285714286,0.9390772334775972,0.9394285714285714,0.9307010391185264,0.9348571428571428
0.765,0.9366911288130633,0.9417142857142857,0.9390772334775972,0.9405714285714286,0.9307010391185264,0.9348571428571428
0.766,0.9366911288130633,0.9417142857142857,0.9401958017102594,0.9405714285714286,0.9307010391185264,0.9348571428571428
0.767,0.9366911288130633,0.9417142857142857,0.9401958017102594,0.9405714285714286,0.9307010391185264,0.9371428571428572
0.768,0.9366911288130633,0.9428571428571428,0.9413143699429216,0.9405714285714286,0.9307010391185264,0.9371428571428572
0.769,0.9366911288130633,0.9428571428571428,0.9413143699429216,0.9417142857142857,0.9307010391185264,0.9382857142857143
0.77,0.9378096970457254,0.9428571428571428,0.9413143699429216,0.9417142857142857,0.9318692634175918,0.9382857142857143
0.771,0.9389282652783876,0.9428571428571428,0.9413143699429216,0.9417142857142857,0.9318692634175918,0.9394285714285714
0.772,0.9389282652783876,0.9428571428571428,0.9424329381755838,0.9417142857142857,0.9330374877166573,0.9394285714285714
0.773,0.9389282652783876,0.944,0.9424329381755838,0.9417142857142857,0.9342057120157227,0.9394285714285714
0.774,0.9389282652783876,0.944,0.9424329381755838,0.9417142857142857,0.9342057120157227,0.9394285714285714
0.775,0.9389282652783876,0.944,0.9424329381755838,0.9417142857142857,0.9353739363147882,0.9394285714285714
0.776,0.9400964895774531,0.944,0.9424329381755838,0.9417142857142857,0.9353739363147882,0.9394285714285714
0.777,0.9400964895774531,0.944,0.9424329381755838,0.9428571428571428,0.9353739363147882,0.9394285714285714
0.778,0.9400964895774531,0.944,0.9424329381755838,0.9428571428571428,0.9353739363147882,0.9417142857142857
0.779,0.9400964895774531,0.944,0.9424329381755838,0.9428571428571428,0.9353739363147882,0.9417142857142857
0.78,0.9424329381755838,0.9451428571428572,0.9424329381755838,0.9462857142857143,0.9353739363147882,0.9417142857142857
0.781,0.9424329381755838,0.9451428571428572,0.9424329381755838,0.9462857142857143,0.9353739363147882,0.9417142857142857
0.782,0.9424329381755838,0.9451428571428572,0.9424329381755838,0.9485714285714286,0.9353739363147882,0.9417142857142857
0.783,0.9424329381755838,0.9451428571428572,0.9424329381755838,0.9508571428571428,0.9353739363147882,0.9417142857142857
0.784,0.9424329381755838,0.9451428571428572,0.9424329381755838,0.9508571428571428,0.9353739363147882,0.9417142857142857
0.785,0.9436011624746492,0.9451428571428572,0.9436011624746492,0.952,0.9353739363147882,0.9428571428571428
0.786,0.9436011624746492,0.9451428571428572,0.9436011624746492,0.952,0.9353739363147882,0.9428571428571428
0.787,0.9436011624746492,0.9451428571428572,0.9436011624746492,0.952,0.9353739363147882,0.944
0.788,0.9436011624746492,0.9462857142857143,0.9436011624746492,0.952,0.9353739363147882,0.944
0.789,0.9436011624746492,0.9462857142857143,0.9447693867737147,0.952,0.9353739363147882,0.9451428571428572
0.79,0.9436011624746492,0.9474285714285714,0.9458879550063769,0.952,0.9365421606138535,0.9451428571428572
0.791,0.9436011624746492,0.9474285714285714,0.9458879550063769,0.952,0.9377103849129189,0.9451428571428572
0.792,0.9436011624746492,0.9474285714285714,0.9470561793054424,0.9542857142857143,0.9377103849129189,0.9451428571428572
0.793,0.9436011624746492,0.9474285714285714,0.9493926279035731,0.9542857142857143,0.9377103849129189,0.9451428571428572
0.794,0.9436011624746492,0.9474285714285714,0.9493926279035731,0.9542857142857143,0.9388786092119843,0.9451428571428572
0.795,0.9436011624746492,0.9474285714285714,0.9493926279035731,0.9542857142857143,0.9388786092119843,0.9462857142857143
0.796,0.9436011624746492,0.9485714285714286,0.9493926279035731,0.9554285714285714,0.9400468335110498,0.9462857142857143
0.797,0.9436011624746492,0.9485714285714286,0.9493926279035731,0.9565714285714285,0.9400468335110498,0.9462857142857143
0.798,0.9447693867737147,0.9485714285714286,0.9505111961362354,0.9565714285714285,0.9400468335110498,0.9462857142857143
0.799,0.9447693867737147,0.9485714285714286,0.9505111961362354,0.9565714285714285,0.9400468335110498,0.9462857142857143
0.8,0.9447693867737147,0.9485714285714286,0.9505111961362354,0.9577142857142857,0.9400468335110498,0.9462857142857143
0.801,0.9459376110727802,0.9485714285714286,0.9505111961362354,0.9577142857142857,0.941165401743712,0.9462857142857143
0.802,0.9459376110727802,0.9485714285714286,0.9505111961362354,0.9577142857142857,0.9435018503418429,0.9462857142857143
0.803,0.9459376110727802,0.9497142857142857,0.9505111961362354,0.9577142857142857,0.9435018503418429,0.9462857142857143
0.804,0.9459376110727802,0.9508571428571428,0.9505111961362354,0.9577142857142857,0.9435018503418429,0.9462857142857143
0.805,0.9471058353718456,0.952,0.9516794204353007,0.9577142857142857,0.9435018503418429,0.9462857142857143
0.806,0.9471058353718456,0.952,0.9516794204353007,0.9577142857142857,0.9435018503418429,0.9462857142857143
0.807,0.9471058353718456,0.952,0.9516794204353007,0.9577142857142857,0.9435018503418429,0.9462857142857143
0.808,0.9482244036045078,0.952,0.9516794204353007,0.9577142857142857,0.9435018503418429,0.9462857142857143
0.809,0.9482244036045078,0.952,0.9516794204353007,0.9577142857142857,0.9446204185745051,0.9462857142857143
0.81,0.9482244036045078,0.952,0.9516794204353007,0.9588571428571429,0.9457886428735705,0.9462857142857143
0.811,0.94934297183717,0.952,0.9516794204353007,0.9588571428571429,0.9457886428735705,0.9462857142857143
0.812,0.9505111961362354,0.9531428571428572,0.9516794204353007,0.9588571428571429,0.948075435405298,0.9462857142857143
0.8130000000000001,0.9505111961362354,0.9531428571428572,0.9516794204353007,0.9588571428571429,0.948075435405298,0.9462857142857143
0.8140000000000001,0.9505111961362354,0.9531428571428572,0.9516794204353007,0.9588571428571429,0.9491940036379602,0.9462857142857143
0.8150000000000001,0.9505111961362354,0.9531428571428572,0.9516794204353007,0.9588571428571429,0.9491940036379602,0.9462857142857143
0.8160000000000001,0.9505111961362354,0.9531428571428572,0.9516794204353007,0.96,0.9491940036379602,0.9474285714285714
0.8170000000000001,0.9505111961362354,0.9531428571428572,0.9516794204353007,0.96,0.9491940036379602,0.9474285714285714
0.8180000000000001,0.9505111961362354,0.9531428571428572,0.9516794204353007,0.96,0.9491940036379602,0.9474285714285714
0.8190000000000001,0.9505111961362354,0.9531428571428572,0.9516794204353007,0.96,0.9503622279370256,0.9474285714285714
0.8200000000000001,0.9516297643688976,0.9531428571428572,0.952797988667963,0.9611428571428572,0.9514807961696878,0.9474285714285714
0.8210000000000001,0.9516297643688976,0.9531428571428572,0.952797988667963,0.9611428571428572,0.9514807961696878,0.9474285714285714
0.8220000000000001,0.952797988667963,0.9531428571428572,0.952797988667963,0.9622857142857143,0.9514807961696878,0.9485714285714286
0.8230000000000001,0.952797988667963,0.9531428571428572,0.952797988667963,0.9622857142857143,0.9514807961696878,0.9485714285714286
0.8240000000000001,0.952797988667963,0.9542857142857143,0.9539662129670283,0.9622857142857143,0.9514807961696878,0.9508571428571428
0.8250000000000001,0.952797988667963,0.9542857142857143,0.9539662129670283,0.9634285714285714,0.95259936440235,0.9508571428571428
0.8260000000000001,0.952797988667963,0.9542857142857143,0.9539662129670283,0.9634285714285714,0.95259936440235,0.9508571428571428
0.8270000000000001,0.952797988667963,0.9542857142857143,0.9539662129670283,0.9645714285714285,0.95259936440235,0.9508571428571428
0.8280000000000001,0.9550847811996905,0.9542857142857143,0.9539662129670283,0.9645714285714285,0.95259936440235,0.9508571428571428
0.8290000000000001,0.9550847811996905,0.9542857142857143,0.9539662129670283,0.9645714285714285,0.95259936440235,0.9508571428571428
0.8300000000000001,0.9562033494323527,0.9542857142857143,0.9539662129670283,0.9645714285714285,0.9537179326350123,0.9508571428571428
0.8310000000000001,0.9562033494323527,0.9554285714285714,0.9539662129670283,0.9645714285714285,0.9548365008676745,0.952
0.8320000000000001,0.9562033494323527,0.9554285714285714,0.9539662129670283,0.9657142857142857,0.9559550691003367,0.952
0.833,0.9562033494323527,0.9554285714285714,0.9550847811996905,0.9657142857142857,0.9559550691003367,0.952
0.834,0.957321917665015,0.9554285714285714,0.9550847811996905,0.9657142857142857,0.9559550691003367,0.9531428571428572
0.835,0.957321917665015,0.9554285714285714,0.9550847811996905,0.9657142857142857,0.9559550691003367,0.9542857142857143
0.836,0.957321917665015,0.9554285714285714,0.9574212297978214,0.9657142857142857,0.9559550691003367,0.9542857142857143
0.837,0.957321917665015,0.9554285714285714,0.9574212297978214,0.9657142857142857,0.9559550691003367,0.9542857142857143
0.838,0.9584901419640803,0.9565714285714285,0.9585894540968869,0.9657142857142857,0.9559550691003367,0.9542857142857143
0.839,0.9584901419640803,0.9565714285714285,0.9585894540968869,0.9657142857142857,0.9559550691003367,0.9554285714285714
0.84,0.9584901419640803,0.9577142857142857,0.9609259026950177,0.9657142857142857,0.957123293399402,0.9554285714285714
0.841,0.9584901419640803,0.9588571428571429,0.962094126994083,0.9657142857142857,0.957123293399402,0.9554285714285714
0.842,0.9584901419640803,0.9588571428571429,0.962094126994083,0.968,0.957123293399402,0.9577142857142857
0.843,0.9596583662631457,0.9611428571428572,0.962094126994083,0.968,0.957123293399402,0.9577142857142857
0.844,0.9596583662631457,0.9611428571428572,0.9632126952267452,0.968,0.957123293399402,0.9577142857142857
0.845,0.9596583662631457,0.9611428571428572,0.9632126952267452,0.968,0.957123293399402,0.9577142857142857
0.846,0.9596583662631457,0.9611428571428572,0.9643312634594075,0.968,0.957123293399402,0.96
0.847,0.9607769344958079,0.9611428571428572,0.9643312634594075,0.968,0.9594597419975328,0.96
0.848,0.9607769344958079,0.9622857142857143,0.9654994877584728,0.968,0.9594597419975328,0.96
0.849,0.9607769344958079,0.9622857142857143,0.9654994877584728,0.9691428571428572,0.960578310230195,0.9611428571428572
0.85,0.9607769344958079,0.9622857142857143,0.9654994877584728,0.9691428571428572,0.960578310230195,0.9634285714285714
0.851,0.9607769344958079,0.9622857142857143,0.9654994877584728,0.9691428571428572,0.960578310230195,0.9634285714285714
0.852,0.9607769344958079,0.9634285714285714,0.9678359363566037,0.9691428571428572,0.960578310230195,0.9645714285714285
0.853,0.9607769344958079,0.9634285714285714,0.9678359363566037,0.9691428571428572,0.960578310230195,0.9645714285714285
0.854,0.9607769344958079,0.9634285714285714,0.9678359363566037,0.9691428571428572,0.960578310230195,0.9657142857142857
0.855,0.9619451587948734,0.9634285714285714,0.9690041606556692,0.9691428571428572,0.960578310230195,0.9657142857142857
0.856,0.9619451587948734,0.9657142857142857,0.9701227288883314,0.9691428571428572,0.960578310230195,0.9657142857142857
0.857,0.9630637270275356,0.9657142857142857,0.9701227288883314,0.9702857142857143,0.960578310230195,0.9657142857142857
0.858,0.9630637270275356,0.9668571428571429,0.9701227288883314,0.9702857142857143,0.960578310230195,0.9657142857142857
0.859,0.9630637270275356,0.9668571428571429,0.9712412971209936,0.9702857142857143,0.960578310230195,0.9657142857142857
0.86,0.9630637270275356,0.968,0.9712412971209936,0.9702857142857143,0.960578310230195,0.9657142857142857
0.861,0.9630637270275356,0.9691428571428572,0.9712412971209936,0.9714285714285714,0.9617465345292605,0.9657142857142857
0.862,0.9642319513266011,0.9702857142857143,0.9712412971209936,0.9714285714285714,0.9617465345292605,0.9657142857142857
0.863,0.9642319513266011,0.9702857142857143,0.9712412971209936,0.9714285714285714,0.9617465345292605,0.9657142857142857
0.864,0.9642319513266011,0.9702857142857143,0.9712412971209936,0.9714285714285714,0.962914758828326,0.9657142857142857
0.865,0.9642319513266011,0.9702857142857143,0.9712412971209936,0.9714285714285714,0.962914758828326,0.9668571428571429
0.866,0.9642319513266011,0.9714285714285714,0.9712412971209936,0.9714285714285714,0.9640333270609882,0.9668571428571429
0.867,0.9642319513266011,0.9714285714285714,0.9712412971209936,0.9725714285714285,0.9652015513600536,0.968
0.868,0.9642319513266011,0.9714285714285714,0.9712412971209936,0.9725714285714285,0.9652015513600536,0.968
0.869,0.9642319513266011,0.9714285714285714,0.9712412971209936,0.9725714285714285,0.966369775659119,0.9691428571428572
0.87,0.9654001756256665,0.9714285714285714,0.9712412971209936,0.9725714285714285,0.966369775659119,0.9691428571428572
0.871,0.9654001756256665,0.9714285714285714,0.972409521420059,0.9725714285714285,0.966369775659119,0.9691428571428572
0.872,0.9654001756256665,0.9725714285714285,0.972409521420059,0.9725714285714285,0.966369775659119,0.9691428571428572
0.873,0.9677366242237972,0.9737142857142858,0.972409521420059,0.9725714285714285,0.9675379999581843,0.9691428571428572
0.874,0.9688551924564595,0.9737142857142858,0.972409521420059,0.9725714285714285,0.9675379999581843,0.9691428571428572
0.875,0.9688551924564595,0.9737142857142858,0.972409521420059,0.9725714285714285,0.9675379999581843,0.9702857142857143
0.876,0.9688551924564595,0.9748571428571429,0.972409521420059,0.9737142857142858,0.9675379999581843,0.9702857142857143
0.877,0.9688551924564595,0.9748571428571429,0.972409521420059,0.9737142857142858,0.9675379999581843,0.9702857142857143
0.878,0.9688551924564595,0.9748571428571429,0.972409521420059,0.9737142857142858,0.9675379999581843,0.9702857142857143
0.879,0.9688551924564595,0.9748571428571429,0.972409521420059,0.9737142857142858,0.9675379999581843,0.9702857142857143
0.88,0.9700234167555248,0.9748571428571429,0.9735777457191244,0.9737142857142858,0.9675379999581843,0.9702857142857143
0.881,0.9722605532208493,0.976,0.9746963139517866,0.9737142857142858,0.9675379999581843,0.9702857142857143
0.882,0.9722605532208493,0.976,0.9746963139517866,0.9737142857142858,0.9675379999581843,0.9714285714285714
0.883,0.9734287775199146,0.976,0.9746963139517866,0.9737142857142858,0.9687062242572498,0.9714285714285714
0.884,0.9734287775199146,0.976,0.9746963139517866,0.9737142857142858,0.9687062242572498,0.9714285714285714
0.885,0.9734287775199146,0.976,0.975864538250852,0.9737142857142858,0.9687062242572498,0.9714285714285714
0.886,0.9734287775199146,0.9771428571428571,0.975864538250852,0.9748571428571429,0.9687062242572498,0.9714285714285714
0.887,0.9734287775199146,0.9771428571428571,0.975864538250852,0.9748571428571429,0.9698744485563152,0.9714285714285714
0.888,0.9745970018189801,0.9771428571428571,0.975864538250852,0.976,0.9698744485563152,0.9714285714285714
0.889,0.9757652261180456,0.9771428571428571,0.9769831064835142,0.976,0.9698744485563152,0.9714285714285714
0.89,0.9757652261180456,0.9771428571428571,0.9769831064835142,0.976,0.9698744485563152,0.9714285714285714
0.891,0.9757652261180456,0.9771428571428571,0.9769831064835142,0.976,0.9698744485563152,0.9714285714285714
0.892,0.9757652261180456,0.9771428571428571,0.9769831064835142,0.976,0.9698744485563152,0.9714285714285714
0.893,0.9757652261180456,0.9771428571428571,0.9769831064835142,0.976,0.9710426728553807,0.9714285714285714
0.894,0.976933450417111,0.9782857142857143,0.9781513307825795,0.976,0.9710426728553807,0.9714285714285714
0.895,0.976933450417111,0.9782857142857143,0.9781513307825795,0.9771428571428571,0.9710426728553807,0.9725714285714285
0.896,0.976933450417111,0.9782857142857143,0.9781513307825795,0.9782857142857143,0.9710426728553807,0.9725714285714285
0.897,0.976933450417111,0.9782857142857143,0.9781513307825795,0.9794285714285714,0.9710426728553807,0.9725714285714285
0.898,0.976933450417111,0.9782857142857143,0.9781513307825795,0.9794285714285714,0.9710426728553807,0.9725714285714285
0.899,0.9781016747161764,0.9782857142857143,0.9792698990152418,0.9794285714285714,0.9710426728553807,0.9725714285714285
0.9,0.9781016747161764,0.9805714285714285,0.9792698990152418,0.9794285714285714,0.9710426728553807,0.9725714285714285
0.901,0.9792698990152418,0.9805714285714285,0.9792698990152418,0.9794285714285714,0.9710426728553807,0.9725714285714285
0.902,0.9792698990152418,0.9805714285714285,0.9792698990152418,0.9794285714285714,0.9710426728553807,0.9725714285714285
0.903,0.9792698990152418,0.9805714285714285,0.9792698990152418,0.9794285714285714,0.9710426728553807,0.9725714285714285
0.904,0.9792698990152418,0.9805714285714285,0.9792698990152418,0.9794285714285714,0.9710426728553807,0.9737142857142858
0.905,0.9792698990152418,0.9805714285714285,0.9792698990152418,0.9794285714285714,0.9710426728553807,0.9737142857142858
0.906,0.9792698990152418,0.9805714285714285,0.9792698990152418,0.9794285714285714,0.9710426728553807,0.9748571428571429
0.907,0.980388467247904,0.9805714285714285,0.9804381233143072,0.9794285714285714,0.9710426728553807,0.976
0.908,0.980388467247904,0.9805714285714285,0.9816063476133727,0.9794285714285714,0.9721612410880428,0.976
0.909,0.9815070354805662,0.9805714285714285,0.9816063476133727,0.9794285714285714,0.9733294653871083,0.9771428571428571
0.91,0.9826752597796315,0.9805714285714285,0.9827249158460349,0.9794285714285714,0.9733294653871083,0.9771428571428571
0.911,0.9826752597796315,0.9805714285714285,0.9827249158460349,0.9794285714285714,0.9733294653871083,0.9771428571428571
0.912,0.9826752597796315,0.9805714285714285,0.9827249158460349,0.9794285714285714,0.9733294653871083,0.9771428571428571
0.913,0.9826752597796315,0.9805714285714285,0.9827249158460349,0.9794285714285714,0.9733294653871083,0.9771428571428571
0.914,0.9826752597796315,0.9805714285714285,0.983843484078697,0.9817142857142858,0.9733294653871083,0.9771428571428571
0.915,0.9826752597796315,0.9805714285714285,0.9849620523113592,0.9817142857142858,0.9733294653871083,0.9771428571428571
0.916,0.9826752597796315,0.9805714285714285,0.9849620523113592,0.9828571428571429,0.9733294653871083,0.9771428571428571
0.917,0.9826752597796315,0.9805714285714285,0.9849620523113592,0.9828571428571429,0.9733294653871083,0.9771428571428571
0.918,0.9826752597796315,0.9805714285714285,0.9860806205440215,0.9828571428571429,0.9744976896861737,0.9782857142857143
0.919,0.9826752597796315,0.9805714285714285,0.9860806205440215,0.984,0.975665913985239,0.9782857142857143
0.92,0.9837938280122938,0.9817142857142858,0.9860806205440215,0.984,0.9768341382843044,0.9782857142857143
0.921,0.9837938280122938,0.9817142857142858,0.9860806205440215,0.984,0.9780023625833699,0.9782857142857143
0.922,0.9837938280122938,0.9817142857142858,0.9860806205440215,0.984,0.9780023625833699,0.9782857142857143
0.923,0.9837938280122938,0.9828571428571429,0.9860806205440215,0.984,0.9780023625833699,0.9782857142857143
0.924,0.984912396244956,0.9828571428571429,0.9860806205440215,0.984,0.9780023625833699,0.9782857142857143
0.925,0.984912396244956,0.9828571428571429,0.9860806205440215,0.984,0.9780023625833699,0.9782857142857143
0.926,0.984912396244956,0.984,0.9860806205440215,0.9851428571428571,0.9780023625833699,0.9805714285714285
0.927,0.984912396244956,0.984,0.9860806205440215,0.9851428571428571,0.9780023625833699,0.9805714285714285
0.928,0.984912396244956,0.984,0.9860806205440215,0.9851428571428571,0.9791209308160321,0.9805714285714285
0.929,0.984912396244956,0.984,0.9860806205440215,0.9851428571428571,0.9791209308160321,0.9805714285714285
0.93,0.984912396244956,0.984,0.9860806205440215,0.9851428571428571,0.9802394990486943,0.9805714285714285
0.931,0.984912396244956,0.984,0.9860806205440215,0.9851428571428571,0.9802394990486943,0.9805714285714285
0.932,0.984912396244956,0.9851428571428571,0.9860806205440215,0.9851428571428571,0.9813580672813564,0.9805714285714285
0.933,0.984912396244956,0.9851428571428571,0.9860806205440215,0.9862857142857143,0.9836945158794873,0.9805714285714285
0.934,0.984912396244956,0.9862857142857143,0.9860806205440215,0.9862857142857143,0.9848130841121495,0.9828571428571429
0.935,0.984912396244956,0.9874285714285714,0.9872488448430868,0.9862857142857143,0.9848130841121495,0.984
0.936,0.984912396244956,0.9885714285714285,0.9872488448430868,0.9874285714285714,0.9848130841121495,0.9851428571428571
0.937,0.984912396244956,0.9885714285714285,0.9883674130757489,0.9897142857142858,0.9848130841121495,0.9862857142857143
0.9380000000000001,0.984912396244956,0.9885714285714285,0.9883674130757489,0.9897142857142858,0.9848130841121495,0.9862857142857143
0.9390000000000001,0.9860806205440215,0.9885714285714285,0.9883674130757489,0.9908571428571429,0.985981308411215,0.9862857142857143
0.9400000000000001,0.9860806205440215,0.9897142857142858,0.9883674130757489,0.9908571428571429,0.985981308411215,0.9862857142857143
0.9410000000000001,0.9860806205440215,0.9897142857142858,0.9883674130757489,0.9908571428571429,0.985981308411215,0.9862857142857143
0.9420000000000001,0.9860806205440215,0.9897142857142858,0.9883674130757489,0.9908571428571429,0.985981308411215,0.9862857142857143
0.9430000000000001,0.9860806205440215,0.9897142857142858,0.9883674130757489,0.9908571428571429,0.985981308411215,0.9862857142857143
0.9440000000000001,0.9860806205440215,0.9908571428571429,0.9883674130757489,0.9908571428571429,0.985981308411215,0.9874285714285714
0.9450000000000001,0.9872488448430868,0.9908571428571429,0.9883674130757489,0.9908571428571429,0.985981308411215,0.9874285714285714
0.9460000000000001,0.9872488448430868,0.9908571428571429,0.9895356373748144,0.9908571428571429,0.9871495327102804,0.9885714285714285
0.9470000000000001,0.9884170691421523,0.9908571428571429,0.9907038616738799,0.9908571428571429,0.9871495327102804,0.9897142857142858
0.9480000000000001,0.9895356373748144,0.9908571428571429,0.9907038616738799,0.9908571428571429,0.9883177570093458,0.9897142857142858
0.9490000000000001,0.9895356373748144,0.9908571428571429,0.9907038616738799,0.9908571428571429,0.9894859813084111,0.9897142857142858
0.9500000000000001,0.9907038616738799,0.9908571428571429,0.9907038616738799,0.992,0.9894859813084111,0.9897142857142858
0.9510000000000001,0.9907038616738799,0.9908571428571429,0.9907038616738799,0.992,0.9894859813084111,0.9897142857142858
0.9520000000000001,0.9907038616738799,0.9908571428571429,0.9907038616738799,0.9931428571428571,0.9894859813084111,0.9908571428571429
0.9530000000000001,0.9929906542056075,0.9908571428571429,0.9918224299065421,0.9931428571428571,0.9906542056074766,0.9908571428571429
0.9540000000000001,0.9929906542056075,0.9908571428571429,0.9918224299065421,0.9931428571428571,0.9906542056074766,0.9908571428571429
0.9550000000000001,0.9929906542056075,0.9908571428571429,0.9918224299065421,0.9931428571428571,0.9906542056074766,0.9908571428571429
0.9560000000000001,0.9929906542056075,0.992,0.9918224299065421,0.9931428571428571,0.9918224299065421,0.9908571428571429
0.9570000000000001,0.9929906542056075,0.9931428571428571,0.9918224299065421,0.9931428571428571,0.9918224299065421,0.992
0.9580000000000001,0.9929906542056075,0.9931428571428571,0.9929906542056075,0.9931428571428571,0.9918224299065421,0.992
0.9590000000000001,0.9929906542056075,0.9931428571428571,0.9929906542056075,0.9931428571428571,0.9918224299065421,0.992
0.96,0.9929906542056075,0.9942857142857143,0.9929906542056075,0.9931428571428571,0.9918224299065421,0.992
0.961,0.9929906542056075,0.9942857142857143,0.9929906542056075,0.9931428571428571,0.9918224299065421,0.992
0.962,0.9929906542056075,0.9942857142857143,0.9929906542056075,0.9931428571428571,0.9918224299065421,0.992
0.963,0.9929906542056075,0.9942857142857143,0.9929906542056075,0.9931428571428571,0.9929906542056075,0.992
0.964,0.9929906542056075,0.9942857142857143,0.9929906542056075,0.9931428571428571,0.9929906542056075,0.992
0.965,0.9941588785046729,0.9942857142857143,0.9941588785046729,0.9942857142857143,0.9929906542056075,0.9931428571428571
0.966,0.9941588785046729,0.9942857142857143,0.9941588785046729,0.9942857142857143,0.9929906542056075,0.9931428571428571
0.967,0.9941588785046729,0.9942857142857143,0.9941588785046729,0.9942857142857143,0.9929906542056075,0.9931428571428571
0.968,0.9941588785046729,0.9942857142857143,0.9941588785046729,0.9942857142857143,0.9929906542056075,0.9931428571428571
0.969,0.9941588785046729,0.9942857142857143,0.9941588785046729,0.9942857142857143,0.9929906542056075,0.9931428571428571
0.97,0.9941588785046729,0.9942857142857143,0.9941588785046729,0.9942857142857143,0.9929906542056075,0.9931428571428571
0.971,0.9941588785046729,0.9942857142857143,0.9941588785046729,0.9942857142857143,0.9929906542056075,0.9931428571428571
0.972,0.9941588785046729,0.9942857142857143,0.9941588785046729,0.9954285714285714,0.9929906542056075,0.9931428571428571
0.973,0.9941588785046729,0.9942857142857143,0.9941588785046729,0.9954285714285714,0.9941588785046729,0.9931428571428571
0.974,0.9941588785046729,0.9942857142857143,0.9941588785046729,0.9965714285714286,0.9941588785046729,0.9931428571428571
0.975,0.9941588785046729,0.9942857142857143,0.9941588785046729,0.9965714285714286,0.9953271028037383,0.9931428571428571
0.976,0.9941588785046729,0.9942857142857143,0.9941588785046729,0.9965714285714286,0.9953271028037383,0.9942857142857143
0.977,0.9941588785046729,0.9942857142857143,0.9941588785046729,0.9977142857142857,0.9953271028037383,0.9942857142857143
0.978,0.9941588785046729,0.9954285714285714,0.9941588785046729,0.9977142857142857,0.9953271028037383,0.9954285714285714
0.979,0.9941588785046729,0.9954285714285714,0.9941588785046729,0.9977142857142857,0.9953271028037383,0.9954285714285714
0.98,0.9941588785046729,0.9954285714285714,0.9941588785046729,0.9977142857142857,0.9953271028037383,0.9954285714285714
0.981,0.9941588785046729,0.9965714285714286,0.9941588785046729,0.9977142857142857,0.9964953271028038,0.9954285714285714
0.982,0.9953271028037383,0.9965714285714286,0.9953271028037383,0.9977142857142857,0.9964953271028038,0.9954285714285714
0.983,0.9953271028037383,0.9965714285714286,0.9953271028037383,0.9977142857142857,0.9976635514018692,0.9954285714285714
0.984,0.9964953271028038,0.9977142857142857,0.9964953271028038,0.9977142857142857,0.9976635514018692,0.9965714285714286
0.985,0.9964953271028038,0.9977142857142857,0.9964953271028038,0.9988571428571429,0.9976635514018692,0.9977142857142857
0.986,0.9976635514018692,0.9977142857142857,0.9976635514018692,1.0,0.9976635514018692,0.9977142857142857
0.987,0.9976635514018692,0.9977142857142857,0.9976635514018692,1.0,0.9976635514018692,0.9977142857142857
0.988,0.9976635514018692,0.9977142857142857,0.9976635514018692,1.0,0.9976635514018692,0.9977142857142857
0.989,0.9976635514018692,0.9977142857142857,0.9976635514018692,1.0,0.9976635514018692,0.9977142857142857
0.99,0.9976635514018692,0.9977142857142857,0.9976635514018692,1.0,0.9976635514018692,0.9977142857142857
0.991,0.9976635514018692,0.9977142857142857,0.9976635514018692,1.0,0.9976635514018692,0.9977142857142857
0.992,0.9976635514018692,0.9977142857142857,1.0,1.0,0.9988317757009346,0.9977142857142857
0.993,0.9988317757009346,0.9988571428571429,1.0,1.0,1.0,0.9977142857142857
0.994,1.0,1.0,1.0,1.0,1.0,0.9977142857142857
0.995,1.0,1.0,1.0,1.0,1.0,0.9977142857142857
0.996,1.0,1.0,1.0,1.0,1.0,1.0
0.997,1.0,1.0,1.0,1.0,1.0,1.0
0.998,1.0,1.0,1.0,1.0,1.0,1.0
0.999,1.0,1.0,1.0,1.0,1.0,1.0
1.0,1.0,1.0,1.0,1.0,1.0,1.0
