subset_label_id,subset_label_name,path,optimization_rank,kernel,reference_method,eigenvalue_method,stop_when_objective_decreases,objective,objective_gain,probability_lambda,base_von_neumann_entropy,von_neumann_entropy,von_neumann_entropy_gain,log_probability,log_probability_sum,positive_probability,subset_probability,best_predicted_subset_label_id,best_predicted_subset_label_name,best_predicted_subset_probability,actual_label_id,actual_label_name,all_label_names,true_assigned_class,net_gain_at_selected_lambda
42,fork,C:\Users\maxbe\Downloads\coco\train2017\000000164698.jpg,1,rbf,kernel_herding,direct,False,0.8943847676473923,0.0006798018061048,0.001,0.8937049798864969,0.8946086289238359,0.0009036630825484,-0.2238612764435649,-0.2238612764435649,0.7994260258979731,0.7994260258979731,42,fork,0.7994260258979731,17,horse,person|bench|horse|potted plant|tv,False,0.0006798018061048352
42,fork,C:\Users\maxbe\Downloads\coco\train2017\000000434786.jpg,2,rbf,kernel_herding,direct,False,0.8949323495148238,0.0005475818674315,0.001,0.8937049798864969,0.895278796522956,0.0006701675991201,-0.1225857316886395,-0.3464470081322044,0.8846300608624704,0.8846300608624704,42,fork,0.8846300608624704,0,person,person|tie,False,0.0005475818674314605
42,fork,C:\Users\maxbe\Downloads\coco\train2017\000000422636.jpg,3,rbf,kernel_herding,direct,False,0.8954376076386472,0.0005052581238234,0.001,0.8937049798864969,0.89590098134364,0.0006221848206839,-0.1169266968606474,-0.4633737049928519,0.8896504049398766,0.8896504049398766,42,fork,0.8896504049398766,0,person,person|tie,False,0.0005052581238232526
42,fork,C:\Users\maxbe\Downloads\coco\train2017\000000214701.jpg,4,rbf,kernel_herding,direct,False,0.8958885713503779,0.0004509637117307,0.001,0.8937049798864969,0.896686427725207,0.0007854463815669,-0.3344826698362591,-0.797856374829111,0.715708248060556,0.715708248060556,42,fork,0.715708248060556,23,giraffe,giraffe,False,0.00045096371173064087
42,fork,C:\Users\maxbe\Downloads\coco\train2017\000000327159.jpg,5,rbf,kernel_herding,direct,False,0.896291465992913,0.000402894642535,0.001,0.8937049798864969,0.8975378483777189,0.0008514206525118,-0.4485260099768001,-1.2463823848059112,0.6385687021655445,0.6385687021655445,42,fork,0.6385687021655445,21,bear,bear,False,0.0004028946425349999
42,fork,C:\Users\maxbe\Downloads\coco\train2017\000000401024.jpg,6,rbf,kernel_herding,direct,False,0.8965940686532425,0.0003026026603295,0.001,0.8937049798864969,0.8981071141842006,0.0005692658064817,-0.2666631461521479,-1.5130455309580593,0.7659310348302307,0.7659310348302307,42,fork,0.7659310348302307,0,person,person|scissors,False,0.00030260266032955207
42,fork,C:\Users\maxbe\Downloads\coco\train2017\000000466001.jpg,7,rbf,kernel_herding,direct,False,0.8968166072752705,0.0002225386220279,0.001,0.8937049798864969,0.8987782353871999,0.0006711212029992,-0.4485825809713858,-1.9616281119294448,0.6385325787207309,0.6385325787207309,42,fork,0.6385325787207309,63,laptop,laptop|keyboard|book,False,0.00022253862202781417
42,fork,C:\Users\maxbe\Downloads\coco\train2017\000000373849.jpg,8,rbf,kernel_herding,direct,False,0.8970088190879814,0.0001922118127108,0.001,0.8937049798864969,0.8992490861379598,0.0004708507507599,-0.2786389380490905,-2.240267049978536,0.756813110306818,0.756813110306818,42,fork,0.756813110306818,17,horse,horse,False,0.00019221181271080948
42,fork,C:\Users\maxbe\Downloads\coco\train2017\000000475185.jpg,9,rbf,kernel_herding,direct,False,0.8971632924682594,0.000154473380278,0.001,0.8937049798864969,0.8997038848680882,0.0004547987301283,-0.3003253498501435,-2.5405923998286792,0.7405772347881233,0.7405772347881233,42,fork,0.7405772347881233,0,person,person|backpack|remote,False,0.00015447338027815654
42,fork,C:\Users\maxbe\Downloads\coco\train2017\000000231393.jpg,10,rbf,kernel_herding,direct,False,0.8973033729837487,0.0001400805154893,0.001,0.8937049798864969,0.8999393563114227,0.0002354714433345,-0.0953909278452892,-2.6359833276739684,0.90901750474361,0.90901750474361,42,fork,0.90901750474361,60,dining table,orange|cake|dining table,False,0.0001400805154892108
42,fork,C:\Users\maxbe\Downloads\coco\train2017\000000001852.jpg,11,rbf,kernel_herding,direct,False,0.8974277429735907,0.0001243699898419,0.001,0.8937049798864969,0.9003458972469945,0.0004065409355717,-0.2821709457298845,-2.918154273403853,0.7541447556867855,0.7541447556867855,42,fork,0.7541447556867855,76,scissors,scissors,False,0.00012436998984181554
42,fork,C:\Users\maxbe\Downloads\coco\train2017\000000279279.jpg,12,rbf,kernel_herding,direct,False,0.8975339034930606,0.0001061605194698,0.001,0.8937049798864969,0.9010334093559488,0.0006875121089541,-0.5813515894842208,-3.499505862888073,0.5591421249991182,0.5591421249991182,42,fork,0.5591421249991182,17,horse,horse,False,0.00010616051946987922
42,fork,C:\Users\maxbe\Downloads\coco\train2017\000000121193.jpg,13,rbf,kernel_herding,direct,False,0.8976209817321039,8.707823904330336e-05,0.001,0.8937049798864969,0.9017099819181338,0.0006765725621851,-0.5894943231418468,-4.089000186029921,0.5546076660984494,0.5546076660984494,42,fork,0.5546076660984494,0,person,person|bird|fork|spoon|dining table,True,8.707823904325316e-05
42,fork,C:\Users\maxbe\Downloads\coco\train2017\000000025202.jpg,14,rbf,kernel_herding,direct,False,0.8976888337583736,6.7852026269688e-05,0.001,0.8937049798864969,0.9018565850907394,0.0001466031726056,-0.0787511463359292,-4.16775133236585,0.924269903779446,0.924269903779446,42,fork,0.924269903779446,60,dining table,fork|orange|donut|dining table,True,6.785202626967082e-05
42,fork,C:\Users\maxbe\Downloads\coco\train2017\000000310150.jpg,15,rbf,kernel_herding,direct,False,0.8977413673154239,5.2533557050260526e-05,0.001,0.8937049798864969,0.9021430075119194,0.00028642242118,-0.233888864129749,-4.4016401964956,0.7914497694659847,0.7914497694659847,42,fork,0.7914497694659847,0,person,person|backpack|handbag|banana|chair|dining table|laptop,False,5.2533557050250985e-05
42,fork,C:\Users\maxbe\Downloads\coco\train2017\000000132528.jpg,16,rbf,kernel_herding,direct,False,0.8977816761569215,4.030884149763825e-05,0.001,0.8937049798864969,0.9027843222411392,0.0006413147292197,-0.601005887722112,-5.002646084217712,0.5482598707600377,0.5482598707600377,42,fork,0.5482598707600377,19,cow,truck|cow,False,4.030884149758794e-05
42,fork,C:\Users\maxbe\Downloads\coco\train2017\000000361085.jpg,17,rbf,kernel_herding,direct,False,0.8978060534699456,2.437731302407098e-05,0.001,0.8937049798864969,0.9033371438532338,0.0005528216120945,-0.5284442990705001,-5.531090383288213,0.5895213756177545,0.5895213756177545,42,fork,0.5895213756177545,8,boat,boat,False,2.4377313023999855e-05
42,fork,C:\Users\maxbe\Downloads\coco\train2017\000000421889.jpg,18,rbf,kernel_herding,direct,False,0.8978209051755964,1.4851705650853477e-05,0.001,0.8937049798864969,0.9034152017303788,7.8057877144877e-05,-0.0632061714940727,-5.594296554782285,0.9387499102636288,0.9387499102636288,42,fork,0.9387499102636288,60,dining table,person|fork|cake|chair|dining table,True,1.4851705650804293e-05
42,fork,C:\Users\maxbe\Downloads\coco\train2017\000000263961.jpg,19,rbf,kernel_herding,direct,False,0.8978218654452519,9.60269655458923e-07,0.001,0.8937049798864969,0.9039387629218651,0.0005235611914865,-0.5226009218310775,-6.116897476613363,0.5929762556593139,0.5929762556593139,42,fork,0.5929762556593139,1,bicycle,bicycle,False,9.602696554224938e-07
42,fork,C:\Users\maxbe\Downloads\coco\train2017\000000484257.jpg,20,rbf,kernel_herding,direct,False,0.8978075992551359,-1.426619011601904e-05,0.001,0.8937049798864969,0.9041072266765774,0.0001684637547121,-0.1827299448281511,-6.299627421441514,0.8329930794530384,0.8329930794530384,42,fork,0.8329930794530384,60,dining table,bird|fork|knife|spoon|bowl|broccoli|carrot|dining table,True,-1.4266190116051132e-05
42,fork,C:\Users\maxbe\Downloads\coco\train2017\000000205543.jpg,21,rbf,kernel_herding,direct,False,0.8977899598988728,-1.7639356263088324e-05,0.001,0.8937049798864969,0.9041560479610612,4.8821284483913097e-05,-0.0664606407470088,-6.366088062188522,0.9356997435735014,0.9356997435735014,42,fork,0.9356997435735014,50,broccoli,broccoli,False,-1.763935626309571e-05
42,fork,C:\Users\maxbe\Downloads\coco\train2017\000000122020.jpg,22,rbf,kernel_herding,direct,False,0.8977661194975323,-2.3840401340513573e-05,0.001,0.8937049798864969,0.9044270470693904,0.0002709991083291,-0.2948395096696865,-6.660927571858209,0.744651087174328,0.744651087174328,42,fork,0.744651087174328,46,banana,cup|fork|banana,True,-2.3840401340586485e-05
42,fork,C:\Users\maxbe\Downloads\coco\train2017\000000176414.jpg,23,rbf,kernel_herding,direct,False,0.8977181928411799,-4.792665635233728e-05,0.001,0.8937049798864969,0.9049179403920712,0.0004908933226807,-0.5388199790330359,-7.199747550891245,0.5834363134126385,0.5834363134126385,42,fork,0.5834363134126385,75,vase,vase,False,-4.792665635233587e-05
42,fork,C:\Users\maxbe\Downloads\coco\train2017\000000464317.jpg,24,rbf,kernel_herding,direct,False,0.8976626434040325,-5.554943714747296e-05,0.001,0.8937049798864969,0.9052604161028918,0.0003424757108205,-0.3980251479680828,-7.597772698859328,0.6716451369381603,0.6716451369381603,42,fork,0.6716451369381603,0,person,person|umbrella|chair,False,-5.554943714758279e-05
42,fork,C:\Users\maxbe\Downloads\coco\train2017\000000561641.jpg,25,rbf,kernel_herding,direct,False,0.8975885824088099,-7.406099522255793e-05,0.001,0.8937049798864969,0.9057954009238216,0.0005349848209298,-0.6090458161523806,-8.206818515011708,0.54386957312652,0.54386957312652,42,fork,0.54386957312652,5,bus,person|car|bus|traffic light|handbag,False,-7.40609952225806e-05
42,fork,C:\Users\maxbe\Downloads\coco\train2017\000000187888.jpg,26,rbf,kernel_herding,direct,False,0.8975033031130945,-8.527929571544579e-05,0.001,0.8937049798864969,0.9058027555407896,7.354616967991667e-06,-0.0926339126834528,-8.299452427695162,0.9115271377450124,0.9115271377450124,42,fork,0.9115271377450124,60,dining table,fork|knife|apple|sandwich|dining table,True,-8.527929571546113e-05
42,fork,C:\Users\maxbe\Downloads\coco\train2017\000000452854.jpg,27,rbf,kernel_herding,direct,False,0.89741282236525,-9.048074784445692e-05,0.001,0.8937049798864969,0.9063618298169648,0.000559074276175,-0.6495550240195355,-8.949007451714698,0.5222781262825221,0.5222781262825221,42,fork,0.5222781262825221,74,clock,clock,False,-9.048074784453553e-05
42,fork,C:\Users\maxbe\Downloads\coco\train2017\000000050372.jpg,28,rbf,kernel_herding,direct,False,0.8973102366323836,-0.0001025857328663,0.001,0.8937049798864969,0.906791578269004,0.0004297484520393,-0.5323341849056591,-9.481341636620355,0.5872326590781562,0.5872326590781562,42,fork,0.5872326590781562,0,person,person|tie|tennis racket,False,-0.0001025857328663591
42,fork,C:\Users\maxbe\Downloads\coco\train2017\000000366417.jpg,29,rbf,kernel_herding,direct,False,0.897178085358358,-0.0001321512740256,0.001,0.8937049798864969,0.9070663994086828,0.0002748211396786,-0.4069724137044477,-9.888314050324803,0.6656625532111687,0.6656625532111687,42,fork,0.6656625532111687,54,donut,person|donut,False,-0.00013215127402584775
42,fork,C:\Users\maxbe\Downloads\coco\train2017\000000340633.jpg,30,rbf,kernel_herding,direct,False,0.8970420683946078,-0.0001360169637502,0.001,0.8937049798864969,0.9070823111085224,1.5911699839721294e-05,-0.1519286635899144,-10.04024271391472,0.8590495600660747,0.8590495600660747,42,fork,0.8590495600660747,0,person,person|bench|bottle|cup|fork|knife|dining table,True,-0.0001360169637501931
42,fork,C:\Users\maxbe\Downloads\coco\train2017\000000447062.jpg,31,rbf,kernel_herding,direct,False,0.8969033769987743,-0.0001386913958334,0.001,0.8937049798864969,0.9070426502846796,-3.96608238427687e-05,-0.0990305719906863,-10.139273285905409,0.905715018088185,0.905715018088185,42,fork,0.905715018088185,0,person,person|laptop,False,-0.000138691395833455
42,fork,C:\Users\maxbe\Downloads\coco\train2017\000000453376.jpg,32,rbf,kernel_herding,direct,False,0.896761445568827,-0.0001419314299473,0.001,0.8937049798864969,0.90727543733853,0.0002327870538502,-0.3747184837975399,-10.513991769702947,0.687482789094594,0.687482789094594,42,fork,0.687482789094594,60,dining table,dining table,False,-0.00014193142994733992
42,fork,C:\Users\maxbe\Downloads\coco\train2017\000000232894.jpg,33,rbf,kernel_herding,direct,False,0.8966105124544769,-0.0001509331143501,0.001,0.8937049798864969,0.9073204347526264,4.499741409658142e-05,-0.1959305284466023,-10.70992229814955,0.822069343127725,0.822069343127725,42,fork,0.822069343127725,0,person,person|bench|dining table,False,-0.0001509331143500209
42,fork,C:\Users\maxbe\Downloads\coco\train2017\000000135041.jpg,34,rbf,kernel_herding,direct,False,0.8964489649024769,-0.0001615475519999,0.001,0.8937049798864969,0.9072398743321136,-8.056042051274304e-05,-0.0809871314872616,-10.790909429636812,0.922205558781231,0.922205558781231,42,fork,0.922205558781231,60,dining table,fork|cake|dining table,True,-0.00016154755200000463
42,fork,C:\Users\maxbe\Downloads\coco\train2017\000000280236.jpg,35,rbf,kernel_herding,direct,False,0.8962858153340548,-0.0001631495684221,0.001,0.8937049798864969,0.9072331655723088,-6.708759805018616e-06,-0.1564408086170279,-10.94735023825384,0.8551821356171231,0.8551821356171231,42,fork,0.8551821356171231,49,orange,orange,False,-0.0001631495684220465
42,fork,C:\Users\maxbe\Downloads\coco\train2017\000000068295.jpg,36,rbf,kernel_herding,direct,False,0.8961140257368445,-0.0001717895972103,0.001,0.8937049798864969,0.9071986027937508,-3.4562778557845064e-05,-0.1372268186525636,-11.084577056906404,0.8717724694476426,0.8717724694476426,42,fork,0.8717724694476426,-1,unlabeled,,False,-0.00017178959721040867
42,fork,C:\Users\maxbe\Downloads\coco\train2017\000000336762.jpg,37,rbf,kernel_herding,direct,False,0.8959319992277938,-0.0001820265090507,0.001,0.8937049798864969,0.9072226482090802,2.4045415329299047e-05,-0.2060719243800221,-11.290648981286427,0.8137745439474438,0.8137745439474438,42,fork,0.8137745439474438,63,laptop,cup|sandwich|laptop,False,-0.00018202650905072305
42,fork,C:\Users\maxbe\Downloads\coco\train2017\000000460578.jpg,38,rbf,kernel_herding,direct,False,0.8957456316722745,-0.0001863675555192,0.001,0.8937049798864969,0.9072031035600838,-1.954464899633912e-05,-0.1668229065228934,-11.45747188780932,0.8463494810377679,0.8463494810377679,42,fork,0.8463494810377679,60,dining table,wine glass|fork|cake|dining table,True,-0.0001863675555192325
42,fork,C:\Users\maxbe\Downloads\coco\train2017\000000320399.jpg,39,rbf,kernel_herding,direct,False,0.8955567587408558,-0.0001888729314186,0.001,0.8937049798864969,0.9072009233064644,-2.1802536193105126e-06,-0.1866926777993177,-11.64416456560864,0.8296986820320342,0.8296986820320342,42,fork,0.8296986820320342,55,cake,fork|cake,True,-0.0001888729314186282
42,fork,C:\Users\maxbe\Downloads\coco\train2017\000000002179.jpg,40,rbf,kernel_herding,direct,False,0.895357097327793,-0.0001996614130628,0.001,0.8937049798864969,0.907362812659782,0.0001618893533176,-0.3615507663804566,-12.005715331989096,0.6965952315582893,0.6965952315582893,42,fork,0.6965952315582893,0,person,person|bench|skateboard|chair|dining table,False,-0.00019966141306285658
42,fork,C:\Users\maxbe\Downloads\coco\train2017\000000092683.jpg,41,rbf,kernel_herding,direct,False,0.8951514407742067,-0.0002056565535862,0.001,0.8937049798864969,0.9075368151659352,0.0001740025061529,-0.3796590597392704,-12.385374391728366,0.6840946048491475,0.6840946048491475,42,fork,0.6840946048491475,60,dining table,chair|dining table|vase,False,-0.0002056565535863704
42,fork,C:\Users\maxbe\Downloads\coco\train2017\000000379156.jpg,42,rbf,kernel_herding,direct,False,0.8949348200498861,-0.0002166207243206,0.001,0.8937049798864969,0.9079787887912186,0.0004419736252835,-0.6585943496040907,-13.043968741332456,0.5175783576241239,0.5175783576241239,42,fork,0.5175783576241239,18,sheep,sheep,False,-0.00021662072432059064
42,fork,C:\Users\maxbe\Downloads\coco\train2017\000000542777.jpg,43,rbf,kernel_herding,direct,False,0.8947095301808893,-0.0002252898689968,0.001,0.8937049798864969,0.9078274314319172,-0.0001513573593014,-0.0739325096954275,-13.117901251027885,0.9287343722908225,0.9287343722908225,42,fork,0.9287343722908225,60,dining table,bottle|cup|fork|carrot|dining table,True,-0.0002252898689968275
42,fork,C:\Users\maxbe\Downloads\coco\train2017\000000210437.jpg,44,rbf,kernel_herding,direct,False,0.8944793402314091,-0.0002301899494802,0.001,0.8937049798864969,0.90790417498978,7.674355786291276e-05,-0.3069335073430566,-13.424834758370942,0.735699517895582,0.735699517895582,42,fork,0.735699517895582,0,person,person|cup|fork|chair,True,-0.00023018994948014381
42,fork,C:\Users\maxbe\Downloads\coco\train2017\000000102004.jpg,45,rbf,kernel_herding,direct,False,0.8942392224967435,-0.0002401177346655,0.001,0.8937049798864969,0.9079955090072128,9.13340174326649e-05,-0.3314517520982863,-13.756286510469227,0.7178807916220622,0.7178807916220622,42,fork,0.7178807916220622,60,dining table,person|bottle|bowl|orange|cake|potted plant|dining table|tv|clock,False,-0.00024011773466562145
42,fork,C:\Users\maxbe\Downloads\coco\train2017\000000093842.jpg,46,rbf,kernel_herding,direct,False,0.8939929517865729,-0.0002462707101705,0.001,0.8937049798864969,0.908257271020948,0.0002617620137354,-0.5080327239060137,-14.264319234375243,0.6016780821819393,0.6016780821819393,42,fork,0.6016780821819393,33,kite,person|suitcase|kite,False,-0.00024627071017061376
42,fork,C:\Users\maxbe\Downloads\coco\train2017\000000009677.jpg,47,rbf,kernel_herding,direct,False,0.8937449087595802,-0.0002480430269926,0.001,0.8937049798864969,0.90807565026827,-0.0001816207526781,-0.0664222743144903,-14.330741508689734,0.9357356437232468,0.9357356437232468,42,fork,0.9357356437232468,60,dining table,spoon|cake|dining table,False,-0.00024804302699259033
42,fork,C:\Users\maxbe\Downloads\coco\train2017\000000328409.jpg,48,rbf,kernel_herding,direct,False,0.8934925546481601,-0.0002523541114201,0.001,0.8937049798864969,0.9082483124877356,0.0001726622194656,-0.4250163308857754,-14.755757839575509,0.6537591085763419,0.6537591085763419,42,fork,0.6537591085763419,0,person,person|umbrella|tie|clock,False,-0.0002523541114201754
42,fork,C:\Users\maxbe\Downloads\coco\train2017\000000311818.jpg,49,rbf,kernel_herding,direct,False,0.8932325137492398,-0.0002600408989202,0.001,0.8937049798864969,0.9080900563465528,-0.0001582561411828,-0.1017847577374508,-14.85754259731296,0.9032239427115604,0.9032239427115604,42,fork,0.9032239427115604,55,cake,cup|bowl|cake|chair|dining table,False,-0.0002600408989202508
42,fork,C:\Users\maxbe\Downloads\coco\train2017\000000414700.jpg,50,rbf,kernel_herding,direct,False,0.8929636696647373,-0.0002688440845025,0.001,0.8937049798864969,0.9083044373930548,0.000214381046502,-0.4832251310046188,-15.340767728317578,0.616790948974685,0.616790948974685,42,fork,0.616790948974685,23,giraffe,giraffe,False,-0.00026884408450261873
42,fork,C:\Users\maxbe\Downloads\coco\train2017\000000346645.jpg,51,rbf,kernel_herding,direct,False,0.8926890714637853,-0.0002745982009519,0.001,0.8937049798864969,0.9081273638410784,-0.0001770735519763,-0.0975246489756529,-15.438292377293232,0.9070799826868328,0.9070799826868328,42,fork,0.9070799826868328,60,dining table,fork|spoon|bowl|dining table,True,-0.0002745982009519529
42,fork,C:\Users\maxbe\Downloads\coco\train2017\000000039211.jpg,52,rbf,kernel_herding,direct,False,0.892407207311163,-0.0002818641526223,0.001,0.8937049798864969,0.9081906492669216,6.328542584299601e-05,-0.3451495784653187,-15.783441955758551,0.7081144268755868,0.7081144268755868,42,fork,0.7081144268755868,60,dining table,person|bottle|cup|fork|chair|dining table|tv|laptop|mouse|remote|cell phone,True,-0.00028186415262232265
42,fork,C:\Users\maxbe\Downloads\coco\train2017\000000065426.jpg,53,rbf,kernel_herding,direct,False,0.8921206731373017,-0.0002865341738612,0.001,0.8937049798864969,0.908482724944138,0.0002920756772165,-0.5786098510778206,-16.362051806836373,0.5606772499317162,0.5606772499317162,42,fork,0.5606772499317162,71,sink,sink|toothbrush,False,-0.00028653417386132065
42,fork,C:\Users\maxbe\Downloads\coco\train2017\000000190849.jpg,54,rbf,kernel_herding,direct,False,0.8918285037343565,-0.0002921694029451,0.001,0.8937049798864969,0.9086078228096202,0.000125097865482,-0.4172672684272195,-16.779319075263594,0.6588448079939726,0.6588448079939726,42,fork,0.6588448079939726,24,backpack,backpack|cell phone,False,-0.0002921694029452195
42,fork,C:\Users\maxbe\Downloads\coco\train2017\000000568599.jpg,55,rbf,kernel_herding,direct,False,0.8915347169007273,-0.0002937868336292,0.001,0.8937049798864969,0.908411331626818,-0.0001964911828021,-0.0972956508271476,-16.876614726090743,0.9072877261089362,0.9072877261089362,42,fork,0.9072877261089362,60,dining table,bottle|cup|fork|knife|spoon|apple|dining table,True,-0.0002937868336292476
42,fork,C:\Users\maxbe\Downloads\coco\train2017\000000573825.jpg,56,rbf,kernel_herding,direct,False,0.8912368375397793,-0.0002978793609479,0.001,0.8937049798864969,0.9086035296688946,0.0001921980420765,-0.4900774030245153,-17.366692129115258,0.6125789768827532,0.6125789768827532,42,fork,0.6125789768827532,53,pizza,fork|bowl|pizza|dining table,True,-0.0002978793609480153
42,fork,C:\Users\maxbe\Downloads\coco\train2017\000000434513.jpg,57,rbf,kernel_herding,direct,False,0.8909353267997328,-0.0003015107400465,0.001,0.8937049798864969,0.9083615777701542,-0.0002419518987403,-0.0595588413062698,-17.426250970421528,0.9421800928517384,0.9421800928517384,42,fork,0.9421800928517384,60,dining table,bottle|cup|fork|knife|cake|dining table,True,-0.0003015107400465698
42,fork,C:\Users\maxbe\Downloads\coco\train2017\000000209868.jpg,58,rbf,kernel_herding,direct,False,0.890627497431514,-0.0003078293682187,0.001,0.8937049798864969,0.908394207431482,3.262966132777656e-05,-0.3404590295464091,-17.766709999967937,0.7114436741296268,0.7114436741296268,42,fork,0.7114436741296268,0,person,person|toothbrush,False,-0.00030782936821863253
42,fork,C:\Users\maxbe\Downloads\coco\train2017\000000390134.jpg,59,rbf,kernel_herding,direct,False,0.8903161383156748,-0.0003113591158392,0.001,0.8937049798864969,0.908097806860726,-0.000296400570756,-0.0149585450832634,-17.7816685450512,0.9851527781819692,0.9851527781819692,42,fork,0.9851527781819692,55,cake,fork|cake,True,-0.0003113591158392634
42,fork,C:\Users\maxbe\Downloads\coco\train2017\000000090011.jpg,60,rbf,kernel_herding,direct,False,0.8900067565527728,-0.0003093817629019,0.001,0.8937049798864969,0.908048053123358,-4.975373736804123e-05,-0.259628025533857,-18.041296570585057,0.7713384506544567,0.7713384506544567,42,fork,0.7713384506544567,0,person,person|chair|scissors,False,-0.00030938176290189824
42,fork,C:\Users\maxbe\Downloads\coco\train2017\000000358223.jpg,61,rbf,kernel_herding,direct,False,0.8896957525882073,-0.0003110039645655,0.001,0.8937049798864969,0.9079558091154308,-9.224400792717802e-05,-0.2187599566383324,-18.26005652722339,0.8035145733442309,0.8035145733442309,42,fork,0.8035145733442309,55,cake,fork|knife|cake|dining table,True,-0.0003110039645655104
42,fork,C:\Users\maxbe\Downloads\coco\train2017\000000144502.jpg,62,rbf,kernel_herding,direct,False,0.889382071976027,-0.0003136806121802,0.001,0.8937049798864969,0.9081847251909204,0.0002289160754898,-0.5425966876700723,-18.802653214893464,0.5812370001454776,0.5812370001454776,42,fork,0.5812370001454776,0,person,person|tie,False,-0.0003136806121802723
42,fork,C:\Users\maxbe\Downloads\coco\train2017\000000468224.jpg,63,rbf,kernel_herding,direct,False,0.8890634120135482,-0.0003186599624788,0.001,0.8937049798864969,0.9079885975379052,-0.0001961276530154,-0.1225323094634226,-18.925185524356888,0.8846773210311759,0.8846773210311759,42,fork,0.8846773210311759,60,dining table,person|fork|knife|bowl|dining table,True,-0.00031865996247882255
42,fork,C:\Users\maxbe\Downloads\coco\train2017\000000505708.jpg,64,rbf,kernel_herding,direct,False,0.8887430937468678,-0.0003203182666804,0.001,0.8937049798864969,0.9078278151966782,-0.0001607823412268,-0.1595359254535418,-19.08472144981043,0.8525393389828415,0.8525393389828415,42,fork,0.8525393389828415,48,sandwich,fork|knife|sandwich|carrot,True,-0.00032031826668034186
42,fork,C:\Users\maxbe\Downloads\coco\train2017\000000058869.jpg,65,rbf,kernel_herding,direct,False,0.8884229380409351,-0.0003201557059326,0.001,0.8937049798864969,0.9077323858359976,-9.542936068074326e-05,-0.2247263452519265,-19.30944779506236,0.7987347664149923,0.7987347664149923,42,fork,0.7987347664149923,0,person,person|bottle|wine glass,False,-0.00032015570593266977
42,fork,C:\Users\maxbe\Downloads\coco\train2017\000000231657.jpg,66,rbf,kernel_herding,direct,False,0.8880959720158116,-0.0003269660251234,0.001,0.8937049798864969,0.9075564695804266,-0.0001759162555708,-0.1510497695526358,-19.460497564614997,0.8598049054878156,0.8598049054878156,42,fork,0.8598049054878156,60,dining table,wine glass|fork|knife|broccoli|dining table,True,-0.0003269660251234358
42,fork,C:\Users\maxbe\Downloads\coco\train2017\000000575417.jpg,67,rbf,kernel_herding,direct,False,0.8877698391388298,-0.0003261328769817,0.001,0.8937049798864969,0.9073404372979464,-0.0002160322824801,-0.1101005945016522,-19.57059815911665,0.8957440238395595,0.8957440238395595,42,fork,0.8957440238395595,60,dining table,person|knife|pizza|chair|dining table,False,-0.0003261328769817522
42,fork,C:\Users\maxbe\Downloads\coco\train2017\000000207424.jpg,68,rbf,kernel_herding,direct,False,0.8874363364730833,-0.0003335026657464,0.001,0.8937049798864969,0.9072044678274056,-0.0001359694705407,-0.1975331952058277,-19.768131354322477,0.82075289511323,0.82075289511323,42,fork,0.82075289511323,48,sandwich,fork|knife|sandwich,True,-0.00033350266574652774
42,fork,C:\Users\maxbe\Downloads\coco\train2017\000000092957.jpg,69,rbf,kernel_herding,direct,False,0.8871020351920929,-0.0003343012809904,0.001,0.8937049798864969,0.9072696943848824,6.522655747664974e-05,-0.3995278384670659,-20.16765919278954,0.6706366201063001,0.6706366201063001,42,fork,0.6706366201063001,40,wine glass,person|wine glass|cup|fork|knife|spoon,True,-0.00033430128099041617
42,fork,C:\Users\maxbe\Downloads\coco\train2017\000000411212.jpg,70,rbf,kernel_herding,direct,False,0.8867646628078643,-0.0003373723842285,0.001,0.8937049798864969,0.9069550405004804,-0.0003146538844018,-0.0227184998267224,-20.190377692616263,0.9775376220547172,0.9775376220547172,42,fork,0.9775376220547172,60,dining table,fork|knife|carrot|dining table,True,-0.0003373723842285224
42,fork,C:\Users\maxbe\Downloads\coco\train2017\000000098350.jpg,71,rbf,kernel_herding,direct,False,0.8864284679956344,-0.0003361948122299,0.001,0.8937049798864969,0.9067986100157528,-0.0001564304847276,-0.1797643275021523,-20.37014202011841,0.8354670848252866,0.8354670848252866,42,fork,0.8354670848252866,0,person,person|handbag|bottle|spoon|bowl|sandwich|chair|dining table,False,-0.0003361948122297523
42,fork,C:\Users\maxbe\Downloads\coco\train2017\000000083159.jpg,72,rbf,kernel_herding,direct,False,0.8860876708988822,-0.0003407970967521,0.001,0.8937049798864969,0.9066578364511936,-0.0001407735645593,-0.2000235321928861,-20.570165552311305,0.8187114867736687,0.8187114867736687,42,fork,0.8187114867736687,53,pizza,bowl|pizza|dining table,False,-0.0003407970967521861
42,fork,C:\Users\maxbe\Downloads\coco\train2017\000000234091.jpg,73,rbf,kernel_herding,direct,False,0.8857481351388445,-0.0003395357600376,0.001,0.8937049798864969,0.9064332730093037,-0.0002245634418898,-0.1149723181478655,-20.68513787045917,0.8913908189131481,0.8913908189131481,42,fork,0.8913908189131481,60,dining table,bottle|cup|fork|pizza|chair|dining table,True,-0.0003395357600376655
42,fork,C:\Users\maxbe\Downloads\coco\train2017\000000292923.jpg,74,rbf,kernel_herding,direct,False,0.8854088363774055,-0.000339298761439,0.001,0.8937049798864969,0.9061794197882582,-0.0002538532210454,-0.0854455403934907,-20.77058341085266,0.9181031412275124,0.9181031412275124,42,fork,0.9181031412275124,0,person,person|tie|wine glass|cup|fork|knife|spoon|dining table,True,-0.0003392987614388907
42,fork,C:\Users\maxbe\Downloads\coco\train2017\000000021544.jpg,75,rbf,kernel_herding,direct,False,0.8850680256865249,-0.0003408106908806,0.001,0.8937049798864969,0.9060264789671264,-0.0001529408211319,-0.1878698697487764,-20.95845328060144,0.8287225420878367,0.8287225420878367,42,fork,0.8287225420878367,53,pizza,person|fork|broccoli|carrot|pizza,True,-0.00034081069088067644
42,fork,C:\Users\maxbe\Downloads\coco\train2017\000000160192.jpg,76,rbf,kernel_herding,direct,False,0.8847266894524702,-0.0003413362340546,0.001,0.8937049798864969,0.9058642235130592,-0.000162255454067,-0.1790807799875882,-21.137534060589022,0.8360383614997517,0.8360383614997517,42,fork,0.8360383614997517,60,dining table,knife|bowl|cake|dining table,False,-0.00034133623405458824
42,fork,C:\Users\maxbe\Downloads\coco\train2017\000000300898.jpg,77,rbf,kernel_herding,direct,False,0.8843859637999877,-0.0003407256524825,0.001,0.8937049798864969,0.9056023560960932,-0.0002618674169659,-0.0788582355166028,-21.216392296105628,0.924170929772346,0.924170929772346,42,fork,0.924170929772346,60,dining table,fork|dining table,True,-0.0003407256524825028
42,fork,C:\Users\maxbe\Downloads\coco\train2017\000000257620.jpg,78,rbf,kernel_herding,direct,False,0.8840410398740058,-0.0003449239259818,0.001,0.8937049798864969,0.9055495538828612,-5.280221323200607e-05,-0.292121712749869,-21.508514008855496,0.7466776502514159,0.7466776502514159,42,fork,0.7466776502514159,0,person,person|donut,False,-0.00034492392598187507
42,fork,C:\Users\maxbe\Downloads\coco\train2017\000000511461.jpg,79,rbf,kernel_herding,direct,False,0.8836900775264738,-0.000350962347532,0.001,0.8937049798864969,0.905564238074739,1.4684191877667452e-05,-0.3656465394097349,-21.87416054826523,0.6937479704445008,0.6937479704445008,42,fork,0.6937479704445008,60,dining table,spoon|bowl|banana|chair|dining table,False,-0.0003509623475320675
42,fork,C:\Users\maxbe\Downloads\coco\train2017\000000299426.jpg,80,rbf,kernel_herding,direct,False,0.8833377699514176,-0.0003523075750562,0.001,0.8937049798864969,0.9052764370146488,-0.0002878010600901,-0.064506514965938,-21.93866706323117,0.9375300062650964,0.9375300062650964,42,fork,0.9375300062650964,0,person,person|fork|cake,True,-0.000352307575056038
42,fork,C:\Users\maxbe\Downloads\coco\train2017\000000249663.jpg,81,rbf,kernel_herding,direct,False,0.8829783911410704,-0.0003593788103471,0.001,0.8937049798864969,0.9050357693183448,-0.0002406676963039,-0.1187111140433256,-22.057378177274494,0.8880643130164264,0.8880643130164264,42,fork,0.8880643130164264,60,dining table,apple|broccoli|dining table,False,-0.0003593788103472256
42,fork,C:\Users\maxbe\Downloads\coco\train2017\000000045808.jpg,82,rbf,kernel_herding,direct,False,0.8826202948388848,-0.0003580963021855,0.001,0.8937049798864969,0.9048388456235532,-0.0001969236947916,-0.1611726073938946,-22.218550784668388,0.8511451444809899,0.8511451444809899,42,fork,0.8511451444809899,60,dining table,wine glass|fork|knife|sandwich|dining table,True,-0.00035809630218549464
42,fork,C:\Users\maxbe\Downloads\coco\train2017\000000225537.jpg,83,rbf,kernel_herding,direct,False,0.8822597837472945,-0.0003605110915902,0.001,0.8937049798864969,0.9050859503155728,0.0002471046920196,-0.6076157836099106,-22.8261665682783,0.5446478806848837,0.5446478806848837,42,fork,0.5446478806848837,63,laptop,laptop,False,-0.00036051109159031063
42,fork,C:\Users\maxbe\Downloads\coco\train2017\000000168175.jpg,84,rbf,kernel_herding,direct,False,0.881894811967927,-0.0003649717793675,0.001,0.8937049798864969,0.9048713865330186,-0.0002145637825542,-0.150407996813304,-22.976574565091603,0.8603568819400766,0.8603568819400766,42,fork,0.8603568819400766,48,sandwich,bottle|fork|knife|bowl|sandwich|cake|chair|book,True,-0.000364971779367504
42,fork,C:\Users\maxbe\Downloads\coco\train2017\000000553780.jpg,85,rbf,kernel_herding,direct,False,0.8815292672288843,-0.0003655447390427,0.001,0.8937049798864969,0.9046807415314932,-0.0001906450015254,-0.1748997375173349,-23.15147430260894,0.8395411910326896,0.8395411910326896,42,fork,0.8395411910326896,0,person,person|donut,False,-0.00036554473904273487
42,fork,C:\Users\maxbe\Downloads\coco\train2017\000000289180.jpg,86,rbf,kernel_herding,direct,False,0.8811630618660348,-0.0003662053628494,0.001,0.8937049798864969,0.90484690548105,0.0001661639495568,-0.5323693124062779,-23.683843615015217,0.5872120314248621,0.5872120314248621,42,fork,0.5872120314248621,0,person,person|cell phone,False,-0.0003662053628494779
42,fork,C:\Users\maxbe\Downloads\coco\train2017\000000298512.jpg,87,rbf,kernel_herding,direct,False,0.8807974479085636,-0.0003656139574711,0.001,0.8937049798864969,0.9045250202690048,-0.0003218852120452,-0.0437287454259337,-23.72757236044115,0.9572135708192442,0.9572135708192442,42,fork,0.9572135708192442,60,dining table,person|fork|knife|cake|chair|dining table,True,-0.00036561395747113367
42,fork,C:\Users\maxbe\Downloads\coco\train2017\000000095674.jpg,88,rbf,kernel_herding,direct,False,0.8804310856245566,-0.0003663622840069,0.001,0.8937049798864969,0.9042756845211176,-0.0002493357478872,-0.1170265361197247,-23.844598896560875,0.8895615873364251,0.8895615873364251,42,fork,0.8895615873364251,53,pizza,pizza,False,-0.0003663622840069247
42,fork,C:\Users\maxbe\Downloads\coco\train2017\000000154892.jpg,89,rbf,kernel_herding,direct,False,0.8800661586066634,-0.0003649270178932,0.001,0.8937049798864969,0.903972426221444,-0.0003032582996734,-0.0616687182198301,-23.906267614780703,0.940194304446626,0.940194304446626,42,fork,0.940194304446626,0,person,person|fork|cake|chair|dining table|clock,True,-0.0003649270178932301
42,fork,C:\Users\maxbe\Downloads\coco\train2017\000000019738.jpg,90,rbf,kernel_herding,direct,False,0.879702451309747,-0.0003637072969163,0.001,0.8937049798864969,0.90369012465103,-0.0002823015704139,-0.081405726502285,-23.987673341282992,0.9218196089154784,0.9218196089154784,42,fork,0.9218196089154784,60,dining table,fork|knife|cake|dining table,True,-0.000363707296916185
42,fork,C:\Users\maxbe\Downloads\coco\train2017\000000414479.jpg,91,rbf,kernel_herding,direct,False,0.8793352701910285,-0.0003671811187184,0.001,0.8937049798864969,0.9036351890103111,-5.4935640718789536e-05,-0.31224547799973,-24.299918819282723,0.7318018649185208,0.7318018649185208,42,fork,0.7318018649185208,48,sandwich,person|bottle|cup|fork|sandwich,True,-0.00036718111871851956
42,fork,C:\Users\maxbe\Downloads\coco\train2017\000000010871.jpg,92,rbf,kernel_herding,direct,False,0.8789671731890714,-0.0003680970019571,0.001,0.8937049798864969,0.9037311422506972,9.595324038591536e-05,-0.4640502423430581,-24.763969061625783,0.6287319647054709,0.6287319647054709,42,fork,0.6287319647054709,0,person,person|backpack|tie,False,-0.00036809700195714274
42,fork,C:\Users\maxbe\Downloads\coco\train2017\000000076681.jpg,93,rbf,kernel_herding,direct,False,0.8785972363114998,-0.0003699368775715,0.001,0.8937049798864969,0.9037313133260793,1.7107538208271933e-07,-0.3701079529536695,-25.134077014579454,0.6906597678498704,0.6906597678498704,42,fork,0.6906597678498704,0,person,person|bench|handbag|frisbee|chair,False,-0.00036993687757158676
42,fork,C:\Users\maxbe\Downloads\coco\train2017\000000115776.jpg,94,rbf,kernel_herding,direct,False,0.8782294874405189,-0.0003677488709808,0.001,0.8937049798864969,0.9033867905467154,-0.0003445227793638,-0.0232260916171558,-25.15730310619661,0.9770415578926208,0.9770415578926208,42,fork,0.9770415578926208,60,dining table,cup|fork|knife|cake|dining table,True,-0.0003677488709809558
42,fork,C:\Users\maxbe\Downloads\coco\train2017\000000047767.jpg,95,rbf,kernel_herding,direct,False,0.8778592848624601,-0.0003702025780587,0.001,0.8937049798864969,0.9033112970632668,-7.549348344859652e-05,-0.2947090946100811,-25.45201220080669,0.744748207223068,0.744748207223068,42,fork,0.744748207223068,0,person,person|tie|pizza,False,-0.0003702025780586776
42,fork,C:\Users\maxbe\Downloads\coco\train2017\000000079113.jpg,96,rbf,kernel_herding,direct,False,0.877485384957553,-0.0003738999049071,0.001,0.8937049798864969,0.9032726036592192,-3.869340404771826e-05,-0.3352065008593863,-25.78721870166608,0.7151903836728662,0.7151903836728662,42,fork,0.7151903836728662,0,person,person|chair|couch|dining table|laptop|cell phone,False,-0.00037389990490710456
42,fork,C:\Users\maxbe\Downloads\coco\train2017\000000015908.jpg,97,rbf,kernel_herding,direct,False,0.8771078269120216,-0.0003775580455314,0.001,0.8937049798864969,0.9034993106007478,0.0002267069415287,-0.604264987060118,-26.3914836887262,0.5464759459512969,0.5464759459512969,42,fork,0.5464759459512969,0,person,person|skateboard,False,-0.000377558045531418
42,fork,C:\Users\maxbe\Downloads\coco\train2017\000000181850.jpg,98,rbf,kernel_herding,direct,False,0.8767300405518301,-0.0003777863601914,0.001,0.8937049798864969,0.9031632980786052,-0.0003360125221426,-0.0417738380487997,-26.433257526775,0.9590866649565792,0.9590866649565792,42,fork,0.9590866649565792,41,cup,person|cup|fork|cake,True,-0.0003777863601913997
42,fork,C:\Users\maxbe\Downloads\coco\train2017\000000280678.jpg,99,rbf,kernel_herding,direct,False,0.8763551313526855,-0.0003749091991446,0.001,0.8937049798864969,0.9028875085890068,-0.0002757894895983,-0.0991197095462523,-26.53237723632125,0.9056342884635072,0.9056342884635072,42,fork,0.9056342884635072,53,pizza,fork|pizza|remote,True,-0.0003749091991445523
42,fork,C:\Users\maxbe\Downloads\coco\train2017\000000527243.jpg,100,rbf,kernel_herding,direct,False,0.8759804151172159,-0.0003747162354695,0.001,0.8937049798864969,0.9027321585790444,-0.0001553500099623,-0.2193662255072392,-26.75174346182849,0.8030275751135488,0.8030275751135488,42,fork,0.8030275751135488,55,cake,cake,False,-0.0003747162354695392
42,fork,C:\Users\maxbe\Downloads\coco\train2017\000000464340.jpg,101,rbf,kernel_herding,direct,False,0.8756063814992169,-0.000374033617999,0.001,0.8937049798864969,0.9024660360330414,-0.000266122546003,-0.1079110719960542,-26.859654533824543,0.8977074242092821,0.8977074242092821,42,fork,0.8977074242092821,60,dining table,person|knife|spoon|bowl|cake|potted plant|dining table,False,-0.00037403361799905424
42,fork,C:\Users\maxbe\Downloads\coco\train2017\000000216265.jpg,102,rbf,kernel_herding,direct,False,0.8752275939351024,-0.0003787875641144,0.001,0.8937049798864969,0.90231454200544,-0.0001514940276013,-0.2272935365131,-27.08694807033764,0.7966868912709456,0.7966868912709456,42,fork,0.7966868912709456,0,person,person|fork|cake,True,-0.0003787875641144
42,fork,C:\Users\maxbe\Downloads\coco\train2017\000000289507.jpg,103,rbf,kernel_herding,direct,False,0.8748467361441816,-0.0003808577909207,0.001,0.8937049798864969,0.9021496446006312,-0.0001648974048087,-0.2159603861120652,-27.302908456449707,0.8057672208126456,0.8057672208126456,42,fork,0.8057672208126456,53,pizza,pizza|dining table,False,-0.0003808577909207652
42,fork,C:\Users\maxbe\Downloads\coco\train2017\000000453779.jpg,104,rbf,kernel_herding,direct,False,0.8744655480267113,-0.0003811881174703,0.001,0.8937049798864969,0.9021176101753136,-3.203442531773959e-05,-0.3491536921525218,-27.65206214860223,0.7052847252111059,0.7052847252111059,42,fork,0.7052847252111059,60,dining table,person|handbag|wine glass|cup|chair|dining table,False,-0.0003811881174702614
42,fork,C:\Users\maxbe\Downloads\coco\train2017\000000558092.jpg,105,rbf,kernel_herding,direct,False,0.8740832899660125,-0.0003822580606988,0.001,0.8937049798864969,0.9019580528364136,-0.0001595573388999,-0.2227007217989518,-27.87476287040118,0.8003543420619779,0.8003543420619779,42,fork,0.8003543420619779,60,dining table,cup|fork|spoon|dining table,True,-0.0003822580606988518
42,fork,C:\Users\maxbe\Downloads\coco\train2017\000000202913.jpg,106,rbf,kernel_herding,direct,False,0.8736955940005465,-0.0003876959654659,0.001,0.8937049798864969,0.9019155237975056,-4.252903890789028e-05,-0.3451669265580672,-28.21992979695925,0.7081021425473879,0.7081021425473879,42,fork,0.7081021425473879,55,cake,bowl|donut|cake,False,-0.0003876959654659575
42,fork,C:\Users\maxbe\Downloads\coco\train2017\000000161079.jpg,107,rbf,kernel_herding,direct,False,0.8733043642433891,-0.0003912297571574,0.001,0.8937049798864969,0.9021948081971318,0.0002792843996261,-0.6705141567835298,-28.89044395374278,0.5114455469744156,0.5114455469744156,42,fork,0.5114455469744156,19,cow,person|cow,False,-0.00039122975715742984
42,fork,C:\Users\maxbe\Downloads\coco\train2017\000000130540.jpg,108,rbf,kernel_herding,direct,False,0.8729090714109552,-0.0003952928324338,0.001,0.8937049798864969,0.9024239129205271,0.0002291047233954,-0.6243975558293345,-29.51484150957211,0.5355839907985105,0.5355839907985105,42,fork,0.5355839907985105,0,person,person|tie|chair,False,-0.00039529283243393455
42,fork,C:\Users\maxbe\Downloads\coco\train2017\000000391106.jpg,109,rbf,kernel_herding,direct,False,0.8725126652990018,-0.0003964061119533,0.001,0.8937049798864969,0.9023416417174468,-8.227120308035296e-05,-0.3141349088729002,-29.828976418445013,0.7304204813072755,0.7304204813072755,42,fork,0.7304204813072755,56,chair,person|bottle|sandwich|pizza|chair,False,-0.00039640611195325317
42,fork,C:\Users\maxbe\Downloads\coco\train2017\000000077402.jpg,110,rbf,kernel_herding,direct,False,0.8721149828349279,-0.0003976824640739,0.001,0.8937049798864969,0.9020379434494574,-0.0003036982679894,-0.0939841960845041,-29.92296061452952,0.9102971483852972,0.9102971483852972,42,fork,0.9102971483852972,60,dining table,cup|fork|spoon|chair|dining table,True,-0.0003976824640739041
42,fork,C:\Users\maxbe\Downloads\coco\train2017\000000467931.jpg,111,rbf,kernel_herding,direct,False,0.871715073588218,-0.0003999092467099,0.001,0.8937049798864969,0.9020175285304644,-2.041491899296144e-05,-0.3794943277170002,-30.30245494224652,0.6842073064193526,0.6842073064193526,42,fork,0.6842073064193526,0,person,person|tie|laptop,False,-0.00039990924670996165
42,fork,C:\Users\maxbe\Downloads\coco\train2017\000000285562.jpg,112,rbf,kernel_herding,direct,False,0.871312855170283,-0.0004022184179349,0.001,0.8937049798864969,0.9018374695221012,-0.0001800590083632,-0.2221594095716944,-30.52461435181821,0.8007877009341214,0.8007877009341214,42,fork,0.8007877009341214,55,cake,spoon|cake,False,-0.00040221841793489435
42,fork,C:\Users\maxbe\Downloads\coco\train2017\000000201655.jpg,113,rbf,kernel_herding,direct,False,0.870907126339499,-0.000405728830784,0.001,0.8937049798864969,0.9019473413967224,0.0001098718746213,-0.5156007054053385,-31.040215057223552,0.5971417805619184,0.5971417805619184,42,fork,0.5971417805619184,59,bed,person|bed|laptop,False,-0.00040572883078403857
42,fork,C:\Users\maxbe\Downloads\coco\train2017\000000343881.jpg,114,rbf,kernel_herding,direct,False,0.8704953173687796,-0.0004118089707193,0.001,0.8937049798864969,0.9021836759954192,0.0002363345986967,-0.648143569416105,-31.68835862663966,0.5230158186353002,0.5230158186353002,42,fork,0.5230158186353002,57,couch,car|couch|remote,False,-0.000411808970719405
42,fork,C:\Users\maxbe\Downloads\coco\train2017\000000391891.jpg,115,rbf,kernel_herding,direct,False,0.8700835319307964,-0.0004117854379832,0.001,0.8937049798864969,0.9017961598843748,-0.0003875161110443,-0.024269326938833,-31.71262795357849,0.9760228051205134,0.9760228051205134,42,fork,0.9760228051205134,60,dining table,person|cup|fork|knife|sandwich|chair|dining table,True,-0.000411785437983133
42,fork,C:\Users\maxbe\Downloads\coco\train2017\000000079058.jpg,116,rbf,kernel_herding,direct,False,0.8696696776923115,-0.0004138542384848,0.001,0.8937049798864969,0.9016916260429242,-0.0001045338414507,-0.3093203970341934,-32.02194835061268,0.7339455783633526,0.7339455783633526,42,fork,0.7339455783633526,0,person,person|cake|dining table,False,-0.0004138542384848934
42,fork,C:\Users\maxbe\Downloads\coco\train2017\000000203188.jpg,117,rbf,kernel_herding,direct,False,0.8692530333530168,-0.0004166443392946,0.001,0.8937049798864969,0.9014046334614766,-0.0002869925814475,-0.1296517578470063,-32.15160010845969,0.8784012740135969,0.8784012740135969,42,fork,0.8784012740135969,55,cake,cake|dining table,False,-0.0004166443392945063
42,fork,C:\Users\maxbe\Downloads\coco\train2017\000000572179.jpg,118,rbf,kernel_herding,direct,False,0.868838570910011,-0.0004144624430058,0.001,0.8937049798864969,0.9010872281798626,-0.0003174052816139,-0.0970571613919675,-32.248657269851655,0.9075041304503308,0.9075041304503308,42,fork,0.9075041304503308,0,person,person|bottle|wine glass|cup|fork|knife|spoon|cake|chair|dining table,True,-0.0004144624430058675
42,fork,C:\Users\maxbe\Downloads\coco\train2017\000000469859.jpg,119,rbf,kernel_herding,direct,False,0.8684249713332202,-0.0004135995767908,0.001,0.8937049798864969,0.900822397787214,-0.0002648303926486,-0.148769184142146,-32.3974264539938,0.861768001664541,0.861768001664541,42,fork,0.861768001664541,60,dining table,person|tie|bottle|wine glass|cup|fork|knife|chair|dining table,True,-0.000413599576790746
42,fork,C:\Users\maxbe\Downloads\coco\train2017\000000462386.jpg,120,rbf,kernel_herding,direct,False,0.868012920051356,-0.0004120512818641,0.001,0.8937049798864969,0.9006209447231628,-0.0002014530640511,-0.2105982178129541,-32.60802467180675,0.8100994850451142,0.8100994850451142,42,fork,0.8100994850451142,48,sandwich,sandwich|orange,False,-0.0004120512818640541
42,fork,C:\Users\maxbe\Downloads\coco\train2017\000000438167.jpg,121,rbf,kernel_herding,direct,False,0.8675993047731826,-0.0004136152781734,0.001,0.8937049798864969,0.900627449243321,6.504520158268079e-06,-0.4201197983317482,-33.0281444701385,0.656968111415824,0.656968111415824,42,fork,0.656968111415824,60,dining table,fork|carrot|dining table,True,-0.0004136152781734801
42,fork,C:\Users\maxbe\Downloads\coco\train2017\000000400333.jpg,122,rbf,kernel_herding,direct,False,0.8671868098066632,-0.0004124949665194,0.001,0.8937049798864969,0.9002605761602959,-0.0003668730830251,-0.045621883494203,-33.073766353632706,0.955403147600127,0.955403147600127,42,fork,0.955403147600127,60,dining table,cup|fork|knife|pizza|dining table,True,-0.000412494966519303
42,fork,C:\Users\maxbe\Downloads\coco\train2017\000000400443.jpg,123,rbf,kernel_herding,direct,False,0.8667755117828521,-0.0004112980238111,0.001,0.8937049798864969,0.8999016582495039,-0.000358917910792,-0.0523801130190957,-33.126146466651804,0.9489680831538316,0.9489680831538316,42,fork,0.9489680831538316,55,cake,fork|spoon|donut|cake,True,-0.0004112980238110957
42,fork,C:\Users\maxbe\Downloads\coco\train2017\000000472485.jpg,124,rbf,kernel_herding,direct,False,0.8663658027785471,-0.0004097090043049,0.001,0.8937049798864969,0.8997468982532164,-0.0001547599962874,-0.2549490080174322,-33.38109547466924,0.7749560134961156,0.7749560134961156,42,fork,0.7749560134961156,0,person,person|fork|laptop|remote|keyboard|cell phone,True,-0.00040970900430483217
42,fork,C:\Users\maxbe\Downloads\coco\train2017\000000259655.jpg,125,rbf,kernel_herding,direct,False,0.8659543186958565,-0.0004114840826906,0.001,0.8937049798864969,0.8994441812634947,-0.0003027169897217,-0.1087670929689236,-33.48986256763816,0.8969392966402171,0.8969392966402171,42,fork,0.8969392966402171,0,person,person|wine glass|fork|bowl|apple|orange|cake|chair|dining table|cell phone,True,-0.0004114840826906236
42,fork,C:\Users\maxbe\Downloads\coco\train2017\000000296997.jpg,126,rbf,kernel_herding,direct,False,0.8655394242839204,-0.000414894411936,0.001,0.8937049798864969,0.8991695482109462,-0.0002746330525484,-0.1402613593876494,-33.630123927025814,0.8691310501515457,0.8691310501515457,42,fork,0.8691310501515457,55,cake,fork|cake|dining table,True,-0.0004148944119360494
42,fork,C:\Users\maxbe\Downloads\coco\train2017\000000304909.jpg,127,rbf,kernel_herding,direct,False,0.8651263014095542,-0.0004131228743662,0.001,0.8937049798864969,0.8987819924987448,-0.0003875557122013,-0.0255671621648502,-33.65569108919066,0.9747569099819692,0.9747569099819692,42,fork,0.9747569099819692,0,person,person|cup|fork|knife|pizza,True,-0.00041312287436615015
42,fork,C:\Users\maxbe\Downloads\coco\train2017\000000304260.jpg,128,rbf,kernel_herding,direct,False,0.8647142914405134,-0.0004120099690407,0.001,0.8937049798864969,0.8985863663345164,-0.0001956261642284,-0.2163838048123469,-33.872074894003006,0.8054261161234274,0.8054261161234274,42,fork,0.8054261161234274,0,person,person|bench|sandwich|potted plant|book,False,-0.0004120099690407469
42,fork,C:\Users\maxbe\Downloads\coco\train2017\000000347796.jpg,129,rbf,kernel_herding,direct,False,0.8643012702337081,-0.0004130212068053,0.001,0.8937049798864969,0.8984576231898329,-0.0001287431446834,-0.2842780621218533,-34.15635295612486,0.752557357913422,0.752557357913422,42,fork,0.752557357913422,63,laptop,person|cup|laptop|remote,False,-0.00041302120680525333
42,fork,C:\Users\maxbe\Downloads\coco\train2017\000000460266.jpg,130,rbf,kernel_herding,direct,False,0.8638882030101243,-0.0004130672235838,0.001,0.8937049798864969,0.8981475219049808,-0.000310101284852,-0.1029659387317203,-34.259318894856584,0.9021577015926988,0.9021577015926988,42,fork,0.9021577015926988,55,cake,person|cup|spoon|bowl|cake|dining table,False,-0.0004130672235837203
42,fork,C:\Users\maxbe\Downloads\coco\train2017\000000351966.jpg,131,rbf,kernel_herding,direct,False,0.8634753860106094,-0.0004128169995148,0.001,0.8937049798864969,0.898324057663656,0.0001765357586751,-0.5893527581900041,-34.84867165304659,0.5546861846635996,0.5546861846635996,42,fork,0.5546861846635996,58,potted plant,potted plant|vase,False,-0.0004128169995149041
42,fork,C:\Users\maxbe\Downloads\coco\train2017\000000109825.jpg,132,rbf,kernel_herding,direct,False,0.8630608071233562,-0.0004145788872531,0.001,0.8937049798864969,0.8980235332761339,-0.000300524387522,-0.1140544997311935,-34.96272615277778,0.8922093293877349,0.8922093293877349,42,fork,0.8922093293877349,60,dining table,broccoli|dining table,False,-0.00041457888725319347
42,fork,C:\Users\maxbe\Downloads\coco\train2017\000000029838.jpg,133,rbf,kernel_herding,direct,False,0.8626423802400911,-0.000418426883265,0.001,0.8937049798864969,0.8979206312446738,-0.0001029020314601,-0.3155248518048905,-35.27825100458267,0.7294059437598823,0.7294059437598823,42,fork,0.7294059437598823,60,dining table,bottle|fork|sandwich|broccoli|carrot|dining table|scissors,True,-0.0004184268832649905
42,fork,C:\Users\maxbe\Downloads\coco\train2017\000000474608.jpg,134,rbf,kernel_herding,direct,False,0.862222089121337,-0.000420291118754,0.001,0.8937049798864969,0.8981254585148277,0.0002048272701539,-0.6251183889080006,-35.90336939349067,0.5351980632529193,0.5351980632529193,42,fork,0.5351980632529193,0,person,person|cup|laptop,False,-0.0004202911187541007
42,fork,C:\Users\maxbe\Downloads\coco\train2017\000000294283.jpg,135,rbf,kernel_herding,direct,False,0.8618008321491518,-0.0004212569721852,0.001,0.8937049798864969,0.8978472038786015,-0.0002782546362262,-0.143002335959062,-36.04637172944973,0.866752044194832,0.866752044194832,42,fork,0.866752044194832,60,dining table,person|wine glass|cup|fork|spoon|bowl|hot dog|chair|dining table,True,-0.00042125697218526204
42,fork,C:\Users\maxbe\Downloads\coco\train2017\000000365879.jpg,136,rbf,kernel_herding,direct,False,0.8613805631554146,-0.0004202689937372,0.001,0.8937049798864969,0.8977339044235032,-0.0001132994550983,-0.3069695386389227,-36.353341268088656,0.7356730101661408,0.7356730101661408,42,fork,0.7356730101661408,73,book,keyboard|cell phone|book,False,-0.00042026899373722267
42,fork,C:\Users\maxbe\Downloads\coco\train2017\000000318209.jpg,137,rbf,kernel_herding,direct,False,0.8609604518911032,-0.0004201112643114,0.001,0.8937049798864969,0.8974203738526283,-0.0003135305708749,-0.1065806934364346,-36.45992196152509,0.8989025097010545,0.8989025097010545,42,fork,0.8989025097010545,48,sandwich,cat|fork|sandwich|refrigerator,True,-0.00042011126431133457
42,fork,C:\Users\maxbe\Downloads\coco\train2017\000000152340.jpg,138,rbf,kernel_herding,direct,False,0.8605400562110063,-0.0004203956800968,0.001,0.8937049798864969,0.897243186370012,-0.0001771874826163,-0.243208197480641,-36.70313015900573,0.7841082474136626,0.7841082474136626,42,fork,0.7841082474136626,60,dining table,person|cup|fork|knife|spoon|sandwich|donut|dining table,True,-0.00042039568009694095
42,fork,C:\Users\maxbe\Downloads\coco\train2017\000000159831.jpg,139,rbf,kernel_herding,direct,False,0.8601183031651214,-0.0004217530458848,0.001,0.8937049798864969,0.89709872292066,-0.000144463449352,-0.277289596532854,-36.98041975553858,0.7578349989399192,0.7578349989399192,42,fork,0.7578349989399192,48,sandwich,sandwich,False,-0.000421753045884854
42,fork,C:\Users\maxbe\Downloads\coco\train2017\000000077784.jpg,140,rbf,kernel_herding,direct,False,0.8596957617378161,-0.0004225414273052,0.001,0.8937049798864969,0.8967790278032021,-0.0003196951174578,-0.10284630984732,-37.08326606538591,0.902265632167772,0.902265632167772,42,fork,0.902265632167772,60,dining table,person|bottle|cup|fork|knife|spoon|sandwich|dining table,True,-0.00042254142730512
42,fork,C:\Users\maxbe\Downloads\coco\train2017\000000482665.jpg,141,rbf,kernel_herding,direct,False,0.8592714877798238,-0.0004242739579923,0.001,0.8937049798864969,0.8966632425986737,-0.0001157852045283,-0.3084887534639676,-37.39175481884988,0.7345562133646367,0.7345562133646367,42,fork,0.7345562133646367,0,person,person|chair|couch|dining table|book|scissors,False,-0.00042427395799226757
42,fork,C:\Users\maxbe\Downloads\coco\train2017\000000408266.jpg,142,rbf,kernel_herding,direct,False,0.8588468329218815,-0.0004246548579422,0.001,0.8937049798864969,0.8964530730256653,-0.0002101695730083,-0.2144852849339681,-37.60624010378385,0.8069566860644549,0.8069566860644549,42,fork,0.8069566860644549,0,person,person|bowl|pizza|chair|dining table,False,-0.0004246548579422681
42,fork,C:\Users\maxbe\Downloads\coco\train2017\000000000194.jpg,143,rbf,kernel_herding,direct,False,0.858422794624891,-0.0004240382969904,0.001,0.8937049798864969,0.8963172207596538,-0.0001358522660115,-0.2881860309789251,-37.89442613476277,0.7496221263279688,0.7496221263279688,42,fork,0.7496221263279688,53,pizza,knife|pizza,False,-0.0004240382969904251
42,fork,C:\Users\maxbe\Downloads\coco\train2017\000000011291.jpg,144,rbf,kernel_herding,direct,False,0.8579986837880683,-0.0004241108368226,0.001,0.8937049798864969,0.896352765770958,3.554501130420551e-05,-0.4596558481269743,-38.35408198288975,0.6315009403440057,0.6315009403440057,42,fork,0.6315009403440057,0,person,person|bottle|wine glass|tv,False,-0.0004241108368227688
42,fork,C:\Users\maxbe\Downloads\coco\train2017\000000192808.jpg,145,rbf,kernel_herding,direct,False,0.8575732085095276,-0.0004254752785407,0.001,0.8937049798864969,0.8963097626980359,-4.300307292215422e-05,-0.382472205618498,-38.73655418850824,0.6821728512844348,0.6821728512844348,42,fork,0.6821728512844348,55,cake,person|knife|bowl|cake|dining table|microwave|oven,False,-0.0004254752785406522
42,fork,C:\Users\maxbe\Downloads\coco\train2017\000000015427.jpg,146,rbf,kernel_herding,direct,False,0.8571450512825208,-0.0004281572270067,0.001,0.8937049798864969,0.8962686463264312,-4.111637160464365e-05,-0.3870408554021435,-39.12359504391039,0.679063350952611,0.679063350952611,42,fork,0.679063350952611,0,person,person|cup|donut|chair|remote|book|vase,False,-0.00042815722700678715
42,fork,C:\Users\maxbe\Downloads\coco\train2017\000000364618.jpg,147,rbf,kernel_herding,direct,False,0.8567179318371582,-0.0004271194453626,0.001,0.8937049798864969,0.8959472433737682,-0.000321402952663,-0.105716492699655,-39.22931153661004,0.8996796776784328,0.8996796776784328,42,fork,0.8996796776784328,55,cake,fork|cake,True,-0.000427119445362655
42,fork,C:\Users\maxbe\Downloads\coco\train2017\000000265292.jpg,148,rbf,kernel_herding,direct,False,0.8562915156428433,-0.0004264161943148,0.001,0.8937049798864969,0.8955851714128753,-0.0003620719608928,-0.0643442334219531,-39.293655770032,0.93768216242778,0.93768216242778,42,fork,0.93768216242778,60,dining table,bottle|cup|fork|sandwich|dining table,True,-0.0004264161943147531
42,fork,C:\Users\maxbe\Downloads\coco\train2017\000000266071.jpg,149,rbf,kernel_herding,direct,False,0.8558638479188986,-0.0004276677239447,0.001,0.8937049798864969,0.8955949653288501,9.79391597477619e-06,-0.4374616399194559,-39.73111740995145,0.6456732940314096,0.6456732940314096,42,fork,0.6456732940314096,0,person,person|donut,False,-0.0004276677239446797
42,fork,C:\Users\maxbe\Downloads\coco\train2017\000000032893.jpg,150,rbf,kernel_herding,direct,False,0.8554371095755857,-0.0004267383433128,0.001,0.8937049798864969,0.8952887230683609,-0.0003062422604891,-0.1204960828237067,-39.85161349277516,0.8864805598382106,0.8864805598382106,42,fork,0.8864805598382106,60,dining table,bottle|cup|spoon|broccoli|pizza|dining table,False,-0.0004267383433128067
42,fork,C:\Users\maxbe\Downloads\coco\train2017\000000392302.jpg,151,rbf,kernel_herding,direct,False,0.8550050458234787,-0.000432063752107,0.001,0.8937049798864969,0.8949950157807582,-0.0002937072876026,-0.1383564645044087,-39.98996995727957,0.8707882313187025,0.8707882313187025,42,fork,0.8707882313187025,53,pizza,bottle|cup|fork|knife|bowl|pizza|dining table,True,-0.00043206375210700867
42,fork,C:\Users\maxbe\Downloads\coco\train2017\000000242860.jpg,152,rbf,kernel_herding,direct,False,0.8545741450258647,-0.0004309007976139,0.001,0.8937049798864969,0.894647965452308,-0.0003470503284502,-0.0838504691637138,-40.07382042644328,0.9195687496982669,0.9195687496982669,42,fork,0.9195687496982669,60,dining table,fork|orange|cake|dining table,True,-0.0004309007976139138
42,fork,C:\Users\maxbe\Downloads\coco\train2017\000000198796.jpg,153,rbf,kernel_herding,direct,False,0.8541440884945269,-0.0004300565313377,0.001,0.8937049798864969,0.894503783135408,-0.0001441823168999,-0.2858742144377409,-40.359694640881024,0.7513571198799278,0.7513571198799278,42,fork,0.7513571198799278,60,dining table,cup|fork|knife|spoon|sandwich|dining table,True,-0.00043005653133764094
42,fork,C:\Users\maxbe\Downloads\coco\train2017\000000005373.jpg,154,rbf,kernel_herding,direct,False,0.8537150209813142,-0.0004290675132126,0.001,0.8937049798864969,0.8943466867291184,-0.0001570964062895,-0.2719711069232012,-40.63166574780423,0.7618762737205175,0.7618762737205175,42,fork,0.7618762737205175,0,person,person|pizza|refrigerator,False,-0.0004290675132127012
42,fork,C:\Users\maxbe\Downloads\coco\train2017\000000457724.jpg,155,rbf,kernel_herding,direct,False,0.8532786688669034,-0.0004363521144108,0.001,0.8937049798864969,0.894643588568855,0.0002969018397365,-0.7332539541472859,-41.36491970195152,0.4803434288459093,0.4803434288459093,42,fork,0.4803434288459093,4,airplane,person|airplane|backpack|handbag,False,-0.00043635211441078595
42,fork,C:\Users\maxbe\Downloads\coco\train2017\000000210591.jpg,156,rbf,kernel_herding,direct,False,0.8528395362661,-0.0004391326008034,0.001,0.8937049798864969,0.8947910172670277,0.0001474286981727,-0.5865612989761667,-41.95148100092768,0.5562367316620693,0.5562367316620693,42,fork,0.5562367316620693,17,horse,horse,False,-0.0004391326008034667
42,fork,C:\Users\maxbe\Downloads\coco\train2017\000000303520.jpg,157,rbf,kernel_herding,direct,False,0.8523978664223333,-0.0004416698437667,0.001,0.8937049798864969,0.8944236127328148,-0.0003674045342129,-0.0742653095538413,-42.02574631048152,0.9284253410488488,0.9284253410488488,42,fork,0.9284253410488488,60,dining table,person|wine glass|fork|knife|cake|dining table,True,-0.00044166984376674127
42,fork,C:\Users\maxbe\Downloads\coco\train2017\000000374288.jpg,158,rbf,kernel_herding,direct,False,0.8519586567311379,-0.0004392096911953,0.001,0.8937049798864969,0.8941106445152538,-0.0003129682175609,-0.12624147363431,-42.15198778411583,0.8814019857425004,0.8814019857425004,42,fork,0.8814019857425004,60,dining table,bottle|cup|bowl|broccoli|carrot|dining table,False,-0.00043920969119521
42,fork,C:\Users\maxbe\Downloads\coco\train2017\000000502638.jpg,159,rbf,kernel_herding,direct,False,0.8515210335907246,-0.0004376231404132,0.001,0.8937049798864969,0.893896132468959,-0.0002145120462947,-0.2231110941186404,-42.37509887823448,0.8000259661768478,0.8000259661768478,42,fork,0.8000259661768478,0,person,person|sandwich|broccoli,False,-0.0004376231404133404
42,fork,C:\Users\maxbe\Downloads\coco\train2017\000000578002.jpg,160,rbf,kernel_herding,direct,False,0.8510812385650134,-0.0004397950257112,0.001,0.8937049798864969,0.8939100563979642,1.3923929005121847e-05,-0.4537189547162649,-42.82881783295074,0.6352612453357042,0.6352612453357042,42,fork,0.6352612453357042,60,dining table,person|bottle|wine glass|dining table,False,-0.00043979502571114305
45,bowl,C:\Users\maxbe\Downloads\coco\train2017\000000050794.jpg,1,rbf,kernel_herding,direct,False,0.9232166782799948,0.0003086863799037,0.001,0.9229079761890024,0.9233596651409296,0.0004516732408386,-0.1429868609347864,-0.1429868609347864,0.8667654573075407,0.8667654573075407,45,bowl,0.8667654573075407,15,cat,cat|book,False,0.0003086863799038136
45,bowl,C:\Users\maxbe\Downloads\coco\train2017\000000475465.jpg,2,rbf,kernel_herding,direct,False,0.9234791614751086,0.0002624831951137,0.001,0.9229079761890024,0.9238086722373589,0.0004490070964291,-0.1865239013153664,-0.3295107622501528,0.8298387274761831,0.8298387274761831,45,bowl,0.8298387274761831,21,bear,bear,False,0.00026248319511373364
45,bowl,C:\Users\maxbe\Downloads\coco\train2017\000000551349.jpg,3,rbf,kernel_herding,direct,False,0.923723217961324,0.0002440564862155,0.001,0.9229079761890024,0.9241499074790694,0.0003412352417107,-0.0971787554952535,-0.4266895177454063,0.9073937900078698,0.9073937900078698,45,bowl,0.9073937900078698,77,teddy bear,teddy bear,False,0.00024405648621544652
45,bowl,C:\Users\maxbe\Downloads\coco\train2017\000000386962.jpg,4,rbf,kernel_herding,direct,False,0.9239409617833484,0.0002177438220243,0.001,0.9229079761890024,0.924431669093252,0.0002817616141826,-0.064017792158351,-0.4907073099037574,0.9379883105447108,0.9379883105447108,45,bowl,0.9379883105447108,28,suitcase,suitcase,False,0.00021774382202424902
45,bowl,C:\Users\maxbe\Downloads\coco\train2017\000000428847.jpg,5,rbf,kernel_herding,direct,False,0.9241448739825248,0.0002039121991763,0.001,0.9229079761890024,0.9247681427297064,0.0003364736364541,-0.1325614372778276,-0.623268747181585,0.8758491226663215,0.8758491226663215,45,bowl,0.8758491226663215,1,bicycle,bicycle|bench,False,0.0002039121991762724
45,bowl,C:\Users\maxbe\Downloads\coco\train2017\000000210276.jpg,6,rbf,kernel_herding,direct,False,0.9243356424599156,0.0001907684773909,0.001,0.9229079761890024,0.925128389197664,0.0003602464679577,-0.1694779905667114,-0.7927467377482964,0.8441053325549207,0.8441053325549207,45,bowl,0.8441053325549207,28,suitcase,cat|suitcase|chair|book,False,0.00019076847739098857
45,bowl,C:\Users\maxbe\Downloads\coco\train2017\000000581097.jpg,7,rbf,kernel_herding,direct,False,0.9245080280717124,0.0001723856117967,0.001,0.9229079761890024,0.9255082146549288,0.0003798254572646,-0.2074398454679651,-1.0001865832162615,0.8126621256116594,0.8126621256116594,45,bowl,0.8126621256116594,56,chair,dog|chair|book,False,0.00017238561179663492
45,bowl,C:\Users\maxbe\Downloads\coco\train2017\000000010694.jpg,8,rbf,kernel_herding,direct,False,0.9246641193092284,0.000156091237516,0.001,0.9229079761890024,0.9257473072841516,0.0002390926292229,-0.0830013917068283,-1.08318797492309,0.92034986636104,0.92034986636104,45,bowl,0.92034986636104,62,tv,cat|tv,False,0.0001560912375160717
45,bowl,C:\Users\maxbe\Downloads\coco\train2017\000000016664.jpg,9,rbf,kernel_herding,direct,False,0.9248019502533872,0.0001378309441587,0.001,0.9229079761890024,0.9260178811562751,0.0002705738721235,-0.1327429279648669,-1.2159309028879568,0.8756901786311733,0.8756901786311733,45,bowl,0.8756901786311733,15,cat,cat|sink,False,0.0001378309441586331
45,bowl,C:\Users\maxbe\Downloads\coco\train2017\000000323186.jpg,10,rbf,kernel_herding,direct,False,0.924929258423066,0.0001273081696787,0.001,0.9229079761890024,0.9262154254102076,0.0001975442539323,-0.0702360842536177,-1.2861669871415746,0.9321737223876992,0.9321737223876992,45,bowl,0.9321737223876992,58,potted plant,potted plant|sink,False,0.00012730816967868231
45,bowl,C:\Users\maxbe\Downloads\coco\train2017\000000380472.jpg,11,rbf,kernel_herding,direct,False,0.9250464343657332,0.0001171759426672,0.001,0.9229079761890024,0.9266760395028864,0.0004606140926787,-0.3434381500114782,-1.6296051371530529,0.7093273516752722,0.7093273516752722,45,bowl,0.7093273516752722,41,cup,bird|cup|tv|mouse|cell phone,False,0.00011717594266722175
45,bowl,C:\Users\maxbe\Downloads\coco\train2017\000000001706.jpg,12,rbf,kernel_herding,direct,False,0.9251545554907272,0.0001081211249939,0.001,0.9229079761890024,0.9269507028449764,0.00027466334209,-0.1665422170960549,-1.7961473542491078,0.846587075732105,0.846587075732105,45,bowl,0.846587075732105,0,person,person|dog|bowl,True,0.0001081211249939451
45,bowl,C:\Users\maxbe\Downloads\coco\train2017\000000528251.jpg,13,rbf,kernel_herding,direct,False,0.9252442994623024,8.974397157512914e-05,0.001,0.9229079761890024,0.9273157622632302,0.0003650594182538,-0.2753154466786929,-2.071462800927801,0.7593325565077185,0.7593325565077185,45,bowl,0.7593325565077185,26,handbag,dog|handbag|donut,False,8.974397157510714e-05
45,bowl,C:\Users\maxbe\Downloads\coco\train2017\000000252314.jpg,14,rbf,kernel_herding,direct,False,0.9253220034811972,7.770401889473089e-05,0.001,0.9229079761890024,0.9274989357309552,0.000183173467725,-0.1054694488303011,-2.176932249758102,0.899901965483475,0.899901965483475,45,bowl,0.899901965483475,45,bowl,bowl|orange,True,7.770401889469889e-05
45,bowl,C:\Users\maxbe\Downloads\coco\train2017\000000241003.jpg,15,rbf,kernel_herding,direct,False,0.9253886671394282,6.666365823115861e-05,0.001,0.9229079761890024,0.9276822916115952,0.0001833558806398,-0.1166922224087397,-2.293624472166842,0.8898590296885955,0.8898590296885955,45,bowl,0.8898590296885955,62,tv,tv,False,6.66636582310603e-05
45,bowl,C:\Users\maxbe\Downloads\coco\train2017\000000115475.jpg,16,rbf,kernel_herding,direct,False,0.925449151455184,6.048431575589319e-05,0.001,0.9229079761890024,0.9278682726323044,0.0001859810207093,-0.1254967049534277,-2.4191211771202696,0.8820586708456444,0.8820586708456444,45,bowl,0.8820586708456444,-1,unlabeled,,False,6.048431575587227e-05
45,bowl,C:\Users\maxbe\Downloads\coco\train2017\000000123831.jpg,17,rbf,kernel_herding,direct,False,0.9254957892470258,4.663779184166384e-05,0.001,0.9229079761890024,0.928046120443532,0.0001778478112276,-0.131210019385994,-2.550331196506264,0.8770335609965519,0.8770335609965519,45,bowl,0.8770335609965519,28,suitcase,suitcase,False,4.663779184160602e-05
45,bowl,C:\Users\maxbe\Downloads\coco\train2017\000000317527.jpg,18,rbf,kernel_herding,direct,False,0.9255336894471567,3.790020013094697e-05,0.001,0.9229079761890024,0.9282128342813264,0.0001667138377943,-0.1288136376634292,-2.679144834169693,0.8791377884513228,0.8791377884513228,45,bowl,0.8791377884513228,59,bed,dog|bed|vase,False,3.790020013087078e-05
45,bowl,C:\Users\maxbe\Downloads\coco\train2017\000000086809.jpg,19,rbf,kernel_herding,direct,False,0.9255551453705066,2.1455923349900097e-05,0.001,0.9229079761890024,0.9283393167526132,0.0001264824712868,-0.1050265479369388,-2.784171382106632,0.9003006211438839,0.9003006211438839,45,bowl,0.9003006211438839,15,cat,cat,False,2.14559233498612e-05
45,bowl,C:\Users\maxbe\Downloads\coco\train2017\000000335304.jpg,20,rbf,kernel_herding,direct,False,0.9255731305642751,1.7985193768499386e-05,0.001,0.9229079761890024,0.9284727591227144,0.0001334423701011,-0.1154571763326366,-2.8996285584392685,0.8909587255392372,0.8909587255392372,45,bowl,0.8909587255392372,57,couch,couch|potted plant|book|vase,False,1.7985193768463404e-05
45,bowl,C:\Users\maxbe\Downloads\coco\train2017\000000079887.jpg,21,rbf,kernel_herding,direct,False,0.9255788550959668,5.724531691675416e-06,0.001,0.9229079761890024,0.9285536425515368,8.088342882228705e-05,-0.0751588971305924,-2.974787455569861,0.9275960822610012,0.9275960822610012,45,bowl,0.9275960822610012,45,bowl,bowl,True,5.724531691694647e-06
45,bowl,C:\Users\maxbe\Downloads\coco\train2017\000000097028.jpg,22,rbf,kernel_herding,direct,False,0.9255615451497882,-1.7309946178656332e-05,0.001,0.9229079761890024,0.9286688589690012,0.0001152164174643,-0.1325263636430217,-3.107313819212883,0.8758798424173185,0.8758798424173185,45,bowl,0.8758798424173185,45,bowl,bowl|broccoli|carrot,True,-1.7309946178721696e-05
45,bowl,C:\Users\maxbe\Downloads\coco\train2017\000000098145.jpg,23,rbf,kernel_herding,direct,False,0.92552945774502,-3.2087404768121885e-05,0.001,0.9229079761890024,0.9287306665398924,6.1807570891248e-05,-0.0938949756594591,-3.201208794872342,0.9103783691070132,0.9103783691070132,45,bowl,0.9103783691070132,77,teddy bear,teddy bear,False,-3.20874047682111e-05
45,bowl,C:\Users\maxbe\Downloads\coco\train2017\000000110004.jpg,24,rbf,kernel_herding,direct,False,0.9254923936657966,-3.7064079223436686e-05,0.001,0.9229079761890024,0.9290218306017126,0.0002911640618202,-0.3282281410436893,-3.529436935916032,0.7201986940785732,0.7201986940785732,45,bowl,0.7201986940785732,74,clock,clock,False,-3.7064079223489324e-05
45,bowl,C:\Users\maxbe\Downloads\coco\train2017\000000477927.jpg,25,rbf,kernel_herding,direct,False,0.9254441148465832,-4.827881921343202e-05,0.001,0.9229079761890024,0.929384898925885,0.0003630683241724,-0.4113471433858211,-3.940784079301853,0.6627568200147046,0.6627568200147046,45,bowl,0.6627568200147046,14,bird,bird,False,-4.8278819213421126e-05
45,bowl,C:\Users\maxbe\Downloads\coco\train2017\000000175729.jpg,26,rbf,kernel_herding,direct,False,0.9253873301717837,-5.6784674799637e-05,0.001,0.9229079761890024,0.9295024935002631,0.000117594574378,-0.1743792491777253,-4.115163328479578,0.8399782761722364,0.8399782761722364,45,bowl,0.8399782761722364,58,potted plant,cat|potted plant,False,-5.678467479972531e-05
45,bowl,C:\Users\maxbe\Downloads\coco\train2017\000000040398.jpg,27,rbf,kernel_herding,direct,False,0.9253175552132346,-6.977495854898486e-05,0.001,0.9229079761890024,0.929697455101008,0.0001949616007448,-0.2647365592938578,-4.379899887773435,0.7674080898768441,0.7674080898768441,45,bowl,0.7674080898768441,0,person,person|dog|cup|fork|knife|spoon|chair|dining table,False,-6.977495854905782e-05
45,bowl,C:\Users\maxbe\Downloads\coco\train2017\000000108208.jpg,28,rbf,kernel_herding,direct,False,0.92524330047297,-7.425474026467871e-05,0.001,0.9229079761890024,0.929758142283458,6.068718244989224e-05,-0.1349419227145805,-4.514841810488016,0.8737666562089509,0.8737666562089509,45,bowl,0.8737666562089509,60,dining table,cup|spoon|bowl|dining table,True,-7.425474026468825e-05
45,bowl,C:\Users\maxbe\Downloads\coco\train2017\000000247603.jpg,29,rbf,kernel_herding,direct,False,0.9251668288436288,-7.647162934121265e-05,0.001,0.9229079761890024,0.9297498879222555,-8.25436120233114e-06,-0.0682172681388925,-4.583059078626908,0.934057510591372,0.934057510591372,45,bowl,0.934057510591372,49,orange,apple|orange,False,-7.647162934122365e-05
45,bowl,C:\Users\maxbe\Downloads\coco\train2017\000000288721.jpg,30,rbf,kernel_herding,direct,False,0.9250884630555726,-7.836578805608951e-05,0.001,0.9229079761890024,0.9297609212302936,1.1033308038199683e-05,-0.0893990960942676,-4.672458174721176,0.914480535125735,0.914480535125735,45,bowl,0.914480535125735,69,oven,bowl|toilet|oven,True,-7.836578805606792e-05
45,bowl,C:\Users\maxbe\Downloads\coco\train2017\000000018531.jpg,31,rbf,kernel_herding,direct,False,0.9250089338176012,-7.952923797127642e-05,0.001,0.9229079761890024,0.9297328862809592,-2.803494933456552e-05,-0.0514942886367111,-4.723952463357887,0.9498090746503888,0.9498090746503888,45,bowl,0.9498090746503888,45,bowl,spoon|bowl|carrot,True,-7.952923797127663e-05
45,bowl,C:\Users\maxbe\Downloads\coco\train2017\000000221390.jpg,32,rbf,kernel_herding,direct,False,0.9249184391683368,-9.049464926436102e-05,0.001,0.9229079761890024,0.9297135343455752,-1.935193538404878e-05,-0.0711427138803176,-4.795095177238204,0.9313289690708068,0.9313289690708068,45,bowl,0.9313289690708068,0,person,person|tie|bottle|chair|couch|dining table|remote|cell phone|vase,False,-9.049464926436638e-05
45,bowl,C:\Users\maxbe\Downloads\coco\train2017\000000571876.jpg,33,rbf,kernel_herding,direct,False,0.9248215204413588,-9.691872697814574e-05,0.001,0.9229079761890024,0.9296599119281572,-5.362241741779794e-05,-0.043296309560359,-4.838391486798564,0.9576275938110252,0.9576275938110252,45,bowl,0.9576275938110252,51,carrot,cup|carrot,False,-9.691872697815694e-05
45,bowl,C:\Users\maxbe\Downloads\coco\train2017\000000463611.jpg,34,rbf,kernel_herding,direct,False,0.924712646661202,-0.0001088737801566,0.001,0.9229079761890024,0.929703344066472,4.343213831481396e-05,-0.1523059184714109,-4.990697405269975,0.8587255405489072,0.8587255405489072,45,bowl,0.8587255405489072,15,cat,cat|bottle|bowl|sink,True,-0.00010887378015659693
45,bowl,C:\Users\maxbe\Downloads\coco\train2017\000000284605.jpg,35,rbf,kernel_herding,direct,False,0.9246002490300308,-0.0001123976311712,0.001,0.9229079761890024,0.9299590459701372,0.0002557019036651,-0.3680995348364609,-5.358796940106436,0.6920482953455915,0.6920482953455915,45,bowl,0.6920482953455915,59,bed,cat|bed,False,-0.00011239763117136092
45,bowl,C:\Users\maxbe\Downloads\coco\train2017\000000038055.jpg,36,rbf,kernel_herding,direct,False,0.92447821574519,-0.0001220332848409,0.001,0.9229079761890024,0.930343137607798,0.0003840916376607,-0.5061249225016732,-5.864921862608109,0.6028270601344694,0.6028270601344694,45,bowl,0.6028270601344694,14,bird,bird,False,-0.0001220332848409732
45,bowl,C:\Users\maxbe\Downloads\coco\train2017\000000386092.jpg,37,rbf,kernel_herding,direct,False,0.9243509700021516,-0.0001272457430384,0.001,0.9229079761890024,0.9302738598373866,-6.927777041143557e-05,-0.0579679726270179,-5.922889835235127,0.9436801705486104,0.9436801705486104,45,bowl,0.9436801705486104,41,cup,cup|apple|orange|carrot,False,-0.00012724574303845347
45,bowl,C:\Users\maxbe\Downloads\coco\train2017\000000111067.jpg,38,rbf,kernel_herding,direct,False,0.9242234719592792,-0.0001274980428723,0.001,0.9229079761890024,0.9303734930024796,9.963316509287168e-05,-0.2271312079652969,-6.150021043200423,0.7968162267941994,0.7968162267941994,45,bowl,0.7968162267941994,13,bench,person|car|bench,False,-0.00012749804287242523
45,bowl,C:\Users\maxbe\Downloads\coco\train2017\000000397337.jpg,39,rbf,kernel_herding,direct,False,0.9240833663528298,-0.0001401056064492,0.001,0.9229079761890024,0.9306040601613844,0.0002305671589047,-0.3706727653540497,-6.520693808554473,0.6902697847925453,0.6902697847925453,45,bowl,0.6902697847925453,4,airplane,airplane,False,-0.00014010560644934974
45,bowl,C:\Users\maxbe\Downloads\coco\train2017\000000073511.jpg,40,rbf,kernel_herding,direct,False,0.923932330730532,-0.0001510356222979,0.001,0.9229079761890024,0.930469148592278,-0.0001349115691063,-0.016124053191559,-6.536817861746032,0.984005243491482,0.984005243491482,45,bowl,0.984005243491482,45,bowl,bowl|clock,True,-0.000151035622297859
45,bowl,C:\Users\maxbe\Downloads\coco\train2017\000000013252.jpg,41,rbf,kernel_herding,direct,False,0.9237778130432496,-0.0001545176872822,0.001,0.9229079761890024,0.9306146550355724,0.0001455064432944,-0.3000241305766369,-6.836841992322669,0.7408003445255515,0.7408003445255515,45,bowl,0.7408003445255515,59,bed,bottle|cup|bed|teddy bear,False,-0.00015451768728223694
45,bowl,C:\Users\maxbe\Downloads\coco\train2017\000000338670.jpg,42,rbf,kernel_herding,direct,False,0.9236219357925678,-0.0001558772506818,0.001,0.9229079761890024,0.930560758355401,-5.389668017141691e-05,-0.101980570510498,-6.938822562833167,0.9030470972415212,0.9030470972415212,45,bowl,0.9030470972415212,46,banana,person|handbag|banana|apple|orange,False,-0.0001558772506819149
45,bowl,C:\Users\maxbe\Downloads\coco\train2017\000000116031.jpg,43,rbf,kernel_herding,direct,False,0.923462340394554,-0.0001595953980136,0.001,0.9229079761890024,0.93050857433752,-5.218401788087412e-05,-0.1074113801327906,-7.046233942965958,0.8981561133985836,0.8981561133985836,45,bowl,0.8981561133985836,3,motorcycle,motorcycle|cat,False,-0.00015959539801366473
45,bowl,C:\Users\maxbe\Downloads\coco\train2017\000000573456.jpg,44,rbf,kernel_herding,direct,False,0.9233009663355276,-0.0001613740590266,0.001,0.9229079761890024,0.9304939097293984,-1.4664608121606191e-05,-0.146709450905092,-7.19294339387105,0.8635448431417373,0.8635448431417373,45,bowl,0.8635448431417373,71,sink,potted plant|sink|vase,False,-0.00016137405902669818
45,bowl,C:\Users\maxbe\Downloads\coco\train2017\000000577434.jpg,45,rbf,kernel_herding,direct,False,0.9231383529736896,-0.0001626133618378,0.001,0.9229079761890024,0.9304325444566134,-6.136527278510773e-05,-0.1012480890526842,-7.294191482923734,0.9037088048104608,0.9037088048104608,45,bowl,0.9037088048104608,75,vase,vase,False,-0.00016261336183779192
45,bowl,C:\Users\maxbe\Downloads\coco\train2017\000000046608.jpg,46,rbf,kernel_herding,direct,False,0.9229731161732736,-0.000165236800416,0.001,0.9229079761890024,0.9306818906896048,0.0002493462329915,-0.4145830334075535,-7.708774516331288,0.6606156779524197,0.6606156779524197,45,bowl,0.6606156779524197,4,airplane,person|airplane,False,-0.00016523680041605345
45,bowl,C:\Users\maxbe\Downloads\coco\train2017\000000267284.jpg,47,rbf,kernel_herding,direct,False,0.9228030181499502,-0.0001700980233233,0.001,0.9229079761890024,0.9307040949001308,2.220421052590016e-05,-0.1923022338493163,-7.9010767501806045,0.8250574705091054,0.8250574705091054,45,bowl,0.8250574705091054,77,teddy bear,teddy bear,False,-0.00017009802332341615
45,bowl,C:\Users\maxbe\Downloads\coco\train2017\000000515019.jpg,48,rbf,kernel_herding,direct,False,0.9226329586832328,-0.0001700594667173,0.001,0.9229079761890024,0.9305636566318508,-0.0001404382682801,-0.0296211984371456,-7.93069794861775,0.9708132094659911,0.9708132094659911,45,bowl,0.9708132094659911,72,refrigerator,bottle|bowl|refrigerator,True,-0.0001700594667172456
45,bowl,C:\Users\maxbe\Downloads\coco\train2017\000000110435.jpg,49,rbf,kernel_herding,direct,False,0.9224548242215486,-0.0001781344616843,0.001,0.9229079761890024,0.930593458523986,2.980189213530604e-05,-0.2079363538197033,-8.138634302437453,0.8122587322315296,0.8122587322315296,45,bowl,0.8122587322315296,0,person,person|dog|cup|sink,False,-0.00017813446168439727
45,bowl,C:\Users\maxbe\Downloads\coco\train2017\000000178382.jpg,50,rbf,kernel_herding,direct,False,0.922275039874484,-0.0001797843470645,0.001,0.9229079761890024,0.9304654833171916,-0.0001279752067943,-0.0518091402701935,-8.190443442707647,0.9495100727848212,0.9495100727848212,45,bowl,0.9495100727848212,60,dining table,wine glass|bowl|chair|couch|dining table|oven,True,-0.00017978434706449352
45,bowl,C:\Users\maxbe\Downloads\coco\train2017\000000045282.jpg,51,rbf,kernel_herding,direct,False,0.9220906073910274,-0.0001844324834565,0.001,0.9229079761890024,0.9303073440643266,-0.0001581392528651,-0.0262932305914534,-8.216736673299101,0.9740494266377572,0.9740494266377572,45,bowl,0.9740494266377572,75,vase,bowl|vase,True,-0.00018443248345655338
45,bowl,C:\Users\maxbe\Downloads\coco\train2017\000000455081.jpg,52,rbf,kernel_herding,direct,False,0.9219051059355536,-0.0001855014554736,0.001,0.9229079761890024,0.9301836093071222,-0.0001237347572043,-0.061766698269371,-8.278503371568473,0.9401021886749258,0.9401021886749258,45,bowl,0.9401021886749258,69,oven,chair|oven,False,-0.000185501455473671
45,bowl,C:\Users\maxbe\Downloads\coco\train2017\000000314864.jpg,53,rbf,kernel_herding,direct,False,0.921717773843408,-0.0001873320921458,0.001,0.9229079761890024,0.9302221013330534,3.849202593120271e-05,-0.2258241180770359,-8.504327489645508,0.7978584181975876,0.7978584181975876,45,bowl,0.7978584181975876,25,umbrella,person|umbrella|potted plant,False,-0.0001873320921458332
45,bowl,C:\Users\maxbe\Downloads\coco\train2017\000000454731.jpg,54,rbf,kernel_herding,direct,False,0.921528900597829,-0.0001888732455789,0.001,0.9229079761890024,0.9301913900174172,-3.0711315636255954e-05,-0.1581619299425917,-8.6624894195881,0.8537115293152298,0.8537115293152298,45,bowl,0.8537115293152298,45,bowl,cup|bowl|banana|dining table,True,-0.00018887324557884767
45,bowl,C:\Users\maxbe\Downloads\coco\train2017\000000186131.jpg,55,rbf,kernel_herding,direct,False,0.9213388423395004,-0.0001900582583285,0.001,0.9229079761890024,0.930025260419118,-0.0001661295982989,-0.0239286600295591,-8.68641807961766,0.9763553604349944,0.9763553604349944,45,bowl,0.9763553604349944,45,bowl,bottle|knife|bowl|carrot|potted plant,True,-0.0001900582583284591
45,bowl,C:\Users\maxbe\Downloads\coco\train2017\000000333303.jpg,56,rbf,kernel_herding,direct,False,0.9211448140873872,-0.0001940282521133,0.001,0.9229079761890024,0.9298862697134894,-0.0001389907056287,-0.0550375464845996,-8.74145562610226,0.9464496114295924,0.9464496114295924,45,bowl,0.9464496114295924,72,refrigerator,refrigerator,False,-0.0001940282521132996
45,bowl,C:\Users\maxbe\Downloads\coco\train2017\000000146614.jpg,57,rbf,kernel_herding,direct,False,0.9209503535906616,-0.0001944604967256,0.001,0.9229079761890024,0.9297293752552545,-0.000156894458235,-0.0375660384906329,-8.779021664592893,0.9631308119145282,0.9631308119145282,45,bowl,0.9631308119145282,57,couch,bottle|cup|bowl|couch|potted plant|vase,True,-0.0001944604967256329
45,bowl,C:\Users\maxbe\Downloads\coco\train2017\000000338118.jpg,58,rbf,kernel_herding,direct,False,0.9207530791091212,-0.0001972744815402,0.001,0.9229079761890024,0.9297980071243488,6.863186909444874e-05,-0.2659063506347199,-9.044928015227612,0.766510907398854,0.766510907398854,45,bowl,0.766510907398854,74,clock,bowl|clock,True,-0.0001972744815402712
45,bowl,C:\Users\maxbe\Downloads\coco\train2017\000000054513.jpg,59,rbf,kernel_herding,direct,False,0.9205539323903064,-0.0001991467188147,0.001,0.9229079761890024,0.9297846367960264,-1.3370328322270808e-05,-0.1857763904924274,-9.230704405720042,0.8304592728095473,0.8304592728095473,45,bowl,0.8304592728095473,40,wine glass,wine glass|banana,False,-0.0001991467188146982
45,bowl,C:\Users\maxbe\Downloads\coco\train2017\000000078495.jpg,60,rbf,kernel_herding,direct,False,0.9203542743147308,-0.0001996580755757,0.001,0.9229079761890024,0.9296866866432334,-9.79501527931248e-05,-0.1017079227826823,-9.332412328502723,0.9032933445485538,0.9032933445485538,45,bowl,0.9032933445485538,15,cat,person|cat,False,-0.0001996580755758071
45,bowl,C:\Users\maxbe\Downloads\coco\train2017\000000034739.jpg,61,rbf,kernel_herding,direct,False,0.9201494440650688,-0.000204830249662,0.001,0.9229079761890024,0.9297707419864067,8.405534317346142e-05,-0.288885592835429,-9.621297921338153,0.7490979026664156,0.7490979026664156,45,bowl,0.7490979026664156,77,teddy bear,teddy bear,False,-0.00020483024966196756
45,bowl,C:\Users\maxbe\Downloads\coco\train2017\000000222811.jpg,62,rbf,kernel_herding,direct,False,0.9199400282623212,-0.0002094158027474,0.001,0.9229079761890024,0.9297050133164512,-6.572866995568916e-05,-0.1436871327917668,-9.76498505412992,0.8661586983241001,0.8661586983241001,45,bowl,0.8661586983241001,13,bench,bench,False,-0.00020941580274745595
45,bowl,C:\Users\maxbe\Downloads\coco\train2017\000000059683.jpg,63,rbf,kernel_herding,direct,False,0.9197310920474184,-0.0002089362149029,0.001,0.9229079761890024,0.9296833711025884,-2.164221386291576e-05,-0.1872940010399748,-9.952279055169894,0.8291999149069462,0.8291999149069462,45,bowl,0.8291999149069462,28,suitcase,cat|suitcase|bed,False,-0.00020893621490289055
45,bowl,C:\Users\maxbe\Downloads\coco\train2017\000000121611.jpg,64,rbf,kernel_herding,direct,False,0.9195221355372862,-0.000208956510132,0.001,0.9229079761890024,0.9295414941398652,-0.0001418769627231,-0.0670795474089272,-10.01935860257882,0.9351208119394502,0.9351208119394502,45,bowl,0.9351208119394502,57,couch,chair|couch|dining table|remote|oven|refrigerator|book|vase,False,-0.00020895651013202722
45,bowl,C:\Users\maxbe\Downloads\coco\train2017\000000364994.jpg,65,rbf,kernel_herding,direct,False,0.9193107766908414,-0.0002113588464448,0.001,0.9229079761890024,0.9295737008625408,3.220672267578717e-05,-0.2435655691206386,-10.26292417169946,0.7838280794283763,0.7838280794283763,45,bowl,0.7838280794283763,0,person,person|dog|pizza|chair,False,-0.00021135884644485142
45,bowl,C:\Users\maxbe\Downloads\coco\train2017\000000519784.jpg,66,rbf,kernel_herding,direct,False,0.9190951170231147,-0.0002156596677266,0.001,0.9229079761890024,0.9297025208362368,0.0001288199736959,-0.3444796414226529,-10.607403813122112,0.7085889779025044,0.7085889779025044,45,bowl,0.7085889779025044,2,car,person|car|motorcycle|bus|truck|traffic light,False,-0.00021565966772675292
45,bowl,C:\Users\maxbe\Downloads\coco\train2017\000000148170.jpg,67,rbf,kernel_herding,direct,False,0.9188773771744888,-0.000217739848626,0.001,0.9229079761890024,0.929556300229045,-0.0001462206071918,-0.0715192414342382,-10.678923054556352,0.930978364062552,0.930978364062552,45,bowl,0.930978364062552,0,person,person|toothbrush,False,-0.0002177398486260382
45,bowl,C:\Users\maxbe\Downloads\coco\train2017\000000026768.jpg,68,rbf,kernel_herding,direct,False,0.918644354222312,-0.0002330229521766,0.001,0.9229079761890024,0.9295441867047336,-1.2113524311518908e-05,-0.2209094278650401,-10.899832482421392,0.8017892967690273,0.8017892967690273,45,bowl,0.8017892967690273,15,cat,cat|bottle|chair|bed|laptop|keyboard|book,False,-0.000233022952176559
45,bowl,C:\Users\maxbe\Downloads\coco\train2017\000000465457.jpg,69,rbf,kernel_herding,direct,False,0.9184078360003806,-0.0002365182219314,0.001,0.9229079761890024,0.929402435437139,-0.0001417512675945,-0.0947669543369881,-10.99459943675838,0.9095848845817378,0.9095848845817378,45,bowl,0.9095848845817378,60,dining table,bottle|cup|knife|bowl|banana|dining table,True,-0.0002365182219314881
45,bowl,C:\Users\maxbe\Downloads\coco\train2017\000000557698.jpg,70,rbf,kernel_herding,direct,False,0.9181705640876168,-0.0002372719127637,0.001,0.9229079761890024,0.9295370157499288,0.0001345803127899,-0.3718522255536682,-11.366451662312048,0.6894561189919219,0.6894561189919219,45,bowl,0.6894561189919219,16,dog,dog|tie,False,-0.00023727191276376824
45,bowl,C:\Users\maxbe\Downloads\coco\train2017\000000185276.jpg,71,rbf,kernel_herding,direct,False,0.9179290593426174,-0.0002415047449993,0.001,0.9229079761890024,0.9294281792913104,-0.0001088364586185,-0.1326682863809029,-11.499119948692952,0.875755543972624,0.875755543972624,45,bowl,0.875755543972624,61,toilet,bowl|toilet|sink,True,-0.0002415047449994029
45,bowl,C:\Users\maxbe\Downloads\coco\train2017\000000013949.jpg,72,rbf,kernel_herding,direct,False,0.9176828733243332,-0.0002461860182843,0.001,0.9229079761890024,0.929374749284086,-5.343000722424218e-05,-0.192756011060027,-11.69187595975298,0.8246831631639557,0.8246831631639557,45,bowl,0.8246831631639557,45,bowl,cup|spoon|bowl|dining table,True,-0.0002461860182842692
45,bowl,C:\Users\maxbe\Downloads\coco\train2017\000000173776.jpg,73,rbf,kernel_herding,direct,False,0.9174363696613776,-0.0002465036629555,0.001,0.9229079761890024,0.9291829606725596,-0.0001917886115263,-0.05471505142915,-11.74659101118213,0.9467548859716304,0.9467548859716304,45,bowl,0.9467548859716304,60,dining table,person|bottle|fork|spoon|dining table|microwave,False,-0.00024650366295545
45,bowl,C:\Users\maxbe\Downloads\coco\train2017\000000140320.jpg,74,rbf,kernel_herding,direct,False,0.917189707864207,-0.0002466617971705,0.001,0.9229079761890024,0.9291435967150274,-3.936395753223465e-05,-0.2072978396383832,-11.953888850820512,0.8127775365652969,0.8127775365652969,45,bowl,0.8127775365652969,57,couch,bowl|couch,True,-0.00024666179717061784
45,bowl,C:\Users\maxbe\Downloads\coco\train2017\000000153607.jpg,75,rbf,kernel_herding,direct,False,0.9169396754596296,-0.0002500324045773,0.001,0.9229079761890024,0.9291243222875376,-1.9274427489723852e-05,-0.2307579770875368,-12.184646827908049,0.7939315924201055,0.7939315924201055,45,bowl,0.7939315924201055,75,vase,vase,False,-0.00025003240457726066
45,bowl,C:\Users\maxbe\Downloads\coco\train2017\000000456656.jpg,76,rbf,kernel_herding,direct,False,0.916686944708314,-0.0002527307513154,0.001,0.9229079761890024,0.9292929708722008,0.0001686485846631,-0.4213793359787123,-12.60602616388676,0.6561411562465496,0.6561411562465496,45,bowl,0.6561411562465496,6,train,person|car|train,False,-0.0002527307513156123
45,bowl,C:\Users\maxbe\Downloads\coco\train2017\000000000902.jpg,77,rbf,kernel_herding,direct,False,0.9164323273484594,-0.0002546173598547,0.001,0.9229079761890024,0.9291457165368182,-0.0001472543353826,-0.1073630244720781,-12.71338918835884,0.8981995453809526,0.8981995453809526,45,bowl,0.8981995453809526,60,dining table,bowl|banana|apple|dining table,True,-0.0002546173598546781
45,bowl,C:\Users\maxbe\Downloads\coco\train2017\000000042413.jpg,78,rbf,kernel_herding,direct,False,0.9161768661236576,-0.0002554612248019,0.001,0.9229079761890024,0.9291523407888324,6.624252014142407e-06,-0.2620854768160994,-12.97547466517494,0.7694452511653697,0.7694452511653697,45,bowl,0.7694452511653697,0,person,person|tie,False,-0.000255461224801957
45,bowl,C:\Users\maxbe\Downloads\coco\train2017\000000367959.jpg,79,rbf,kernel_herding,direct,False,0.9159194007110316,-0.0002574654126259,0.001,0.9229079761890024,0.9291089273624838,-4.34134263485042e-05,-0.2140519862774217,-13.18952665145236,0.8073064150755018,0.8073064150755018,45,bowl,0.8073064150755018,15,cat,cat|banana,False,-0.0002574654126259259
45,bowl,C:\Users\maxbe\Downloads\coco\train2017\000000434412.jpg,80,rbf,kernel_herding,direct,False,0.91566307428365,-0.0002563264273814,0.001,0.9229079761890024,0.9288847379792472,-0.0002241893832366,-0.0321370441448141,-13.221663695597176,0.9683738630163026,0.9683738630163026,45,bowl,0.9683738630163026,28,suitcase,suitcase,False,-0.0002563264273814141
45,bowl,C:\Users\maxbe\Downloads\coco\train2017\000000403459.jpg,81,rbf,kernel_herding,direct,False,0.915408008969242,-0.0002550653144079,0.001,0.9229079761890024,0.9286665806298317,-0.0002181573494156,-0.0369079649923132,-13.258571660589489,0.9637648313700848,0.9637648313700848,45,bowl,0.9637648313700848,56,chair,bench|apple|chair|couch|dining table|tv,False,-0.0002550653144079132
45,bowl,C:\Users\maxbe\Downloads\coco\train2017\000000124182.jpg,82,rbf,kernel_herding,direct,False,0.9151543148533628,-0.0002536941158792,0.001,0.9229079761890024,0.9285281128794912,-0.0001384677503403,-0.1152263655390105,-13.3737980261285,0.8911643921638925,0.8911643921638925,45,bowl,0.8911643921638925,60,dining table,bottle|fork|knife|spoon|bowl|banana|sandwich|dining table,True,-0.00025369411587931054
45,bowl,C:\Users\maxbe\Downloads\coco\train2017\000000362711.jpg,83,rbf,kernel_herding,direct,False,0.9149022985986338,-0.0002520162547289,0.001,0.9229079761890024,0.928427704437762,-0.0001004084417293,-0.1516078129996263,-13.525405839128126,0.8593252308467104,0.8593252308467104,45,bowl,0.8593252308467104,61,toilet,cup|toilet,False,-0.0002520162547289263
45,bowl,C:\Users\maxbe\Downloads\coco\train2017\000000479440.jpg,84,rbf,kernel_herding,direct,False,0.9146461903685694,-0.0002561082300643,0.001,0.9229079761890024,0.928361512681374,-6.619175638800101e-05,-0.1899164736763841,-13.71532231280451,0.8270282096833824,0.8270282096833824,45,bowl,0.8270282096833824,15,cat,cat|bowl,True,-0.0002561082300643851
45,bowl,C:\Users\maxbe\Downloads\coco\train2017\000000096082.jpg,85,rbf,kernel_herding,direct,False,0.9143906777902904,-0.000255512578279,0.001,0.9229079761890024,0.928261251038322,-0.0001002616430518,-0.1552509352271014,-13.870573248031612,0.8562002997068878,0.8562002997068878,45,bowl,0.8562002997068878,57,couch,chair|couch|tv|laptop|book,False,-0.0002555125782789014
45,bowl,C:\Users\maxbe\Downloads\coco\train2017\000000026445.jpg,86,rbf,kernel_herding,direct,False,0.9141342972267484,-0.000256380563542,0.001,0.9229079761890024,0.9280789646605854,-0.0001822863777366,-0.0740941858054253,-13.944667433837036,0.9285842302678052,0.9285842302678052,45,bowl,0.9285842302678052,71,sink,cup|sink,False,-0.0002563805635420253
45,bowl,C:\Users\maxbe\Downloads\coco\train2017\000000235792.jpg,87,rbf,kernel_herding,direct,False,0.9138732652070845,-0.0002610320196639,0.001,0.9229079761890024,0.9278598623973904,-0.0002191022631948,-0.0419297564690946,-13.986597190306131,0.9589371373362112,0.9589371373362112,45,bowl,0.9589371373362112,69,oven,bowl|oven,True,-0.0002610320196638946
45,bowl,C:\Users\maxbe\Downloads\coco\train2017\000000284644.jpg,88,rbf,kernel_herding,direct,False,0.9136133169178668,-0.0002599482892176,0.001,0.9229079761890024,0.9278708571780832,1.0994780692774596e-05,-0.2709430699103485,-14.25754026021648,0.7626599134654323,0.7626599134654323,45,bowl,0.7626599134654323,59,bed,dog|couch|bed|tv|book|vase|teddy bear,False,-0.0002599482892175739
45,bowl,C:\Users\maxbe\Downloads\coco\train2017\000000181468.jpg,89,rbf,kernel_herding,direct,False,0.9133536628835068,-0.00025965403436,0.001,0.9229079761890024,0.927753812487532,-0.0001170446905512,-0.1426093438087913,-14.400149604025271,0.8670927378850202,0.8670927378850202,45,bowl,0.8670927378850202,0,person,person|car|suitcase|bottle|banana|apple,False,-0.0002596540343599913
45,bowl,C:\Users\maxbe\Downloads\coco\train2017\000000303247.jpg,90,rbf,kernel_herding,direct,False,0.9130957497177378,-0.0002579131657689,0.001,0.9229079761890024,0.9275133634284696,-0.0002404490590622,-0.0174641067066342,-14.417613710731906,0.9826875069220414,0.9826875069220414,45,bowl,0.9826875069220414,60,dining table,cup|bowl|banana|chair|dining table|cell phone|book|vase,True,-0.00025791316576883423
45,bowl,C:\Users\maxbe\Downloads\coco\train2017\000000272741.jpg,91,rbf,kernel_herding,direct,False,0.9128362850532792,-0.0002594646644585,0.001,0.9229079761890024,0.9272988559939088,-0.0002145074345608,-0.0449572298977054,-14.462570940629613,0.956038370816598,0.956038370816598,45,bowl,0.956038370816598,0,person,person|bowl|potted plant|dining table|tv|sink|vase,True,-0.0002594646644585054
45,bowl,C:\Users\maxbe\Downloads\coco\train2017\000000253665.jpg,92,rbf,kernel_herding,direct,False,0.9125782205867232,-0.0002580644665559,0.001,0.9229079761890024,0.9271576529271068,-0.0001412030668019,-0.1168613997540075,-14.57943234038362,0.8897084984338881,0.8897084984338881,45,bowl,0.8897084984338881,63,laptop,cat|couch|laptop|remote|keyboard,False,-0.00025806446655590753
45,bowl,C:\Users\maxbe\Downloads\coco\train2017\000000150675.jpg,93,rbf,kernel_herding,direct,False,0.9123185357017808,-0.0002596848849424,0.001,0.9229079761890024,0.9271475485197984,-1.0104407308531016e-05,-0.2495804776338681,-14.829012818017487,0.7791275759613349,0.7791275759613349,45,bowl,0.7791275759613349,59,bed,chair|bed|book|clock,False,-0.00025968488494239913
45,bowl,C:\Users\maxbe\Downloads\coco\train2017\000000181155.jpg,94,rbf,kernel_herding,direct,False,0.9120541423493144,-0.0002643933524665,0.001,0.9229079761890024,0.9269948463021302,-0.000152702217668,-0.1116911347985259,-14.940703952816015,0.8943204393083563,0.8943204393083563,45,bowl,0.8943204393083563,57,couch,chair|couch|potted plant|dining table,False,-0.0002643933524665259
45,bowl,C:\Users\maxbe\Downloads\coco\train2017\000000025907.jpg,95,rbf,kernel_herding,direct,False,0.9117911276489552,-0.000263014700359,0.001,0.9229079761890024,0.9267790104744356,-0.0002158358276946,-0.0471788726643697,-14.987882825480384,0.9539167526968308,0.9539167526968308,45,bowl,0.9539167526968308,72,refrigerator,person|dog|bottle|tv|oven|sink|refrigerator,False,-0.0002630147003589697
45,bowl,C:\Users\maxbe\Downloads\coco\train2017\000000378416.jpg,96,rbf,kernel_herding,direct,False,0.9115267979576016,-0.0002643296913537,0.001,0.9229079761890024,0.9265515130214738,-0.0002274974529618,-0.0368322383918679,-15.024715063872254,0.9638378167678264,0.9638378167678264,45,bowl,0.9638378167678264,60,dining table,bowl|chair|dining table,True,-0.0002643296913536679
45,bowl,C:\Users\maxbe\Downloads\coco\train2017\000000321938.jpg,97,rbf,kernel_herding,direct,False,0.9112632533012932,-0.0002635446563084,0.001,0.9229079761890024,0.9263492559643244,-0.0002022570571492,-0.0612875991591649,-15.08600266303142,0.9405526987078838,0.9405526987078838,45,bowl,0.9405526987078838,45,bowl,person|bottle|bowl|sandwich,True,-0.0002635446563083649
45,bowl,C:\Users\maxbe\Downloads\coco\train2017\000000563029.jpg,98,rbf,kernel_herding,direct,False,0.9110010194514956,-0.0002622338497976,0.001,0.9229079761890024,0.9261612484356988,-0.0001880075286256,-0.0742263211719508,-15.16022898420337,0.9284615395562584,0.9284615395562584,45,bowl,0.9284615395562584,61,toilet,cup|toilet,False,-0.0002622338497975508
45,bowl,C:\Users\maxbe\Downloads\coco\train2017\000000322246.jpg,99,rbf,kernel_herding,direct,False,0.910737158397743,-0.0002638610537524,0.001,0.9229079761890024,0.9260462553755128,-0.0001149930601861,-0.1488679935662354,-15.309096977769604,0.8616828550713099,0.8616828550713099,45,bowl,0.8616828550713099,28,suitcase,cat|suitcase,False,-0.0002638610537523354
45,bowl,C:\Users\maxbe\Downloads\coco\train2017\000000040187.jpg,100,rbf,kernel_herding,direct,False,0.9104717604763995,-0.0002653979213435,0.001,0.9229079761890024,0.9258071043141136,-0.0002391510613991,-0.0262468599443371,-15.33534383771394,0.9740945949872284,0.9740945949872284,45,bowl,0.9740945949872284,60,dining table,bottle|wine glass|couch|dining table|microwave|oven|sink|refrigerator,False,-0.0002653979213434371
45,bowl,C:\Users\maxbe\Downloads\coco\train2017\000000101690.jpg,101,rbf,kernel_herding,direct,False,0.9102069077941362,-0.0002648526822633,0.001,0.9229079761890024,0.925685111690828,-0.0001219926232856,-0.1428600589777578,-15.4782038966917,0.8668753718323534,0.8668753718323534,45,bowl,0.8668753718323534,60,dining table,knife|bowl|broccoli|dining table,True,-0.00026485268226335783
45,bowl,C:\Users\maxbe\Downloads\coco\train2017\000000076349.jpg,102,rbf,kernel_herding,direct,False,0.9099404813157248,-0.0002664264784113,0.001,0.9229079761890024,0.9257016376502508,1.652595942303048e-05,-0.2829524378344136,-15.761156334526111,0.7535556277439446,0.7535556277439446,45,bowl,0.7535556277439446,49,orange,person|car|orange,False,-0.0002664264784113831
45,bowl,C:\Users\maxbe\Downloads\coco\train2017\000000192295.jpg,103,rbf,kernel_herding,direct,False,0.9096732040654988,-0.0002672772502259,0.001,0.9229079761890024,0.925626487324916,-7.515032533489396e-05,-0.1921269248910602,-15.953283259417171,0.8252021231538437,0.8252021231538437,45,bowl,0.8252021231538437,60,dining table,spoon|bowl|broccoli|dining table,True,-0.00026727725022595417
45,bowl,C:\Users\maxbe\Downloads\coco\train2017\000000229191.jpg,104,rbf,kernel_herding,direct,False,0.9094066995995836,-0.0002665044659153,0.001,0.9229079761890024,0.9254567739536648,-0.0001697133712512,-0.0967910946640276,-16.0500743540812,0.907745619229552,0.907745619229552,45,bowl,0.907745619229552,45,bowl,spoon|bowl|apple|sandwich,True,-0.0002665044659152276
45,bowl,C:\Users\maxbe\Downloads\coco\train2017\000000375503.jpg,105,rbf,kernel_herding,direct,False,0.9091384999822648,-0.0002681996173188,0.001,0.9229079761890024,0.9253821395391636,-7.463441450117347e-05,-0.1935652028176645,-16.243639556898867,0.8240161062705288,0.8240161062705288,45,bowl,0.8240161062705288,74,clock,chair|tv|clock,False,-0.000268199617318838
45,bowl,C:\Users\maxbe\Downloads\coco\train2017\000000126610.jpg,106,rbf,kernel_herding,direct,False,0.9088699978641488,-0.000268502118116,0.001,0.9229079761890024,0.9251828623344998,-0.0001992772046638,-0.0692249134521946,-16.312864470351062,0.9331167859564506,0.9331167859564506,45,bowl,0.9331167859564506,72,refrigerator,bottle|refrigerator,False,-0.00026850211811599463
45,bowl,C:\Users\maxbe\Downloads\coco\train2017\000000479909.jpg,107,rbf,kernel_herding,direct,False,0.9086018051880566,-0.0002681926760921,0.001,0.9229079761890024,0.9249519756288048,-0.0002308867056949,-0.037305970397162,-16.350170440748226,0.9633813240822452,0.9633813240822452,45,bowl,0.9633813240822452,69,oven,oven|refrigerator,False,-0.000268192676092062
45,bowl,C:\Users\maxbe\Downloads\coco\train2017\000000255322.jpg,108,rbf,kernel_herding,direct,False,0.908335631432042,-0.0002661737560144,0.001,0.9229079761890024,0.9248058110097084,-0.0001461646190964,-0.1200091369180092,-16.470179577666237,0.886912333033868,0.886912333033868,45,bowl,0.886912333033868,72,refrigerator,person|bowl|donut|chair|refrigerator,True,-0.0002661737560144092
45,bowl,C:\Users\maxbe\Downloads\coco\train2017\000000221803.jpg,109,rbf,kernel_herding,direct,False,0.9080649530002378,-0.0002706784318042,0.001,0.9229079761890024,0.9249667013599576,0.0001608903502492,-0.4315687820536248,-16.90174835971986,0.6494893877868965,0.6494893877868965,45,bowl,0.6494893877868965,0,person,person|bench|umbrella|handbag|chair|potted plant|dining table|clock,False,-0.00027067843180442484
45,bowl,C:\Users\maxbe\Downloads\coco\train2017\000000010303.jpg,110,rbf,kernel_herding,direct,False,0.9077930790383096,-0.000271873961928,0.001,0.9229079761890024,0.9247844804010478,-0.0001822209589098,-0.0896530030181709,-16.99140136273803,0.9142483716612944,0.9142483716612944,45,bowl,0.9142483716612944,60,dining table,banana|dining table,False,-0.00027187396192797093
45,bowl,C:\Users\maxbe\Downloads\coco\train2017\000000081868.jpg,111,rbf,kernel_herding,direct,False,0.9075229311030342,-0.0002701479352755,0.001,0.9229079761890024,0.924577578710344,-0.0002069016907038,-0.0632462445717121,-17.054647607309743,0.9387122924193272,0.9387122924193272,45,bowl,0.9387122924193272,57,couch,couch|remote|keyboard|cell phone|vase,False,-0.00027014793527551213
45,bowl,C:\Users\maxbe\Downloads\coco\train2017\000000317587.jpg,112,rbf,kernel_herding,direct,False,0.9072517606939452,-0.0002711704090888,0.001,0.9229079761890024,0.9245244423259916,-5.313638435244794e-05,-0.2180340247364781,-17.272681632046222,0.8040980819747674,0.8040980819747674,45,bowl,0.8040980819747674,0,person,person|cell phone,False,-0.00027117040908892603
45,bowl,C:\Users\maxbe\Downloads\coco\train2017\000000168355.jpg,113,rbf,kernel_herding,direct,False,0.9069809153907556,-0.0002708453031897,0.001,0.9229079761890024,0.9242638977724792,-0.0002605445535122,-0.0103007496775079,-17.28298238172373,0.989752121350649,0.989752121350649,45,bowl,0.989752121350649,0,person,person|spoon|bowl,True,-0.00027084530318970785
45,bowl,C:\Users\maxbe\Downloads\coco\train2017\000000474803.jpg,114,rbf,kernel_herding,direct,False,0.9067055551625623,-0.0002753602281931,0.001,0.9229079761890024,0.924350946344348,8.704857186869752e-05,-0.3624088000619657,-17.645391181785698,0.6959977857382055,0.6959977857382055,45,bowl,0.6959977857382055,3,motorcycle,person|bicycle|motorcycle,False,-0.00027536022819326815
45,bowl,C:\Users\maxbe\Downloads\coco\train2017\000000365934.jpg,115,rbf,kernel_herding,direct,False,0.906427623074376,-0.0002779320881863,0.001,0.9229079761890024,0.9241634718929264,-0.0001874744514215,-0.0904576367648338,-17.735848818550533,0.9135130324476702,0.9135130324476702,45,bowl,0.9135130324476702,0,person,person|bottle|vase|toothbrush,False,-0.0002779320881863338
45,bowl,C:\Users\maxbe\Downloads\coco\train2017\000000366061.jpg,116,rbf,kernel_herding,direct,False,0.9061509993924002,-0.0002766236819757,0.001,0.9229079761890024,0.9240428653551196,-0.0001206065378067,-0.1560171441689344,-17.891865962719468,0.8555445226444587,0.8555445226444587,45,bowl,0.8555445226444587,77,teddy bear,teddy bear,False,-0.0002766236819756344
45,bowl,C:\Users\maxbe\Downloads\coco\train2017\000000365927.jpg,117,rbf,kernel_herding,direct,False,0.9058760185966772,-0.000274980795723,0.001,0.9229079761890024,0.9238250127821004,-0.0002178525730193,-0.0571282227038245,-17.94899418542329,0.9444729587246654,0.9444729587246654,45,bowl,0.9444729587246654,69,oven,microwave|oven|sink|refrigerator,False,-0.0002749807957231245
45,bowl,C:\Users\maxbe\Downloads\coco\train2017\000000172405.jpg,118,rbf,kernel_herding,direct,False,0.9055971245385032,-0.0002788940581738,0.001,0.9229079761890024,0.9237825613070072,-4.24514750930749e-05,-0.2364425830807208,-18.18543676850401,0.7894312077076633,0.7894312077076633,45,bowl,0.7894312077076633,15,cat,cat|book,False,-0.0002788940581737957
45,bowl,C:\Users\maxbe\Downloads\coco\train2017\000000026764.jpg,119,rbf,kernel_herding,direct,False,0.9053188986389172,-0.0002782258995861,0.001,0.9229079761890024,0.9235765237279744,-0.0002060375790328,-0.0721883205533553,-18.257625089057367,0.930355674216424,0.930355674216424,45,bowl,0.930355674216424,60,dining table,bowl|orange|dining table,True,-0.00027822589958615535
45,bowl,C:\Users\maxbe\Downloads\coco\train2017\000000211476.jpg,120,rbf,kernel_herding,direct,False,0.9050400753245652,-0.0002788233143519,0.001,0.9229079761890024,0.9233496708885685,-0.0002268528394061,-0.0519704749457872,-18.309595564003157,0.9493568962419316,0.9493568962419316,45,bowl,0.9493568962419316,60,dining table,bowl|broccoli|dining table,True,-0.0002788233143518872
45,bowl,C:\Users\maxbe\Downloads\coco\train2017\000000498489.jpg,121,rbf,kernel_herding,direct,False,0.9047631509211096,-0.0002769244034557,0.001,0.9229079761890024,0.9231270147141316,-0.0002226561744368,-0.0542682290188987,-18.36386379302205,0.9471780117957084,0.9471780117957084,45,bowl,0.9471780117957084,57,couch,bench|dog|bottle|wine glass|chair|couch|book|vase,False,-0.0002769244034556987
45,bowl,C:\Users\maxbe\Downloads\coco\train2017\000000419599.jpg,122,rbf,kernel_herding,direct,False,0.9044828558544964,-0.000280295066613,0.001,0.9229079761890024,0.923098277177844,-2.8737536287515297e-05,-0.2515575303254891,-18.61542132334754,0.7775887213896969,0.7775887213896969,45,bowl,0.7775887213896969,25,umbrella,person|umbrella|potted plant,False,-0.0002802950666130044
45,bowl,C:\Users\maxbe\Downloads\coco\train2017\000000164499.jpg,123,rbf,kernel_herding,direct,False,0.9042030054290476,-0.0002798504254488,0.001,0.9229079761890024,0.922850771522938,-0.000247505654906,-0.0323447705428602,-18.6477660938904,0.9681727270931196,0.9681727270931196,45,bowl,0.9681727270931196,60,dining table,cup|spoon|bowl|chair|dining table,True,-0.0002798504254488602
45,bowl,C:\Users\maxbe\Downloads\coco\train2017\000000317227.jpg,124,rbf,kernel_herding,direct,False,0.9039243484993283,-0.0002786569297191,0.001,0.9229079761890024,0.9227078634518804,-0.0001429080710576,-0.1357488586615505,-18.78351495255195,0.8730618668829557,0.8730618668829557,45,bowl,0.8730618668829557,39,bottle,bottle|cup|knife|spoon|bowl|carrot|oven,True,-0.0002786569297191505
45,bowl,C:\Users\maxbe\Downloads\coco\train2017\000000432297.jpg,125,rbf,kernel_herding,direct,False,0.9036467376376554,-0.0002776108616729,0.001,0.9229079761890024,0.9225131779222652,-0.0001946855296149,-0.0829253320579713,-18.86644028460992,0.9204198705109128,0.9204198705109128,45,bowl,0.9204198705109128,57,couch,chair|couch|potted plant|tv|remote|clock|vase,False,-0.0002776108616728713
45,bowl,C:\Users\maxbe\Downloads\coco\train2017\000000561842.jpg,126,rbf,kernel_herding,direct,False,0.9033686718499472,-0.000278065787708,0.001,0.9229079761890024,0.922318852146576,-0.0001943257756893,-0.0837400120186781,-18.9501802966286,0.9196703282469576,0.9196703282469576,45,bowl,0.9196703282469576,69,oven,person|oven,False,-0.00027806578770797814
45,bowl,C:\Users\maxbe\Downloads\coco\train2017\000000075183.jpg,127,rbf,kernel_herding,direct,False,0.903087773318993,-0.0002808985309542,0.001,0.9229079761890024,0.9221424721224298,-0.0001763800241461,-0.1045185068081509,-19.05469880343675,0.900758127093778,0.900758127093778,45,bowl,0.900758127093778,57,couch,person|bowl|couch|laptop,True,-0.0002808985309542509
45,bowl,C:\Users\maxbe\Downloads\coco\train2017\000000050995.jpg,128,rbf,kernel_herding,direct,False,0.9028069203295838,-0.0002808529894092,0.001,0.9229079761890024,0.9222432904926344,0.0001008183702045,-0.3816713596138784,-19.43637016305063,0.6827193855025091,0.6827193855025091,45,bowl,0.6827193855025091,2,car,car|truck|bird,False,-0.0002808529894093784
45,bowl,C:\Users\maxbe\Downloads\coco\train2017\000000277659.jpg,129,rbf,kernel_herding,direct,False,0.9025238963584428,-0.0002830239711409,0.001,0.9229079761890024,0.9221588778853824,-8.441260725200461e-05,-0.1986113638889697,-19.6349815269396,0.8198684619148837,0.8198684619148837,45,bowl,0.8198684619148837,75,vase,bowl|vase,True,-0.0002830239711409743
45,bowl,C:\Users\maxbe\Downloads\coco\train2017\000000322911.jpg,130,rbf,kernel_herding,direct,False,0.9022395769841056,-0.0002843193743372,0.001,0.9229079761890024,0.9220239615056044,-0.0001349163797781,-0.149402994559145,-19.784384521498744,0.8612219771843296,0.8612219771843296,45,bowl,0.8612219771843296,53,pizza,broccoli|pizza,False,-0.000284319374337245
45,bowl,C:\Users\maxbe\Downloads\coco\train2017\000000315813.jpg,131,rbf,kernel_herding,direct,False,0.9019555822808673,-0.0002839947032383,0.001,0.9229079761890024,0.9219015369267766,-0.0001224245788277,-0.1615701244106697,-19.945954645909413,0.8508068670422865,0.8508068670422865,45,bowl,0.8508068670422865,51,carrot,bottle|bowl|carrot|book,True,-0.00028399470323836975
45,bowl,C:\Users\maxbe\Downloads\coco\train2017\000000454690.jpg,132,rbf,kernel_herding,direct,False,0.9016719338727038,-0.0002836484081633,0.001,0.9229079761890024,0.9218507735798795,-5.076334689690931e-05,-0.2328850612664052,-20.17883970717582,0.7922446278846037,0.7922446278846037,45,bowl,0.7922446278846037,62,tv,tv|laptop|book,False,-0.0002836484081633145
45,bowl,C:\Users\maxbe\Downloads\coco\train2017\000000005589.jpg,133,rbf,kernel_herding,direct,False,0.9013886831819876,-0.0002832506907161,0.001,0.9229079761890024,0.92177208533933,-7.868824054968471e-05,-0.2045624501664509,-20.38340215734227,0.8150038432015425,0.8150038432015425,45,bowl,0.8150038432015425,63,laptop,person|spoon|laptop|mouse|keyboard,False,-0.00028325069071613563
45,bowl,C:\Users\maxbe\Downloads\coco\train2017\000000347884.jpg,134,rbf,kernel_herding,direct,False,0.9011061360736684,-0.0002825471083194,0.001,0.9229079761890024,0.9215531532572752,-0.0002189320820548,-0.0636150262645953,-20.447017183606867,0.9383661763355584,0.9383661763355584,45,bowl,0.9383661763355584,0,person,person|bottle|refrigerator,False,-0.0002825471083193953
45,bowl,C:\Users\maxbe\Downloads\coco\train2017\000000146645.jpg,135,rbf,kernel_herding,direct,False,0.9008235960572036,-0.0002825400164645,0.001,0.9229079761890024,0.9213480745493708,-0.0002050787079043,-0.0774613085601922,-20.52447849216706,0.9254628311923516,0.9254628311923516,45,bowl,0.9254628311923516,46,banana,person|bicycle|bottle|banana,False,-0.00028254001646449217
45,bowl,C:\Users\maxbe\Downloads\coco\train2017\000000470068.jpg,136,rbf,kernel_herding,direct,False,0.9005430053119404,-0.0002805907452633,0.001,0.9229079761890024,0.9211202632583556,-0.0002278112910153,-0.0527794542480082,-20.577257946415067,0.948589196730826,0.948589196730826,45,bowl,0.948589196730826,68,microwave,bottle|fork|knife|spoon|bowl|microwave|clock,True,-0.0002805907452633082
45,bowl,C:\Users\maxbe\Downloads\coco\train2017\000000090526.jpg,137,rbf,kernel_herding,direct,False,0.9002620614251439,-0.0002809438867965,0.001,0.9229079761890024,0.9210233260230628,-9.69372352928044e-05,-0.1840066515037204,-20.761264597918785,0.8319302702199809,0.8319302702199809,45,bowl,0.8319302702199809,61,toilet,toilet,False,-0.0002809438867965248
45,bowl,C:\Users\maxbe\Downloads\coco\train2017\000000068260.jpg,138,rbf,kernel_herding,direct,False,0.899979842575255,-0.0002822188498888,0.001,0.9229079761890024,0.9209258509226574,-9.74751004052532e-05,-0.1847437494836509,-20.94600834740244,0.8313172820422854,0.8313172820422854,45,bowl,0.8313172820422854,63,laptop,person|bottle|laptop|microwave|oven,False,-0.00028221884988890414
45,bowl,C:\Users\maxbe\Downloads\coco\train2017\000000369516.jpg,139,rbf,kernel_herding,direct,False,0.8996977144804471,-0.0002821280948078,0.001,0.9229079761890024,0.9208838868178812,-4.196410477619317e-05,-0.2401639900316728,-21.186172337434108,0.7864988725144098,0.7864988725144098,45,bowl,0.7864988725144098,61,toilet,toilet,False,-0.00028212809480786596
45,bowl,C:\Users\maxbe\Downloads\coco\train2017\000000517349.jpg,140,rbf,kernel_herding,direct,False,0.8994116155959788,-0.0002860988844682,0.001,0.9229079761890024,0.9206964678178052,-0.0001874190000761,-0.0986798843921839,-21.28485222182629,0.906032696812545,0.906032696812545,45,bowl,0.906032696812545,59,bed,person|cat|bed|book,False,-0.0002860988844682839
45,bowl,C:\Users\maxbe\Downloads\coco\train2017\000000379911.jpg,141,rbf,kernel_herding,direct,False,0.8991261480438274,-0.0002854675521514,0.001,0.9229079761890024,0.9204275791357522,-0.0002688886820528,-0.0165788700985638,-21.30143109192485,0.9835578030296168,0.9835578030296168,45,bowl,0.9835578030296168,72,refrigerator,person|bowl|oven|sink|refrigerator,True,-0.00028546755215136377
45,bowl,C:\Users\maxbe\Downloads\coco\train2017\000000075843.jpg,142,rbf,kernel_herding,direct,False,0.8988416816746295,-0.0002844663691978,0.001,0.9229079761890024,0.9202323887029892,-0.0001951904327629,-0.08927593643494,-21.390707028359795,0.914593169172746,0.914593169172746,45,bowl,0.914593169172746,57,couch,bowl|couch|tv|book|vase,True,-0.00028446636919784003
45,bowl,C:\Users\maxbe\Downloads\coco\train2017\000000328833.jpg,143,rbf,kernel_herding,direct,False,0.8985557733131024,-0.000285908361527,0.001,0.9229079761890024,0.9201207724324706,-0.0001116162705186,-0.1742920910084101,-21.564999119368206,0.840051490331612,0.840051490331612,45,bowl,0.840051490331612,56,chair,cup|bowl|chair|dining table|sink|vase,True,-0.00028590836152701007
45,bowl,C:\Users\maxbe\Downloads\coco\train2017\000000227558.jpg,144,rbf,kernel_herding,direct,False,0.8982701820571444,-0.000285591255958,0.001,0.9229079761890024,0.9200641941232032,-5.657830926730778e-05,-0.2290129466907415,-21.794012066058947,0.7953182366981877,0.7953182366981877,45,bowl,0.7953182366981877,58,potted plant,cup|potted plant|vase,False,-0.00028559125595804927
45,bowl,C:\Users\maxbe\Downloads\coco\train2017\000000545375.jpg,145,rbf,kernel_herding,direct,False,0.8979847773829751,-0.0002854046741692,0.001,0.9229079761890024,0.9198964491733834,-0.0001677449498198,-0.1176597243493666,-21.911671790408317,0.8889985056969276,0.8889985056969276,45,bowl,0.8889985056969276,0,person,person|bottle|spoon|bowl,True,-0.0002854046741691666
45,bowl,C:\Users\maxbe\Downloads\coco\train2017\000000361145.jpg,146,rbf,kernel_herding,direct,False,0.8976975819917689,-0.0002871953912062,0.001,0.9229079761890024,0.9198101180430948,-8.63311302886638e-05,-0.2008642609176092,-22.11253605132592,0.818023461771194,0.818023461771194,45,bowl,0.818023461771194,7,truck,truck,False,-0.00028719539120627296
45,bowl,C:\Users\maxbe\Downloads\coco\train2017\000000486313.jpg,147,rbf,kernel_herding,direct,False,0.8974103432004743,-0.0002872387912945,0.001,0.9229079761890024,0.9197430315373968,-6.70865056980885e-05,-0.2201522855964671,-22.332688336922388,0.8023965952127501,0.8023965952127501,45,bowl,0.8023965952127501,57,couch,couch|potted plant|vase,False,-0.0002872387912945556
45,bowl,C:\Users\maxbe\Downloads\coco\train2017\000000008245.jpg,148,rbf,kernel_herding,direct,False,0.8971194077789448,-0.0002909354215294,0.001,0.9229079761890024,0.9196682486773028,-7.478286009399149e-05,-0.2161525614354787,-22.548840898357867,0.8056123871144744,0.8056123871144744,45,bowl,0.8056123871144744,75,vase,handbag|vase,False,-0.00029093542152947016
45,bowl,C:\Users\maxbe\Downloads\coco\train2017\000000337354.jpg,149,rbf,kernel_herding,direct,False,0.8968269269082638,-0.000292480870681,0.001,0.9229079761890024,0.9194480780342184,-0.0002201706430843,-0.0723102275966401,-22.62115112595451,0.930242264219856,0.930242264219856,45,bowl,0.930242264219856,0,person,person|cat|bottle|cup|bowl|laptop|microwave|toaster|sink|refrigerator|clock,True,-0.0002924808706809401
45,bowl,C:\Users\maxbe\Downloads\coco\train2017\000000560161.jpg,150,rbf,kernel_herding,direct,False,0.8965347711227271,-0.0002921557855367,0.001,0.9229079761890024,0.9194642538734258,1.617583920743293e-05,-0.3083316247441822,-22.92948275069869,0.734671642310417,0.734671642310417,45,bowl,0.734671642310417,56,chair,cat|chair,False,-0.00029215578553674925
45,bowl,C:\Users\maxbe\Downloads\coco\train2017\000000118563.jpg,151,rbf,kernel_herding,direct,False,0.8962423177400866,-0.0002924533826405,0.001,0.9229079761890024,0.9192789094415008,-0.000185344431925,-0.1071089507154587,-23.03659170141415,0.8984277833070475,0.8984277833070475,45,bowl,0.8984277833070475,0,person,person|dog|cup|knife|spoon|bowl|oven|sink,True,-0.0002924533826404587
45,bowl,C:\Users\maxbe\Downloads\coco\train2017\000000472828.jpg,152,rbf,kernel_herding,direct,False,0.8959502882957414,-0.0002920294443451,0.001,0.9229079761890024,0.9191225533383128,-0.0001563561031879,-0.135673341157141,-23.17226504257129,0.87312780082589,0.87312780082589,45,bowl,0.87312780082589,0,person,person|handbag|bottle|cup|orange,False,-0.000292029444345041
45,bowl,C:\Users\maxbe\Downloads\coco\train2017\000000414495.jpg,153,rbf,kernel_herding,direct,False,0.8956576824758187,-0.0002926058199227,0.001,0.9229079761890024,0.9189526179230516,-0.0001699354152612,-0.1226704046615889,-23.29493544723288,0.8845551597763502,0.8845551597763502,45,bowl,0.8845551597763502,71,sink,cat|toilet|sink,False,-0.0002926058199227889
45,bowl,C:\Users\maxbe\Downloads\coco\train2017\000000093597.jpg,154,rbf,kernel_herding,direct,False,0.8953652459312058,-0.0002924365446128,0.001,0.9229079761890024,0.9188034209877513,-0.0001491969353002,-0.1432396093125486,-23.438175056545425,0.8665464114272172,0.8665464114272172,45,bowl,0.8665464114272172,63,laptop,bowl|tv|laptop,True,-0.0002924365446127486
45,bowl,C:\Users\maxbe\Downloads\coco\train2017\000000095105.jpg,155,rbf,kernel_herding,direct,False,0.8950688522240773,-0.0002963937071285,0.001,0.9229079761890024,0.9187932582878898,-1.0162699861426816e-05,-0.2862310072670654,-23.72440606381249,0.7510890888659076,0.7510890888659076,45,bowl,0.7510890888659076,0,person,person|donut,False,-0.00029639370712849226
45,bowl,C:\Users\maxbe\Downloads\coco\train2017\000000279831.jpg,156,rbf,kernel_herding,direct,False,0.8947684086147137,-0.0003004436093635,0.001,0.9229079761890024,0.9188910040278307,9.77457399410353e-05,-0.3981893493045866,-24.12259541311708,0.6715348609629976,0.6715348609629976,45,bowl,0.6715348609629976,2,car,car|dog,False,-0.00030044360936355133
45,bowl,C:\Users\maxbe\Downloads\coco\train2017\000000455674.jpg,157,rbf,kernel_herding,direct,False,0.8944672904959636,-0.0003011181187501,0.001,0.9229079761890024,0.9187710482445234,-0.0001199557833074,-0.1811623354426129,-24.303757748559693,0.8342999112557612,0.8342999112557612,45,bowl,0.8342999112557612,77,teddy bear,teddy bear,False,-0.00030111811875001293
45,bowl,C:\Users\maxbe\Downloads\coco\train2017\000000324952.jpg,158,rbf,kernel_herding,direct,False,0.8941667758792975,-0.0003005146166661,0.001,0.9229079761890024,0.9186756030803536,-9.544516416970517e-05,-0.2050694524965128,-24.508827201056206,0.8145907390852533,0.8145907390852533,45,bowl,0.8145907390852533,0,person,person|knife|cake|chair|dining table,False,-0.00030051461666621797
45,bowl,C:\Users\maxbe\Downloads\coco\train2017\000000432286.jpg,159,rbf,kernel_herding,direct,False,0.893865765622327,-0.0003010102569704,0.001,0.9229079761890024,0.9184925267920858,-0.0001830762882678,-0.1179339687025822,-24.62676116975879,0.8887547363044404,0.8887547363044404,45,bowl,0.8887547363044404,57,couch,chair|couch|dining table|remote|book,False,-0.0003010102569703822
45,bowl,C:\Users\maxbe\Downloads\coco\train2017\000000079189.jpg,160,rbf,kernel_herding,direct,False,0.8935648419591516,-0.0003009236631753,0.001,0.9229079761890024,0.91831203905041,-0.0001804877416757,-0.1204359214996327,-24.747197091258425,0.8865338932867457,0.8865338932867457,45,bowl,0.8865338932867457,72,refrigerator,person|bottle|oven|refrigerator,False,-0.0003009236631753327
